$date
	Sat Aug 30 11:51:22 2025
$end
$version
	Icarus Verilog
$end
$timescale
	1ps
$end
$scope module tb_spdif_core $end
$var wire 1 ! spdif_o $end
$var wire 1 " sample_req_o $end
$var reg 1 # bit_out_en_i $end
$var reg 1 $ clk_i $end
$var reg 32 % left_sample [31:0] $end
$var reg 32 & right_sample [31:0] $end
$var reg 1 ' rst_i $end
$var reg 32 ( sample_i [31:0] $end
$scope module uut $end
$var wire 1 # bit_out_en_i $end
$var wire 1 $ clk_i $end
$var wire 1 ' rst_i $end
$var wire 32 ) sample_i [31:0] $end
$var wire 1 ! spdif_o $end
$var wire 32 * subframe_w [31:0] $end
$var parameter 8 + PREAMBLE_X $end
$var parameter 8 , PREAMBLE_Y $end
$var parameter 8 - PREAMBLE_Z $end
$var reg 16 . audio_sample_q [15:0] $end
$var reg 6 / bit_count_q [5:0] $end
$var reg 1 0 bit_r $end
$var reg 1 1 bit_toggle_q $end
$var reg 1 2 load_subframe_q $end
$var reg 6 3 parity_count_q [5:0] $end
$var reg 8 4 preamble_q [7:0] $end
$var reg 8 5 preamble_r [7:0] $end
$var reg 16 6 sample_buf_q [15:0] $end
$var reg 1 " sample_req_o $end
$var reg 1 7 spdif_out_q $end
$var reg 9 8 subframe_count_q [8:0] $end
$upscope $end
$upscope $end
$enddefinitions $end
$comment Show the parameter values. $end
$dumpall
b10111 -
b100111 ,
b1000111 +
$end
#0
$dumpvars
b0 8
07
b0 6
b10111 5
b0 4
b0 3
12
01
00
b0 /
b0 .
b0 *
b0 )
b0 (
1'
b0 &
b0 %
0$
0#
0"
0!
$end
#20330
1$
#40660
0$
#41000
1#
#60990
1$
#81320
0$
#82000
0#
#100000
0'
#101650
b100111 5
02
b10111 4
1"
b1 8
1$
#121980
0$
#123000
10
1#
#142310
0"
b1 /
11
1!
17
b10001000100010 &
b1000100010001 %
1$
#162640
0$
#164000
0#
#182970
1$
#203300
0$
#205000
1#
#223630
b10 /
01
1$
#243960
0$
#246000
0#
#264290
1$
#284620
0$
#287000
1#
#304950
00
b11 /
11
1$
#325280
0$
#328000
10
0#
#345610
1$
#365940
0$
#369000
00
1#
#386270
10
b100 /
01
0!
07
1$
#406600
0$
#410000
00
0#
#426930
1$
#447260
0$
#451000
10
1#
#467590
00
b101 /
11
1!
17
1$
#487920
0$
#492000
10
0#
#508250
1$
#528580
0$
#533000
00
1#
#548910
b110 /
01
0!
07
1$
#569240
0$
#574000
0#
#589570
1$
#609900
0$
#615000
1#
#630230
b111 /
11
1$
#650560
0$
#656000
0#
#670890
1$
#691220
0$
#697000
1#
#711550
10
b1000 /
01
1$
#731880
0$
#738000
00
0#
#752210
1$
#772540
0$
#779000
10
1#
#792870
b1001 /
11
1!
17
1$
#813200
0$
#820000
0#
#833530
1$
#853860
0$
#861000
1#
#874190
00
b1010 /
01
1$
#894520
0$
#902000
10
0#
#914850
1$
#935180
0$
#943000
00
1#
#955510
b1011 /
11
0!
07
1$
#975840
0$
#984000
0#
#996170
1$
#1016500
0$
#1025000
1#
#1036830
10
b1100 /
01
1$
#1057160
0$
#1066000
00
0#
#1077490
1$
#1097820
0$
#1107000
10
1#
#1118150
b1101 /
11
1!
17
1$
#1138480
0$
#1148000
0#
#1158810
1$
#1179140
0$
#1189000
1#
#1199470
00
b1110 /
01
1$
#1219800
0$
#1230000
10
0#
#1240130
1$
#1260460
0$
#1271000
00
1#
#1280790
b1111 /
11
0!
07
1$
#1301120
0$
#1312000
0#
#1321450
1$
#1341780
0$
#1353000
1#
#1362110
10
b10000 /
01
1$
#1382440
0$
#1394000
00
0#
#1402770
1$
#1423100
0$
#1435000
10
1#
#1443430
b10001 /
11
1!
17
1$
#1463760
0$
#1476000
0#
#1484090
1$
#1504420
0$
#1517000
1#
#1524750
00
b10010 /
01
1$
#1545080
0$
#1558000
10
0#
#1565410
1$
#1585740
0$
#1599000
00
1#
#1606070
b10011 /
11
0!
07
1$
#1626400
0$
#1640000
0#
#1646730
1$
#1667060
0$
#1681000
1#
#1687390
10
b10100 /
01
1$
#1707720
0$
#1722000
00
0#
#1728050
1$
#1748380
0$
#1763000
10
1#
#1768710
b10101 /
11
1!
17
1$
#1789040
0$
#1804000
0#
#1809370
1$
#1829700
0$
#1845000
1#
#1850030
00
b10110 /
01
1$
#1870360
0$
#1886000
10
0#
#1890690
1$
#1911020
0$
#1927000
00
1#
#1931350
b10111 /
11
0!
07
1$
#1951680
0$
#1968000
0#
#1972010
1$
#1992340
0$
#2009000
1#
#2012670
10
b11000 /
01
1$
#2033000
0$
#2050000
00
0#
#2053330
1$
#2073660
0$
#2091000
10
1#
#2093990
b11001 /
11
1!
17
1$
#2114320
0$
#2132000
0#
#2134650
1$
#2154980
0$
#2173000
1#
#2175310
00
b11010 /
01
1$
#2195640
0$
#2214000
10
0#
#2215970
1$
#2236300
0$
#2255000
00
1#
#2256630
b11011 /
11
0!
07
1$
#2276960
0$
#2296000
0#
#2297290
1$
#2317620
0$
#2337000
1#
#2337950
10
b11100 /
01
1$
#2358280
0$
#2378000
00
0#
#2378610
1$
#2398940
0$
#2419000
10
1#
#2419270
b11101 /
11
1!
17
1$
#2439600
0$
#2459930
00
01
b11110 /
1$
#2460000
10
0#
#2480260
0$
#2500590
1$
#2501000
00
1#
#2520920
0$
#2541250
0!
07
11
b11111 /
1$
#2542000
0#
#2561580
0$
#2581910
1$
#2583000
1#
#2602240
0$
#2622570
10
01
b100000 /
1$
#2624000
00
0#
#2642900
0$
#2663230
1$
#2665000
10
1#
#2683560
0$
#2703890
1!
17
11
b100001 /
1$
#2706000
0#
#2724220
0$
#2744550
1$
#2747000
1#
#2764880
0$
#2785210
00
01
b100010 /
1$
#2788000
10
0#
#2805540
0$
#2825870
1$
#2829000
00
1#
#2846200
0$
#2866530
0!
07
11
b100011 /
1$
#2870000
0#
#2886860
0$
#2907190
1$
#2911000
1#
#2927520
0$
#2947850
10
01
b100100 /
1$
#2952000
00
0#
#2968180
0$
#2988510
1$
#2993000
10
1#
#3008840
0$
#3029170
1!
17
11
b100101 /
1$
#3034000
0#
#3049500
0$
#3069830
1$
#3075000
1#
#3090160
0$
#3110490
00
01
b100110 /
1$
#3116000
10
0#
#3130820
0$
#3151150
1$
#3157000
00
1#
#3171480
0$
#3191810
0!
07
11
b100111 /
1$
#3198000
0#
#3212140
0$
#3232470
1$
#3239000
1#
#3252800
0$
#3273130
10
01
b101000 /
1$
#3280000
00
0#
#3293460
0$
#3313790
1$
#3321000
10
1#
#3334120
0$
#3354450
1!
17
11
b101001 /
1$
#3362000
0#
#3374780
0$
#3395110
1$
#3403000
1#
#3415440
0$
#3435770
00
01
b101010 /
1$
#3444000
10
0#
#3456100
0$
#3476430
1$
#3485000
00
1#
#3496760
0$
#3517090
0!
07
11
b101011 /
1$
#3526000
0#
#3537420
0$
#3557750
1$
#3567000
1#
#3578080
0$
#3598410
10
01
b101100 /
1$
#3608000
00
0#
#3618740
0$
#3639070
1$
#3649000
10
1#
#3659400
0$
#3679730
1!
17
11
b101101 /
1$
#3690000
0#
#3700060
0$
#3720390
1$
#3731000
1#
#3740720
0$
#3761050
00
01
b101110 /
1$
#3772000
10
0#
#3781380
0$
#3801710
1$
#3813000
00
1#
#3822040
0$
#3842370
0!
07
11
b101111 /
1$
#3854000
0#
#3862700
0$
#3883030
1$
#3895000
1#
#3903360
0$
#3923690
10
01
b110000 /
1$
#3936000
00
0#
#3944020
0$
#3964350
1$
#3977000
10
1#
#3984680
0$
#4005010
1!
17
11
b110001 /
1$
#4018000
0#
#4025340
0$
#4045670
1$
#4059000
1#
#4066000
0$
#4086330
00
01
b110010 /
1$
#4100000
10
0#
#4106660
0$
#4126990
1$
#4141000
00
1#
#4147320
0$
#4167650
0!
07
11
b110011 /
1$
#4182000
0#
#4187980
0$
#4208310
1$
#4223000
1#
#4228640
0$
#4248970
10
01
b110100 /
1$
#4264000
00
0#
#4269300
0$
#4289630
1$
#4305000
10
1#
#4309960
0$
#4330290
1!
17
11
b110101 /
1$
#4346000
0#
#4350620
0$
#4370950
1$
#4387000
1#
#4391280
0$
#4411610
00
01
b110110 /
1$
#4428000
10
0#
#4431940
0$
#4452270
1$
#4469000
00
1#
#4472600
0$
#4492930
0!
07
11
b110111 /
1$
#4510000
0#
#4513260
0$
#4533590
1$
#4551000
1#
#4553920
0$
#4574250
10
01
b111000 /
1$
#4592000
00
0#
#4594580
0$
#4614910
1$
#4633000
10
1#
#4635240
0$
#4655570
1!
17
11
b111001 /
1$
#4674000
0#
#4675900
0$
#4696230
1$
#4715000
1#
#4716560
0$
#4736890
00
01
b111010 /
1$
#4756000
10
0#
#4757220
0$
#4777550
1$
#4797000
00
1#
#4797880
0$
#4818210
0!
07
11
b111011 /
1$
#4838000
0#
#4838540
0$
#4858870
1$
#4879000
1#
#4879200
0$
#4899530
10
01
b111100 /
1$
#4919860
0$
#4920000
00
0#
#4940190
1$
#4960520
0$
#4961000
10
1#
#4980850
1!
17
11
b111101 /
1$
#5001180
0$
#5002000
0#
#5021510
1$
#5041840
0$
#5043000
1#
#5062170
00
01
b111110 /
1$
#5082500
0$
#5084000
10
0#
#5102830
1$
#5123160
0$
#5125000
00
1#
#5143490
0!
07
11
b111111 /
1$
#5163820
0$
#5166000
0#
#5184150
1$
#5204480
0$
#5207000
1#
#5224810
10
01
12
b0 /
1$
#5245140
0$
#5248000
00
0#
#5265470
b1000111 5
b10 8
b100111 4
02
1$
#5285800
0$
#5289000
10
1#
#5306130
1!
17
11
b1 /
1$
#5326460
0$
#5330000
0#
#5346790
1$
#5367120
0$
#5371000
1#
#5387450
01
b10 /
1$
#5407780
0$
#5412000
0#
#5428110
1$
#5448440
0$
#5453000
1#
#5468770
00
11
b11 /
1$
#5489100
0$
#5494000
10
0#
#5509430
1$
#5529760
0$
#5535000
00
1#
#5550090
0!
07
01
b100 /
1$
#5570420
0$
#5576000
0#
#5590750
1$
#5611080
0$
#5617000
1#
#5631410
10
11
b101 /
1$
#5651740
0$
#5658000
00
0#
#5672070
1$
#5692400
0$
#5699000
10
1#
#5712730
00
1!
17
01
b110 /
1$
#5733060
0$
#5740000
10
0#
#5753390
1$
#5773720
0$
#5781000
00
1#
#5794050
0!
07
11
b111 /
1$
#5814380
0$
#5822000
0#
#5834710
1$
#5855040
0$
#5863000
1#
#5875370
10
01
b1000 /
1$
#5895700
0$
#5904000
00
0#
#5916030
1$
#5936360
0$
#5945000
10
1#
#5956690
1!
17
11
b1001 /
1$
#5977020
0$
#5986000
0#
#5997350
1$
#6017680
0$
#6027000
1#
#6038010
00
01
b1010 /
1$
#6058340
0$
#6068000
10
0#
#6078670
1$
#6099000
0$
#6109000
00
1#
#6119330
0!
07
11
b1011 /
1$
#6139660
0$
#6150000
0#
#6159990
1$
#6180320
0$
#6191000
1#
#6200650
10
01
b1100 /
1$
#6220980
0$
#6232000
00
0#
#6241310
1$
#6261640
0$
#6273000
10
1#
#6281970
1!
17
11
b1101 /
1$
#6302300
0$
#6314000
0#
#6322630
1$
#6342960
0$
#6355000
1#
#6363290
00
01
b1110 /
1$
#6383620
0$
#6396000
10
0#
#6403950
1$
#6424280
0$
#6437000
00
1#
#6444610
0!
07
11
b1111 /
1$
#6464940
0$
#6478000
0#
#6485270
1$
#6505600
0$
#6519000
1#
#6525930
10
01
b10000 /
1$
#6546260
0$
#6560000
00
0#
#6566590
1$
#6586920
0$
#6601000
10
1#
#6607250
1!
17
11
b10001 /
1$
#6627580
0$
#6642000
0#
#6647910
1$
#6668240
0$
#6683000
1#
#6688570
00
01
b10010 /
1$
#6708900
0$
#6724000
10
0#
#6729230
1$
#6749560
0$
#6765000
00
1#
#6769890
0!
07
11
b10011 /
1$
#6790220
0$
#6806000
0#
#6810550
1$
#6830880
0$
#6847000
1#
#6851210
10
01
b10100 /
1$
#6871540
0$
#6888000
00
0#
#6891870
1$
#6912200
0$
#6929000
10
1#
#6932530
1!
17
11
b10101 /
1$
#6952860
0$
#6970000
0#
#6973190
1$
#6993520
0$
#7011000
1#
#7013850
00
01
b10110 /
1$
#7034180
0$
#7052000
10
0#
#7054510
1$
#7074840
0$
#7093000
00
1#
#7095170
0!
07
11
b10111 /
1$
#7115500
0$
#7134000
0#
#7135830
1$
#7156160
0$
#7175000
1#
#7176490
10
01
b11000 /
1$
#7196820
0$
#7216000
00
0#
#7217150
1$
#7237480
0$
#7257000
10
1#
#7257810
1!
17
11
b11001 /
1$
#7278140
0$
#7298000
0#
#7298470
1$
#7318800
0$
#7339000
1#
#7339130
00
01
b11010 /
1$
#7359460
0$
#7379790
b11011 /
11
0!
07
1$
#7380000
0#
#7400120
0$
#7420450
1$
#7421000
1#
#7440780
0$
#7461110
10
b11100 /
01
1$
#7462000
00
0#
#7481440
0$
#7501770
1$
#7503000
10
1#
#7522100
0$
#7542430
b11101 /
11
1!
17
1$
#7544000
0#
#7562760
0$
#7583090
1$
#7585000
1#
#7603420
0$
#7623750
00
b11110 /
01
1$
#7626000
10
0#
#7644080
0$
#7664410
1$
#7667000
00
1#
#7684740
0$
#7705070
b11111 /
11
0!
07
1$
#7708000
0#
#7725400
0$
#7745730
1$
#7749000
1#
#7766060
0$
#7786390
10
b100000 /
01
1$
#7790000
00
0#
#7806720
0$
#7827050
1$
#7831000
10
1#
#7847380
0$
#7867710
b100001 /
11
1!
17
1$
#7872000
0#
#7888040
0$
#7908370
1$
#7913000
1#
#7928700
0$
#7949030
00
b100010 /
01
1$
#7954000
10
0#
#7969360
0$
#7989690
1$
#7995000
00
1#
#8010020
0$
#8030350
b100011 /
11
0!
07
1$
#8036000
0#
#8050680
0$
#8071010
1$
#8077000
1#
#8091340
0$
#8111670
10
b100100 /
01
1$
#8118000
00
0#
#8132000
0$
#8152330
1$
#8159000
10
1#
#8172660
0$
#8192990
b100101 /
11
1!
17
1$
#8200000
0#
#8213320
0$
#8233650
1$
#8241000
1#
#8253980
0$
#8274310
00
b100110 /
01
1$
#8282000
10
0#
#8294640
0$
#8314970
1$
#8323000
00
1#
#8335300
0$
#8355630
b100111 /
11
0!
07
1$
#8364000
0#
#8375960
0$
#8396290
1$
#8405000
1#
#8416620
0$
#8436950
10
b101000 /
01
1$
#8446000
00
0#
#8457280
0$
#8477610
1$
#8487000
10
1#
#8497940
0$
#8518270
b101001 /
11
1!
17
1$
#8528000
0#
#8538600
0$
#8558930
1$
#8569000
1#
#8579260
0$
#8599590
00
b101010 /
01
1$
#8610000
10
0#
#8619920
0$
#8640250
1$
#8651000
00
1#
#8660580
0$
#8680910
b101011 /
11
0!
07
1$
#8692000
0#
#8701240
0$
#8721570
1$
#8733000
1#
#8741900
0$
#8762230
10
b101100 /
01
1$
#8774000
00
0#
#8782560
0$
#8802890
1$
#8815000
10
1#
#8823220
0$
#8843550
b101101 /
11
1!
17
1$
#8856000
0#
#8863880
0$
#8884210
1$
#8897000
1#
#8904540
0$
#8924870
00
b101110 /
01
1$
#8938000
10
0#
#8945200
0$
#8965530
1$
#8979000
00
1#
#8985860
0$
#9006190
b101111 /
11
0!
07
1$
#9020000
0#
#9026520
0$
#9046850
1$
#9061000
1#
#9067180
0$
#9087510
10
b110000 /
01
1$
#9102000
00
0#
#9107840
0$
#9128170
1$
#9143000
10
1#
#9148500
0$
#9168830
b110001 /
11
1!
17
1$
#9184000
0#
#9189160
0$
#9209490
1$
#9225000
1#
#9229820
0$
#9250150
00
b110010 /
01
1$
#9266000
10
0#
#9270480
0$
#9290810
1$
#9307000
00
1#
#9311140
0$
#9331470
b110011 /
11
0!
07
1$
#9348000
0#
#9351800
0$
#9372130
1$
#9389000
1#
#9392460
0$
#9412790
10
b110100 /
01
1$
#9430000
00
0#
#9433120
0$
#9453450
1$
#9471000
10
1#
#9473780
0$
#9494110
b110101 /
11
1!
17
1$
#9512000
0#
#9514440
0$
#9534770
1$
#9553000
1#
#9555100
0$
#9575430
00
b110110 /
01
1$
#9594000
10
0#
#9595760
0$
#9616090
1$
#9635000
00
1#
#9636420
0$
#9656750
b110111 /
11
0!
07
1$
#9676000
0#
#9677080
0$
#9697410
1$
#9717000
1#
#9717740
0$
#9738070
10
b111000 /
01
1$
#9758000
00
0#
#9758400
0$
#9778730
1$
#9799000
10
1#
#9799060
0$
#9819390
b111001 /
11
1!
17
1$
#9839720
0$
#9840000
0#
#9860050
1$
#9880380
0$
#9881000
1#
#9900710
00
b111010 /
01
1$
#9921040
0$
#9922000
10
0#
#9941370
1$
#9961700
0$
#9963000
00
1#
#9982030
b111011 /
11
0!
07
1$
#10002360
0$
#10004000
0#
#10022690
1$
#10043020
0$
#10045000
1#
#10063350
10
b111100 /
01
1$
#10083680
0$
#10086000
00
0#
#10104010
1$
#10124340
0$
#10127000
10
1#
#10144670
b111101 /
11
1!
17
1$
#10165000
0$
#10168000
0#
#10185330
1$
#10205660
0$
#10209000
1#
#10225990
00
b111110 /
01
1$
#10246320
0$
#10250000
10
0#
#10266650
1$
#10286980
0$
#10291000
00
1#
#10307310
b111111 /
11
0!
07
1$
#10327640
0$
#10332000
0#
#10347970
1$
#10368300
0$
#10373000
1#
#10388630
10
12
b0 /
01
1$
#10408960
0$
#10414000
00
0#
#10429290
b100111 5
02
b1000111 4
1"
b11 8
1$
#10449620
0$
#10455000
10
1#
#10469950
0"
b1 /
11
1!
17
b100010001000100001000100010001 (
b100010001000100001000100010001 )
b100010001000100 &
b10001000100010 %
1$
#10490280
0$
#10496000
0#
#10510610
1$
#10530940
0$
#10537000
1#
#10551270
b10 /
01
1$
#10571600
0$
#10578000
0#
#10591930
1$
#10612260
0$
#10619000
1#
#10632590
00
b11 /
11
1$
#10652920
0$
#10660000
10
0#
#10673250
1$
#10693580
0$
#10701000
00
1#
#10713910
b100 /
01
0!
07
1$
#10734240
0$
#10742000
0#
#10754570
1$
#10774900
0$
#10783000
1#
#10795230
b101 /
11
1$
#10815560
0$
#10824000
0#
#10835890
1$
#10856220
0$
#10865000
1#
#10876550
10
b110 /
01
1$
#10896880
0$
#10906000
00
0#
#10917210
1$
#10937540
0$
#10947000
10
1#
#10957870
00
b111 /
11
1!
17
1$
#10978200
0$
#10988000
10
0#
#10998530
1$
#11018860
0$
#11029000
00
1#
#11039190
10
b1000 /
01
0!
07
1$
#11059520
0$
#11070000
00
0#
#11079850
1$
#11100180
0$
#11111000
10
1#
#11120510
b1001 /
11
1!
17
1$
#11140840
0$
#11152000
0#
#11161170
1$
#11181500
0$
#11193000
1#
#11201830
00
b1010 /
01
1$
#11222160
0$
#11234000
10
0#
#11242490
1$
#11262820
0$
#11275000
00
1#
#11283150
b1011 /
11
0!
07
1$
#11303480
0$
#11316000
0#
#11323810
1$
#11344140
0$
#11357000
1#
#11364470
10
b1100 /
01
1$
#11384800
0$
#11398000
00
0#
#11405130
1$
#11425460
0$
#11439000
10
1#
#11445790
b1101 /
11
1!
17
1$
#11466120
0$
#11480000
0#
#11486450
1$
#11506780
0$
#11521000
1#
#11527110
00
b1110 /
01
1$
#11547440
0$
#11562000
10
0#
#11567770
1$
#11588100
0$
#11603000
00
1#
#11608430
b1111 /
11
0!
07
1$
#11628760
0$
#11644000
0#
#11649090
1$
#11669420
0$
#11685000
1#
#11689750
10
b10000 /
01
1$
#11710080
0$
#11726000
00
0#
#11730410
1$
#11750740
0$
#11767000
10
1#
#11771070
b10001 /
11
1!
17
1$
#11791400
0$
#11808000
0#
#11811730
1$
#11832060
0$
#11849000
1#
#11852390
00
b10010 /
01
1$
#11872720
0$
#11890000
10
0#
#11893050
1$
#11913380
0$
#11931000
00
1#
#11933710
b10011 /
11
0!
07
1$
#11954040
0$
#11972000
0#
#11974370
1$
#11994700
0$
#12013000
1#
#12015030
10
b10100 /
01
1$
#12035360
0$
#12054000
00
0#
#12055690
1$
#12076020
0$
#12095000
10
1#
#12096350
b10101 /
11
1!
17
1$
#12116680
0$
#12136000
0#
#12137010
1$
#12157340
0$
#12177000
1#
#12177670
00
b10110 /
01
1$
#12198000
0$
#12218000
10
0#
#12218330
1$
#12238660
0$
#12258990
1$
#12259000
00
1#
#12279320
0$
#12299650
0!
07
11
b10111 /
1$
#12300000
0#
#12319980
0$
#12340310
1$
#12341000
1#
#12360640
0$
#12380970
10
01
b11000 /
1$
#12382000
00
0#
#12401300
0$
#12421630
1$
#12423000
10
1#
#12441960
0$
#12462290
1!
17
11
b11001 /
1$
#12464000
0#
#12482620
0$
#12502950
1$
#12505000
1#
#12523280
0$
#12543610
00
01
b11010 /
1$
#12546000
10
0#
#12563940
0$
#12584270
1$
#12587000
00
1#
#12604600
0$
#12624930
0!
07
11
b11011 /
1$
#12628000
0#
#12645260
0$
#12665590
1$
#12669000
1#
#12685920
0$
#12706250
10
01
b11100 /
1$
#12710000
00
0#
#12726580
0$
#12746910
1$
#12751000
10
1#
#12767240
0$
#12787570
1!
17
11
b11101 /
1$
#12792000
0#
#12807900
0$
#12828230
1$
#12833000
1#
#12848560
0$
#12868890
00
01
b11110 /
1$
#12874000
10
0#
#12889220
0$
#12909550
1$
#12915000
00
1#
#12929880
0$
#12950210
0!
07
11
b11111 /
1$
#12956000
0#
#12970540
0$
#12990870
1$
#12997000
1#
#13011200
0$
#13031530
10
01
b100000 /
1$
#13038000
00
0#
#13051860
0$
#13072190
1$
#13079000
10
1#
#13092520
0$
#13112850
1!
17
11
b100001 /
1$
#13120000
0#
#13133180
0$
#13153510
1$
#13161000
1#
#13173840
0$
#13194170
00
01
b100010 /
1$
#13202000
10
0#
#13214500
0$
#13234830
1$
#13243000
00
1#
#13255160
0$
#13275490
0!
07
11
b100011 /
1$
#13284000
0#
#13295820
0$
#13316150
1$
#13325000
1#
#13336480
0$
#13356810
10
01
b100100 /
1$
#13366000
00
0#
#13377140
0$
#13397470
1$
#13407000
10
1#
#13417800
0$
#13438130
1!
17
11
b100101 /
1$
#13448000
0#
#13458460
0$
#13478790
1$
#13489000
1#
#13499120
0$
#13519450
00
01
b100110 /
1$
#13530000
10
0#
#13539780
0$
#13560110
1$
#13571000
00
1#
#13580440
0$
#13600770
0!
07
11
b100111 /
1$
#13612000
0#
#13621100
0$
#13641430
1$
#13653000
1#
#13661760
0$
#13682090
10
01
b101000 /
1$
#13694000
00
0#
#13702420
0$
#13722750
1$
#13735000
10
1#
#13743080
0$
#13763410
1!
17
11
b101001 /
1$
#13776000
0#
#13783740
0$
#13804070
1$
#13817000
1#
#13824400
0$
#13844730
00
01
b101010 /
1$
#13858000
10
0#
#13865060
0$
#13885390
1$
#13899000
00
1#
#13905720
0$
#13926050
0!
07
11
b101011 /
1$
#13940000
0#
#13946380
0$
#13966710
1$
#13981000
1#
#13987040
0$
#14007370
10
01
b101100 /
1$
#14022000
00
0#
#14027700
0$
#14048030
1$
#14063000
10
1#
#14068360
0$
#14088690
1!
17
11
b101101 /
1$
#14104000
0#
#14109020
0$
#14129350
1$
#14145000
1#
#14149680
0$
#14170010
00
01
b101110 /
1$
#14186000
10
0#
#14190340
0$
#14210670
1$
#14227000
00
1#
#14231000
0$
#14251330
0!
07
11
b101111 /
1$
#14268000
0#
#14271660
0$
#14291990
1$
#14309000
1#
#14312320
0$
#14332650
10
01
b110000 /
1$
#14350000
00
0#
#14352980
0$
#14373310
1$
#14391000
10
1#
#14393640
0$
#14413970
1!
17
11
b110001 /
1$
#14432000
0#
#14434300
0$
#14454630
1$
#14473000
1#
#14474960
0$
#14495290
00
01
b110010 /
1$
#14514000
10
0#
#14515620
0$
#14535950
1$
#14555000
00
1#
#14556280
0$
#14576610
0!
07
11
b110011 /
1$
#14596000
0#
#14596940
0$
#14617270
1$
#14637000
1#
#14637600
0$
#14657930
10
01
b110100 /
1$
#14678000
00
0#
#14678260
0$
#14698590
1$
#14718920
0$
#14719000
10
1#
#14739250
1!
17
11
b110101 /
1$
#14759580
0$
#14760000
0#
#14779910
1$
#14800240
0$
#14801000
1#
#14820570
00
01
b110110 /
1$
#14840900
0$
#14842000
10
0#
#14861230
1$
#14881560
0$
#14883000
00
1#
#14901890
0!
07
11
b110111 /
1$
#14922220
0$
#14924000
0#
#14942550
1$
#14962880
0$
#14965000
1#
#14983210
10
01
b111000 /
1$
#15003540
0$
#15006000
00
0#
#15023870
1$
#15044200
0$
#15047000
10
1#
#15064530
1!
17
11
b111001 /
1$
#15084860
0$
#15088000
0#
#15105190
1$
#15125520
0$
#15129000
1#
#15145850
00
01
b111010 /
1$
#15166180
0$
#15170000
10
0#
#15186510
1$
#15206840
0$
#15211000
00
1#
#15227170
0!
07
11
b111011 /
1$
#15247500
0$
#15252000
0#
#15267830
1$
#15288160
0$
#15293000
1#
#15308490
10
01
b111100 /
1$
#15328820
0$
#15334000
00
0#
#15349150
1$
#15369480
0$
#15375000
10
1#
#15389810
1!
17
11
b111101 /
1$
#15410140
0$
#15416000
0#
#15430470
1$
#15450800
0$
#15457000
1#
#15471130
00
01
b111110 /
1$
#15491460
0$
#15498000
10
0#
#15511790
1$
#15532120
0$
#15539000
00
1#
#15552450
0!
07
11
b111111 /
1$
#15572780
0$
#15580000
0#
#15593110
1$
#15613440
0$
#15621000
1#
#15633770
10
01
12
b0 /
1$
#15654100
0$
#15662000
00
0#
#15674430
b1000111 5
b100 8
b100111 4
02
1$
#15694760
0$
#15703000
10
1#
#15715090
1!
17
11
b1 /
1$
#15735420
0$
#15744000
0#
#15755750
1$
#15776080
0$
#15785000
1#
#15796410
01
b10 /
1$
#15816740
0$
#15826000
0#
#15837070
1$
#15857400
0$
#15867000
1#
#15877730
00
11
b11 /
1$
#15898060
0$
#15908000
10
0#
#15918390
1$
#15938720
0$
#15949000
00
1#
#15959050
0!
07
01
b100 /
1$
#15979380
0$
#15990000
0#
#15999710
1$
#16020040
0$
#16031000
1#
#16040370
10
11
b101 /
1$
#16060700
0$
#16072000
00
0#
#16081030
1$
#16101360
0$
#16113000
10
1#
#16121690
00
1!
17
01
b110 /
1$
#16142020
0$
#16154000
10
0#
#16162350
1$
#16182680
0$
#16195000
00
1#
#16203010
0!
07
11
b111 /
1$
#16223340
0$
#16236000
0#
#16243670
1$
#16264000
0$
#16277000
1#
#16284330
10
01
b1000 /
1$
#16304660
0$
#16318000
00
0#
#16324990
1$
#16345320
0$
#16359000
10
1#
#16365650
1!
17
11
b1001 /
1$
#16385980
0$
#16400000
0#
#16406310
1$
#16426640
0$
#16441000
1#
#16446970
00
01
b1010 /
1$
#16467300
0$
#16482000
10
0#
#16487630
1$
#16507960
0$
#16523000
00
1#
#16528290
0!
07
11
b1011 /
1$
#16548620
0$
#16564000
0#
#16568950
1$
#16589280
0$
#16605000
1#
#16609610
10
01
b1100 /
1$
#16629940
0$
#16646000
00
0#
#16650270
1$
#16670600
0$
#16687000
10
1#
#16690930
1!
17
11
b1101 /
1$
#16711260
0$
#16728000
0#
#16731590
1$
#16751920
0$
#16769000
1#
#16772250
00
01
b1110 /
1$
#16792580
0$
#16810000
10
0#
#16812910
1$
#16833240
0$
#16851000
00
1#
#16853570
0!
07
11
b1111 /
1$
#16873900
0$
#16892000
0#
#16894230
1$
#16914560
0$
#16933000
1#
#16934890
10
01
b10000 /
1$
#16955220
0$
#16974000
00
0#
#16975550
1$
#16995880
0$
#17015000
10
1#
#17016210
1!
17
11
b10001 /
1$
#17036540
0$
#17056000
0#
#17056870
1$
#17077200
0$
#17097000
1#
#17097530
00
01
b10010 /
1$
#17117860
0$
#17138000
10
0#
#17138190
1$
#17158520
0$
#17178850
1$
#17179000
00
1#
#17199180
0$
#17219510
b10011 /
11
0!
07
1$
#17220000
0#
#17239840
0$
#17260170
1$
#17261000
1#
#17280500
0$
#17300830
10
b10100 /
01
1$
#17302000
00
0#
#17321160
0$
#17341490
1$
#17343000
10
1#
#17361820
0$
#17382150
b10101 /
11
1!
17
1$
#17384000
0#
#17402480
0$
#17422810
1$
#17425000
1#
#17443140
0$
#17463470
00
b10110 /
01
1$
#17466000
10
0#
#17483800
0$
#17504130
1$
#17507000
00
1#
#17524460
0$
#17544790
b10111 /
11
0!
07
1$
#17548000
0#
#17565120
0$
#17585450
1$
#17589000
1#
#17605780
0$
#17626110
10
b11000 /
01
1$
#17630000
00
0#
#17646440
0$
#17666770
1$
#17671000
10
1#
#17687100
0$
#17707430
b11001 /
11
1!
17
1$
#17712000
0#
#17727760
0$
#17748090
1$
#17753000
1#
#17768420
0$
#17788750
00
b11010 /
01
1$
#17794000
10
0#
#17809080
0$
#17829410
1$
#17835000
00
1#
#17849740
0$
#17870070
b11011 /
11
0!
07
1$
#17876000
0#
#17890400
0$
#17910730
1$
#17917000
1#
#17931060
0$
#17951390
10
b11100 /
01
1$
#17958000
00
0#
#17971720
0$
#17992050
1$
#17999000
10
1#
#18012380
0$
#18032710
b11101 /
11
1!
17
1$
#18040000
0#
#18053040
0$
#18073370
1$
#18081000
1#
#18093700
0$
#18114030
00
b11110 /
01
1$
#18122000
10
0#
#18134360
0$
#18154690
1$
#18163000
00
1#
#18175020
0$
#18195350
b11111 /
11
0!
07
1$
#18204000
0#
#18215680
0$
#18236010
1$
#18245000
1#
#18256340
0$
#18276670
10
b100000 /
01
1$
#18286000
00
0#
#18297000
0$
#18317330
1$
#18327000
10
1#
#18337660
0$
#18357990
b100001 /
11
1!
17
1$
#18368000
0#
#18378320
0$
#18398650
1$
#18409000
1#
#18418980
0$
#18439310
00
b100010 /
01
1$
#18450000
10
0#
#18459640
0$
#18479970
1$
#18491000
00
1#
#18500300
0$
#18520630
b100011 /
11
0!
07
1$
#18532000
0#
#18540960
0$
#18561290
1$
#18573000
1#
#18581620
0$
#18601950
10
b100100 /
01
1$
#18614000
00
0#
#18622280
0$
#18642610
1$
#18655000
10
1#
#18662940
0$
#18683270
b100101 /
11
1!
17
1$
#18696000
0#
#18703600
0$
#18723930
1$
#18737000
1#
#18744260
0$
#18764590
00
b100110 /
01
1$
#18778000
10
0#
#18784920
0$
#18805250
1$
#18819000
00
1#
#18825580
0$
#18845910
b100111 /
11
0!
07
1$
#18860000
0#
#18866240
0$
#18886570
1$
#18901000
1#
#18906900
0$
#18927230
10
b101000 /
01
1$
#18942000
00
0#
#18947560
0$
#18967890
1$
#18983000
10
1#
#18988220
0$
#19008550
b101001 /
11
1!
17
1$
#19024000
0#
#19028880
0$
#19049210
1$
#19065000
1#
#19069540
0$
#19089870
00
b101010 /
01
1$
#19106000
10
0#
#19110200
0$
#19130530
1$
#19147000
00
1#
#19150860
0$
#19171190
b101011 /
11
0!
07
1$
#19188000
0#
#19191520
0$
#19211850
1$
#19229000
1#
#19232180
0$
#19252510
10
b101100 /
01
1$
#19270000
00
0#
#19272840
0$
#19293170
1$
#19311000
10
1#
#19313500
0$
#19333830
b101101 /
11
1!
17
1$
#19352000
0#
#19354160
0$
#19374490
1$
#19393000
1#
#19394820
0$
#19415150
00
b101110 /
01
1$
#19434000
10
0#
#19435480
0$
#19455810
1$
#19475000
00
1#
#19476140
0$
#19496470
b101111 /
11
0!
07
1$
#19516000
0#
#19516800
0$
#19537130
1$
#19557000
1#
#19557460
0$
#19577790
10
b110000 /
01
1$
#19598000
00
0#
#19598120
0$
#19618450
1$
#19638780
0$
#19639000
10
1#
#19659110
b110001 /
11
1!
17
1$
#19679440
0$
#19680000
0#
#19699770
1$
#19720100
0$
#19721000
1#
#19740430
00
b110010 /
01
1$
#19760760
0$
#19762000
10
0#
#19781090
1$
#19801420
0$
#19803000
00
1#
#19821750
b110011 /
11
0!
07
1$
#19842080
0$
#19844000
0#
#19862410
1$
#19882740
0$
#19885000
1#
#19903070
10
b110100 /
01
1$
#19923400
0$
#19926000
00
0#
#19943730
1$
#19964060
0$
#19967000
10
1#
#19984390
b110101 /
11
1!
17
1$
#20004720
0$
#20008000
0#
#20025050
1$
#20045380
0$
#20049000
1#
#20065710
00
b110110 /
01
1$
#20086040
0$
#20090000
10
0#
#20106370
1$
#20126700
0$
#20131000
00
1#
#20147030
b110111 /
11
0!
07
1$
#20167360
0$
#20172000
0#
#20187690
1$
#20208020
0$
#20213000
1#
#20228350
10
b111000 /
01
1$
#20248680
0$
#20254000
00
0#
#20269010
1$
#20289340
0$
#20295000
10
1#
#20309670
b111001 /
11
1!
17
1$
#20330000
0$
#20336000
0#
#20350330
1$
#20370660
0$
#20377000
1#
#20390990
00
b111010 /
01
1$
#20411320
0$
#20418000
10
0#
#20431650
1$
#20451980
0$
#20459000
00
1#
#20472310
b111011 /
11
0!
07
1$
#20492640
0$
#20500000
0#
#20512970
1$
#20533300
0$
#20541000
1#
#20553630
10
b111100 /
01
1$
#20573960
0$
#20582000
00
0#
#20594290
1$
#20614620
0$
#20623000
10
1#
#20634950
b111101 /
11
1!
17
1$
#20655280
0$
#20664000
0#
#20675610
1$
#20695940
0$
#20705000
1#
#20716270
00
b111110 /
01
1$
#20736600
0$
#20746000
10
0#
#20756930
1$
#20777260
0$
#20787000
00
1#
#20797590
b111111 /
11
0!
07
1$
#20817920
0$
#20828000
0#
#20838250
1$
#20858580
0$
#20869000
1#
#20878910
10
12
b0 /
01
1$
#20899240
0$
#20910000
00
0#
#20919570
b100111 5
02
b1000111 4
1"
b10001000100010 6
b1000100010001000000000000 *
b1000100010001 .
b101 8
1$
#20939900
0$
#20951000
10
1#
#20960230
0"
b1 /
11
1!
17
b1000100010001000010001000100010 (
b1000100010001000010001000100010 )
b110011001100110 &
b11001100110011 %
1$
#20980560
0$
#20992000
0#
#21000890
1$
#21021220
0$
#21033000
1#
#21041550
b10 /
01
1$
#21061880
0$
#21074000
0#
#21082210
1$
#21102540
0$
#21115000
1#
#21122870
00
b11 /
11
1$
#21143200
0$
#21156000
10
0#
#21163530
1$
#21183860
0$
#21197000
00
1#
#21204190
b100 /
01
0!
07
1$
#21224520
0$
#21238000
0#
#21244850
1$
#21265180
0$
#21279000
1#
#21285510
b101 /
11
1$
#21305840
0$
#21320000
0#
#21326170
1$
#21346500
0$
#21361000
1#
#21366830
10
b110 /
01
1$
#21387160
0$
#21402000
00
0#
#21407490
1$
#21427820
0$
#21443000
10
1#
#21448150
00
b111 /
11
1!
17
1$
#21468480
0$
#21484000
10
0#
#21488810
1$
#21509140
0$
#21525000
00
1#
#21529470
10
b1000 /
01
0!
07
1$
#21549800
0$
#21566000
00
0#
#21570130
1$
#21590460
0$
#21607000
10
1#
#21610790
b1001 /
11
1!
17
1$
#21631120
0$
#21648000
0#
#21651450
1$
#21671780
0$
#21689000
1#
#21692110
00
b1010 /
01
1$
#21712440
0$
#21730000
10
0#
#21732770
1$
#21753100
0$
#21771000
00
1#
#21773430
b1011 /
11
0!
07
1$
#21793760
0$
#21812000
0#
#21814090
1$
#21834420
0$
#21853000
1#
#21854750
10
b1100 /
01
1$
#21875080
0$
#21894000
00
0#
#21895410
1$
#21915740
0$
#21935000
10
1#
#21936070
b1101 /
11
1!
17
1$
#21956400
0$
#21976000
0#
#21976730
1$
#21997060
0$
#22017000
1#
#22017390
00
b1110 /
01
1$
#22037720
0$
#22058000
10
0#
#22058050
1$
#22078380
0$
#22098710
1$
#22099000
00
1#
#22119040
0$
#22139370
0!
07
11
b1111 /
1$
#22140000
0#
#22159700
0$
#22180030
1$
#22181000
1#
#22200360
0$
#22220690
10
01
b10000 /
1$
#22222000
00
0#
#22241020
0$
#22261350
1$
#22263000
10
1#
#22281680
0$
#22302010
1!
17
11
b10001 /
1$
#22304000
0#
#22322340
0$
#22342670
1$
#22345000
1#
#22363000
0$
#22383330
00
01
b10010 /
1$
#22386000
10
0#
#22403660
0$
#22423990
1$
#22427000
00
1#
#22444320
0$
#22464650
0!
07
11
b10011 /
1$
#22468000
0#
#22484980
0$
#22505310
1$
#22509000
1#
#22525640
0$
#22545970
10
01
b10100 /
1$
#22550000
00
0#
#22566300
0$
#22586630
1$
#22591000
10
1#
#22606960
0$
#22627290
1!
17
11
b10101 /
1$
#22632000
0#
#22647620
0$
#22667950
1$
#22673000
1#
#22688280
0$
#22708610
00
01
b10110 /
1$
#22714000
10
0#
#22728940
0$
#22749270
1$
#22755000
00
1#
#22769600
0$
#22789930
0!
07
11
b10111 /
1$
#22796000
0#
#22810260
0$
#22830590
1$
#22837000
1#
#22850920
0$
#22871250
10
01
b11000 /
1$
#22878000
00
0#
#22891580
0$
#22911910
1$
#22919000
10
1#
#22932240
0$
#22952570
00
1!
17
11
b11001 /
b1 3
1$
#22960000
10
0#
#22972900
0$
#22993230
1$
#23001000
00
1#
#23013560
0$
#23033890
10
0!
07
01
b11010 /
1$
#23042000
00
0#
#23054220
0$
#23074550
1$
#23083000
10
1#
#23094880
0$
#23115210
1!
17
11
b11011 /
1$
#23124000
0#
#23135540
0$
#23155870
1$
#23165000
1#
#23176200
0$
#23196530
00
01
b11100 /
1$
#23206000
10
0#
#23216860
0$
#23237190
1$
#23247000
00
1#
#23257520
0$
#23277850
0!
07
11
b11101 /
1$
#23288000
0#
#23298180
0$
#23318510
1$
#23329000
1#
#23338840
0$
#23359170
10
01
b11110 /
1$
#23370000
00
0#
#23379500
0$
#23399830
1$
#23411000
10
1#
#23420160
0$
#23440490
1!
17
11
b11111 /
1$
#23452000
0#
#23460820
0$
#23481150
1$
#23493000
1#
#23501480
0$
#23521810
00
01
b100000 /
1$
#23534000
10
0#
#23542140
0$
#23562470
1$
#23575000
00
1#
#23582800
0$
#23603130
10
0!
07
11
b100001 /
b10 3
1$
#23616000
00
0#
#23623460
0$
#23643790
1$
#23657000
10
1#
#23664120
0$
#23684450
00
1!
17
01
b100010 /
1$
#23698000
10
0#
#23704780
0$
#23725110
1$
#23739000
00
1#
#23745440
0$
#23765770
0!
07
11
b100011 /
1$
#23780000
0#
#23786100
0$
#23806430
1$
#23821000
1#
#23826760
0$
#23847090
10
01
b100100 /
1$
#23862000
00
0#
#23867420
0$
#23887750
1$
#23903000
10
1#
#23908080
0$
#23928410
1!
17
11
b100101 /
1$
#23944000
0#
#23948740
0$
#23969070
1$
#23985000
1#
#23989400
0$
#24009730
00
01
b100110 /
1$
#24026000
10
0#
#24030060
0$
#24050390
1$
#24067000
00
1#
#24070720
0$
#24091050
0!
07
11
b100111 /
1$
#24108000
0#
#24111380
0$
#24131710
1$
#24149000
1#
#24152040
0$
#24172370
10
01
b101000 /
1$
#24190000
00
0#
#24192700
0$
#24213030
1$
#24231000
10
1#
#24233360
0$
#24253690
00
1!
17
11
b101001 /
b11 3
1$
#24272000
10
0#
#24274020
0$
#24294350
1$
#24313000
00
1#
#24314680
0$
#24335010
10
0!
07
01
b101010 /
1$
#24354000
00
0#
#24355340
0$
#24375670
1$
#24395000
10
1#
#24396000
0$
#24416330
1!
17
11
b101011 /
1$
#24436000
0#
#24436660
0$
#24456990
1$
#24477000
1#
#24477320
0$
#24497650
00
01
b101100 /
1$
#24517980
0$
#24518000
10
0#
#24538310
1$
#24558640
0$
#24559000
00
1#
#24578970
0!
07
11
b101101 /
1$
#24599300
0$
#24600000
0#
#24619630
1$
#24639960
0$
#24641000
1#
#24660290
10
01
b101110 /
1$
#24680620
0$
#24682000
00
0#
#24700950
1$
#24721280
0$
#24723000
10
1#
#24741610
1!
17
11
b101111 /
1$
#24761940
0$
#24764000
0#
#24782270
1$
#24802600
0$
#24805000
1#
#24822930
00
01
b110000 /
1$
#24843260
0$
#24846000
10
0#
#24863590
1$
#24883920
0$
#24887000
00
1#
#24904250
10
0!
07
11
b110001 /
b100 3
1$
#24924580
0$
#24928000
00
0#
#24944910
1$
#24965240
0$
#24969000
10
1#
#24985570
00
1!
17
01
b110010 /
1$
#25005900
0$
#25010000
10
0#
#25026230
1$
#25046560
0$
#25051000
00
1#
#25066890
0!
07
11
b110011 /
1$
#25087220
0$
#25092000
0#
#25107550
1$
#25127880
0$
#25133000
1#
#25148210
10
01
b110100 /
1$
#25168540
0$
#25174000
00
0#
#25188870
1$
#25209200
0$
#25215000
10
1#
#25229530
1!
17
11
b110101 /
1$
#25249860
0$
#25256000
0#
#25270190
1$
#25290520
0$
#25297000
1#
#25310850
00
01
b110110 /
1$
#25331180
0$
#25338000
10
0#
#25351510
1$
#25371840
0$
#25379000
00
1#
#25392170
0!
07
11
b110111 /
1$
#25412500
0$
#25420000
0#
#25432830
1$
#25453160
0$
#25461000
1#
#25473490
10
01
b111000 /
1$
#25493820
0$
#25502000
00
0#
#25514150
1$
#25534480
0$
#25543000
10
1#
#25554810
1!
17
11
b111001 /
1$
#25575140
0$
#25584000
0#
#25595470
1$
#25615800
0$
#25625000
1#
#25636130
00
01
b111010 /
1$
#25656460
0$
#25666000
10
0#
#25676790
1$
#25697120
0$
#25707000
00
1#
#25717450
0!
07
11
b111011 /
1$
#25737780
0$
#25748000
0#
#25758110
1$
#25778440
0$
#25789000
1#
#25798770
10
01
b111100 /
1$
#25819100
0$
#25830000
00
0#
#25839430
1$
#25859760
0$
#25871000
10
1#
#25880090
1!
17
11
b111101 /
1$
#25900420
0$
#25912000
0#
#25920750
1$
#25941080
0$
#25953000
1#
#25961410
00
01
b111110 /
1$
#25981740
0$
#25994000
10
0#
#26002070
1$
#26022400
0$
#26035000
00
1#
#26042730
0!
07
11
b111111 /
1$
#26063060
0$
#26076000
0#
#26083390
1$
#26103720
0$
#26117000
1#
#26124050
10
01
12
b0 /
1$
#26144380
0$
#26158000
00
0#
#26164710
b1000111 5
b110 8
b10001000100010000000000000 *
b10001000100010 .
b100111 4
02
1$
#26185040
0$
#26199000
10
1#
#26205370
1!
17
11
b1 /
b0 3
1$
#26225700
0$
#26240000
0#
#26246030
1$
#26266360
0$
#26281000
1#
#26286690
01
b10 /
1$
#26307020
0$
#26322000
0#
#26327350
1$
#26347680
0$
#26363000
1#
#26368010
00
11
b11 /
1$
#26388340
0$
#26404000
10
0#
#26408670
1$
#26429000
0$
#26445000
00
1#
#26449330
0!
07
01
b100 /
1$
#26469660
0$
#26486000
0#
#26489990
1$
#26510320
0$
#26527000
1#
#26530650
10
11
b101 /
1$
#26550980
0$
#26568000
00
0#
#26571310
1$
#26591640
0$
#26609000
10
1#
#26611970
00
1!
17
01
b110 /
1$
#26632300
0$
#26650000
10
0#
#26652630
1$
#26672960
0$
#26691000
00
1#
#26693290
0!
07
11
b111 /
1$
#26713620
0$
#26732000
0#
#26733950
1$
#26754280
0$
#26773000
1#
#26774610
10
01
b1000 /
1$
#26794940
0$
#26814000
00
0#
#26815270
1$
#26835600
0$
#26855000
10
1#
#26855930
1!
17
11
b1001 /
1$
#26876260
0$
#26896000
0#
#26896590
1$
#26916920
0$
#26937000
1#
#26937250
00
01
b1010 /
1$
#26957580
0$
#26977910
b1011 /
11
0!
07
1$
#26978000
0#
#26998240
0$
#27018570
1$
#27019000
1#
#27038900
0$
#27059230
10
b1100 /
01
1$
#27060000
00
0#
#27079560
0$
#27099890
1$
#27101000
10
1#
#27120220
0$
#27140550
b1101 /
11
1!
17
1$
#27142000
0#
#27160880
0$
#27181210
1$
#27183000
1#
#27201540
0$
#27221870
00
b1110 /
01
1$
#27224000
10
0#
#27242200
0$
#27262530
1$
#27265000
00
1#
#27282860
0$
#27303190
b1111 /
11
0!
07
1$
#27306000
0#
#27323520
0$
#27343850
1$
#27347000
1#
#27364180
0$
#27384510
10
b10000 /
01
1$
#27388000
00
0#
#27404840
0$
#27425170
1$
#27429000
10
1#
#27445500
0$
#27465830
b10001 /
11
1!
17
1$
#27470000
0#
#27486160
0$
#27506490
1$
#27511000
1#
#27526820
0$
#27547150
00
b10010 /
01
1$
#27552000
10
0#
#27567480
0$
#27587810
1$
#27593000
00
1#
#27608140
0$
#27628470
b10011 /
11
0!
07
1$
#27634000
0#
#27648800
0$
#27669130
1$
#27675000
1#
#27689460
0$
#27709790
10
b10100 /
01
1$
#27716000
00
0#
#27730120
0$
#27750450
1$
#27757000
10
1#
#27770780
0$
#27791110
b10101 /
11
1!
17
1$
#27798000
0#
#27811440
0$
#27831770
1$
#27839000
1#
#27852100
0$
#27872430
00
b10110 /
01
1$
#27880000
10
0#
#27892760
0$
#27913090
1$
#27921000
00
1#
#27933420
0$
#27953750
b10111 /
11
0!
07
1$
#27962000
0#
#27974080
0$
#27994410
1$
#28003000
1#
#28014740
0$
#28035070
10
b11000 /
01
1$
#28044000
00
0#
#28055400
0$
#28075730
1$
#28085000
10
1#
#28096060
0$
#28116390
b11001 /
11
1!
17
1$
#28126000
0#
#28136720
0$
#28157050
1$
#28167000
1#
#28177380
0$
#28197710
00
b11010 /
01
1$
#28208000
10
0#
#28218040
0$
#28238370
1$
#28249000
00
1#
#28258700
0$
#28279030
10
b1 3
b11011 /
11
0!
07
1$
#28290000
00
0#
#28299360
0$
#28319690
1$
#28331000
10
1#
#28340020
0$
#28360350
00
b11100 /
01
1!
17
1$
#28372000
10
0#
#28380680
0$
#28401010
1$
#28413000
00
1#
#28421340
0$
#28441670
b11101 /
11
0!
07
1$
#28454000
0#
#28462000
0$
#28482330
1$
#28495000
1#
#28502660
0$
#28522990
10
b11110 /
01
1$
#28536000
00
0#
#28543320
0$
#28563650
1$
#28577000
10
1#
#28583980
0$
#28604310
b11111 /
11
1!
17
1$
#28618000
0#
#28624640
0$
#28644970
1$
#28659000
1#
#28665300
0$
#28685630
00
b100000 /
01
1$
#28700000
10
0#
#28705960
0$
#28726290
1$
#28741000
00
1#
#28746620
0$
#28766950
b100001 /
11
0!
07
1$
#28782000
0#
#28787280
0$
#28807610
1$
#28823000
1#
#28827940
0$
#28848270
10
b100010 /
01
1$
#28864000
00
0#
#28868600
0$
#28888930
1$
#28905000
10
1#
#28909260
0$
#28929590
00
b10 3
b100011 /
11
1!
17
1$
#28946000
10
0#
#28949920
0$
#28970250
1$
#28987000
00
1#
#28990580
0$
#29010910
10
b100100 /
01
0!
07
1$
#29028000
00
0#
#29031240
0$
#29051570
1$
#29069000
10
1#
#29071900
0$
#29092230
b100101 /
11
1!
17
1$
#29110000
0#
#29112560
0$
#29132890
1$
#29151000
1#
#29153220
0$
#29173550
00
b100110 /
01
1$
#29192000
10
0#
#29193880
0$
#29214210
1$
#29233000
00
1#
#29234540
0$
#29254870
b100111 /
11
0!
07
1$
#29274000
0#
#29275200
0$
#29295530
1$
#29315000
1#
#29315860
0$
#29336190
10
b101000 /
01
1$
#29356000
00
0#
#29356520
0$
#29376850
1$
#29397000
10
1#
#29397180
0$
#29417510
b101001 /
11
1!
17
1$
#29437840
0$
#29438000
0#
#29458170
1$
#29478500
0$
#29479000
1#
#29498830
00
b101010 /
01
1$
#29519160
0$
#29520000
10
0#
#29539490
1$
#29559820
0$
#29561000
00
1#
#29580150
10
b11 3
b101011 /
11
0!
07
1$
#29600480
0$
#29602000
00
0#
#29620810
1$
#29641140
0$
#29643000
10
1#
#29661470
00
b101100 /
01
1!
17
1$
#29681800
0$
#29684000
10
0#
#29702130
1$
#29722460
0$
#29725000
00
1#
#29742790
b101101 /
11
0!
07
1$
#29763120
0$
#29766000
0#
#29783450
1$
#29803780
0$
#29807000
1#
#29824110
10
b101110 /
01
1$
#29844440
0$
#29848000
00
0#
#29864770
1$
#29885100
0$
#29889000
10
1#
#29905430
b101111 /
11
1!
17
1$
#29925760
0$
#29930000
0#
#29946090
1$
#29966420
0$
#29971000
1#
#29986750
00
b110000 /
01
1$
#30007080
0$
#30012000
10
0#
#30027410
1$
#30047740
0$
#30053000
00
1#
#30068070
b110001 /
11
0!
07
1$
#30088400
0$
#30094000
0#
#30108730
1$
#30129060
0$
#30135000
1#
#30149390
10
b110010 /
01
1$
#30169720
0$
#30176000
00
0#
#30190050
1$
#30210380
0$
#30217000
10
1#
#30230710
00
b100 3
b110011 /
11
1!
17
1$
#30251040
0$
#30258000
10
0#
#30271370
1$
#30291700
0$
#30299000
00
1#
#30312030
10
b110100 /
01
0!
07
1$
#30332360
0$
#30340000
00
0#
#30352690
1$
#30373020
0$
#30381000
10
1#
#30393350
b110101 /
11
1!
17
1$
#30413680
0$
#30422000
0#
#30434010
1$
#30454340
0$
#30463000
1#
#30474670
00
b110110 /
01
1$
#30495000
0$
#30504000
10
0#
#30515330
1$
#30535660
0$
#30545000
00
1#
#30555990
b110111 /
11
0!
07
1$
#30576320
0$
#30586000
0#
#30596650
1$
#30616980
0$
#30627000
1#
#30637310
10
b111000 /
01
1$
#30657640
0$
#30668000
00
0#
#30677970
1$
#30698300
0$
#30709000
10
1#
#30718630
b111001 /
11
1!
17
1$
#30738960
0$
#30750000
0#
#30759290
1$
#30779620
0$
#30791000
1#
#30799950
00
b111010 /
01
1$
#30820280
0$
#30832000
10
0#
#30840610
1$
#30860940
0$
#30873000
00
1#
#30881270
b111011 /
11
0!
07
1$
#30901600
0$
#30914000
0#
#30921930
1$
#30942260
0$
#30955000
1#
#30962590
10
b111100 /
01
1$
#30982920
0$
#30996000
00
0#
#31003250
1$
#31023580
0$
#31037000
10
1#
#31043910
b111101 /
11
1!
17
1$
#31064240
0$
#31078000
0#
#31084570
1$
#31104900
0$
#31119000
1#
#31125230
00
b111110 /
01
1$
#31145560
0$
#31160000
10
0#
#31165890
1$
#31186220
0$
#31201000
00
1#
#31206550
b111111 /
11
0!
07
1$
#31226880
0$
#31242000
0#
#31247210
1$
#31267540
0$
#31283000
1#
#31287870
10
12
b0 /
01
1$
#31308200
0$
#31324000
00
0#
#31328530
b100111 5
02
b1000111 4
1"
b100010001000100 6
b111 8
1$
#31348860
0$
#31365000
10
1#
#31369190
0"
b0 3
b1 /
11
1!
17
b1100110011001100011001100110011 (
b1100110011001100011001100110011 )
b1000100010001000 &
b100010001000100 %
1$
#31389520
0$
#31406000
0#
#31409850
1$
#31430180
0$
#31447000
1#
#31450510
b10 /
01
1$
#31470840
0$
#31488000
0#
#31491170
1$
#31511500
0$
#31529000
1#
#31531830
00
b11 /
11
1$
#31552160
0$
#31570000
10
0#
#31572490
1$
#31592820
0$
#31611000
00
1#
#31613150
b100 /
01
0!
07
1$
#31633480
0$
#31652000
0#
#31653810
1$
#31674140
0$
#31693000
1#
#31694470
b101 /
11
1$
#31714800
0$
#31734000
0#
#31735130
1$
#31755460
0$
#31775000
1#
#31775790
10
b110 /
01
1$
#31796120
0$
#31816000
00
0#
#31816450
1$
#31836780
0$
#31857000
10
1#
#31857110
00
b111 /
11
1!
17
1$
#31877440
0$
#31897770
10
0!
07
01
b1000 /
1$
#31898000
00
0#
#31918100
0$
#31938430
1$
#31939000
10
1#
#31958760
0$
#31979090
1!
17
11
b1001 /
1$
#31980000
0#
#31999420
0$
#32019750
1$
#32021000
1#
#32040080
0$
#32060410
00
01
b1010 /
1$
#32062000
10
0#
#32080740
0$
#32101070
1$
#32103000
00
1#
#32121400
0$
#32141730
0!
07
11
b1011 /
1$
#32144000
0#
#32162060
0$
#32182390
1$
#32185000
1#
#32202720
0$
#32223050
10
01
b1100 /
1$
#32226000
00
0#
#32243380
0$
#32263710
1$
#32267000
10
1#
#32284040
0$
#32304370
1!
17
11
b1101 /
1$
#32308000
0#
#32324700
0$
#32345030
1$
#32349000
1#
#32365360
0$
#32385690
00
01
b1110 /
1$
#32390000
10
0#
#32406020
0$
#32426350
1$
#32431000
00
1#
#32446680
0$
#32467010
0!
07
11
b1111 /
1$
#32472000
0#
#32487340
0$
#32507670
1$
#32513000
1#
#32528000
0$
#32548330
10
01
b10000 /
1$
#32554000
00
0#
#32568660
0$
#32588990
1$
#32595000
10
1#
#32609320
0$
#32629650
1!
17
11
b10001 /
1$
#32636000
0#
#32649980
0$
#32670310
1$
#32677000
1#
#32690640
0$
#32710970
00
01
b10010 /
1$
#32718000
10
0#
#32731300
0$
#32751630
1$
#32759000
00
1#
#32771960
0$
#32792290
0!
07
11
b10011 /
1$
#32800000
0#
#32812620
0$
#32832950
1$
#32841000
1#
#32853280
0$
#32873610
10
01
b10100 /
1$
#32882000
00
0#
#32893940
0$
#32914270
1$
#32923000
10
1#
#32934600
0$
#32954930
1!
17
11
b10101 /
1$
#32964000
0#
#32975260
0$
#32995590
1$
#33005000
1#
#33015920
0$
#33036250
00
01
b10110 /
1$
#33046000
10
0#
#33056580
0$
#33076910
1$
#33087000
00
1#
#33097240
0$
#33117570
0!
07
11
b10111 /
1$
#33128000
0#
#33137900
0$
#33158230
1$
#33169000
1#
#33178560
0$
#33198890
10
01
b11000 /
1$
#33210000
00
0#
#33219220
0$
#33239550
1$
#33251000
10
1#
#33259880
0$
#33280210
1!
17
11
b11001 /
1$
#33292000
0#
#33300540
0$
#33320870
1$
#33333000
1#
#33341200
0$
#33361530
00
01
b11010 /
1$
#33374000
10
0#
#33381860
0$
#33402190
1$
#33415000
00
1#
#33422520
0$
#33442850
10
0!
07
11
b11011 /
b1 3
1$
#33456000
00
0#
#33463180
0$
#33483510
1$
#33497000
10
1#
#33503840
0$
#33524170
00
1!
17
01
b11100 /
1$
#33538000
10
0#
#33544500
0$
#33564830
1$
#33579000
00
1#
#33585160
0$
#33605490
0!
07
11
b11101 /
1$
#33620000
0#
#33625820
0$
#33646150
1$
#33661000
1#
#33666480
0$
#33686810
10
01
b11110 /
1$
#33702000
00
0#
#33707140
0$
#33727470
1$
#33743000
10
1#
#33747800
0$
#33768130
1!
17
11
b11111 /
1$
#33784000
0#
#33788460
0$
#33808790
1$
#33825000
1#
#33829120
0$
#33849450
00
01
b100000 /
1$
#33866000
10
0#
#33869780
0$
#33890110
1$
#33907000
00
1#
#33910440
0$
#33930770
0!
07
11
b100001 /
1$
#33948000
0#
#33951100
0$
#33971430
1$
#33989000
1#
#33991760
0$
#34012090
10
01
b100010 /
1$
#34030000
00
0#
#34032420
0$
#34052750
1$
#34071000
10
1#
#34073080
0$
#34093410
00
1!
17
11
b100011 /
b10 3
1$
#34112000
10
0#
#34113740
0$
#34134070
1$
#34153000
00
1#
#34154400
0$
#34174730
10
0!
07
01
b100100 /
1$
#34194000
00
0#
#34195060
0$
#34215390
1$
#34235000
10
1#
#34235720
0$
#34256050
1!
17
11
b100101 /
1$
#34276000
0#
#34276380
0$
#34296710
1$
#34317000
1#
#34317040
0$
#34337370
00
01
b100110 /
1$
#34357700
0$
#34358000
10
0#
#34378030
1$
#34398360
0$
#34399000
00
1#
#34418690
0!
07
11
b100111 /
1$
#34439020
0$
#34440000
0#
#34459350
1$
#34479680
0$
#34481000
1#
#34500010
10
01
b101000 /
1$
#34520340
0$
#34522000
00
0#
#34540670
1$
#34561000
0$
#34563000
10
1#
#34581330
1!
17
11
b101001 /
1$
#34601660
0$
#34604000
0#
#34621990
1$
#34642320
0$
#34645000
1#
#34662650
00
01
b101010 /
1$
#34682980
0$
#34686000
10
0#
#34703310
1$
#34723640
0$
#34727000
00
1#
#34743970
10
0!
07
11
b101011 /
b11 3
1$
#34764300
0$
#34768000
00
0#
#34784630
1$
#34804960
0$
#34809000
10
1#
#34825290
00
1!
17
01
b101100 /
1$
#34845620
0$
#34850000
10
0#
#34865950
1$
#34886280
0$
#34891000
00
1#
#34906610
0!
07
11
b101101 /
1$
#34926940
0$
#34932000
0#
#34947270
1$
#34967600
0$
#34973000
1#
#34987930
10
01
b101110 /
1$
#35008260
0$
#35014000
00
0#
#35028590
1$
#35048920
0$
#35055000
10
1#
#35069250
1!
17
11
b101111 /
1$
#35089580
0$
#35096000
0#
#35109910
1$
#35130240
0$
#35137000
1#
#35150570
00
01
b110000 /
1$
#35170900
0$
#35178000
10
0#
#35191230
1$
#35211560
0$
#35219000
00
1#
#35231890
0!
07
11
b110001 /
1$
#35252220
0$
#35260000
0#
#35272550
1$
#35292880
0$
#35301000
1#
#35313210
10
01
b110010 /
1$
#35333540
0$
#35342000
00
0#
#35353870
1$
#35374200
0$
#35383000
10
1#
#35394530
00
1!
17
11
b110011 /
b100 3
1$
#35414860
0$
#35424000
10
0#
#35435190
1$
#35455520
0$
#35465000
00
1#
#35475850
10
0!
07
01
b110100 /
1$
#35496180
0$
#35506000
00
0#
#35516510
1$
#35536840
0$
#35547000
10
1#
#35557170
1!
17
11
b110101 /
1$
#35577500
0$
#35588000
0#
#35597830
1$
#35618160
0$
#35629000
1#
#35638490
00
01
b110110 /
1$
#35658820
0$
#35670000
10
0#
#35679150
1$
#35699480
0$
#35711000
00
1#
#35719810
0!
07
11
b110111 /
1$
#35740140
0$
#35752000
0#
#35760470
1$
#35780800
0$
#35793000
1#
#35801130
10
01
b111000 /
1$
#35821460
0$
#35834000
00
0#
#35841790
1$
#35862120
0$
#35875000
10
1#
#35882450
1!
17
11
b111001 /
1$
#35902780
0$
#35916000
0#
#35923110
1$
#35943440
0$
#35957000
1#
#35963770
00
01
b111010 /
1$
#35984100
0$
#35998000
10
0#
#36004430
1$
#36024760
0$
#36039000
00
1#
#36045090
0!
07
11
b111011 /
1$
#36065420
0$
#36080000
0#
#36085750
1$
#36106080
0$
#36121000
1#
#36126410
10
01
b111100 /
1$
#36146740
0$
#36162000
00
0#
#36167070
1$
#36187400
0$
#36203000
10
1#
#36207730
1!
17
11
b111101 /
1$
#36228060
0$
#36244000
0#
#36248390
1$
#36268720
0$
#36285000
1#
#36289050
00
01
b111110 /
1$
#36309380
0$
#36326000
10
0#
#36329710
1$
#36350040
0$
#36367000
00
1#
#36370370
0!
07
11
b111111 /
1$
#36390700
0$
#36408000
0#
#36411030
1$
#36431360
0$
#36449000
1#
#36451690
10
01
12
b0 /
1$
#36472020
0$
#36490000
00
0#
#36492350
b1000111 5
b1000 8
b100010001000100000000000000 *
b100010001000100 .
b100111 4
02
1$
#36512680
0$
#36531000
10
1#
#36533010
1!
17
11
b1 /
b0 3
1$
#36553340
0$
#36572000
0#
#36573670
1$
#36594000
0$
#36613000
1#
#36614330
01
b10 /
1$
#36634660
0$
#36654000
0#
#36654990
1$
#36675320
0$
#36695000
1#
#36695650
00
11
b11 /
1$
#36715980
0$
#36736000
10
0#
#36736310
1$
#36756640
0$
#36776970
1$
#36777000
00
1#
#36797300
0$
#36817630
b100 /
01
0!
07
1$
#36818000
0#
#36837960
0$
#36858290
1$
#36859000
1#
#36878620
0$
#36898950
10
b101 /
11
1$
#36900000
00
0#
#36919280
0$
#36939610
1$
#36941000
10
1#
#36959940
0$
#36980270
00
b110 /
01
1!
17
1$
#36982000
10
0#
#37000600
0$
#37020930
1$
#37023000
00
1#
#37041260
0$
#37061590
b111 /
11
0!
07
1$
#37064000
0#
#37081920
0$
#37102250
1$
#37105000
1#
#37122580
0$
#37142910
10
b1000 /
01
1$
#37146000
00
0#
#37163240
0$
#37183570
1$
#37187000
10
1#
#37203900
0$
#37224230
b1001 /
11
1!
17
1$
#37228000
0#
#37244560
0$
#37264890
1$
#37269000
1#
#37285220
0$
#37305550
00
b1010 /
01
1$
#37310000
10
0#
#37325880
0$
#37346210
1$
#37351000
00
1#
#37366540
0$
#37386870
b1011 /
11
0!
07
1$
#37392000
0#
#37407200
0$
#37427530
1$
#37433000
1#
#37447860
0$
#37468190
10
b1100 /
01
1$
#37474000
00
0#
#37488520
0$
#37508850
1$
#37515000
10
1#
#37529180
0$
#37549510
b1101 /
11
1!
17
1$
#37556000
0#
#37569840
0$
#37590170
1$
#37597000
1#
#37610500
0$
#37630830
00
b1110 /
01
1$
#37638000
10
0#
#37651160
0$
#37671490
1$
#37679000
00
1#
#37691820
0$
#37712150
b1111 /
11
0!
07
1$
#37720000
0#
#37732480
0$
#37752810
1$
#37761000
1#
#37773140
0$
#37793470
10
b10000 /
01
1$
#37802000
00
0#
#37813800
0$
#37834130
1$
#37843000
10
1#
#37854460
0$
#37874790
b10001 /
11
1!
17
1$
#37884000
0#
#37895120
0$
#37915450
1$
#37925000
1#
#37935780
0$
#37956110
00
b10010 /
01
1$
#37966000
10
0#
#37976440
0$
#37996770
1$
#38007000
00
1#
#38017100
0$
#38037430
b10011 /
11
0!
07
1$
#38048000
0#
#38057760
0$
#38078090
1$
#38089000
1#
#38098420
0$
#38118750
10
b10100 /
01
1$
#38130000
00
0#
#38139080
0$
#38159410
1$
#38171000
10
1#
#38179740
0$
#38200070
b10101 /
11
1!
17
1$
#38212000
0#
#38220400
0$
#38240730
1$
#38253000
1#
#38261060
0$
#38281390
00
b10110 /
01
1$
#38294000
10
0#
#38301720
0$
#38322050
1$
#38335000
00
1#
#38342380
0$
#38362710
b10111 /
11
0!
07
1$
#38376000
0#
#38383040
0$
#38403370
1$
#38417000
1#
#38423700
0$
#38444030
10
b11000 /
01
1$
#38458000
00
0#
#38464360
0$
#38484690
1$
#38499000
10
1#
#38505020
0$
#38525350
b11001 /
11
1!
17
1$
#38540000
0#
#38545680
0$
#38566010
1$
#38581000
1#
#38586340
0$
#38606670
00
b11010 /
01
1$
#38622000
10
0#
#38627000
0$
#38647330
1$
#38663000
00
1#
#38667660
0$
#38687990
b11011 /
11
0!
07
1$
#38704000
0#
#38708320
0$
#38728650
1$
#38745000
1#
#38748980
0$
#38769310
10
b11100 /
01
1$
#38786000
00
0#
#38789640
0$
#38809970
1$
#38827000
10
1#
#38830300
0$
#38850630
00
b1 3
b11101 /
11
1!
17
1$
#38868000
10
0#
#38870960
0$
#38891290
1$
#38909000
00
1#
#38911620
0$
#38931950
10
b11110 /
01
0!
07
1$
#38950000
00
0#
#38952280
0$
#38972610
1$
#38991000
10
1#
#38992940
0$
#39013270
b11111 /
11
1!
17
1$
#39032000
0#
#39033600
0$
#39053930
1$
#39073000
1#
#39074260
0$
#39094590
00
b100000 /
01
1$
#39114000
10
0#
#39114920
0$
#39135250
1$
#39155000
00
1#
#39155580
0$
#39175910
b100001 /
11
0!
07
1$
#39196000
0#
#39196240
0$
#39216570
1$
#39236900
0$
#39237000
1#
#39257230
10
b100010 /
01
1$
#39277560
0$
#39278000
00
0#
#39297890
1$
#39318220
0$
#39319000
10
1#
#39338550
b100011 /
11
1!
17
1$
#39358880
0$
#39360000
0#
#39379210
1$
#39399540
0$
#39401000
1#
#39419870
00
b100100 /
01
1$
#39440200
0$
#39442000
10
0#
#39460530
1$
#39480860
0$
#39483000
00
1#
#39501190
10
b10 3
b100101 /
11
0!
07
1$
#39521520
0$
#39524000
00
0#
#39541850
1$
#39562180
0$
#39565000
10
1#
#39582510
00
b100110 /
01
1!
17
1$
#39602840
0$
#39606000
10
0#
#39623170
1$
#39643500
0$
#39647000
00
1#
#39663830
b100111 /
11
0!
07
1$
#39684160
0$
#39688000
0#
#39704490
1$
#39724820
0$
#39729000
1#
#39745150
10
b101000 /
01
1$
#39765480
0$
#39770000
00
0#
#39785810
1$
#39806140
0$
#39811000
10
1#
#39826470
b101001 /
11
1!
17
1$
#39846800
0$
#39852000
0#
#39867130
1$
#39887460
0$
#39893000
1#
#39907790
00
b101010 /
01
1$
#39928120
0$
#39934000
10
0#
#39948450
1$
#39968780
0$
#39975000
00
1#
#39989110
b101011 /
11
0!
07
1$
#40009440
0$
#40016000
0#
#40029770
1$
#40050100
0$
#40057000
1#
#40070430
10
b101100 /
01
1$
#40090760
0$
#40098000
00
0#
#40111090
1$
#40131420
0$
#40139000
10
1#
#40151750
00
b11 3
b101101 /
11
1!
17
1$
#40172080
0$
#40180000
10
0#
#40192410
1$
#40212740
0$
#40221000
00
1#
#40233070
10
b101110 /
01
0!
07
1$
#40253400
0$
#40262000
00
0#
#40273730
1$
#40294060
0$
#40303000
10
1#
#40314390
b101111 /
11
1!
17
1$
#40334720
0$
#40344000
0#
#40355050
1$
#40375380
0$
#40385000
1#
#40395710
00
b110000 /
01
1$
#40416040
0$
#40426000
10
0#
#40436370
1$
#40456700
0$
#40467000
00
1#
#40477030
b110001 /
11
0!
07
1$
#40497360
0$
#40508000
0#
#40517690
1$
#40538020
0$
#40549000
1#
#40558350
10
b110010 /
01
1$
#40578680
0$
#40590000
00
0#
#40599010
1$
#40619340
0$
#40631000
10
1#
#40639670
b110011 /
11
1!
17
1$
#40660000
0$
#40672000
0#
#40680330
1$
#40700660
0$
#40713000
1#
#40720990
00
b110100 /
01
1$
#40741320
0$
#40754000
10
0#
#40761650
1$
#40781980
0$
#40795000
00
1#
#40802310
10
b100 3
b110101 /
11
0!
07
1$
#40822640
0$
#40836000
00
0#
#40842970
1$
#40863300
0$
#40877000
10
1#
#40883630
00
b110110 /
01
1!
17
1$
#40903960
0$
#40918000
10
0#
#40924290
1$
#40944620
0$
#40959000
00
1#
#40964950
b110111 /
11
0!
07
1$
#40985280
0$
#41000000
0#
#41005610
1$
#41025940
0$
#41041000
1#
#41046270
10
b111000 /
01
1$
#41066600
0$
#41082000
00
0#
#41086930
1$
#41107260
0$
#41123000
10
1#
#41127590
b111001 /
11
1!
17
1$
#41147920
0$
#41164000
0#
#41168250
1$
#41188580
0$
#41205000
1#
#41208910
00
b111010 /
01
1$
#41229240
0$
#41246000
10
0#
#41249570
1$
#41269900
0$
#41287000
00
1#
#41290230
b111011 /
11
0!
07
1$
#41310560
0$
#41328000
0#
#41330890
1$
#41351220
0$
#41369000
1#
#41371550
10
b111100 /
01
1$
#41391880
0$
#41410000
00
0#
#41412210
1$
#41432540
0$
#41451000
10
1#
#41452870
b111101 /
11
1!
17
1$
#41473200
0$
#41492000
0#
#41493530
1$
#41513860
0$
#41533000
1#
#41534190
00
b111110 /
01
1$
#41554520
0$
#41574000
10
0#
#41574850
1$
#41595180
0$
#41615000
00
1#
#41615510
b111111 /
11
0!
07
1$
#41635840
0$
#41656000
0#
#41656170
1$
#41676500
0$
#41696830
1$
#41697000
1#
#41717160
0$
#41737490
10
01
12
b0 /
1$
#41738000
00
0#
#41757820
0$
#41778150
b100111 5
b1001 8
1"
b110011001100110 6
b11001100110011000000000000 *
b11001100110011 .
b1000111 4
02
1$
#41779000
10
1#
#41798480
0$
#41818810
1!
17
11
b1 /
b0 3
0"
b10001000100010000100010001000100 (
b10001000100010000100010001000100 )
b1010101010101010 &
b101010101010101 %
1$
#41820000
0#
#41839140
0$
#41859470
1$
#41861000
1#
#41879800
0$
#41900130
01
b10 /
1$
#41902000
0#
#41920460
0$
#41940790
1$
#41943000
1#
#41961120
0$
#41981450
00
11
b11 /
1$
#41984000
10
0#
#42001780
0$
#42022110
1$
#42025000
00
1#
#42042440
0$
#42062770
0!
07
01
b100 /
1$
#42066000
0#
#42083100
0$
#42103430
1$
#42107000
1#
#42123760
0$
#42144090
11
b101 /
1$
#42148000
0#
#42164420
0$
#42184750
1$
#42189000
1#
#42205080
0$
#42225410
10
01
b110 /
1$
#42230000
00
0#
#42245740
0$
#42266070
1$
#42271000
10
1#
#42286400
0$
#42306730
00
1!
17
11
b111 /
1$
#42312000
10
0#
#42327060
0$
#42347390
1$
#42353000
00
1#
#42367720
0$
#42388050
10
0!
07
01
b1000 /
1$
#42394000
00
0#
#42408380
0$
#42428710
1$
#42435000
10
1#
#42449040
0$
#42469370
1!
17
11
b1001 /
1$
#42476000
0#
#42489700
0$
#42510030
1$
#42517000
1#
#42530360
0$
#42550690
00
01
b1010 /
1$
#42558000
10
0#
#42571020
0$
#42591350
1$
#42599000
00
1#
#42611680
0$
#42632010
0!
07
11
b1011 /
1$
#42640000
0#
#42652340
0$
#42672670
1$
#42681000
1#
#42693000
0$
#42713330
10
01
b1100 /
1$
#42722000
00
0#
#42733660
0$
#42753990
1$
#42763000
10
1#
#42774320
0$
#42794650
1!
17
11
b1101 /
1$
#42804000
0#
#42814980
0$
#42835310
1$
#42845000
1#
#42855640
0$
#42875970
00
01
b1110 /
1$
#42886000
10
0#
#42896300
0$
#42916630
1$
#42927000
00
1#
#42936960
0$
#42957290
0!
07
11
b1111 /
1$
#42968000
0#
#42977620
0$
#42997950
1$
#43009000
1#
#43018280
0$
#43038610
10
01
b10000 /
1$
#43050000
00
0#
#43058940
0$
#43079270
1$
#43091000
10
1#
#43099600
0$
#43119930
1!
17
11
b10001 /
1$
#43132000
0#
#43140260
0$
#43160590
1$
#43173000
1#
#43180920
0$
#43201250
00
01
b10010 /
1$
#43214000
10
0#
#43221580
0$
#43241910
1$
#43255000
00
1#
#43262240
0$
#43282570
0!
07
11
b10011 /
1$
#43296000
0#
#43302900
0$
#43323230
1$
#43337000
1#
#43343560
0$
#43363890
10
01
b10100 /
1$
#43378000
00
0#
#43384220
0$
#43404550
1$
#43419000
10
1#
#43424880
0$
#43445210
1!
17
11
b10101 /
1$
#43460000
0#
#43465540
0$
#43485870
1$
#43501000
1#
#43506200
0$
#43526530
00
01
b10110 /
1$
#43542000
10
0#
#43546860
0$
#43567190
1$
#43583000
00
1#
#43587520
0$
#43607850
0!
07
11
b10111 /
1$
#43624000
0#
#43628180
0$
#43648510
1$
#43665000
1#
#43668840
0$
#43689170
10
01
b11000 /
1$
#43706000
00
0#
#43709500
0$
#43729830
1$
#43747000
10
1#
#43750160
0$
#43770490
00
1!
17
11
b11001 /
b1 3
1$
#43788000
10
0#
#43790820
0$
#43811150
1$
#43829000
00
1#
#43831480
0$
#43851810
10
0!
07
01
b11010 /
1$
#43870000
00
0#
#43872140
0$
#43892470
1$
#43911000
10
1#
#43912800
0$
#43933130
00
1!
17
11
b11011 /
b10 3
1$
#43952000
10
0#
#43953460
0$
#43973790
1$
#43993000
00
1#
#43994120
0$
#44014450
10
0!
07
01
b11100 /
1$
#44034000
00
0#
#44034780
0$
#44055110
1$
#44075000
10
1#
#44075440
0$
#44095770
1!
17
11
b11101 /
1$
#44116000
0#
#44116100
0$
#44136430
1$
#44156760
0$
#44157000
1#
#44177090
00
01
b11110 /
1$
#44197420
0$
#44198000
10
0#
#44217750
1$
#44238080
0$
#44239000
00
1#
#44258410
0!
07
11
b11111 /
1$
#44278740
0$
#44280000
0#
#44299070
1$
#44319400
0$
#44321000
1#
#44339730
10
01
b100000 /
1$
#44360060
0$
#44362000
00
0#
#44380390
1$
#44400720
0$
#44403000
10
1#
#44421050
00
1!
17
11
b100001 /
b11 3
1$
#44441380
0$
#44444000
10
0#
#44461710
1$
#44482040
0$
#44485000
00
1#
#44502370
10
0!
07
01
b100010 /
1$
#44522700
0$
#44526000
00
0#
#44543030
1$
#44563360
0$
#44567000
10
1#
#44583690
00
1!
17
11
b100011 /
b100 3
1$
#44604020
0$
#44608000
10
0#
#44624350
1$
#44644680
0$
#44649000
00
1#
#44665010
10
0!
07
01
b100100 /
1$
#44685340
0$
#44690000
00
0#
#44705670
1$
#44726000
0$
#44731000
10
1#
#44746330
1!
17
11
b100101 /
1$
#44766660
0$
#44772000
0#
#44786990
1$
#44807320
0$
#44813000
1#
#44827650
00
01
b100110 /
1$
#44847980
0$
#44854000
10
0#
#44868310
1$
#44888640
0$
#44895000
00
1#
#44908970
0!
07
11
b100111 /
1$
#44929300
0$
#44936000
0#
#44949630
1$
#44969960
0$
#44977000
1#
#44990290
10
01
b101000 /
1$
#45010620
0$
#45018000
00
0#
#45030950
1$
#45051280
0$
#45059000
10
1#
#45071610
00
1!
17
11
b101001 /
b101 3
1$
#45091940
0$
#45100000
10
0#
#45112270
1$
#45132600
0$
#45141000
00
1#
#45152930
10
0!
07
01
b101010 /
1$
#45173260
0$
#45182000
00
0#
#45193590
1$
#45213920
0$
#45223000
10
1#
#45234250
00
1!
17
11
b101011 /
b110 3
1$
#45254580
0$
#45264000
10
0#
#45274910
1$
#45295240
0$
#45305000
00
1#
#45315570
10
0!
07
01
b101100 /
1$
#45335900
0$
#45346000
00
0#
#45356230
1$
#45376560
0$
#45387000
10
1#
#45396890
1!
17
11
b101101 /
1$
#45417220
0$
#45428000
0#
#45437550
1$
#45457880
0$
#45469000
1#
#45478210
00
01
b101110 /
1$
#45498540
0$
#45510000
10
0#
#45518870
1$
#45539200
0$
#45551000
00
1#
#45559530
0!
07
11
b101111 /
1$
#45579860
0$
#45592000
0#
#45600190
1$
#45620520
0$
#45633000
1#
#45640850
10
01
b110000 /
1$
#45661180
0$
#45674000
00
0#
#45681510
1$
#45701840
0$
#45715000
10
1#
#45722170
00
1!
17
11
b110001 /
b111 3
1$
#45742500
0$
#45756000
10
0#
#45762830
1$
#45783160
0$
#45797000
00
1#
#45803490
10
0!
07
01
b110010 /
1$
#45823820
0$
#45838000
00
0#
#45844150
1$
#45864480
0$
#45879000
10
1#
#45884810
00
1!
17
11
b110011 /
b1000 3
1$
#45905140
0$
#45920000
10
0#
#45925470
1$
#45945800
0$
#45961000
00
1#
#45966130
10
0!
07
01
b110100 /
1$
#45986460
0$
#46002000
00
0#
#46006790
1$
#46027120
0$
#46043000
10
1#
#46047450
1!
17
11
b110101 /
1$
#46067780
0$
#46084000
0#
#46088110
1$
#46108440
0$
#46125000
1#
#46128770
00
01
b110110 /
1$
#46149100
0$
#46166000
10
0#
#46169430
1$
#46189760
0$
#46207000
00
1#
#46210090
0!
07
11
b110111 /
1$
#46230420
0$
#46248000
0#
#46250750
1$
#46271080
0$
#46289000
1#
#46291410
10
01
b111000 /
1$
#46311740
0$
#46330000
00
0#
#46332070
1$
#46352400
0$
#46371000
10
1#
#46372730
1!
17
11
b111001 /
1$
#46393060
0$
#46412000
0#
#46413390
1$
#46433720
0$
#46453000
1#
#46454050
00
01
b111010 /
1$
#46474380
0$
#46494000
10
0#
#46494710
1$
#46515040
0$
#46535000
00
1#
#46535370
0!
07
11
b111011 /
1$
#46555700
0$
#46576000
0#
#46576030
1$
#46596360
0$
#46616690
1$
#46617000
1#
#46637020
0$
#46657350
10
b111100 /
01
1$
#46658000
00
0#
#46677680
0$
#46698010
1$
#46699000
10
1#
#46718340
0$
#46738670
b111101 /
11
1!
17
1$
#46740000
0#
#46759000
0$
#46779330
1$
#46781000
1#
#46799660
0$
#46819990
00
b111110 /
01
1$
#46822000
10
0#
#46840320
0$
#46860650
1$
#46863000
00
1#
#46880980
0$
#46901310
b111111 /
11
0!
07
1$
#46904000
0#
#46921640
0$
#46941970
1$
#46945000
1#
#46962300
0$
#46982630
10
12
b0 /
01
1$
#46986000
00
0#
#47002960
0$
#47023290
b1000111 5
02
b100111 4
b110011001100110000000000000 *
b110011001100110 .
b1010 8
1$
#47027000
10
1#
#47043620
0$
#47063950
b0 3
b1 /
11
1!
17
1$
#47068000
0#
#47084280
0$
#47104610
1$
#47109000
1#
#47124940
0$
#47145270
b10 /
01
1$
#47150000
0#
#47165600
0$
#47185930
1$
#47191000
1#
#47206260
0$
#47226590
00
b11 /
11
1$
#47232000
10
0#
#47246920
0$
#47267250
1$
#47273000
00
1#
#47287580
0$
#47307910
b100 /
01
0!
07
1$
#47314000
0#
#47328240
0$
#47348570
1$
#47355000
1#
#47368900
0$
#47389230
10
b101 /
11
1$
#47396000
00
0#
#47409560
0$
#47429890
1$
#47437000
10
1#
#47450220
0$
#47470550
00
b110 /
01
1!
17
1$
#47478000
10
0#
#47490880
0$
#47511210
1$
#47519000
00
1#
#47531540
0$
#47551870
b111 /
11
0!
07
1$
#47560000
0#
#47572200
0$
#47592530
1$
#47601000
1#
#47612860
0$
#47633190
10
b1000 /
01
1$
#47642000
00
0#
#47653520
0$
#47673850
1$
#47683000
10
1#
#47694180
0$
#47714510
b1001 /
11
1!
17
1$
#47724000
0#
#47734840
0$
#47755170
1$
#47765000
1#
#47775500
0$
#47795830
00
b1010 /
01
1$
#47806000
10
0#
#47816160
0$
#47836490
1$
#47847000
00
1#
#47856820
0$
#47877150
b1011 /
11
0!
07
1$
#47888000
0#
#47897480
0$
#47917810
1$
#47929000
1#
#47938140
0$
#47958470
10
b1100 /
01
1$
#47970000
00
0#
#47978800
0$
#47999130
1$
#48011000
10
1#
#48019460
0$
#48039790
b1101 /
11
1!
17
1$
#48052000
0#
#48060120
0$
#48080450
1$
#48093000
1#
#48100780
0$
#48121110
00
b1110 /
01
1$
#48134000
10
0#
#48141440
0$
#48161770
1$
#48175000
00
1#
#48182100
0$
#48202430
b1111 /
11
0!
07
1$
#48216000
0#
#48222760
0$
#48243090
1$
#48257000
1#
#48263420
0$
#48283750
10
b10000 /
01
1$
#48298000
00
0#
#48304080
0$
#48324410
1$
#48339000
10
1#
#48344740
0$
#48365070
b10001 /
11
1!
17
1$
#48380000
0#
#48385400
0$
#48405730
1$
#48421000
1#
#48426060
0$
#48446390
00
b10010 /
01
1$
#48462000
10
0#
#48466720
0$
#48487050
1$
#48503000
00
1#
#48507380
0$
#48527710
b10011 /
11
0!
07
1$
#48544000
0#
#48548040
0$
#48568370
1$
#48585000
1#
#48588700
0$
#48609030
10
b10100 /
01
1$
#48626000
00
0#
#48629360
0$
#48649690
1$
#48667000
10
1#
#48670020
0$
#48690350
b10101 /
11
1!
17
1$
#48708000
0#
#48710680
0$
#48731010
1$
#48749000
1#
#48751340
0$
#48771670
00
b10110 /
01
1$
#48790000
10
0#
#48792000
0$
#48812330
1$
#48831000
00
1#
#48832660
0$
#48852990
b10111 /
11
0!
07
1$
#48872000
0#
#48873320
0$
#48893650
1$
#48913000
1#
#48913980
0$
#48934310
10
b11000 /
01
1$
#48954000
00
0#
#48954640
0$
#48974970
1$
#48995000
10
1#
#48995300
0$
#49015630
b11001 /
11
1!
17
1$
#49035960
0$
#49036000
0#
#49056290
1$
#49076620
0$
#49077000
1#
#49096950
00
b11010 /
01
1$
#49117280
0$
#49118000
10
0#
#49137610
1$
#49157940
0$
#49159000
00
1#
#49178270
10
b1 3
b11011 /
11
0!
07
1$
#49198600
0$
#49200000
00
0#
#49218930
1$
#49239260
0$
#49241000
10
1#
#49259590
00
b11100 /
01
1!
17
1$
#49279920
0$
#49282000
10
0#
#49300250
1$
#49320580
0$
#49323000
00
1#
#49340910
10
b10 3
b11101 /
11
0!
07
1$
#49361240
0$
#49364000
00
0#
#49381570
1$
#49401900
0$
#49405000
10
1#
#49422230
00
b11110 /
01
1!
17
1$
#49442560
0$
#49446000
10
0#
#49462890
1$
#49483220
0$
#49487000
00
1#
#49503550
b11111 /
11
0!
07
1$
#49523880
0$
#49528000
0#
#49544210
1$
#49564540
0$
#49569000
1#
#49584870
10
b100000 /
01
1$
#49605200
0$
#49610000
00
0#
#49625530
1$
#49645860
0$
#49651000
10
1#
#49666190
b100001 /
11
1!
17
1$
#49686520
0$
#49692000
0#
#49706850
1$
#49727180
0$
#49733000
1#
#49747510
00
b100010 /
01
1$
#49767840
0$
#49774000
10
0#
#49788170
1$
#49808500
0$
#49815000
00
1#
#49828830
10
b11 3
b100011 /
11
0!
07
1$
#49849160
0$
#49856000
00
0#
#49869490
1$
#49889820
0$
#49897000
10
1#
#49910150
00
b100100 /
01
1!
17
1$
#49930480
0$
#49938000
10
0#
#49950810
1$
#49971140
0$
#49979000
00
1#
#49991470
10
b100 3
b100101 /
11
0!
07
1$
#50011800
0$
#50020000
00
0#
#50032130
1$
#50052460
0$
#50061000
10
1#
#50072790
00
b100110 /
01
1!
17
1$
#50093120
0$
#50102000
10
0#
#50113450
1$
#50133780
0$
#50143000
00
1#
#50154110
b100111 /
11
0!
07
1$
#50174440
0$
#50184000
0#
#50194770
1$
#50215100
0$
#50225000
1#
#50235430
10
b101000 /
01
1$
#50255760
0$
#50266000
00
0#
#50276090
1$
#50296420
0$
#50307000
10
1#
#50316750
b101001 /
11
1!
17
1$
#50337080
0$
#50348000
0#
#50357410
1$
#50377740
0$
#50389000
1#
#50398070
00
b101010 /
01
1$
#50418400
0$
#50430000
10
0#
#50438730
1$
#50459060
0$
#50471000
00
1#
#50479390
10
b101 3
b101011 /
11
0!
07
1$
#50499720
0$
#50512000
00
0#
#50520050
1$
#50540380
0$
#50553000
10
1#
#50560710
00
b101100 /
01
1!
17
1$
#50581040
0$
#50594000
10
0#
#50601370
1$
#50621700
0$
#50635000
00
1#
#50642030
10
b110 3
b101101 /
11
0!
07
1$
#50662360
0$
#50676000
00
0#
#50682690
1$
#50703020
0$
#50717000
10
1#
#50723350
00
b101110 /
01
1!
17
1$
#50743680
0$
#50758000
10
0#
#50764010
1$
#50784340
0$
#50799000
00
1#
#50804670
b101111 /
11
0!
07
1$
#50825000
0$
#50840000
0#
#50845330
1$
#50865660
0$
#50881000
1#
#50885990
10
b110000 /
01
1$
#50906320
0$
#50922000
00
0#
#50926650
1$
#50946980
0$
#50963000
10
1#
#50967310
b110001 /
11
1!
17
1$
#50987640
0$
#51004000
0#
#51007970
1$
#51028300
0$
#51045000
1#
#51048630
00
b110010 /
01
1$
#51068960
0$
#51086000
10
0#
#51089290
1$
#51109620
0$
#51127000
00
1#
#51129950
10
b111 3
b110011 /
11
0!
07
1$
#51150280
0$
#51168000
00
0#
#51170610
1$
#51190940
0$
#51209000
10
1#
#51211270
00
b110100 /
01
1!
17
1$
#51231600
0$
#51250000
10
0#
#51251930
1$
#51272260
0$
#51291000
00
1#
#51292590
10
b1000 3
b110101 /
11
0!
07
1$
#51312920
0$
#51332000
00
0#
#51333250
1$
#51353580
0$
#51373000
10
1#
#51373910
00
b110110 /
01
1!
17
1$
#51394240
0$
#51414000
10
0#
#51414570
1$
#51434900
0$
#51455000
00
1#
#51455230
b110111 /
11
0!
07
1$
#51475560
0$
#51495890
10
01
b111000 /
1$
#51496000
00
0#
#51516220
0$
#51536550
1$
#51537000
10
1#
#51556880
0$
#51577210
1!
17
11
b111001 /
1$
#51578000
0#
#51597540
0$
#51617870
1$
#51619000
1#
#51638200
0$
#51658530
00
01
b111010 /
1$
#51660000
10
0#
#51678860
0$
#51699190
1$
#51701000
00
1#
#51719520
0$
#51739850
0!
07
11
b111011 /
1$
#51742000
0#
#51760180
0$
#51780510
1$
#51783000
1#
#51800840
0$
#51821170
10
01
b111100 /
1$
#51824000
00
0#
#51841500
0$
#51861830
1$
#51865000
10
1#
#51882160
0$
#51902490
1!
17
11
b111101 /
1$
#51906000
0#
#51922820
0$
#51943150
1$
#51947000
1#
#51963480
0$
#51983810
00
01
b111110 /
1$
#51988000
10
0#
#52004140
0$
#52024470
1$
#52029000
00
1#
#52044800
0$
#52065130
0!
07
11
b111111 /
1$
#52070000
0#
#52085460
0$
#52105790
1$
#52111000
1#
#52126120
0$
#52146450
10
01
12
b0 /
1$
#52152000
00
0#
#52166780
0$
#52187110
b100111 5
b1011 8
1"
b1000100010001000 6
b100010001000100000000000000 *
b100010001000100 .
b1000111 4
02
1$
#52193000
10
1#
#52207440
0$
#52227770
1!
17
11
b1 /
b0 3
0"
b10101010101010100101010101010101 (
b10101010101010100101010101010101 )
b1100110011001100 &
b110011001100110 %
1$
#52234000
0#
#52248100
0$
#52268430
1$
#52275000
1#
#52288760
0$
#52309090
01
b10 /
1$
#52316000
0#
#52329420
0$
#52349750
1$
#52357000
1#
#52370080
0$
#52390410
00
11
b11 /
1$
#52398000
10
0#
#52410740
0$
#52431070
1$
#52439000
00
1#
#52451400
0$
#52471730
0!
07
01
b100 /
1$
#52480000
0#
#52492060
0$
#52512390
1$
#52521000
1#
#52532720
0$
#52553050
11
b101 /
1$
#52562000
0#
#52573380
0$
#52593710
1$
#52603000
1#
#52614040
0$
#52634370
10
01
b110 /
1$
#52644000
00
0#
#52654700
0$
#52675030
1$
#52685000
10
1#
#52695360
0$
#52715690
00
1!
17
11
b111 /
1$
#52726000
10
0#
#52736020
0$
#52756350
1$
#52767000
00
1#
#52776680
0$
#52797010
10
0!
07
01
b1000 /
1$
#52808000
00
0#
#52817340
0$
#52837670
1$
#52849000
10
1#
#52858000
0$
#52878330
1!
17
11
b1001 /
1$
#52890000
0#
#52898660
0$
#52918990
1$
#52931000
1#
#52939320
0$
#52959650
00
01
b1010 /
1$
#52972000
10
0#
#52979980
0$
#53000310
1$
#53013000
00
1#
#53020640
0$
#53040970
0!
07
11
b1011 /
1$
#53054000
0#
#53061300
0$
#53081630
1$
#53095000
1#
#53101960
0$
#53122290
10
01
b1100 /
1$
#53136000
00
0#
#53142620
0$
#53162950
1$
#53177000
10
1#
#53183280
0$
#53203610
1!
17
11
b1101 /
1$
#53218000
0#
#53223940
0$
#53244270
1$
#53259000
1#
#53264600
0$
#53284930
00
01
b1110 /
1$
#53300000
10
0#
#53305260
0$
#53325590
1$
#53341000
00
1#
#53345920
0$
#53366250
0!
07
11
b1111 /
1$
#53382000
0#
#53386580
0$
#53406910
1$
#53423000
1#
#53427240
0$
#53447570
10
01
b10000 /
1$
#53464000
00
0#
#53467900
0$
#53488230
1$
#53505000
10
1#
#53508560
0$
#53528890
1!
17
11
b10001 /
1$
#53546000
0#
#53549220
0$
#53569550
1$
#53587000
1#
#53589880
0$
#53610210
00
01
b10010 /
1$
#53628000
10
0#
#53630540
0$
#53650870
1$
#53669000
00
1#
#53671200
0$
#53691530
0!
07
11
b10011 /
1$
#53710000
0#
#53711860
0$
#53732190
1$
#53751000
1#
#53752520
0$
#53772850
10
01
b10100 /
1$
#53792000
00
0#
#53793180
0$
#53813510
1$
#53833000
10
1#
#53833840
0$
#53854170
1!
17
11
b10101 /
1$
#53874000
0#
#53874500
0$
#53894830
1$
#53915000
1#
#53915160
0$
#53935490
00
01
b10110 /
1$
#53955820
0$
#53956000
10
0#
#53976150
1$
#53996480
0$
#53997000
00
1#
#54016810
0!
07
11
b10111 /
1$
#54037140
0$
#54038000
0#
#54057470
1$
#54077800
0$
#54079000
1#
#54098130
10
01
b11000 /
1$
#54118460
0$
#54120000
00
0#
#54138790
1$
#54159120
0$
#54161000
10
1#
#54179450
1!
17
11
b11001 /
1$
#54199780
0$
#54202000
0#
#54220110
1$
#54240440
0$
#54243000
1#
#54260770
00
01
b11010 /
1$
#54281100
0$
#54284000
10
0#
#54301430
1$
#54321760
0$
#54325000
00
1#
#54342090
0!
07
11
b11011 /
1$
#54362420
0$
#54366000
0#
#54382750
1$
#54403080
0$
#54407000
1#
#54423410
10
01
b11100 /
1$
#54443740
0$
#54448000
00
0#
#54464070
1$
#54484400
0$
#54489000
10
1#
#54504730
00
1!
17
11
b11101 /
b1 3
1$
#54525060
0$
#54530000
10
0#
#54545390
1$
#54565720
0$
#54571000
00
1#
#54586050
10
0!
07
01
b11110 /
1$
#54606380
0$
#54612000
00
0#
#54626710
1$
#54647040
0$
#54653000
10
1#
#54667370
1!
17
11
b11111 /
1$
#54687700
0$
#54694000
0#
#54708030
1$
#54728360
0$
#54735000
1#
#54748690
00
01
b100000 /
1$
#54769020
0$
#54776000
10
0#
#54789350
1$
#54809680
0$
#54817000
00
1#
#54830010
0!
07
11
b100001 /
1$
#54850340
0$
#54858000
0#
#54870670
1$
#54891000
0$
#54899000
1#
#54911330
10
01
b100010 /
1$
#54931660
0$
#54940000
00
0#
#54951990
1$
#54972320
0$
#54981000
10
1#
#54992650
1!
17
11
b100011 /
1$
#55012980
0$
#55022000
0#
#55033310
1$
#55053640
0$
#55063000
1#
#55073970
00
01
b100100 /
1$
#55094300
0$
#55104000
10
0#
#55114630
1$
#55134960
0$
#55145000
00
1#
#55155290
10
0!
07
11
b100101 /
b10 3
1$
#55175620
0$
#55186000
00
0#
#55195950
1$
#55216280
0$
#55227000
10
1#
#55236610
00
1!
17
01
b100110 /
1$
#55256940
0$
#55268000
10
0#
#55277270
1$
#55297600
0$
#55309000
00
1#
#55317930
0!
07
11
b100111 /
1$
#55338260
0$
#55350000
0#
#55358590
1$
#55378920
0$
#55391000
1#
#55399250
10
01
b101000 /
1$
#55419580
0$
#55432000
00
0#
#55439910
1$
#55460240
0$
#55473000
10
1#
#55480570
1!
17
11
b101001 /
1$
#55500900
0$
#55514000
0#
#55521230
1$
#55541560
0$
#55555000
1#
#55561890
00
01
b101010 /
1$
#55582220
0$
#55596000
10
0#
#55602550
1$
#55622880
0$
#55637000
00
1#
#55643210
0!
07
11
b101011 /
1$
#55663540
0$
#55678000
0#
#55683870
1$
#55704200
0$
#55719000
1#
#55724530
10
01
b101100 /
1$
#55744860
0$
#55760000
00
0#
#55765190
1$
#55785520
0$
#55801000
10
1#
#55805850
00
1!
17
11
b101101 /
b11 3
1$
#55826180
0$
#55842000
10
0#
#55846510
1$
#55866840
0$
#55883000
00
1#
#55887170
10
0!
07
01
b101110 /
1$
#55907500
0$
#55924000
00
0#
#55927830
1$
#55948160
0$
#55965000
10
1#
#55968490
1!
17
11
b101111 /
1$
#55988820
0$
#56006000
0#
#56009150
1$
#56029480
0$
#56047000
1#
#56049810
00
01
b110000 /
1$
#56070140
0$
#56088000
10
0#
#56090470
1$
#56110800
0$
#56129000
00
1#
#56131130
0!
07
11
b110001 /
1$
#56151460
0$
#56170000
0#
#56171790
1$
#56192120
0$
#56211000
1#
#56212450
10
01
b110010 /
1$
#56232780
0$
#56252000
00
0#
#56253110
1$
#56273440
0$
#56293000
10
1#
#56293770
1!
17
11
b110011 /
1$
#56314100
0$
#56334000
0#
#56334430
1$
#56354760
0$
#56375000
1#
#56375090
00
01
b110100 /
1$
#56395420
0$
#56415750
10
b100 3
b110101 /
11
0!
07
1$
#56416000
00
0#
#56436080
0$
#56456410
1$
#56457000
10
1#
#56476740
0$
#56497070
00
b110110 /
01
1!
17
1$
#56498000
10
0#
#56517400
0$
#56537730
1$
#56539000
00
1#
#56558060
0$
#56578390
b110111 /
11
0!
07
1$
#56580000
0#
#56598720
0$
#56619050
1$
#56621000
1#
#56639380
0$
#56659710
10
b111000 /
01
1$
#56662000
00
0#
#56680040
0$
#56700370
1$
#56703000
10
1#
#56720700
0$
#56741030
b111001 /
11
1!
17
1$
#56744000
0#
#56761360
0$
#56781690
1$
#56785000
1#
#56802020
0$
#56822350
00
b111010 /
01
1$
#56826000
10
0#
#56842680
0$
#56863010
1$
#56867000
00
1#
#56883340
0$
#56903670
b111011 /
11
0!
07
1$
#56908000
0#
#56924000
0$
#56944330
1$
#56949000
1#
#56964660
0$
#56984990
10
b111100 /
01
1$
#56990000
00
0#
#57005320
0$
#57025650
1$
#57031000
10
1#
#57045980
0$
#57066310
b111101 /
11
1!
17
1$
#57072000
0#
#57086640
0$
#57106970
1$
#57113000
1#
#57127300
0$
#57147630
00
b111110 /
01
1$
#57154000
10
0#
#57167960
0$
#57188290
1$
#57195000
00
1#
#57208620
0$
#57228950
b111111 /
11
0!
07
1$
#57236000
0#
#57249280
0$
#57269610
1$
#57277000
1#
#57289940
0$
#57310270
10
12
b0 /
01
1$
#57318000
00
0#
#57330600
0$
#57350930
b1000111 5
02
b100111 4
b1000100010001000000000000000 *
b1000100010001000 .
b1100 8
1$
#57359000
10
1#
#57371260
0$
#57391590
b0 3
b1 /
11
1!
17
1$
#57400000
0#
#57411920
0$
#57432250
1$
#57441000
1#
#57452580
0$
#57472910
b10 /
01
1$
#57482000
0#
#57493240
0$
#57513570
1$
#57523000
1#
#57533900
0$
#57554230
00
b11 /
11
1$
#57564000
10
0#
#57574560
0$
#57594890
1$
#57605000
00
1#
#57615220
0$
#57635550
b100 /
01
0!
07
1$
#57646000
0#
#57655880
0$
#57676210
1$
#57687000
1#
#57696540
0$
#57716870
10
b101 /
11
1$
#57728000
00
0#
#57737200
0$
#57757530
1$
#57769000
10
1#
#57777860
0$
#57798190
00
b110 /
01
1!
17
1$
#57810000
10
0#
#57818520
0$
#57838850
1$
#57851000
00
1#
#57859180
0$
#57879510
b111 /
11
0!
07
1$
#57892000
0#
#57899840
0$
#57920170
1$
#57933000
1#
#57940500
0$
#57960830
10
b1000 /
01
1$
#57974000
00
0#
#57981160
0$
#58001490
1$
#58015000
10
1#
#58021820
0$
#58042150
b1001 /
11
1!
17
1$
#58056000
0#
#58062480
0$
#58082810
1$
#58097000
1#
#58103140
0$
#58123470
00
b1010 /
01
1$
#58138000
10
0#
#58143800
0$
#58164130
1$
#58179000
00
1#
#58184460
0$
#58204790
b1011 /
11
0!
07
1$
#58220000
0#
#58225120
0$
#58245450
1$
#58261000
1#
#58265780
0$
#58286110
10
b1100 /
01
1$
#58302000
00
0#
#58306440
0$
#58326770
1$
#58343000
10
1#
#58347100
0$
#58367430
b1101 /
11
1!
17
1$
#58384000
0#
#58387760
0$
#58408090
1$
#58425000
1#
#58428420
0$
#58448750
00
b1110 /
01
1$
#58466000
10
0#
#58469080
0$
#58489410
1$
#58507000
00
1#
#58509740
0$
#58530070
b1111 /
11
0!
07
1$
#58548000
0#
#58550400
0$
#58570730
1$
#58589000
1#
#58591060
0$
#58611390
10
b10000 /
01
1$
#58630000
00
0#
#58631720
0$
#58652050
1$
#58671000
10
1#
#58672380
0$
#58692710
b10001 /
11
1!
17
1$
#58712000
0#
#58713040
0$
#58733370
1$
#58753000
1#
#58753700
0$
#58774030
00
b10010 /
01
1$
#58794000
10
0#
#58794360
0$
#58814690
1$
#58835000
00
1#
#58835020
0$
#58855350
b10011 /
11
0!
07
1$
#58875680
0$
#58876000
0#
#58896010
1$
#58916340
0$
#58917000
1#
#58936670
10
b10100 /
01
1$
#58957000
0$
#58958000
00
0#
#58977330
1$
#58997660
0$
#58999000
10
1#
#59017990
b10101 /
11
1!
17
1$
#59038320
0$
#59040000
0#
#59058650
1$
#59078980
0$
#59081000
1#
#59099310
00
b10110 /
01
1$
#59119640
0$
#59122000
10
0#
#59139970
1$
#59160300
0$
#59163000
00
1#
#59180630
b10111 /
11
0!
07
1$
#59200960
0$
#59204000
0#
#59221290
1$
#59241620
0$
#59245000
1#
#59261950
10
b11000 /
01
1$
#59282280
0$
#59286000
00
0#
#59302610
1$
#59322940
0$
#59327000
10
1#
#59343270
b11001 /
11
1!
17
1$
#59363600
0$
#59368000
0#
#59383930
1$
#59404260
0$
#59409000
1#
#59424590
00
b11010 /
01
1$
#59444920
0$
#59450000
10
0#
#59465250
1$
#59485580
0$
#59491000
00
1#
#59505910
b11011 /
11
0!
07
1$
#59526240
0$
#59532000
0#
#59546570
1$
#59566900
0$
#59573000
1#
#59587230
10
b11100 /
01
1$
#59607560
0$
#59614000
00
0#
#59627890
1$
#59648220
0$
#59655000
10
1#
#59668550
b11101 /
11
1!
17
1$
#59688880
0$
#59696000
0#
#59709210
1$
#59729540
0$
#59737000
1#
#59749870
00
b11110 /
01
1$
#59770200
0$
#59778000
10
0#
#59790530
1$
#59810860
0$
#59819000
00
1#
#59831190
10
b1 3
b11111 /
11
0!
07
1$
#59851520
0$
#59860000
00
0#
#59871850
1$
#59892180
0$
#59901000
10
1#
#59912510
00
b100000 /
01
1!
17
1$
#59932840
0$
#59942000
10
0#
#59953170
1$
#59973500
0$
#59983000
00
1#
#59993830
b100001 /
11
0!
07
1$
#60014160
0$
#60024000
0#
#60034490
1$
#60054820
0$
#60065000
1#
#60075150
10
b100010 /
01
1$
#60095480
0$
#60106000
00
0#
#60115810
1$
#60136140
0$
#60147000
10
1#
#60156470
b100011 /
11
1!
17
1$
#60176800
0$
#60188000
0#
#60197130
1$
#60217460
0$
#60229000
1#
#60237790
00
b100100 /
01
1$
#60258120
0$
#60270000
10
0#
#60278450
1$
#60298780
0$
#60311000
00
1#
#60319110
b100101 /
11
0!
07
1$
#60339440
0$
#60352000
0#
#60359770
1$
#60380100
0$
#60393000
1#
#60400430
10
b100110 /
01
1$
#60420760
0$
#60434000
00
0#
#60441090
1$
#60461420
0$
#60475000
10
1#
#60481750
00
b10 3
b100111 /
11
1!
17
1$
#60502080
0$
#60516000
10
0#
#60522410
1$
#60542740
0$
#60557000
00
1#
#60563070
10
b101000 /
01
0!
07
1$
#60583400
0$
#60598000
00
0#
#60603730
1$
#60624060
0$
#60639000
10
1#
#60644390
b101001 /
11
1!
17
1$
#60664720
0$
#60680000
0#
#60685050
1$
#60705380
0$
#60721000
1#
#60725710
00
b101010 /
01
1$
#60746040
0$
#60762000
10
0#
#60766370
1$
#60786700
0$
#60803000
00
1#
#60807030
b101011 /
11
0!
07
1$
#60827360
0$
#60844000
0#
#60847690
1$
#60868020
0$
#60885000
1#
#60888350
10
b101100 /
01
1$
#60908680
0$
#60926000
00
0#
#60929010
1$
#60949340
0$
#60967000
10
1#
#60969670
b101101 /
11
1!
17
1$
#60990000
0$
#61008000
0#
#61010330
1$
#61030660
0$
#61049000
1#
#61050990
00
b101110 /
01
1$
#61071320
0$
#61090000
10
0#
#61091650
1$
#61111980
0$
#61131000
00
1#
#61132310
10
b11 3
b101111 /
11
0!
07
1$
#61152640
0$
#61172000
00
0#
#61172970
1$
#61193300
0$
#61213000
10
1#
#61213630
00
b110000 /
01
1!
17
1$
#61233960
0$
#61254000
10
0#
#61254290
1$
#61274620
0$
#61294950
1$
#61295000
00
1#
#61315280
0$
#61335610
0!
07
11
b110001 /
1$
#61336000
0#
#61355940
0$
#61376270
1$
#61377000
1#
#61396600
0$
#61416930
10
01
b110010 /
1$
#61418000
00
0#
#61437260
0$
#61457590
1$
#61459000
10
1#
#61477920
0$
#61498250
1!
17
11
b110011 /
1$
#61500000
0#
#61518580
0$
#61538910
1$
#61541000
1#
#61559240
0$
#61579570
00
01
b110100 /
1$
#61582000
10
0#
#61599900
0$
#61620230
1$
#61623000
00
1#
#61640560
0$
#61660890
0!
07
11
b110101 /
1$
#61664000
0#
#61681220
0$
#61701550
1$
#61705000
1#
#61721880
0$
#61742210
10
01
b110110 /
1$
#61746000
00
0#
#61762540
0$
#61782870
1$
#61787000
10
1#
#61803200
0$
#61823530
00
1!
17
11
b110111 /
b100 3
1$
#61828000
10
0#
#61843860
0$
#61864190
1$
#61869000
00
1#
#61884520
0$
#61904850
10
0!
07
01
b111000 /
1$
#61910000
00
0#
#61925180
0$
#61945510
1$
#61951000
10
1#
#61965840
0$
#61986170
1!
17
11
b111001 /
1$
#61992000
0#
#62006500
0$
#62026830
1$
#62033000
1#
#62047160
0$
#62067490
00
01
b111010 /
1$
#62074000
10
0#
#62087820
0$
#62108150
1$
#62115000
00
1#
#62128480
0$
#62148810
0!
07
11
b111011 /
1$
#62156000
0#
#62169140
0$
#62189470
1$
#62197000
1#
#62209800
0$
#62230130
10
01
b111100 /
1$
#62238000
00
0#
#62250460
0$
#62270790
1$
#62279000
10
1#
#62291120
0$
#62311450
1!
17
11
b111101 /
1$
#62320000
0#
#62331780
0$
#62352110
1$
#62361000
1#
#62372440
0$
#62392770
00
01
b111110 /
1$
#62402000
10
0#
#62413100
0$
#62433430
1$
#62443000
00
1#
#62453760
0$
#62474090
0!
07
11
b111111 /
1$
#62484000
0#
#62494420
0$
#62514750
1$
#62525000
1#
#62535080
0$
#62555410
10
01
12
b0 /
1$
#62566000
00
0#
#62575740
0$
#62596070
b100111 5
b1101 8
1"
b1010101010101010 6
b101010101010101000000000000 *
b101010101010101 .
b1000111 4
02
1$
#62607000
10
1#
#62616400
0$
#62636730
1!
17
11
b1 /
b0 3
0"
b11001100110011000110011001100110 (
b11001100110011000110011001100110 )
b1110111011101110 &
b111011101110111 %
1$
#62648000
0#
#62657060
0$
#62677390
1$
#62689000
1#
#62697720
0$
#62718050
01
b10 /
1$
#62730000
0#
#62738380
0$
#62758710
1$
#62771000
1#
#62779040
0$
#62799370
00
11
b11 /
1$
#62812000
10
0#
#62819700
0$
#62840030
1$
#62853000
00
1#
#62860360
0$
#62880690
0!
07
01
b100 /
1$
#62894000
0#
#62901020
0$
#62921350
1$
#62935000
1#
#62941680
0$
#62962010
11
b101 /
1$
#62976000
0#
#62982340
0$
#63002670
1$
#63017000
1#
#63023000
0$
#63043330
10
01
b110 /
1$
#63058000
00
0#
#63063660
0$
#63083990
1$
#63099000
10
1#
#63104320
0$
#63124650
00
1!
17
11
b111 /
1$
#63140000
10
0#
#63144980
0$
#63165310
1$
#63181000
00
1#
#63185640
0$
#63205970
10
0!
07
01
b1000 /
1$
#63222000
00
0#
#63226300
0$
#63246630
1$
#63263000
10
1#
#63266960
0$
#63287290
1!
17
11
b1001 /
1$
#63304000
0#
#63307620
0$
#63327950
1$
#63345000
1#
#63348280
0$
#63368610
00
01
b1010 /
1$
#63386000
10
0#
#63388940
0$
#63409270
1$
#63427000
00
1#
#63429600
0$
#63449930
0!
07
11
b1011 /
1$
#63468000
0#
#63470260
0$
#63490590
1$
#63509000
1#
#63510920
0$
#63531250
10
01
b1100 /
1$
#63550000
00
0#
#63551580
0$
#63571910
1$
#63591000
10
1#
#63592240
0$
#63612570
1!
17
11
b1101 /
1$
#63632000
0#
#63632900
0$
#63653230
1$
#63673000
1#
#63673560
0$
#63693890
00
01
b1110 /
1$
#63714000
10
0#
#63714220
0$
#63734550
1$
#63754880
0$
#63755000
00
1#
#63775210
0!
07
11
b1111 /
1$
#63795540
0$
#63796000
0#
#63815870
1$
#63836200
0$
#63837000
1#
#63856530
10
01
b10000 /
1$
#63876860
0$
#63878000
00
0#
#63897190
1$
#63917520
0$
#63919000
10
1#
#63937850
1!
17
11
b10001 /
1$
#63958180
0$
#63960000
0#
#63978510
1$
#63998840
0$
#64001000
1#
#64019170
00
01
b10010 /
1$
#64039500
0$
#64042000
10
0#
#64059830
1$
#64080160
0$
#64083000
00
1#
#64100490
0!
07
11
b10011 /
1$
#64120820
0$
#64124000
0#
#64141150
1$
#64161480
0$
#64165000
1#
#64181810
10
01
b10100 /
1$
#64202140
0$
#64206000
00
0#
#64222470
1$
#64242800
0$
#64247000
10
1#
#64263130
1!
17
11
b10101 /
1$
#64283460
0$
#64288000
0#
#64303790
1$
#64324120
0$
#64329000
1#
#64344450
00
01
b10110 /
1$
#64364780
0$
#64370000
10
0#
#64385110
1$
#64405440
0$
#64411000
00
1#
#64425770
0!
07
11
b10111 /
1$
#64446100
0$
#64452000
0#
#64466430
1$
#64486760
0$
#64493000
1#
#64507090
10
01
b11000 /
1$
#64527420
0$
#64534000
00
0#
#64547750
1$
#64568080
0$
#64575000
10
1#
#64588410
00
1!
17
11
b11001 /
b1 3
1$
#64608740
0$
#64616000
10
0#
#64629070
1$
#64649400
0$
#64657000
00
1#
#64669730
10
0!
07
01
b11010 /
1$
#64690060
0$
#64698000
00
0#
#64710390
1$
#64730720
0$
#64739000
10
1#
#64751050
1!
17
11
b11011 /
1$
#64771380
0$
#64780000
0#
#64791710
1$
#64812040
0$
#64821000
1#
#64832370
00
01
b11100 /
1$
#64852700
0$
#64862000
10
0#
#64873030
1$
#64893360
0$
#64903000
00
1#
#64913690
10
0!
07
11
b11101 /
b10 3
1$
#64934020
0$
#64944000
00
0#
#64954350
1$
#64974680
0$
#64985000
10
1#
#64995010
00
1!
17
01
b11110 /
1$
#65015340
0$
#65026000
10
0#
#65035670
1$
#65056000
0$
#65067000
00
1#
#65076330
0!
07
11
b11111 /
1$
#65096660
0$
#65108000
0#
#65116990
1$
#65137320
0$
#65149000
1#
#65157650
10
01
b100000 /
1$
#65177980
0$
#65190000
00
0#
#65198310
1$
#65218640
0$
#65231000
10
1#
#65238970
00
1!
17
11
b100001 /
b11 3
1$
#65259300
0$
#65272000
10
0#
#65279630
1$
#65299960
0$
#65313000
00
1#
#65320290
10
0!
07
01
b100010 /
1$
#65340620
0$
#65354000
00
0#
#65360950
1$
#65381280
0$
#65395000
10
1#
#65401610
1!
17
11
b100011 /
1$
#65421940
0$
#65436000
0#
#65442270
1$
#65462600
0$
#65477000
1#
#65482930
00
01
b100100 /
1$
#65503260
0$
#65518000
10
0#
#65523590
1$
#65543920
0$
#65559000
00
1#
#65564250
10
0!
07
11
b100101 /
b100 3
1$
#65584580
0$
#65600000
00
0#
#65604910
1$
#65625240
0$
#65641000
10
1#
#65645570
00
1!
17
01
b100110 /
1$
#65665900
0$
#65682000
10
0#
#65686230
1$
#65706560
0$
#65723000
00
1#
#65726890
0!
07
11
b100111 /
1$
#65747220
0$
#65764000
0#
#65767550
1$
#65787880
0$
#65805000
1#
#65808210
10
01
b101000 /
1$
#65828540
0$
#65846000
00
0#
#65848870
1$
#65869200
0$
#65887000
10
1#
#65889530
00
1!
17
11
b101001 /
b101 3
1$
#65909860
0$
#65928000
10
0#
#65930190
1$
#65950520
0$
#65969000
00
1#
#65970850
10
0!
07
01
b101010 /
1$
#65991180
0$
#66010000
00
0#
#66011510
1$
#66031840
0$
#66051000
10
1#
#66052170
1!
17
11
b101011 /
1$
#66072500
0$
#66092000
0#
#66092830
1$
#66113160
0$
#66133000
1#
#66133490
00
01
b101100 /
1$
#66153820
0$
#66174000
10
0#
#66174150
1$
#66194480
0$
#66214810
1$
#66215000
00
1#
#66235140
0$
#66255470
10
b110 3
b101101 /
11
0!
07
1$
#66256000
00
0#
#66275800
0$
#66296130
1$
#66297000
10
1#
#66316460
0$
#66336790
00
b101110 /
01
1!
17
1$
#66338000
10
0#
#66357120
0$
#66377450
1$
#66379000
00
1#
#66397780
0$
#66418110
b101111 /
11
0!
07
1$
#66420000
0#
#66438440
0$
#66458770
1$
#66461000
1#
#66479100
0$
#66499430
10
b110000 /
01
1$
#66502000
00
0#
#66519760
0$
#66540090
1$
#66543000
10
1#
#66560420
0$
#66580750
00
b111 3
b110001 /
11
1!
17
1$
#66584000
10
0#
#66601080
0$
#66621410
1$
#66625000
00
1#
#66641740
0$
#66662070
10
b110010 /
01
0!
07
1$
#66666000
00
0#
#66682400
0$
#66702730
1$
#66707000
10
1#
#66723060
0$
#66743390
b110011 /
11
1!
17
1$
#66748000
0#
#66763720
0$
#66784050
1$
#66789000
1#
#66804380
0$
#66824710
00
b110100 /
01
1$
#66830000
10
0#
#66845040
0$
#66865370
1$
#66871000
00
1#
#66885700
0$
#66906030
10
b1000 3
b110101 /
11
0!
07
1$
#66912000
00
0#
#66926360
0$
#66946690
1$
#66953000
10
1#
#66967020
0$
#66987350
00
b110110 /
01
1!
17
1$
#66994000
10
0#
#67007680
0$
#67028010
1$
#67035000
00
1#
#67048340
0$
#67068670
b110111 /
11
0!
07
1$
#67076000
0#
#67089000
0$
#67109330
1$
#67117000
1#
#67129660
0$
#67149990
10
b111000 /
01
1$
#67158000
00
0#
#67170320
0$
#67190650
1$
#67199000
10
1#
#67210980
0$
#67231310
b111001 /
11
1!
17
1$
#67240000
0#
#67251640
0$
#67271970
1$
#67281000
1#
#67292300
0$
#67312630
00
b111010 /
01
1$
#67322000
10
0#
#67332960
0$
#67353290
1$
#67363000
00
1#
#67373620
0$
#67393950
b111011 /
11
0!
07
1$
#67404000
0#
#67414280
0$
#67434610
1$
#67445000
1#
#67454940
0$
#67475270
10
b111100 /
01
1$
#67486000
00
0#
#67495600
0$
#67515930
1$
#67527000
10
1#
#67536260
0$
#67556590
b111101 /
11
1!
17
1$
#67568000
0#
#67576920
0$
#67597250
1$
#67609000
1#
#67617580
0$
#67637910
00
b111110 /
01
1$
#67650000
10
0#
#67658240
0$
#67678570
1$
#67691000
00
1#
#67698900
0$
#67719230
b111111 /
11
0!
07
1$
#67732000
0#
#67739560
0$
#67759890
1$
#67773000
1#
#67780220
0$
#67800550
10
12
b0 /
01
1$
#67814000
00
0#
#67820880
0$
#67841210
b1000111 5
02
b100111 4
b1010101010101010000000000000 *
b1010101010101010 .
b1110 8
1$
#67855000
10
1#
#67861540
0$
#67881870
b0 3
b1 /
11
1!
17
1$
#67896000
0#
#67902200
0$
#67922530
1$
#67937000
1#
#67942860
0$
#67963190
b10 /
01
1$
#67978000
0#
#67983520
0$
#68003850
1$
#68019000
1#
#68024180
0$
#68044510
00
b11 /
11
1$
#68060000
10
0#
#68064840
0$
#68085170
1$
#68101000
00
1#
#68105500
0$
#68125830
b100 /
01
0!
07
1$
#68142000
0#
#68146160
0$
#68166490
1$
#68183000
1#
#68186820
0$
#68207150
10
b101 /
11
1$
#68224000
00
0#
#68227480
0$
#68247810
1$
#68265000
10
1#
#68268140
0$
#68288470
00
b110 /
01
1!
17
1$
#68306000
10
0#
#68308800
0$
#68329130
1$
#68347000
00
1#
#68349460
0$
#68369790
b111 /
11
0!
07
1$
#68388000
0#
#68390120
0$
#68410450
1$
#68429000
1#
#68430780
0$
#68451110
10
b1000 /
01
1$
#68470000
00
0#
#68471440
0$
#68491770
1$
#68511000
10
1#
#68512100
0$
#68532430
b1001 /
11
1!
17
1$
#68552000
0#
#68552760
0$
#68573090
1$
#68593000
1#
#68593420
0$
#68613750
00
b1010 /
01
1$
#68634000
10
0#
#68634080
0$
#68654410
1$
#68674740
0$
#68675000
00
1#
#68695070
b1011 /
11
0!
07
1$
#68715400
0$
#68716000
0#
#68735730
1$
#68756060
0$
#68757000
1#
#68776390
10
b1100 /
01
1$
#68796720
0$
#68798000
00
0#
#68817050
1$
#68837380
0$
#68839000
10
1#
#68857710
b1101 /
11
1!
17
1$
#68878040
0$
#68880000
0#
#68898370
1$
#68918700
0$
#68921000
1#
#68939030
00
b1110 /
01
1$
#68959360
0$
#68962000
10
0#
#68979690
1$
#69000020
0$
#69003000
00
1#
#69020350
b1111 /
11
0!
07
1$
#69040680
0$
#69044000
0#
#69061010
1$
#69081340
0$
#69085000
1#
#69101670
10
b10000 /
01
1$
#69122000
0$
#69126000
00
0#
#69142330
1$
#69162660
0$
#69167000
10
1#
#69182990
b10001 /
11
1!
17
1$
#69203320
0$
#69208000
0#
#69223650
1$
#69243980
0$
#69249000
1#
#69264310
00
b10010 /
01
1$
#69284640
0$
#69290000
10
0#
#69304970
1$
#69325300
0$
#69331000
00
1#
#69345630
b10011 /
11
0!
07
1$
#69365960
0$
#69372000
0#
#69386290
1$
#69406620
0$
#69413000
1#
#69426950
10
b10100 /
01
1$
#69447280
0$
#69454000
00
0#
#69467610
1$
#69487940
0$
#69495000
10
1#
#69508270
b10101 /
11
1!
17
1$
#69528600
0$
#69536000
0#
#69548930
1$
#69569260
0$
#69577000
1#
#69589590
00
b10110 /
01
1$
#69609920
0$
#69618000
10
0#
#69630250
1$
#69650580
0$
#69659000
00
1#
#69670910
b10111 /
11
0!
07
1$
#69691240
0$
#69700000
0#
#69711570
1$
#69731900
0$
#69741000
1#
#69752230
10
b11000 /
01
1$
#69772560
0$
#69782000
00
0#
#69792890
1$
#69813220
0$
#69823000
10
1#
#69833550
b11001 /
11
1!
17
1$
#69853880
0$
#69864000
0#
#69874210
1$
#69894540
0$
#69905000
1#
#69914870
00
b11010 /
01
1$
#69935200
0$
#69946000
10
0#
#69955530
1$
#69975860
0$
#69987000
00
1#
#69996190
10
b1 3
b11011 /
11
0!
07
1$
#70016520
0$
#70028000
00
0#
#70036850
1$
#70057180
0$
#70069000
10
1#
#70077510
00
b11100 /
01
1!
17
1$
#70097840
0$
#70110000
10
0#
#70118170
1$
#70138500
0$
#70151000
00
1#
#70158830
b11101 /
11
0!
07
1$
#70179160
0$
#70192000
0#
#70199490
1$
#70219820
0$
#70233000
1#
#70240150
10
b11110 /
01
1$
#70260480
0$
#70274000
00
0#
#70280810
1$
#70301140
0$
#70315000
10
1#
#70321470
00
b10 3
b11111 /
11
1!
17
1$
#70341800
0$
#70356000
10
0#
#70362130
1$
#70382460
0$
#70397000
00
1#
#70402790
10
b100000 /
01
0!
07
1$
#70423120
0$
#70438000
00
0#
#70443450
1$
#70463780
0$
#70479000
10
1#
#70484110
b100001 /
11
1!
17
1$
#70504440
0$
#70520000
0#
#70524770
1$
#70545100
0$
#70561000
1#
#70565430
00
b100010 /
01
1$
#70585760
0$
#70602000
10
0#
#70606090
1$
#70626420
0$
#70643000
00
1#
#70646750
10
b11 3
b100011 /
11
0!
07
1$
#70667080
0$
#70684000
00
0#
#70687410
1$
#70707740
0$
#70725000
10
1#
#70728070
00
b100100 /
01
1!
17
1$
#70748400
0$
#70766000
10
0#
#70768730
1$
#70789060
0$
#70807000
00
1#
#70809390
b100101 /
11
0!
07
1$
#70829720
0$
#70848000
0#
#70850050
1$
#70870380
0$
#70889000
1#
#70890710
10
b100110 /
01
1$
#70911040
0$
#70930000
00
0#
#70931370
1$
#70951700
0$
#70971000
10
1#
#70972030
00
b100 3
b100111 /
11
1!
17
1$
#70992360
0$
#71012000
10
0#
#71012690
1$
#71033020
0$
#71053000
00
1#
#71053350
10
b101000 /
01
0!
07
1$
#71073680
0$
#71094000
00
0#
#71094010
1$
#71114340
0$
#71134670
1$
#71135000
10
1#
#71155000
0$
#71175330
1!
17
11
b101001 /
1$
#71176000
0#
#71195660
0$
#71215990
1$
#71217000
1#
#71236320
0$
#71256650
00
01
b101010 /
1$
#71258000
10
0#
#71276980
0$
#71297310
1$
#71299000
00
1#
#71317640
0$
#71337970
10
0!
07
11
b101011 /
b101 3
1$
#71340000
00
0#
#71358300
0$
#71378630
1$
#71381000
10
1#
#71398960
0$
#71419290
00
1!
17
01
b101100 /
1$
#71422000
10
0#
#71439620
0$
#71459950
1$
#71463000
00
1#
#71480280
0$
#71500610
0!
07
11
b101101 /
1$
#71504000
0#
#71520940
0$
#71541270
1$
#71545000
1#
#71561600
0$
#71581930
10
01
b101110 /
1$
#71586000
00
0#
#71602260
0$
#71622590
1$
#71627000
10
1#
#71642920
0$
#71663250
00
1!
17
11
b101111 /
b110 3
1$
#71668000
10
0#
#71683580
0$
#71703910
1$
#71709000
00
1#
#71724240
0$
#71744570
10
0!
07
01
b110000 /
1$
#71750000
00
0#
#71764900
0$
#71785230
1$
#71791000
10
1#
#71805560
0$
#71825890
1!
17
11
b110001 /
1$
#71832000
0#
#71846220
0$
#71866550
1$
#71873000
1#
#71886880
0$
#71907210
00
01
b110010 /
1$
#71914000
10
0#
#71927540
0$
#71947870
1$
#71955000
00
1#
#71968200
0$
#71988530
10
0!
07
11
b110011 /
b111 3
1$
#71996000
00
0#
#72008860
0$
#72029190
1$
#72037000
10
1#
#72049520
0$
#72069850
00
1!
17
01
b110100 /
1$
#72078000
10
0#
#72090180
0$
#72110510
1$
#72119000
00
1#
#72130840
0$
#72151170
0!
07
11
b110101 /
1$
#72160000
0#
#72171500
0$
#72191830
1$
#72201000
1#
#72212160
0$
#72232490
10
01
b110110 /
1$
#72242000
00
0#
#72252820
0$
#72273150
1$
#72283000
10
1#
#72293480
0$
#72313810
00
1!
17
11
b110111 /
b1000 3
1$
#72324000
10
0#
#72334140
0$
#72354470
1$
#72365000
00
1#
#72374800
0$
#72395130
10
0!
07
01
b111000 /
1$
#72406000
00
0#
#72415460
0$
#72435790
1$
#72447000
10
1#
#72456120
0$
#72476450
1!
17
11
b111001 /
1$
#72488000
0#
#72496780
0$
#72517110
1$
#72529000
1#
#72537440
0$
#72557770
00
01
b111010 /
1$
#72570000
10
0#
#72578100
0$
#72598430
1$
#72611000
00
1#
#72618760
0$
#72639090
0!
07
11
b111011 /
1$
#72652000
0#
#72659420
0$
#72679750
1$
#72693000
1#
#72700080
0$
#72720410
10
01
b111100 /
1$
#72734000
00
0#
#72740740
0$
#72761070
1$
#72775000
10
1#
#72781400
0$
#72801730
1!
17
11
b111101 /
1$
#72816000
0#
#72822060
0$
#72842390
1$
#72857000
1#
#72862720
0$
#72883050
00
01
b111110 /
1$
#72898000
10
0#
#72903380
0$
#72923710
1$
#72939000
00
1#
#72944040
0$
#72964370
0!
07
11
b111111 /
1$
#72980000
0#
#72984700
0$
#73005030
1$
#73021000
1#
#73025360
0$
#73045690
10
01
12
b0 /
1$
#73062000
00
0#
#73066020
0$
#73086350
b100111 5
b1111 8
1"
b1100110011001100 6
b110011001100110000000000000 *
b110011001100110 .
b1000111 4
02
1$
#73103000
10
1#
#73106680
0$
#73127010
1!
17
11
b1 /
b0 3
0"
b11101110111011100111011101110111 (
b11101110111011100111011101110111 )
b10001000100010000 &
b1000100010001000 %
1$
#73144000
0#
#73147340
0$
#73167670
1$
#73185000
1#
#73188000
0$
#73208330
01
b10 /
1$
#73226000
0#
#73228660
0$
#73248990
1$
#73267000
1#
#73269320
0$
#73289650
00
11
b11 /
1$
#73308000
10
0#
#73309980
0$
#73330310
1$
#73349000
00
1#
#73350640
0$
#73370970
0!
07
01
b100 /
1$
#73390000
0#
#73391300
0$
#73411630
1$
#73431000
1#
#73431960
0$
#73452290
11
b101 /
1$
#73472000
0#
#73472620
0$
#73492950
1$
#73513000
1#
#73513280
0$
#73533610
10
01
b110 /
1$
#73553940
0$
#73554000
00
0#
#73574270
1$
#73594600
0$
#73595000
10
1#
#73614930
00
1!
17
11
b111 /
1$
#73635260
0$
#73636000
10
0#
#73655590
1$
#73675920
0$
#73677000
00
1#
#73696250
10
0!
07
01
b1000 /
1$
#73716580
0$
#73718000
00
0#
#73736910
1$
#73757240
0$
#73759000
10
1#
#73777570
1!
17
11
b1001 /
1$
#73797900
0$
#73800000
0#
#73818230
1$
#73838560
0$
#73841000
1#
#73858890
00
01
b1010 /
1$
#73879220
0$
#73882000
10
0#
#73899550
1$
#73919880
0$
#73923000
00
1#
#73940210
0!
07
11
b1011 /
1$
#73960540
0$
#73964000
0#
#73980870
1$
#74001200
0$
#74005000
1#
#74021530
10
01
b1100 /
1$
#74041860
0$
#74046000
00
0#
#74062190
1$
#74082520
0$
#74087000
10
1#
#74102850
1!
17
11
b1101 /
1$
#74123180
0$
#74128000
0#
#74143510
1$
#74163840
0$
#74169000
1#
#74184170
00
01
b1110 /
1$
#74204500
0$
#74210000
10
0#
#74224830
1$
#74245160
0$
#74251000
00
1#
#74265490
0!
07
11
b1111 /
1$
#74285820
0$
#74292000
0#
#74306150
1$
#74326480
0$
#74333000
1#
#74346810
10
01
b10000 /
1$
#74367140
0$
#74374000
00
0#
#74387470
1$
#74407800
0$
#74415000
10
1#
#74428130
1!
17
11
b10001 /
1$
#74448460
0$
#74456000
0#
#74468790
1$
#74489120
0$
#74497000
1#
#74509450
00
01
b10010 /
1$
#74529780
0$
#74538000
10
0#
#74550110
1$
#74570440
0$
#74579000
00
1#
#74590770
0!
07
11
b10011 /
1$
#74611100
0$
#74620000
0#
#74631430
1$
#74651760
0$
#74661000
1#
#74672090
10
01
b10100 /
1$
#74692420
0$
#74702000
00
0#
#74712750
1$
#74733080
0$
#74743000
10
1#
#74753410
1!
17
11
b10101 /
1$
#74773740
0$
#74784000
0#
#74794070
1$
#74814400
0$
#74825000
1#
#74834730
00
01
b10110 /
1$
#74855060
0$
#74866000
10
0#
#74875390
1$
#74895720
0$
#74907000
00
1#
#74916050
0!
07
11
b10111 /
1$
#74936380
0$
#74948000
0#
#74956710
1$
#74977040
0$
#74989000
1#
#74997370
10
01
b11000 /
1$
#75017700
0$
#75030000
00
0#
#75038030
1$
#75058360
0$
#75071000
10
1#
#75078690
1!
17
11
b11001 /
1$
#75099020
0$
#75112000
0#
#75119350
1$
#75139680
0$
#75153000
1#
#75160010
00
01
b11010 /
1$
#75180340
0$
#75194000
10
0#
#75200670
1$
#75221000
0$
#75235000
00
1#
#75241330
10
0!
07
11
b11011 /
b1 3
1$
#75261660
0$
#75276000
00
0#
#75281990
1$
#75302320
0$
#75317000
10
1#
#75322650
00
1!
17
01
b11100 /
1$
#75342980
0$
#75358000
10
0#
#75363310
1$
#75383640
0$
#75399000
00
1#
#75403970
10
0!
07
11
b11101 /
b10 3
1$
#75424300
0$
#75440000
00
0#
#75444630
1$
#75464960
0$
#75481000
10
1#
#75485290
00
1!
17
01
b11110 /
1$
#75505620
0$
#75522000
10
0#
#75525950
1$
#75546280
0$
#75563000
00
1#
#75566610
0!
07
11
b11111 /
1$
#75586940
0$
#75604000
0#
#75607270
1$
#75627600
0$
#75645000
1#
#75647930
10
01
b100000 /
1$
#75668260
0$
#75686000
00
0#
#75688590
1$
#75708920
0$
#75727000
10
1#
#75729250
1!
17
11
b100001 /
1$
#75749580
0$
#75768000
0#
#75769910
1$
#75790240
0$
#75809000
1#
#75810570
00
01
b100010 /
1$
#75830900
0$
#75850000
10
0#
#75851230
1$
#75871560
0$
#75891000
00
1#
#75891890
10
0!
07
11
b100011 /
b11 3
1$
#75912220
0$
#75932000
00
0#
#75932550
1$
#75952880
0$
#75973000
10
1#
#75973210
00
1!
17
01
b100100 /
1$
#75993540
0$
#76013870
10
b100 3
b100101 /
11
0!
07
1$
#76014000
00
0#
#76034200
0$
#76054530
1$
#76055000
10
1#
#76074860
0$
#76095190
00
b100110 /
01
1!
17
1$
#76096000
10
0#
#76115520
0$
#76135850
1$
#76137000
00
1#
#76156180
0$
#76176510
b100111 /
11
0!
07
1$
#76178000
0#
#76196840
0$
#76217170
1$
#76219000
1#
#76237500
0$
#76257830
10
b101000 /
01
1$
#76260000
00
0#
#76278160
0$
#76298490
1$
#76301000
10
1#
#76318820
0$
#76339150
b101001 /
11
1!
17
1$
#76342000
0#
#76359480
0$
#76379810
1$
#76383000
1#
#76400140
0$
#76420470
00
b101010 /
01
1$
#76424000
10
0#
#76440800
0$
#76461130
1$
#76465000
00
1#
#76481460
0$
#76501790
10
b101 3
b101011 /
11
0!
07
1$
#76506000
00
0#
#76522120
0$
#76542450
1$
#76547000
10
1#
#76562780
0$
#76583110
00
b101100 /
01
1!
17
1$
#76588000
10
0#
#76603440
0$
#76623770
1$
#76629000
00
1#
#76644100
0$
#76664430
10
b110 3
b101101 /
11
0!
07
1$
#76670000
00
0#
#76684760
0$
#76705090
1$
#76711000
10
1#
#76725420
0$
#76745750
00
b101110 /
01
1!
17
1$
#76752000
10
0#
#76766080
0$
#76786410
1$
#76793000
00
1#
#76806740
0$
#76827070
b101111 /
11
0!
07
1$
#76834000
0#
#76847400
0$
#76867730
1$
#76875000
1#
#76888060
0$
#76908390
10
b110000 /
01
1$
#76916000
00
0#
#76928720
0$
#76949050
1$
#76957000
10
1#
#76969380
0$
#76989710
b110001 /
11
1!
17
1$
#76998000
0#
#77010040
0$
#77030370
1$
#77039000
1#
#77050700
0$
#77071030
00
b110010 /
01
1$
#77080000
10
0#
#77091360
0$
#77111690
1$
#77121000
00
1#
#77132020
0$
#77152350
10
b111 3
b110011 /
11
0!
07
1$
#77162000
00
0#
#77172680
0$
#77193010
1$
#77203000
10
1#
#77213340
0$
#77233670
00
b110100 /
01
1!
17
1$
#77244000
10
0#
#77254000
0$
#77274330
1$
#77285000
00
1#
#77294660
0$
#77314990
10
b1000 3
b110101 /
11
0!
07
1$
#77326000
00
0#
#77335320
0$
#77355650
1$
#77367000
10
1#
#77375980
0$
#77396310
00
b110110 /
01
1!
17
1$
#77408000
10
0#
#77416640
0$
#77436970
1$
#77449000
00
1#
#77457300
0$
#77477630
b110111 /
11
0!
07
1$
#77490000
0#
#77497960
0$
#77518290
1$
#77531000
1#
#77538620
0$
#77558950
10
b111000 /
01
1$
#77572000
00
0#
#77579280
0$
#77599610
1$
#77613000
10
1#
#77619940
0$
#77640270
b111001 /
11
1!
17
1$
#77654000
0#
#77660600
0$
#77680930
1$
#77695000
1#
#77701260
0$
#77721590
00
b111010 /
01
1$
#77736000
10
0#
#77741920
0$
#77762250
1$
#77777000
00
1#
#77782580
0$
#77802910
b111011 /
11
0!
07
1$
#77818000
0#
#77823240
0$
#77843570
1$
#77859000
1#
#77863900
0$
#77884230
10
b111100 /
01
1$
#77900000
00
0#
#77904560
0$
#77924890
1$
#77941000
10
1#
#77945220
0$
#77965550
b111101 /
11
1!
17
1$
#77982000
0#
#77985880
0$
#78006210
1$
#78023000
1#
#78026540
0$
#78046870
00
b111110 /
01
1$
#78064000
10
0#
#78067200
0$
#78087530
1$
#78105000
00
1#
#78107860
0$
#78128190
b111111 /
11
0!
07
1$
#78146000
0#
#78148520
0$
#78168850
1$
#78187000
1#
#78189180
0$
#78209510
10
12
b0 /
01
1$
#78228000
00
0#
#78229840
0$
#78250170
b1000111 5
02
b100111 4
b1100110011001100000000000000 *
b1100110011001100 .
b10000 8
1$
#78269000
10
1#
#78270500
0$
#78290830
b0 3
b1 /
11
1!
17
1$
#78310000
0#
#78311160
0$
#78331490
1$
#78351000
1#
#78351820
0$
#78372150
b10 /
01
1$
#78392000
0#
#78392480
0$
#78412810
1$
#78433000
1#
#78433140
0$
#78453470
00
b11 /
11
1$
#78473800
0$
#78474000
10
0#
#78494130
1$
#78514460
0$
#78515000
00
1#
#78534790
b100 /
01
0!
07
1$
#78555120
0$
#78556000
0#
#78575450
1$
#78595780
0$
#78597000
1#
#78616110
10
b101 /
11
1$
#78636440
0$
#78638000
00
0#
#78656770
1$
#78677100
0$
#78679000
10
1#
#78697430
00
b110 /
01
1!
17
1$
#78717760
0$
#78720000
10
0#
#78738090
1$
#78758420
0$
#78761000
00
1#
#78778750
b111 /
11
0!
07
1$
#78799080
0$
#78802000
0#
#78819410
1$
#78839740
0$
#78843000
1#
#78860070
10
b1000 /
01
1$
#78880400
0$
#78884000
00
0#
#78900730
1$
#78921060
0$
#78925000
10
1#
#78941390
b1001 /
11
1!
17
1$
#78961720
0$
#78966000
0#
#78982050
1$
#79002380
0$
#79007000
1#
#79022710
00
b1010 /
01
1$
#79043040
0$
#79048000
10
0#
#79063370
1$
#79083700
0$
#79089000
00
1#
#79104030
b1011 /
11
0!
07
1$
#79124360
0$
#79130000
0#
#79144690
1$
#79165020
0$
#79171000
1#
#79185350
10
b1100 /
01
1$
#79205680
0$
#79212000
00
0#
#79226010
1$
#79246340
0$
#79253000
10
1#
#79266670
b1101 /
11
1!
17
1$
#79287000
0$
#79294000
0#
#79307330
1$
#79327660
0$
#79335000
1#
#79347990
00
b1110 /
01
1$
#79368320
0$
#79376000
10
0#
#79388650
1$
#79408980
0$
#79417000
00
1#
#79429310
b1111 /
11
0!
07
1$
#79449640
0$
#79458000
0#
#79469970
1$
#79490300
0$
#79499000
1#
#79510630
10
b10000 /
01
1$
#79530960
0$
#79540000
00
0#
#79551290
1$
#79571620
0$
#79581000
10
1#
#79591950
b10001 /
11
1!
17
1$
#79612280
0$
#79622000
0#
#79632610
1$
#79652940
0$
#79663000
1#
#79673270
00
b10010 /
01
1$
#79693600
0$
#79704000
10
0#
#79713930
1$
#79734260
0$
#79745000
00
1#
#79754590
b10011 /
11
0!
07
1$
#79774920
0$
#79786000
0#
#79795250
1$
#79815580
0$
#79827000
1#
#79835910
10
b10100 /
01
1$
#79856240
0$
#79868000
00
0#
#79876570
1$
#79896900
0$
#79909000
10
1#
#79917230
b10101 /
11
1!
17
1$
#79937560
0$
#79950000
0#
#79957890
1$
#79978220
0$
#79991000
1#
#79998550
00
b10110 /
01
1$
#80018880
0$
#80032000
10
0#
#80039210
1$
#80059540
0$
#80073000
00
1#
#80079870
b10111 /
11
0!
07
1$
#80100200
0$
#80114000
0#
#80120530
1$
#80140860
0$
#80155000
1#
#80161190
10
b11000 /
01
1$
#80181520
0$
#80196000
00
0#
#80201850
1$
#80222180
0$
#80237000
10
1#
#80242510
b11001 /
11
1!
17
1$
#80262840
0$
#80278000
0#
#80283170
1$
#80303500
0$
#80319000
1#
#80323830
00
b11010 /
01
1$
#80344160
0$
#80360000
10
0#
#80364490
1$
#80384820
0$
#80401000
00
1#
#80405150
b11011 /
11
0!
07
1$
#80425480
0$
#80442000
0#
#80445810
1$
#80466140
0$
#80483000
1#
#80486470
10
b11100 /
01
1$
#80506800
0$
#80524000
00
0#
#80527130
1$
#80547460
0$
#80565000
10
1#
#80567790
00
b1 3
b11101 /
11
1!
17
1$
#80588120
0$
#80606000
10
0#
#80608450
1$
#80628780
0$
#80647000
00
1#
#80649110
10
b11110 /
01
0!
07
1$
#80669440
0$
#80688000
00
0#
#80689770
1$
#80710100
0$
#80729000
10
1#
#80730430
00
b10 3
b11111 /
11
1!
17
1$
#80750760
0$
#80770000
10
0#
#80771090
1$
#80791420
0$
#80811000
00
1#
#80811750
10
b100000 /
01
0!
07
1$
#80832080
0$
#80852000
00
0#
#80852410
1$
#80872740
0$
#80893000
10
1#
#80893070
b100001 /
11
1!
17
1$
#80913400
0$
#80933730
00
01
b100010 /
1$
#80934000
10
0#
#80954060
0$
#80974390
1$
#80975000
00
1#
#80994720
0$
#81015050
0!
07
11
b100011 /
1$
#81016000
0#
#81035380
0$
#81055710
1$
#81057000
1#
#81076040
0$
#81096370
10
01
b100100 /
1$
#81098000
00
0#
#81116700
0$
#81137030
1$
#81139000
10
1#
#81157360
0$
#81177690
00
1!
17
11
b100101 /
b11 3
1$
#81180000
10
0#
#81198020
0$
#81218350
1$
#81221000
00
1#
#81238680
0$
#81259010
10
0!
07
01
b100110 /
1$
#81262000
00
0#
#81279340
0$
#81299670
1$
#81303000
10
1#
#81320000
0$
#81340330
00
1!
17
11
b100111 /
b100 3
1$
#81344000
10
0#
#81360660
0$
#81380990
1$
#81385000
00
1#
#81401320
0$
#81421650
10
0!
07
01
b101000 /
1$
#81426000
00
0#
#81441980
0$
#81462310
1$
#81467000
10
1#
#81482640
0$
#81502970
1!
17
11
b101001 /
1$
#81508000
0#
#81523300
0$
#81543630
1$
#81549000
1#
#81563960
0$
#81584290
00
01
b101010 /
1$
#81590000
10
0#
#81604620
0$
#81624950
1$
#81631000
00
1#
#81645280
0$
#81665610
0!
07
11
b101011 /
1$
#81672000
0#
#81685940
0$
#81706270
1$
#81713000
1#
#81726600
0$
#81746930
10
01
b101100 /
1$
#81754000
00
0#
#81767260
0$
#81787590
1$
#81795000
10
1#
#81807920
0$
#81828250
00
1!
17
11
b101101 /
b101 3
1$
#81836000
10
0#
#81848580
0$
#81868910
1$
#81877000
00
1#
#81889240
0$
#81909570
10
0!
07
01
b101110 /
1$
#81918000
00
0#
#81929900
0$
#81950230
1$
#81959000
10
1#
#81970560
0$
#81990890
00
1!
17
11
b101111 /
b110 3
1$
#82000000
10
0#
#82011220
0$
#82031550
1$
#82041000
00
1#
#82051880
0$
#82072210
10
0!
07
01
b110000 /
1$
#82082000
00
0#
#82092540
0$
#82112870
1$
#82123000
10
1#
#82133200
0$
#82153530
1!
17
11
b110001 /
1$
#82164000
0#
#82173860
0$
#82194190
1$
#82205000
1#
#82214520
0$
#82234850
00
01
b110010 /
1$
#82246000
10
0#
#82255180
0$
#82275510
1$
#82287000
00
1#
#82295840
0$
#82316170
0!
07
11
b110011 /
1$
#82328000
0#
#82336500
0$
#82356830
1$
#82369000
1#
#82377160
0$
#82397490
10
01
b110100 /
1$
#82410000
00
0#
#82417820
0$
#82438150
1$
#82451000
10
1#
#82458480
0$
#82478810
00
1!
17
11
b110101 /
b111 3
1$
#82492000
10
0#
#82499140
0$
#82519470
1$
#82533000
00
1#
#82539800
0$
#82560130
10
0!
07
01
b110110 /
1$
#82574000
00
0#
#82580460
0$
#82600790
1$
#82615000
10
1#
#82621120
0$
#82641450
00
1!
17
11
b110111 /
b1000 3
1$
#82656000
10
0#
#82661780
0$
#82682110
1$
#82697000
00
1#
#82702440
0$
#82722770
10
0!
07
01
b111000 /
1$
#82738000
00
0#
#82743100
0$
#82763430
1$
#82779000
10
1#
#82783760
0$
#82804090
1!
17
11
b111001 /
1$
#82820000
0#
#82824420
0$
#82844750
1$
#82861000
1#
#82865080
0$
#82885410
00
01
b111010 /
1$
#82902000
10
0#
#82905740
0$
#82926070
1$
#82943000
00
1#
#82946400
0$
#82966730
0!
07
11
b111011 /
1$
#82984000
0#
#82987060
0$
#83007390
1$
#83025000
1#
#83027720
0$
#83048050
10
01
b111100 /
1$
#83066000
00
0#
#83068380
0$
#83088710
1$
#83107000
10
1#
#83109040
0$
#83129370
1!
17
11
b111101 /
1$
#83148000
0#
#83149700
0$
#83170030
1$
#83189000
1#
#83190360
0$
#83210690
00
01
b111110 /
1$
#83230000
10
0#
#83231020
0$
#83251350
1$
#83271000
00
1#
#83271680
0$
#83292010
0!
07
11
b111111 /
1$
#83312000
0#
#83312340
0$
#83332670
1$
#83353000
0$
1#
#83373330
10
01
12
b0 /
1$
#83393660
0$
#83394000
00
0#
#83413990
b100111 5
b10001 8
1"
b1110111011101110 6
b111011101110111000000000000 *
b111011101110111 .
b1000111 4
02
1$
#83434320
0$
#83435000
10
1#
#83454650
1!
17
11
b1 /
b0 3
0"
b10001000100001000100010001000 (
b10001000100001000100010001000 )
b10011001100110010 &
b1001100110011001 %
1$
#83474980
0$
#83476000
0#
#83495310
1$
#83515640
0$
#83517000
1#
#83535970
01
b10 /
1$
#83556300
0$
#83558000
0#
#83576630
1$
#83596960
0$
#83599000
1#
#83617290
00
11
b11 /
1$
#83637620
0$
#83640000
10
0#
#83657950
1$
#83678280
0$
#83681000
00
1#
#83698610
0!
07
01
b100 /
1$
#83718940
0$
#83722000
0#
#83739270
1$
#83759600
0$
#83763000
1#
#83779930
11
b101 /
1$
#83800260
0$
#83804000
0#
#83820590
1$
#83840920
0$
#83845000
1#
#83861250
10
01
b110 /
1$
#83881580
0$
#83886000
00
0#
#83901910
1$
#83922240
0$
#83927000
10
1#
#83942570
00
1!
17
11
b111 /
1$
#83962900
0$
#83968000
10
0#
#83983230
1$
#84003560
0$
#84009000
00
1#
#84023890
10
0!
07
01
b1000 /
1$
#84044220
0$
#84050000
00
0#
#84064550
1$
#84084880
0$
#84091000
10
1#
#84105210
1!
17
11
b1001 /
1$
#84125540
0$
#84132000
0#
#84145870
1$
#84166200
0$
#84173000
1#
#84186530
00
01
b1010 /
1$
#84206860
0$
#84214000
10
0#
#84227190
1$
#84247520
0$
#84255000
00
1#
#84267850
0!
07
11
b1011 /
1$
#84288180
0$
#84296000
0#
#84308510
1$
#84328840
0$
#84337000
1#
#84349170
10
01
b1100 /
1$
#84369500
0$
#84378000
00
0#
#84389830
1$
#84410160
0$
#84419000
10
1#
#84430490
1!
17
11
b1101 /
1$
#84450820
0$
#84460000
0#
#84471150
1$
#84491480
0$
#84501000
1#
#84511810
00
01
b1110 /
1$
#84532140
0$
#84542000
10
0#
#84552470
1$
#84572800
0$
#84583000
00
1#
#84593130
0!
07
11
b1111 /
1$
#84613460
0$
#84624000
0#
#84633790
1$
#84654120
0$
#84665000
1#
#84674450
10
01
b10000 /
1$
#84694780
0$
#84706000
00
0#
#84715110
1$
#84735440
0$
#84747000
10
1#
#84755770
1!
17
11
b10001 /
1$
#84776100
0$
#84788000
0#
#84796430
1$
#84816760
0$
#84829000
1#
#84837090
00
01
b10010 /
1$
#84857420
0$
#84870000
10
0#
#84877750
1$
#84898080
0$
#84911000
00
1#
#84918410
0!
07
11
b10011 /
1$
#84938740
0$
#84952000
0#
#84959070
1$
#84979400
0$
#84993000
1#
#84999730
10
01
b10100 /
1$
#85020060
0$
#85034000
00
0#
#85040390
1$
#85060720
0$
#85075000
10
1#
#85081050
1!
17
11
b10101 /
1$
#85101380
0$
#85116000
0#
#85121710
1$
#85142040
0$
#85157000
1#
#85162370
00
01
b10110 /
1$
#85182700
0$
#85198000
10
0#
#85203030
1$
#85223360
0$
#85239000
00
1#
#85243690
0!
07
11
b10111 /
1$
#85264020
0$
#85280000
0#
#85284350
1$
#85304680
0$
#85321000
1#
#85325010
10
01
b11000 /
1$
#85345340
0$
#85362000
00
0#
#85365670
1$
#85386000
0$
#85403000
10
1#
#85406330
00
1!
17
11
b11001 /
b1 3
1$
#85426660
0$
#85444000
10
0#
#85446990
1$
#85467320
0$
#85485000
00
1#
#85487650
10
0!
07
01
b11010 /
1$
#85507980
0$
#85526000
00
0#
#85528310
1$
#85548640
0$
#85567000
10
1#
#85568970
00
1!
17
11
b11011 /
b10 3
1$
#85589300
0$
#85608000
10
0#
#85609630
1$
#85629960
0$
#85649000
00
1#
#85650290
10
0!
07
01
b11100 /
1$
#85670620
0$
#85690000
00
0#
#85690950
1$
#85711280
0$
#85731000
10
1#
#85731610
00
1!
17
11
b11101 /
b11 3
1$
#85751940
0$
#85772000
10
0#
#85772270
1$
#85792600
0$
#85812930
1$
#85813000
00
1#
#85833260
0$
#85853590
10
b11110 /
01
0!
07
1$
#85854000
00
0#
#85873920
0$
#85894250
1$
#85895000
10
1#
#85914580
0$
#85934910
b11111 /
11
1!
17
1$
#85936000
0#
#85955240
0$
#85975570
1$
#85977000
1#
#85995900
0$
#86016230
00
b100000 /
01
1$
#86018000
10
0#
#86036560
0$
#86056890
1$
#86059000
00
1#
#86077220
0$
#86097550
10
b100 3
b100001 /
11
0!
07
1$
#86100000
00
0#
#86117880
0$
#86138210
1$
#86141000
10
1#
#86158540
0$
#86178870
00
b100010 /
01
1!
17
1$
#86182000
10
0#
#86199200
0$
#86219530
1$
#86223000
00
1#
#86239860
0$
#86260190
10
b101 3
b100011 /
11
0!
07
1$
#86264000
00
0#
#86280520
0$
#86300850
1$
#86305000
10
1#
#86321180
0$
#86341510
00
b100100 /
01
1!
17
1$
#86346000
10
0#
#86361840
0$
#86382170
1$
#86387000
00
1#
#86402500
0$
#86422830
10
b110 3
b100101 /
11
0!
07
1$
#86428000
00
0#
#86443160
0$
#86463490
1$
#86469000
10
1#
#86483820
0$
#86504150
00
b100110 /
01
1!
17
1$
#86510000
10
0#
#86524480
0$
#86544810
1$
#86551000
00
1#
#86565140
0$
#86585470
b100111 /
11
0!
07
1$
#86592000
0#
#86605800
0$
#86626130
1$
#86633000
1#
#86646460
0$
#86666790
10
b101000 /
01
1$
#86674000
00
0#
#86687120
0$
#86707450
1$
#86715000
10
1#
#86727780
0$
#86748110
00
b111 3
b101001 /
11
1!
17
1$
#86756000
10
0#
#86768440
0$
#86788770
1$
#86797000
00
1#
#86809100
0$
#86829430
10
b101010 /
01
0!
07
1$
#86838000
00
0#
#86849760
0$
#86870090
1$
#86879000
10
1#
#86890420
0$
#86910750
00
b1000 3
b101011 /
11
1!
17
1$
#86920000
10
0#
#86931080
0$
#86951410
1$
#86961000
00
1#
#86971740
0$
#86992070
10
b101100 /
01
0!
07
1$
#87002000
00
0#
#87012400
0$
#87032730
1$
#87043000
10
1#
#87053060
0$
#87073390
00
b1001 3
b101101 /
11
1!
17
1$
#87084000
10
0#
#87093720
0$
#87114050
1$
#87125000
00
1#
#87134380
0$
#87154710
10
b101110 /
01
0!
07
1$
#87166000
00
0#
#87175040
0$
#87195370
1$
#87207000
10
1#
#87215700
0$
#87236030
b101111 /
11
1!
17
1$
#87248000
0#
#87256360
0$
#87276690
1$
#87289000
1#
#87297020
0$
#87317350
00
b110000 /
01
1$
#87330000
10
0#
#87337680
0$
#87358010
1$
#87371000
00
1#
#87378340
0$
#87398670
10
b1010 3
b110001 /
11
0!
07
1$
#87412000
00
0#
#87419000
0$
#87439330
1$
#87453000
10
1#
#87459660
0$
#87479990
00
b110010 /
01
1!
17
1$
#87494000
10
0#
#87500320
0$
#87520650
1$
#87535000
00
1#
#87540980
0$
#87561310
10
b1011 3
b110011 /
11
0!
07
1$
#87576000
00
0#
#87581640
0$
#87601970
1$
#87617000
10
1#
#87622300
0$
#87642630
00
b110100 /
01
1!
17
1$
#87658000
10
0#
#87662960
0$
#87683290
1$
#87699000
00
1#
#87703620
0$
#87723950
10
b1100 3
b110101 /
11
0!
07
1$
#87740000
00
0#
#87744280
0$
#87764610
1$
#87781000
10
1#
#87784940
0$
#87805270
00
b110110 /
01
1!
17
1$
#87822000
10
0#
#87825600
0$
#87845930
1$
#87863000
00
1#
#87866260
0$
#87886590
b110111 /
11
0!
07
1$
#87904000
0#
#87906920
0$
#87927250
1$
#87945000
1#
#87947580
0$
#87967910
10
b111000 /
01
1$
#87986000
00
0#
#87988240
0$
#88008570
1$
#88027000
10
1#
#88028900
0$
#88049230
b111001 /
11
1!
17
1$
#88068000
0#
#88069560
0$
#88089890
1$
#88109000
1#
#88110220
0$
#88130550
00
b111010 /
01
1$
#88150000
10
0#
#88150880
0$
#88171210
1$
#88191000
00
1#
#88191540
0$
#88211870
b111011 /
11
0!
07
1$
#88232000
0#
#88232200
0$
#88252530
1$
#88272860
0$
#88273000
1#
#88293190
10
b111100 /
01
1$
#88313520
0$
#88314000
00
0#
#88333850
1$
#88354180
0$
#88355000
10
1#
#88374510
b111101 /
11
1!
17
1$
#88394840
0$
#88396000
0#
#88415170
1$
#88435500
0$
#88437000
1#
#88455830
00
b111110 /
01
1$
#88476160
0$
#88478000
10
0#
#88496490
1$
#88516820
0$
#88519000
00
1#
#88537150
b111111 /
11
0!
07
1$
#88557480
0$
#88560000
0#
#88577810
1$
#88598140
0$
#88601000
1#
#88618470
10
12
b0 /
01
1$
#88638800
0$
#88642000
00
0#
#88659130
b1000111 5
02
b100111 4
b1110111011101110000000000000 *
b1110111011101110 .
b10010 8
1$
#88679460
0$
#88683000
10
1#
#88699790
b0 3
b1 /
11
1!
17
1$
#88720120
0$
#88724000
0#
#88740450
1$
#88760780
0$
#88765000
1#
#88781110
b10 /
01
1$
#88801440
0$
#88806000
0#
#88821770
1$
#88842100
0$
#88847000
1#
#88862430
00
b11 /
11
1$
#88882760
0$
#88888000
10
0#
#88903090
1$
#88923420
0$
#88929000
00
1#
#88943750
b100 /
01
0!
07
1$
#88964080
0$
#88970000
0#
#88984410
1$
#89004740
0$
#89011000
1#
#89025070
10
b101 /
11
1$
#89045400
0$
#89052000
00
0#
#89065730
1$
#89086060
0$
#89093000
10
1#
#89106390
00
b110 /
01
1!
17
1$
#89126720
0$
#89134000
10
0#
#89147050
1$
#89167380
0$
#89175000
00
1#
#89187710
b111 /
11
0!
07
1$
#89208040
0$
#89216000
0#
#89228370
1$
#89248700
0$
#89257000
1#
#89269030
10
b1000 /
01
1$
#89289360
0$
#89298000
00
0#
#89309690
1$
#89330020
0$
#89339000
10
1#
#89350350
b1001 /
11
1!
17
1$
#89370680
0$
#89380000
0#
#89391010
1$
#89411340
0$
#89421000
1#
#89431670
00
b1010 /
01
1$
#89452000
0$
#89462000
10
0#
#89472330
1$
#89492660
0$
#89503000
00
1#
#89512990
b1011 /
11
0!
07
1$
#89533320
0$
#89544000
0#
#89553650
1$
#89573980
0$
#89585000
1#
#89594310
10
b1100 /
01
1$
#89614640
0$
#89626000
00
0#
#89634970
1$
#89655300
0$
#89667000
10
1#
#89675630
b1101 /
11
1!
17
1$
#89695960
0$
#89708000
0#
#89716290
1$
#89736620
0$
#89749000
1#
#89756950
00
b1110 /
01
1$
#89777280
0$
#89790000
10
0#
#89797610
1$
#89817940
0$
#89831000
00
1#
#89838270
b1111 /
11
0!
07
1$
#89858600
0$
#89872000
0#
#89878930
1$
#89899260
0$
#89913000
1#
#89919590
10
b10000 /
01
1$
#89939920
0$
#89954000
00
0#
#89960250
1$
#89980580
0$
#89995000
10
1#
#90000910
b10001 /
11
1!
17
1$
#90021240
0$
#90036000
0#
#90041570
1$
#90061900
0$
#90077000
1#
#90082230
00
b10010 /
01
1$
#90102560
0$
#90118000
10
0#
#90122890
1$
#90143220
0$
#90159000
00
1#
#90163550
b10011 /
11
0!
07
1$
#90183880
0$
#90200000
0#
#90204210
1$
#90224540
0$
#90241000
1#
#90244870
10
b10100 /
01
1$
#90265200
0$
#90282000
00
0#
#90285530
1$
#90305860
0$
#90323000
10
1#
#90326190
b10101 /
11
1!
17
1$
#90346520
0$
#90364000
0#
#90366850
1$
#90387180
0$
#90405000
1#
#90407510
00
b10110 /
01
1$
#90427840
0$
#90446000
10
0#
#90448170
1$
#90468500
0$
#90487000
00
1#
#90488830
b10111 /
11
0!
07
1$
#90509160
0$
#90528000
0#
#90529490
1$
#90549820
0$
#90569000
1#
#90570150
10
b11000 /
01
1$
#90590480
0$
#90610000
00
0#
#90610810
1$
#90631140
0$
#90651000
10
1#
#90651470
b11001 /
11
1!
17
1$
#90671800
0$
#90692000
0#
#90692130
1$
#90712460
0$
#90732790
1$
#90733000
1#
#90753120
0$
#90773450
00
01
b11010 /
1$
#90774000
10
0#
#90793780
0$
#90814110
1$
#90815000
00
1#
#90834440
0$
#90854770
10
0!
07
11
b11011 /
b1 3
1$
#90856000
00
0#
#90875100
0$
#90895430
1$
#90897000
10
1#
#90915760
0$
#90936090
00
1!
17
01
b11100 /
1$
#90938000
10
0#
#90956420
0$
#90976750
1$
#90979000
00
1#
#90997080
0$
#91017410
10
0!
07
11
b11101 /
b10 3
1$
#91020000
00
0#
#91037740
0$
#91058070
1$
#91061000
10
1#
#91078400
0$
#91098730
00
1!
17
01
b11110 /
1$
#91102000
10
0#
#91119060
0$
#91139390
1$
#91143000
00
1#
#91159720
0$
#91180050
10
0!
07
11
b11111 /
b11 3
1$
#91184000
00
0#
#91200380
0$
#91220710
1$
#91225000
10
1#
#91241040
0$
#91261370
00
1!
17
01
b100000 /
1$
#91266000
10
0#
#91281700
0$
#91302030
1$
#91307000
00
1#
#91322360
0$
#91342690
0!
07
11
b100001 /
1$
#91348000
0#
#91363020
0$
#91383350
1$
#91389000
1#
#91403680
0$
#91424010
10
01
b100010 /
1$
#91430000
00
0#
#91444340
0$
#91464670
1$
#91471000
10
1#
#91485000
0$
#91505330
00
1!
17
11
b100011 /
b100 3
1$
#91512000
10
0#
#91525660
0$
#91545990
1$
#91553000
00
1#
#91566320
0$
#91586650
10
0!
07
01
b100100 /
1$
#91594000
00
0#
#91606980
0$
#91627310
1$
#91635000
10
1#
#91647640
0$
#91667970
00
1!
17
11
b100101 /
b101 3
1$
#91676000
10
0#
#91688300
0$
#91708630
1$
#91717000
00
1#
#91728960
0$
#91749290
10
0!
07
01
b100110 /
1$
#91758000
00
0#
#91769620
0$
#91789950
1$
#91799000
10
1#
#91810280
0$
#91830610
00
1!
17
11
b100111 /
b110 3
1$
#91840000
10
0#
#91850940
0$
#91871270
1$
#91881000
00
1#
#91891600
0$
#91911930
10
0!
07
01
b101000 /
1$
#91922000
00
0#
#91932260
0$
#91952590
1$
#91963000
10
1#
#91972920
0$
#91993250
1!
17
11
b101001 /
1$
#92004000
0#
#92013580
0$
#92033910
1$
#92045000
1#
#92054240
0$
#92074570
00
01
b101010 /
1$
#92086000
10
0#
#92094900
0$
#92115230
1$
#92127000
00
1#
#92135560
0$
#92155890
10
0!
07
11
b101011 /
b111 3
1$
#92168000
00
0#
#92176220
0$
#92196550
1$
#92209000
10
1#
#92216880
0$
#92237210
00
1!
17
01
b101100 /
1$
#92250000
10
0#
#92257540
0$
#92277870
1$
#92291000
00
1#
#92298200
0$
#92318530
10
0!
07
11
b101101 /
b1000 3
1$
#92332000
00
0#
#92338860
0$
#92359190
1$
#92373000
10
1#
#92379520
0$
#92399850
00
1!
17
01
b101110 /
1$
#92414000
10
0#
#92420180
0$
#92440510
1$
#92455000
00
1#
#92460840
0$
#92481170
10
0!
07
11
b101111 /
b1001 3
1$
#92496000
00
0#
#92501500
0$
#92521830
1$
#92537000
10
1#
#92542160
0$
#92562490
00
1!
17
01
b110000 /
1$
#92578000
10
0#
#92582820
0$
#92603150
1$
#92619000
00
1#
#92623480
0$
#92643810
0!
07
11
b110001 /
1$
#92660000
0#
#92664140
0$
#92684470
1$
#92701000
1#
#92704800
0$
#92725130
10
01
b110010 /
1$
#92742000
00
0#
#92745460
0$
#92765790
1$
#92783000
10
1#
#92786120
0$
#92806450
00
1!
17
11
b110011 /
b1010 3
1$
#92824000
10
0#
#92826780
0$
#92847110
1$
#92865000
00
1#
#92867440
0$
#92887770
10
0!
07
01
b110100 /
1$
#92906000
00
0#
#92908100
0$
#92928430
1$
#92947000
10
1#
#92948760
0$
#92969090
00
1!
17
11
b110101 /
b1011 3
1$
#92988000
10
0#
#92989420
0$
#93009750
1$
#93029000
00
1#
#93030080
0$
#93050410
10
0!
07
01
b110110 /
1$
#93070000
00
0#
#93070740
0$
#93091070
1$
#93111000
10
1#
#93111400
0$
#93131730
00
1!
17
11
b110111 /
b1100 3
1$
#93152000
10
0#
#93152060
0$
#93172390
1$
#93192720
0$
#93193000
00
1#
#93213050
10
0!
07
01
b111000 /
1$
#93233380
0$
#93234000
00
0#
#93253710
1$
#93274040
0$
#93275000
10
1#
#93294370
1!
17
11
b111001 /
1$
#93314700
0$
#93316000
0#
#93335030
1$
#93355360
0$
#93357000
1#
#93375690
00
01
b111010 /
1$
#93396020
0$
#93398000
10
0#
#93416350
1$
#93436680
0$
#93439000
00
1#
#93457010
0!
07
11
b111011 /
1$
#93477340
0$
#93480000
0#
#93497670
1$
#93518000
0$
#93521000
1#
#93538330
10
01
b111100 /
1$
#93558660
0$
#93562000
00
0#
#93578990
1$
#93599320
0$
#93603000
10
1#
#93619650
1!
17
11
b111101 /
1$
#93639980
0$
#93644000
0#
#93660310
1$
#93680640
0$
#93685000
1#
#93700970
00
01
b111110 /
1$
#93721300
0$
#93726000
10
0#
#93741630
1$
#93761960
0$
#93767000
00
1#
#93782290
0!
07
11
b111111 /
1$
#93802620
0$
#93808000
0#
#93822950
1$
#93843280
0$
#93849000
1#
#93863610
10
01
12
b0 /
1$
#93883940
0$
#93890000
00
0#
#93904270
b100111 5
b10011 8
1"
b1000100010000 6
b1000100010001000000000000000 *
b1000100010001000 .
b1000111 4
02
1$
#93924600
0$
#93931000
10
1#
#93944930
1!
17
11
b1 /
b0 3
0"
b110011001100101001100110011001 (
b110011001100101001100110011001 )
b10101010101010100 &
b1010101010101010 %
1$
#93965260
0$
#93972000
0#
#93985590
1$
#94005920
0$
#94013000
1#
#94026250
01
b10 /
1$
#94046580
0$
#94054000
0#
#94066910
1$
#94087240
0$
#94095000
1#
#94107570
00
11
b11 /
1$
#94127900
0$
#94136000
10
0#
#94148230
1$
#94168560
0$
#94177000
00
1#
#94188890
0!
07
01
b100 /
1$
#94209220
0$
#94218000
0#
#94229550
1$
#94249880
0$
#94259000
1#
#94270210
11
b101 /
1$
#94290540
0$
#94300000
0#
#94310870
1$
#94331200
0$
#94341000
1#
#94351530
10
01
b110 /
1$
#94371860
0$
#94382000
00
0#
#94392190
1$
#94412520
0$
#94423000
10
1#
#94432850
00
1!
17
11
b111 /
1$
#94453180
0$
#94464000
10
0#
#94473510
1$
#94493840
0$
#94505000
00
1#
#94514170
10
0!
07
01
b1000 /
1$
#94534500
0$
#94546000
00
0#
#94554830
1$
#94575160
0$
#94587000
10
1#
#94595490
1!
17
11
b1001 /
1$
#94615820
0$
#94628000
0#
#94636150
1$
#94656480
0$
#94669000
1#
#94676810
00
01
b1010 /
1$
#94697140
0$
#94710000
10
0#
#94717470
1$
#94737800
0$
#94751000
00
1#
#94758130
0!
07
11
b1011 /
1$
#94778460
0$
#94792000
0#
#94798790
1$
#94819120
0$
#94833000
1#
#94839450
10
01
b1100 /
1$
#94859780
0$
#94874000
00
0#
#94880110
1$
#94900440
0$
#94915000
10
1#
#94920770
1!
17
11
b1101 /
1$
#94941100
0$
#94956000
0#
#94961430
1$
#94981760
0$
#94997000
1#
#95002090
00
01
b1110 /
1$
#95022420
0$
#95038000
10
0#
#95042750
1$
#95063080
0$
#95079000
00
1#
#95083410
0!
07
11
b1111 /
1$
#95103740
0$
#95120000
0#
#95124070
1$
#95144400
0$
#95161000
1#
#95164730
10
01
b10000 /
1$
#95185060
0$
#95202000
00
0#
#95205390
1$
#95225720
0$
#95243000
10
1#
#95246050
1!
17
11
b10001 /
1$
#95266380
0$
#95284000
0#
#95286710
1$
#95307040
0$
#95325000
1#
#95327370
00
01
b10010 /
1$
#95347700
0$
#95366000
10
0#
#95368030
1$
#95388360
0$
#95407000
00
1#
#95408690
0!
07
11
b10011 /
1$
#95429020
0$
#95448000
0#
#95449350
1$
#95469680
0$
#95489000
1#
#95490010
10
01
b10100 /
1$
#95510340
0$
#95530000
00
0#
#95530670
1$
#95551000
0$
#95571000
10
1#
#95571330
1!
17
11
b10101 /
1$
#95591660
0$
#95611990
00
b10110 /
01
1$
#95612000
10
0#
#95632320
0$
#95652650
1$
#95653000
00
1#
#95672980
0$
#95693310
b10111 /
11
0!
07
1$
#95694000
0#
#95713640
0$
#95733970
1$
#95735000
1#
#95754300
0$
#95774630
10
b11000 /
01
1$
#95776000
00
0#
#95794960
0$
#95815290
1$
#95817000
10
1#
#95835620
0$
#95855950
b11001 /
11
1!
17
1$
#95858000
0#
#95876280
0$
#95896610
1$
#95899000
1#
#95916940
0$
#95937270
00
b11010 /
01
1$
#95940000
10
0#
#95957600
0$
#95977930
1$
#95981000
00
1#
#95998260
0$
#96018590
b11011 /
11
0!
07
1$
#96022000
0#
#96038920
0$
#96059250
1$
#96063000
1#
#96079580
0$
#96099910
10
b11100 /
01
1$
#96104000
00
0#
#96120240
0$
#96140570
1$
#96145000
10
1#
#96160900
0$
#96181230
b11101 /
11
1!
17
1$
#96186000
0#
#96201560
0$
#96221890
1$
#96227000
1#
#96242220
0$
#96262550
00
b11110 /
01
1$
#96268000
10
0#
#96282880
0$
#96303210
1$
#96309000
00
1#
#96323540
0$
#96343870
10
b1 3
b11111 /
11
0!
07
1$
#96350000
00
0#
#96364200
0$
#96384530
1$
#96391000
10
1#
#96404860
0$
#96425190
00
b100000 /
01
1!
17
1$
#96432000
10
0#
#96445520
0$
#96465850
1$
#96473000
00
1#
#96486180
0$
#96506510
b100001 /
11
0!
07
1$
#96514000
0#
#96526840
0$
#96547170
1$
#96555000
1#
#96567500
0$
#96587830
10
b100010 /
01
1$
#96596000
00
0#
#96608160
0$
#96628490
1$
#96637000
10
1#
#96648820
0$
#96669150
b100011 /
11
1!
17
1$
#96678000
0#
#96689480
0$
#96709810
1$
#96719000
1#
#96730140
0$
#96750470
00
b100100 /
01
1$
#96760000
10
0#
#96770800
0$
#96791130
1$
#96801000
00
1#
#96811460
0$
#96831790
b100101 /
11
0!
07
1$
#96842000
0#
#96852120
0$
#96872450
1$
#96883000
1#
#96892780
0$
#96913110
10
b100110 /
01
1$
#96924000
00
0#
#96933440
0$
#96953770
1$
#96965000
10
1#
#96974100
0$
#96994430
00
b10 3
b100111 /
11
1!
17
1$
#97006000
10
0#
#97014760
0$
#97035090
1$
#97047000
00
1#
#97055420
0$
#97075750
10
b101000 /
01
0!
07
1$
#97088000
00
0#
#97096080
0$
#97116410
1$
#97129000
10
1#
#97136740
0$
#97157070
b101001 /
11
1!
17
1$
#97170000
0#
#97177400
0$
#97197730
1$
#97211000
1#
#97218060
0$
#97238390
00
b101010 /
01
1$
#97252000
10
0#
#97258720
0$
#97279050
1$
#97293000
00
1#
#97299380
0$
#97319710
b101011 /
11
0!
07
1$
#97334000
0#
#97340040
0$
#97360370
1$
#97375000
1#
#97380700
0$
#97401030
10
b101100 /
01
1$
#97416000
00
0#
#97421360
0$
#97441690
1$
#97457000
10
1#
#97462020
0$
#97482350
b101101 /
11
1!
17
1$
#97498000
0#
#97502680
0$
#97523010
1$
#97539000
1#
#97543340
0$
#97563670
00
b101110 /
01
1$
#97580000
10
0#
#97584000
0$
#97604330
1$
#97621000
00
1#
#97624660
0$
#97644990
10
b11 3
b101111 /
11
0!
07
1$
#97662000
00
0#
#97665320
0$
#97685650
1$
#97703000
10
1#
#97705980
0$
#97726310
00
b110000 /
01
1!
17
1$
#97744000
10
0#
#97746640
0$
#97766970
1$
#97785000
00
1#
#97787300
0$
#97807630
b110001 /
11
0!
07
1$
#97826000
0#
#97827960
0$
#97848290
1$
#97867000
1#
#97868620
0$
#97888950
10
b110010 /
01
1$
#97908000
00
0#
#97909280
0$
#97929610
1$
#97949000
10
1#
#97949940
0$
#97970270
b110011 /
11
1!
17
1$
#97990000
0#
#97990600
0$
#98010930
1$
#98031000
1#
#98031260
0$
#98051590
00
b110100 /
01
1$
#98071920
0$
#98072000
10
0#
#98092250
1$
#98112580
0$
#98113000
00
1#
#98132910
b110101 /
11
0!
07
1$
#98153240
0$
#98154000
0#
#98173570
1$
#98193900
0$
#98195000
1#
#98214230
10
b110110 /
01
1$
#98234560
0$
#98236000
00
0#
#98254890
1$
#98275220
0$
#98277000
10
1#
#98295550
00
b100 3
b110111 /
11
1!
17
1$
#98315880
0$
#98318000
10
0#
#98336210
1$
#98356540
0$
#98359000
00
1#
#98376870
10
b111000 /
01
0!
07
1$
#98397200
0$
#98400000
00
0#
#98417530
1$
#98437860
0$
#98441000
10
1#
#98458190
b111001 /
11
1!
17
1$
#98478520
0$
#98482000
0#
#98498850
1$
#98519180
0$
#98523000
1#
#98539510
00
b111010 /
01
1$
#98559840
0$
#98564000
10
0#
#98580170
1$
#98600500
0$
#98605000
00
1#
#98620830
b111011 /
11
0!
07
1$
#98641160
0$
#98646000
0#
#98661490
1$
#98681820
0$
#98687000
1#
#98702150
10
b111100 /
01
1$
#98722480
0$
#98728000
00
0#
#98742810
1$
#98763140
0$
#98769000
10
1#
#98783470
b111101 /
11
1!
17
1$
#98803800
0$
#98810000
0#
#98824130
1$
#98844460
0$
#98851000
1#
#98864790
00
b111110 /
01
1$
#98885120
0$
#98892000
10
0#
#98905450
1$
#98925780
0$
#98933000
00
1#
#98946110
b111111 /
11
0!
07
1$
#98966440
0$
#98974000
0#
#98986770
1$
#99007100
0$
#99015000
1#
#99027430
10
12
b0 /
01
1$
#99047760
0$
#99056000
00
0#
#99068090
b1000111 5
02
b100111 4
b1000100010000000000000000 *
b1000100010000 .
b10100 8
1$
#99088420
0$
#99097000
10
1#
#99108750
b0 3
b1 /
11
1!
17
1$
#99129080
0$
#99138000
0#
#99149410
1$
#99169740
0$
#99179000
1#
#99190070
b10 /
01
1$
#99210400
0$
#99220000
0#
#99230730
1$
#99251060
0$
#99261000
1#
#99271390
00
b11 /
11
1$
#99291720
0$
#99302000
10
0#
#99312050
1$
#99332380
0$
#99343000
00
1#
#99352710
b100 /
01
0!
07
1$
#99373040
0$
#99384000
0#
#99393370
1$
#99413700
0$
#99425000
1#
#99434030
10
b101 /
11
1$
#99454360
0$
#99466000
00
0#
#99474690
1$
#99495020
0$
#99507000
10
1#
#99515350
00
b110 /
01
1!
17
1$
#99535680
0$
#99548000
10
0#
#99556010
1$
#99576340
0$
#99589000
00
1#
#99596670
b111 /
11
0!
07
1$
#99617000
0$
#99630000
0#
#99637330
1$
#99657660
0$
#99671000
1#
#99677990
10
b1000 /
01
1$
#99698320
0$
#99712000
00
0#
#99718650
1$
#99738980
0$
#99753000
10
1#
#99759310
b1001 /
11
1!
17
1$
#99779640
0$
#99794000
0#
#99799970
1$
#99820300
0$
#99835000
1#
#99840630
00
b1010 /
01
1$
#99860960
0$
#99876000
10
0#
#99881290
1$
#99901620
0$
#99917000
00
1#
#99921950
b1011 /
11
0!
07
1$
#99942280
0$
#99958000
0#
#99962610
1$
#99982940
0$
#99999000
1#
#100003270
10
b1100 /
01
1$
#100023600
0$
#100040000
00
0#
#100043930
1$
#100064260
0$
#100081000
10
1#
#100084590
b1101 /
11
1!
17
1$
#100104920
0$
#100122000
0#
#100125250
1$
#100145580
0$
#100163000
1#
#100165910
00
b1110 /
01
1$
#100186240
0$
#100204000
10
0#
#100206570
1$
#100226900
0$
#100245000
00
1#
#100247230
b1111 /
11
0!
07
1$
#100267560
0$
#100286000
0#
#100287890
1$
#100308220
0$
#100327000
1#
#100328550
10
b10000 /
01
1$
#100348880
0$
#100368000
00
0#
#100369210
1$
#100389540
0$
#100409000
10
1#
#100409870
b10001 /
11
1!
17
1$
#100430200
0$
#100450000
0#
#100450530
1$
#100470860
0$
#100491000
1#
#100491190
00
b10010 /
01
1$
#100511520
0$
#100531850
0!
07
11
b10011 /
1$
#100532000
0#
#100552180
0$
#100572510
1$
#100573000
1#
#100592840
0$
#100613170
10
01
b10100 /
1$
#100614000
00
0#
#100633500
0$
#100653830
1$
#100655000
10
1#
#100674160
0$
#100694490
1!
17
11
b10101 /
1$
#100696000
0#
#100714820
0$
#100735150
1$
#100737000
1#
#100755480
0$
#100775810
00
01
b10110 /
1$
#100778000
10
0#
#100796140
0$
#100816470
1$
#100819000
00
1#
#100836800
0$
#100857130
0!
07
11
b10111 /
1$
#100860000
0#
#100877460
0$
#100897790
1$
#100901000
1#
#100918120
0$
#100938450
10
01
b11000 /
1$
#100942000
00
0#
#100958780
0$
#100979110
1$
#100983000
10
1#
#100999440
0$
#101019770
1!
17
11
b11001 /
1$
#101024000
0#
#101040100
0$
#101060430
1$
#101065000
1#
#101080760
0$
#101101090
00
01
b11010 /
1$
#101106000
10
0#
#101121420
0$
#101141750
1$
#101147000
00
1#
#101162080
0$
#101182410
0!
07
11
b11011 /
1$
#101188000
0#
#101202740
0$
#101223070
1$
#101229000
1#
#101243400
0$
#101263730
10
01
b11100 /
1$
#101270000
00
0#
#101284060
0$
#101304390
1$
#101311000
10
1#
#101324720
0$
#101345050
1!
17
11
b11101 /
1$
#101352000
0#
#101365380
0$
#101385710
1$
#101393000
1#
#101406040
0$
#101426370
00
01
b11110 /
1$
#101434000
10
0#
#101446700
0$
#101467030
1$
#101475000
00
1#
#101487360
0$
#101507690
0!
07
11
b11111 /
1$
#101516000
0#
#101528020
0$
#101548350
1$
#101557000
1#
#101568680
0$
#101589010
10
01
b100000 /
1$
#101598000
00
0#
#101609340
0$
#101629670
1$
#101639000
10
1#
#101650000
0$
#101670330
00
1!
17
11
b100001 /
b1 3
1$
#101680000
10
0#
#101690660
0$
#101710990
1$
#101721000
00
1#
#101731320
0$
#101751650
10
0!
07
01
b100010 /
1$
#101762000
00
0#
#101771980
0$
#101792310
1$
#101803000
10
1#
#101812640
0$
#101832970
1!
17
11
b100011 /
1$
#101844000
0#
#101853300
0$
#101873630
1$
#101885000
1#
#101893960
0$
#101914290
00
01
b100100 /
1$
#101926000
10
0#
#101934620
0$
#101954950
1$
#101967000
00
1#
#101975280
0$
#101995610
0!
07
11
b100101 /
1$
#102008000
0#
#102015940
0$
#102036270
1$
#102049000
1#
#102056600
0$
#102076930
10
01
b100110 /
1$
#102090000
00
0#
#102097260
0$
#102117590
1$
#102131000
10
1#
#102137920
0$
#102158250
1!
17
11
b100111 /
1$
#102172000
0#
#102178580
0$
#102198910
1$
#102213000
1#
#102219240
0$
#102239570
00
01
b101000 /
1$
#102254000
10
0#
#102259900
0$
#102280230
1$
#102295000
00
1#
#102300560
0$
#102320890
10
0!
07
11
b101001 /
b10 3
1$
#102336000
00
0#
#102341220
0$
#102361550
1$
#102377000
10
1#
#102381880
0$
#102402210
00
1!
17
01
b101010 /
1$
#102418000
10
0#
#102422540
0$
#102442870
1$
#102459000
00
1#
#102463200
0$
#102483530
0!
07
11
b101011 /
1$
#102500000
0#
#102503860
0$
#102524190
1$
#102541000
1#
#102544520
0$
#102564850
10
01
b101100 /
1$
#102582000
00
0#
#102585180
0$
#102605510
1$
#102623000
10
1#
#102625840
0$
#102646170
1!
17
11
b101101 /
1$
#102664000
0#
#102666500
0$
#102686830
1$
#102705000
1#
#102707160
0$
#102727490
00
01
b101110 /
1$
#102746000
10
0#
#102747820
0$
#102768150
1$
#102787000
00
1#
#102788480
0$
#102808810
0!
07
11
b101111 /
1$
#102828000
0#
#102829140
0$
#102849470
1$
#102869000
1#
#102869800
0$
#102890130
10
01
b110000 /
1$
#102910000
00
0#
#102910460
0$
#102930790
1$
#102951000
10
1#
#102951120
0$
#102971450
00
1!
17
11
b110001 /
b11 3
1$
#102991780
0$
#102992000
10
0#
#103012110
1$
#103032440
0$
#103033000
00
1#
#103052770
10
0!
07
01
b110010 /
1$
#103073100
0$
#103074000
00
0#
#103093430
1$
#103113760
0$
#103115000
10
1#
#103134090
1!
17
11
b110011 /
1$
#103154420
0$
#103156000
0#
#103174750
1$
#103195080
0$
#103197000
1#
#103215410
00
01
b110100 /
1$
#103235740
0$
#103238000
10
0#
#103256070
1$
#103276400
0$
#103279000
00
1#
#103296730
0!
07
11
b110101 /
1$
#103317060
0$
#103320000
0#
#103337390
1$
#103357720
0$
#103361000
1#
#103378050
10
01
b110110 /
1$
#103398380
0$
#103402000
00
0#
#103418710
1$
#103439040
0$
#103443000
10
1#
#103459370
1!
17
11
b110111 /
1$
#103479700
0$
#103484000
0#
#103500030
1$
#103520360
0$
#103525000
1#
#103540690
00
01
b111000 /
1$
#103561020
0$
#103566000
10
0#
#103581350
1$
#103601680
0$
#103607000
00
1#
#103622010
0!
07
11
b111001 /
1$
#103642340
0$
#103648000
0#
#103662670
1$
#103683000
0$
#103689000
1#
#103703330
10
01
b111010 /
1$
#103723660
0$
#103730000
00
0#
#103743990
1$
#103764320
0$
#103771000
10
1#
#103784650
1!
17
11
b111011 /
1$
#103804980
0$
#103812000
0#
#103825310
1$
#103845640
0$
#103853000
1#
#103865970
00
01
b111100 /
1$
#103886300
0$
#103894000
10
0#
#103906630
1$
#103926960
0$
#103935000
00
1#
#103947290
0!
07
11
b111101 /
1$
#103967620
0$
#103976000
0#
#103987950
1$
#104008280
0$
#104017000
1#
#104028610
10
01
b111110 /
1$
#104048940
0$
#104058000
00
0#
#104069270
1$
#104089600
0$
#104099000
10
1#
#104109930
00
1!
17
11
b111111 /
1$
#104130260
0$
#104140000
10
0#
#104150590
1$
#104170920
0$
#104181000
00
1#
#104191250
10
0!
07
01
12
b0 /
1$
#104211580
0$
#104222000
00
0#
#104231910
b100111 5
b10101 8
1"
b11001100110010 6
b1001100110011001000000000000 *
b1001100110011001 .
b1000111 4
02
1$
#104252240
0$
#104263000
10
1#
#104272570
1!
17
11
b1 /
b0 3
0"
b1010101010101001010101010101010 (
b1010101010101001010101010101010 )
b10111011101110110 &
b1011101110111011 %
1$
#104292900
0$
#104304000
0#
#104313230
1$
#104333560
0$
#104345000
1#
#104353890
01
b10 /
1$
#104374220
0$
#104386000
0#
#104394550
1$
#104414880
0$
#104427000
1#
#104435210
00
11
b11 /
1$
#104455540
0$
#104468000
10
0#
#104475870
1$
#104496200
0$
#104509000
00
1#
#104516530
0!
07
01
b100 /
1$
#104536860
0$
#104550000
0#
#104557190
1$
#104577520
0$
#104591000
1#
#104597850
11
b101 /
1$
#104618180
0$
#104632000
0#
#104638510
1$
#104658840
0$
#104673000
1#
#104679170
10
01
b110 /
1$
#104699500
0$
#104714000
00
0#
#104719830
1$
#104740160
0$
#104755000
10
1#
#104760490
00
1!
17
11
b111 /
1$
#104780820
0$
#104796000
10
0#
#104801150
1$
#104821480
0$
#104837000
00
1#
#104841810
10
0!
07
01
b1000 /
1$
#104862140
0$
#104878000
00
0#
#104882470
1$
#104902800
0$
#104919000
10
1#
#104923130
1!
17
11
b1001 /
1$
#104943460
0$
#104960000
0#
#104963790
1$
#104984120
0$
#105001000
1#
#105004450
00
01
b1010 /
1$
#105024780
0$
#105042000
10
0#
#105045110
1$
#105065440
0$
#105083000
00
1#
#105085770
0!
07
11
b1011 /
1$
#105106100
0$
#105124000
0#
#105126430
1$
#105146760
0$
#105165000
1#
#105167090
10
01
b1100 /
1$
#105187420
0$
#105206000
00
0#
#105207750
1$
#105228080
0$
#105247000
10
1#
#105248410
1!
17
11
b1101 /
1$
#105268740
0$
#105288000
0#
#105289070
1$
#105309400
0$
#105329000
1#
#105329730
00
01
b1110 /
1$
#105350060
0$
#105370000
10
0#
#105370390
1$
#105390720
0$
#105411000
00
1#
#105411050
0!
07
11
b1111 /
1$
#105431380
0$
#105451710
10
b10000 /
01
1$
#105452000
00
0#
#105472040
0$
#105492370
1$
#105493000
10
1#
#105512700
0$
#105533030
b10001 /
11
1!
17
1$
#105534000
0#
#105553360
0$
#105573690
1$
#105575000
1#
#105594020
0$
#105614350
00
b10010 /
01
1$
#105616000
10
0#
#105634680
0$
#105655010
1$
#105657000
00
1#
#105675340
0$
#105695670
b10011 /
11
0!
07
1$
#105698000
0#
#105716000
0$
#105736330
1$
#105739000
1#
#105756660
0$
#105776990
10
b10100 /
01
1$
#105780000
00
0#
#105797320
0$
#105817650
1$
#105821000
10
1#
#105837980
0$
#105858310
b10101 /
11
1!
17
1$
#105862000
0#
#105878640
0$
#105898970
1$
#105903000
1#
#105919300
0$
#105939630
00
b10110 /
01
1$
#105944000
10
0#
#105959960
0$
#105980290
1$
#105985000
00
1#
#106000620
0$
#106020950
b10111 /
11
0!
07
1$
#106026000
0#
#106041280
0$
#106061610
1$
#106067000
1#
#106081940
0$
#106102270
10
b11000 /
01
1$
#106108000
00
0#
#106122600
0$
#106142930
1$
#106149000
10
1#
#106163260
0$
#106183590
00
b1 3
b11001 /
11
1!
17
1$
#106190000
10
0#
#106203920
0$
#106224250
1$
#106231000
00
1#
#106244580
0$
#106264910
10
b11010 /
01
0!
07
1$
#106272000
00
0#
#106285240
0$
#106305570
1$
#106313000
10
1#
#106325900
0$
#106346230
b11011 /
11
1!
17
1$
#106354000
0#
#106366560
0$
#106386890
1$
#106395000
1#
#106407220
0$
#106427550
00
b11100 /
01
1$
#106436000
10
0#
#106447880
0$
#106468210
1$
#106477000
00
1#
#106488540
0$
#106508870
b11101 /
11
0!
07
1$
#106518000
0#
#106529200
0$
#106549530
1$
#106559000
1#
#106569860
0$
#106590190
10
b11110 /
01
1$
#106600000
00
0#
#106610520
0$
#106630850
1$
#106641000
10
1#
#106651180
0$
#106671510
00
b10 3
b11111 /
11
1!
17
1$
#106682000
10
0#
#106691840
0$
#106712170
1$
#106723000
00
1#
#106732500
0$
#106752830
10
b100000 /
01
0!
07
1$
#106764000
00
0#
#106773160
0$
#106793490
1$
#106805000
10
1#
#106813820
0$
#106834150
00
b11 3
b100001 /
11
1!
17
1$
#106846000
10
0#
#106854480
0$
#106874810
1$
#106887000
00
1#
#106895140
0$
#106915470
10
b100010 /
01
0!
07
1$
#106928000
00
0#
#106935800
0$
#106956130
1$
#106969000
10
1#
#106976460
0$
#106996790
b100011 /
11
1!
17
1$
#107010000
0#
#107017120
0$
#107037450
1$
#107051000
1#
#107057780
0$
#107078110
00
b100100 /
01
1$
#107092000
10
0#
#107098440
0$
#107118770
1$
#107133000
00
1#
#107139100
0$
#107159430
b100101 /
11
0!
07
1$
#107174000
0#
#107179760
0$
#107200090
1$
#107215000
1#
#107220420
0$
#107240750
10
b100110 /
01
1$
#107256000
00
0#
#107261080
0$
#107281410
1$
#107297000
10
1#
#107301740
0$
#107322070
00
b100 3
b100111 /
11
1!
17
1$
#107338000
10
0#
#107342400
0$
#107362730
1$
#107379000
00
1#
#107383060
0$
#107403390
10
b101000 /
01
0!
07
1$
#107420000
00
0#
#107423720
0$
#107444050
1$
#107461000
10
1#
#107464380
0$
#107484710
00
b101 3
b101001 /
11
1!
17
1$
#107502000
10
0#
#107505040
0$
#107525370
1$
#107543000
00
1#
#107545700
0$
#107566030
10
b101010 /
01
0!
07
1$
#107584000
00
0#
#107586360
0$
#107606690
1$
#107625000
10
1#
#107627020
0$
#107647350
b101011 /
11
1!
17
1$
#107666000
0#
#107667680
0$
#107688010
1$
#107707000
1#
#107708340
0$
#107728670
00
b101100 /
01
1$
#107748000
10
0#
#107749000
0$
#107769330
1$
#107789000
00
1#
#107789660
0$
#107809990
b101101 /
11
0!
07
1$
#107830000
0#
#107830320
0$
#107850650
1$
#107870980
0$
#107871000
1#
#107891310
10
b101110 /
01
1$
#107911640
0$
#107912000
00
0#
#107931970
1$
#107952300
0$
#107953000
10
1#
#107972630
00
b110 3
b101111 /
11
1!
17
1$
#107992960
0$
#107994000
10
0#
#108013290
1$
#108033620
0$
#108035000
00
1#
#108053950
10
b110000 /
01
0!
07
1$
#108074280
0$
#108076000
00
0#
#108094610
1$
#108114940
0$
#108117000
10
1#
#108135270
00
b111 3
b110001 /
11
1!
17
1$
#108155600
0$
#108158000
10
0#
#108175930
1$
#108196260
0$
#108199000
00
1#
#108216590
10
b110010 /
01
0!
07
1$
#108236920
0$
#108240000
00
0#
#108257250
1$
#108277580
0$
#108281000
10
1#
#108297910
b110011 /
11
1!
17
1$
#108318240
0$
#108322000
0#
#108338570
1$
#108358900
0$
#108363000
1#
#108379230
00
b110100 /
01
1$
#108399560
0$
#108404000
10
0#
#108419890
1$
#108440220
0$
#108445000
00
1#
#108460550
b110101 /
11
0!
07
1$
#108480880
0$
#108486000
0#
#108501210
1$
#108521540
0$
#108527000
1#
#108541870
10
b110110 /
01
1$
#108562200
0$
#108568000
00
0#
#108582530
1$
#108602860
0$
#108609000
10
1#
#108623190
00
b1000 3
b110111 /
11
1!
17
1$
#108643520
0$
#108650000
10
0#
#108663850
1$
#108684180
0$
#108691000
00
1#
#108704510
10
b111000 /
01
0!
07
1$
#108724840
0$
#108732000
00
0#
#108745170
1$
#108765500
0$
#108773000
10
1#
#108785830
b111001 /
11
1!
17
1$
#108806160
0$
#108814000
0#
#108826490
1$
#108846820
0$
#108855000
1#
#108867150
00
b111010 /
01
1$
#108887480
0$
#108896000
10
0#
#108907810
1$
#108928140
0$
#108937000
00
1#
#108948470
b111011 /
11
0!
07
1$
#108968800
0$
#108978000
0#
#108989130
1$
#109009460
0$
#109019000
1#
#109029790
10
b111100 /
01
1$
#109050120
0$
#109060000
00
0#
#109070450
1$
#109090780
0$
#109101000
10
1#
#109111110
b111101 /
11
1!
17
1$
#109131440
0$
#109142000
0#
#109151770
1$
#109172100
0$
#109183000
1#
#109192430
00
b111110 /
01
1$
#109212760
0$
#109224000
10
0#
#109233090
1$
#109253420
0$
#109265000
00
1#
#109273750
b111111 /
11
0!
07
1$
#109294080
0$
#109306000
0#
#109314410
1$
#109334740
0$
#109347000
1#
#109355070
10
12
b0 /
01
1$
#109375400
0$
#109388000
00
0#
#109395730
b1000111 5
02
b100111 4
b11001100110010000000000000 *
b11001100110010 .
b10110 8
1$
#109416060
0$
#109429000
10
1#
#109436390
b0 3
b1 /
11
1!
17
1$
#109456720
0$
#109470000
0#
#109477050
1$
#109497380
0$
#109511000
1#
#109517710
b10 /
01
1$
#109538040
0$
#109552000
0#
#109558370
1$
#109578700
0$
#109593000
1#
#109599030
00
b11 /
11
1$
#109619360
0$
#109634000
10
0#
#109639690
1$
#109660020
0$
#109675000
00
1#
#109680350
b100 /
01
0!
07
1$
#109700680
0$
#109716000
0#
#109721010
1$
#109741340
0$
#109757000
1#
#109761670
10
b101 /
11
1$
#109782000
0$
#109798000
00
0#
#109802330
1$
#109822660
0$
#109839000
10
1#
#109842990
00
b110 /
01
1!
17
1$
#109863320
0$
#109880000
10
0#
#109883650
1$
#109903980
0$
#109921000
00
1#
#109924310
b111 /
11
0!
07
1$
#109944640
0$
#109962000
0#
#109964970
1$
#109985300
0$
#110003000
1#
#110005630
10
b1000 /
01
1$
#110025960
0$
#110044000
00
0#
#110046290
1$
#110066620
0$
#110085000
10
1#
#110086950
b1001 /
11
1!
17
1$
#110107280
0$
#110126000
0#
#110127610
1$
#110147940
0$
#110167000
1#
#110168270
00
b1010 /
01
1$
#110188600
0$
#110208000
10
0#
#110208930
1$
#110229260
0$
#110249000
00
1#
#110249590
b1011 /
11
0!
07
1$
#110269920
0$
#110290000
0#
#110290250
1$
#110310580
0$
#110330910
1$
#110331000
1#
#110351240
0$
#110371570
10
01
b1100 /
1$
#110372000
00
0#
#110391900
0$
#110412230
1$
#110413000
10
1#
#110432560
0$
#110452890
1!
17
11
b1101 /
1$
#110454000
0#
#110473220
0$
#110493550
1$
#110495000
1#
#110513880
0$
#110534210
00
01
b1110 /
1$
#110536000
10
0#
#110554540
0$
#110574870
1$
#110577000
00
1#
#110595200
0$
#110615530
0!
07
11
b1111 /
1$
#110618000
0#
#110635860
0$
#110656190
1$
#110659000
1#
#110676520
0$
#110696850
10
01
b10000 /
1$
#110700000
00
0#
#110717180
0$
#110737510
1$
#110741000
10
1#
#110757840
0$
#110778170
1!
17
11
b10001 /
1$
#110782000
0#
#110798500
0$
#110818830
1$
#110823000
1#
#110839160
0$
#110859490
00
01
b10010 /
1$
#110864000
10
0#
#110879820
0$
#110900150
1$
#110905000
00
1#
#110920480
0$
#110940810
0!
07
11
b10011 /
1$
#110946000
0#
#110961140
0$
#110981470
1$
#110987000
1#
#111001800
0$
#111022130
10
01
b10100 /
1$
#111028000
00
0#
#111042460
0$
#111062790
1$
#111069000
10
1#
#111083120
0$
#111103450
1!
17
11
b10101 /
1$
#111110000
0#
#111123780
0$
#111144110
1$
#111151000
1#
#111164440
0$
#111184770
00
01
b10110 /
1$
#111192000
10
0#
#111205100
0$
#111225430
1$
#111233000
00
1#
#111245760
0$
#111266090
0!
07
11
b10111 /
1$
#111274000
0#
#111286420
0$
#111306750
1$
#111315000
1#
#111327080
0$
#111347410
10
01
b11000 /
1$
#111356000
00
0#
#111367740
0$
#111388070
1$
#111397000
10
1#
#111408400
0$
#111428730
1!
17
11
b11001 /
1$
#111438000
0#
#111449060
0$
#111469390
1$
#111479000
1#
#111489720
0$
#111510050
00
01
b11010 /
1$
#111520000
10
0#
#111530380
0$
#111550710
1$
#111561000
00
1#
#111571040
0$
#111591370
10
0!
07
11
b11011 /
b1 3
1$
#111602000
00
0#
#111611700
0$
#111632030
1$
#111643000
10
1#
#111652360
0$
#111672690
00
1!
17
01
b11100 /
1$
#111684000
10
0#
#111693020
0$
#111713350
1$
#111725000
00
1#
#111733680
0$
#111754010
0!
07
11
b11101 /
1$
#111766000
0#
#111774340
0$
#111794670
1$
#111807000
1#
#111815000
0$
#111835330
10
01
b11110 /
1$
#111848000
00
0#
#111855660
0$
#111875990
1$
#111889000
10
1#
#111896320
0$
#111916650
1!
17
11
b11111 /
1$
#111930000
0#
#111936980
0$
#111957310
1$
#111971000
1#
#111977640
0$
#111997970
00
01
b100000 /
1$
#112012000
10
0#
#112018300
0$
#112038630
1$
#112053000
00
1#
#112058960
0$
#112079290
10
0!
07
11
b100001 /
b10 3
1$
#112094000
00
0#
#112099620
0$
#112119950
1$
#112135000
10
1#
#112140280
0$
#112160610
00
1!
17
01
b100010 /
1$
#112176000
10
0#
#112180940
0$
#112201270
1$
#112217000
00
1#
#112221600
0$
#112241930
10
0!
07
11
b100011 /
b11 3
1$
#112258000
00
0#
#112262260
0$
#112282590
1$
#112299000
10
1#
#112302920
0$
#112323250
00
1!
17
01
b100100 /
1$
#112340000
10
0#
#112343580
0$
#112363910
1$
#112381000
00
1#
#112384240
0$
#112404570
0!
07
11
b100101 /
1$
#112422000
0#
#112424900
0$
#112445230
1$
#112463000
1#
#112465560
0$
#112485890
10
01
b100110 /
1$
#112504000
00
0#
#112506220
0$
#112526550
1$
#112545000
10
1#
#112546880
0$
#112567210
1!
17
11
b100111 /
1$
#112586000
0#
#112587540
0$
#112607870
1$
#112627000
1#
#112628200
0$
#112648530
00
01
b101000 /
1$
#112668000
10
0#
#112668860
0$
#112689190
1$
#112709000
00
1#
#112709520
0$
#112729850
10
0!
07
11
b101001 /
b100 3
1$
#112750000
00
0#
#112750180
0$
#112770510
1$
#112790840
0$
#112791000
10
1#
#112811170
00
1!
17
01
b101010 /
1$
#112831500
0$
#112832000
10
0#
#112851830
1$
#112872160
0$
#112873000
00
1#
#112892490
10
0!
07
11
b101011 /
b101 3
1$
#112912820
0$
#112914000
00
0#
#112933150
1$
#112953480
0$
#112955000
10
1#
#112973810
00
1!
17
01
b101100 /
1$
#112994140
0$
#112996000
10
0#
#113014470
1$
#113034800
0$
#113037000
00
1#
#113055130
0!
07
11
b101101 /
1$
#113075460
0$
#113078000
0#
#113095790
1$
#113116120
0$
#113119000
1#
#113136450
10
01
b101110 /
1$
#113156780
0$
#113160000
00
0#
#113177110
1$
#113197440
0$
#113201000
10
1#
#113217770
1!
17
11
b101111 /
1$
#113238100
0$
#113242000
0#
#113258430
1$
#113278760
0$
#113283000
1#
#113299090
00
01
b110000 /
1$
#113319420
0$
#113324000
10
0#
#113339750
1$
#113360080
0$
#113365000
00
1#
#113380410
10
0!
07
11
b110001 /
b110 3
1$
#113400740
0$
#113406000
00
0#
#113421070
1$
#113441400
0$
#113447000
10
1#
#113461730
00
1!
17
01
b110010 /
1$
#113482060
0$
#113488000
10
0#
#113502390
1$
#113522720
0$
#113529000
00
1#
#113543050
10
0!
07
11
b110011 /
b111 3
1$
#113563380
0$
#113570000
00
0#
#113583710
1$
#113604040
0$
#113611000
10
1#
#113624370
00
1!
17
01
b110100 /
1$
#113644700
0$
#113652000
10
0#
#113665030
1$
#113685360
0$
#113693000
00
1#
#113705690
0!
07
11
b110101 /
1$
#113726020
0$
#113734000
0#
#113746350
1$
#113766680
0$
#113775000
1#
#113787010
10
01
b110110 /
1$
#113807340
0$
#113816000
00
0#
#113827670
1$
#113848000
0$
#113857000
10
1#
#113868330
1!
17
11
b110111 /
1$
#113888660
0$
#113898000
0#
#113908990
1$
#113929320
0$
#113939000
1#
#113949650
00
01
b111000 /
1$
#113969980
0$
#113980000
10
0#
#113990310
1$
#114010640
0$
#114021000
00
1#
#114030970
0!
07
11
b111001 /
1$
#114051300
0$
#114062000
0#
#114071630
1$
#114091960
0$
#114103000
1#
#114112290
10
01
b111010 /
1$
#114132620
0$
#114144000
00
0#
#114152950
1$
#114173280
0$
#114185000
10
1#
#114193610
1!
17
11
b111011 /
1$
#114213940
0$
#114226000
0#
#114234270
1$
#114254600
0$
#114267000
1#
#114274930
00
01
b111100 /
1$
#114295260
0$
#114308000
10
0#
#114315590
1$
#114335920
0$
#114349000
00
1#
#114356250
0!
07
11
b111101 /
1$
#114376580
0$
#114390000
0#
#114396910
1$
#114417240
0$
#114431000
1#
#114437570
10
01
b111110 /
1$
#114457900
0$
#114472000
00
0#
#114478230
1$
#114498560
0$
#114513000
10
1#
#114518890
00
1!
17
11
b111111 /
1$
#114539220
0$
#114554000
10
0#
#114559550
1$
#114579880
0$
#114595000
00
1#
#114600210
10
0!
07
01
12
b0 /
1$
#114620540
0$
#114636000
00
0#
#114640870
b100111 5
b10111 8
1"
b101010101010100 6
b1010101010101010000000000000 *
b1010101010101010 .
b1000111 4
02
1$
#114661200
0$
#114677000
10
1#
#114681530
1!
17
11
b1 /
b0 3
0"
b1110111011101101011101110111011 (
b1110111011101101011101110111011 )
b11001100110011000 &
b1100110011001100 %
1$
#114701860
0$
#114718000
0#
#114722190
1$
#114742520
0$
#114759000
1#
#114762850
01
b10 /
1$
#114783180
0$
#114800000
0#
#114803510
1$
#114823840
0$
#114841000
1#
#114844170
00
11
b11 /
1$
#114864500
0$
#114882000
10
0#
#114884830
1$
#114905160
0$
#114923000
00
1#
#114925490
0!
07
01
b100 /
1$
#114945820
0$
#114964000
0#
#114966150
1$
#114986480
0$
#115005000
1#
#115006810
11
b101 /
1$
#115027140
0$
#115046000
0#
#115047470
1$
#115067800
0$
#115087000
1#
#115088130
10
01
b110 /
1$
#115108460
0$
#115128000
00
0#
#115128790
1$
#115149120
0$
#115169000
10
1#
#115169450
00
1!
17
11
b111 /
1$
#115189780
0$
#115210000
10
0#
#115210110
1$
#115230440
0$
#115250770
1$
#115251000
00
1#
#115271100
0$
#115291430
10
b1000 /
01
0!
07
1$
#115292000
00
0#
#115311760
0$
#115332090
1$
#115333000
10
1#
#115352420
0$
#115372750
b1001 /
11
1!
17
1$
#115374000
0#
#115393080
0$
#115413410
1$
#115415000
1#
#115433740
0$
#115454070
00
b1010 /
01
1$
#115456000
10
0#
#115474400
0$
#115494730
1$
#115497000
00
1#
#115515060
0$
#115535390
b1011 /
11
0!
07
1$
#115538000
0#
#115555720
0$
#115576050
1$
#115579000
1#
#115596380
0$
#115616710
10
b1100 /
01
1$
#115620000
00
0#
#115637040
0$
#115657370
1$
#115661000
10
1#
#115677700
0$
#115698030
b1101 /
11
1!
17
1$
#115702000
0#
#115718360
0$
#115738690
1$
#115743000
1#
#115759020
0$
#115779350
00
b1110 /
01
1$
#115784000
10
0#
#115799680
0$
#115820010
1$
#115825000
00
1#
#115840340
0$
#115860670
b1111 /
11
0!
07
1$
#115866000
0#
#115881000
0$
#115901330
1$
#115907000
1#
#115921660
0$
#115941990
10
b10000 /
01
1$
#115948000
00
0#
#115962320
0$
#115982650
1$
#115989000
10
1#
#116002980
0$
#116023310
b10001 /
11
1!
17
1$
#116030000
0#
#116043640
0$
#116063970
1$
#116071000
1#
#116084300
0$
#116104630
00
b10010 /
01
1$
#116112000
10
0#
#116124960
0$
#116145290
1$
#116153000
00
1#
#116165620
0$
#116185950
b10011 /
11
0!
07
1$
#116194000
0#
#116206280
0$
#116226610
1$
#116235000
1#
#116246940
0$
#116267270
10
b10100 /
01
1$
#116276000
00
0#
#116287600
0$
#116307930
1$
#116317000
10
1#
#116328260
0$
#116348590
b10101 /
11
1!
17
1$
#116358000
0#
#116368920
0$
#116389250
1$
#116399000
1#
#116409580
0$
#116429910
00
b10110 /
01
1$
#116440000
10
0#
#116450240
0$
#116470570
1$
#116481000
00
1#
#116490900
0$
#116511230
b10111 /
11
0!
07
1$
#116522000
0#
#116531560
0$
#116551890
1$
#116563000
1#
#116572220
0$
#116592550
10
b11000 /
01
1$
#116604000
00
0#
#116612880
0$
#116633210
1$
#116645000
10
1#
#116653540
0$
#116673870
b11001 /
11
1!
17
1$
#116686000
0#
#116694200
0$
#116714530
1$
#116727000
1#
#116734860
0$
#116755190
00
b11010 /
01
1$
#116768000
10
0#
#116775520
0$
#116795850
1$
#116809000
00
1#
#116816180
0$
#116836510
10
b1 3
b11011 /
11
0!
07
1$
#116850000
00
0#
#116856840
0$
#116877170
1$
#116891000
10
1#
#116897500
0$
#116917830
00
b11100 /
01
1!
17
1$
#116932000
10
0#
#116938160
0$
#116958490
1$
#116973000
00
1#
#116978820
0$
#116999150
b11101 /
11
0!
07
1$
#117014000
0#
#117019480
0$
#117039810
1$
#117055000
1#
#117060140
0$
#117080470
10
b11110 /
01
1$
#117096000
00
0#
#117100800
0$
#117121130
1$
#117137000
10
1#
#117141460
0$
#117161790
00
b10 3
b11111 /
11
1!
17
1$
#117178000
10
0#
#117182120
0$
#117202450
1$
#117219000
00
1#
#117222780
0$
#117243110
10
b100000 /
01
0!
07
1$
#117260000
00
0#
#117263440
0$
#117283770
1$
#117301000
10
1#
#117304100
0$
#117324430
b100001 /
11
1!
17
1$
#117342000
0#
#117344760
0$
#117365090
1$
#117383000
1#
#117385420
0$
#117405750
00
b100010 /
01
1$
#117424000
10
0#
#117426080
0$
#117446410
1$
#117465000
00
1#
#117466740
0$
#117487070
10
b11 3
b100011 /
11
0!
07
1$
#117506000
00
0#
#117507400
0$
#117527730
1$
#117547000
10
1#
#117548060
0$
#117568390
00
b100100 /
01
1!
17
1$
#117588000
10
0#
#117588720
0$
#117609050
1$
#117629000
00
1#
#117629380
0$
#117649710
b100101 /
11
0!
07
1$
#117670000
0#
#117670040
0$
#117690370
1$
#117710700
0$
#117711000
1#
#117731030
10
b100110 /
01
1$
#117751360
0$
#117752000
00
0#
#117771690
1$
#117792020
0$
#117793000
10
1#
#117812350
00
b100 3
b100111 /
11
1!
17
1$
#117832680
0$
#117834000
10
0#
#117853010
1$
#117873340
0$
#117875000
00
1#
#117893670
10
b101000 /
01
0!
07
1$
#117914000
0$
#117916000
00
0#
#117934330
1$
#117954660
0$
#117957000
10
1#
#117974990
b101001 /
11
1!
17
1$
#117995320
0$
#117998000
0#
#118015650
1$
#118035980
0$
#118039000
1#
#118056310
00
b101010 /
01
1$
#118076640
0$
#118080000
10
0#
#118096970
1$
#118117300
0$
#118121000
00
1#
#118137630
10
b101 3
b101011 /
11
0!
07
1$
#118157960
0$
#118162000
00
0#
#118178290
1$
#118198620
0$
#118203000
10
1#
#118218950
00
b101100 /
01
1!
17
1$
#118239280
0$
#118244000
10
0#
#118259610
1$
#118279940
0$
#118285000
00
1#
#118300270
b101101 /
11
0!
07
1$
#118320600
0$
#118326000
0#
#118340930
1$
#118361260
0$
#118367000
1#
#118381590
10
b101110 /
01
1$
#118401920
0$
#118408000
00
0#
#118422250
1$
#118442580
0$
#118449000
10
1#
#118462910
00
b110 3
b101111 /
11
1!
17
1$
#118483240
0$
#118490000
10
0#
#118503570
1$
#118523900
0$
#118531000
00
1#
#118544230
10
b110000 /
01
0!
07
1$
#118564560
0$
#118572000
00
0#
#118584890
1$
#118605220
0$
#118613000
10
1#
#118625550
b110001 /
11
1!
17
1$
#118645880
0$
#118654000
0#
#118666210
1$
#118686540
0$
#118695000
1#
#118706870
00
b110010 /
01
1$
#118727200
0$
#118736000
10
0#
#118747530
1$
#118767860
0$
#118777000
00
1#
#118788190
10
b111 3
b110011 /
11
0!
07
1$
#118808520
0$
#118818000
00
0#
#118828850
1$
#118849180
0$
#118859000
10
1#
#118869510
00
b110100 /
01
1!
17
1$
#118889840
0$
#118900000
10
0#
#118910170
1$
#118930500
0$
#118941000
00
1#
#118950830
b110101 /
11
0!
07
1$
#118971160
0$
#118982000
0#
#118991490
1$
#119011820
0$
#119023000
1#
#119032150
10
b110110 /
01
1$
#119052480
0$
#119064000
00
0#
#119072810
1$
#119093140
0$
#119105000
10
1#
#119113470
00
b1000 3
b110111 /
11
1!
17
1$
#119133800
0$
#119146000
10
0#
#119154130
1$
#119174460
0$
#119187000
00
1#
#119194790
10
b111000 /
01
0!
07
1$
#119215120
0$
#119228000
00
0#
#119235450
1$
#119255780
0$
#119269000
10
1#
#119276110
b111001 /
11
1!
17
1$
#119296440
0$
#119310000
0#
#119316770
1$
#119337100
0$
#119351000
1#
#119357430
00
b111010 /
01
1$
#119377760
0$
#119392000
10
0#
#119398090
1$
#119418420
0$
#119433000
00
1#
#119438750
b111011 /
11
0!
07
1$
#119459080
0$
#119474000
0#
#119479410
1$
#119499740
0$
#119515000
1#
#119520070
10
b111100 /
01
1$
#119540400
0$
#119556000
00
0#
#119560730
1$
#119581060
0$
#119597000
10
1#
#119601390
b111101 /
11
1!
17
1$
#119621720
0$
#119638000
0#
#119642050
1$
#119662380
0$
#119679000
1#
#119682710
00
b111110 /
01
1$
#119703040
0$
#119720000
10
0#
#119723370
1$
#119743700
0$
#119761000
00
1#
#119764030
b111111 /
11
0!
07
1$
#119784360
0$
#119802000
0#
#119804690
1$
#119825020
0$
#119843000
1#
#119845350
10
12
b0 /
01
1$
#119865680
0$
#119884000
00
0#
#119886010
b1000111 5
02
b100111 4
b101010101010100000000000000 *
b101010101010100 .
b11000 8
1$
#119906340
0$
#119925000
10
1#
#119926670
b0 3
b1 /
11
1!
17
1$
#119947000
0$
#119966000
0#
#119967330
1$
#119987660
0$
#120007000
1#
#120007990
b10 /
01
1$
#120028320
0$
#120048000
0#
#120048650
1$
#120068980
0$
#120089000
1#
#120089310
00
b11 /
11
1$
#120109640
0$
#120129970
0!
07
01
b100 /
1$
#120130000
0#
#120150300
0$
#120170630
1$
#120171000
1#
#120190960
0$
#120211290
10
11
b101 /
1$
#120212000
00
0#
#120231620
0$
#120251950
1$
#120253000
10
1#
#120272280
0$
#120292610
00
1!
17
01
b110 /
1$
#120294000
10
0#
#120312940
0$
#120333270
1$
#120335000
00
1#
#120353600
0$
#120373930
0!
07
11
b111 /
1$
#120376000
0#
#120394260
0$
#120414590
1$
#120417000
1#
#120434920
0$
#120455250
10
01
b1000 /
1$
#120458000
00
0#
#120475580
0$
#120495910
1$
#120499000
10
1#
#120516240
0$
#120536570
1!
17
11
b1001 /
1$
#120540000
0#
#120556900
0$
#120577230
1$
#120581000
1#
#120597560
0$
#120617890
00
01
b1010 /
1$
#120622000
10
0#
#120638220
0$
#120658550
1$
#120663000
00
1#
#120678880
0$
#120699210
0!
07
11
b1011 /
1$
#120704000
0#
#120719540
0$
#120739870
1$
#120745000
1#
#120760200
0$
#120780530
10
01
b1100 /
1$
#120786000
00
0#
#120800860
0$
#120821190
1$
#120827000
10
1#
#120841520
0$
#120861850
1!
17
11
b1101 /
1$
#120868000
0#
#120882180
0$
#120902510
1$
#120909000
1#
#120922840
0$
#120943170
00
01
b1110 /
1$
#120950000
10
0#
#120963500
0$
#120983830
1$
#120991000
00
1#
#121004160
0$
#121024490
0!
07
11
b1111 /
1$
#121032000
0#
#121044820
0$
#121065150
1$
#121073000
1#
#121085480
0$
#121105810
10
01
b10000 /
1$
#121114000
00
0#
#121126140
0$
#121146470
1$
#121155000
10
1#
#121166800
0$
#121187130
1!
17
11
b10001 /
1$
#121196000
0#
#121207460
0$
#121227790
1$
#121237000
1#
#121248120
0$
#121268450
00
01
b10010 /
1$
#121278000
10
0#
#121288780
0$
#121309110
1$
#121319000
00
1#
#121329440
0$
#121349770
0!
07
11
b10011 /
1$
#121360000
0#
#121370100
0$
#121390430
1$
#121401000
1#
#121410760
0$
#121431090
10
01
b10100 /
1$
#121442000
00
0#
#121451420
0$
#121471750
1$
#121483000
10
1#
#121492080
0$
#121512410
1!
17
11
b10101 /
1$
#121524000
0#
#121532740
0$
#121553070
1$
#121565000
1#
#121573400
0$
#121593730
00
01
b10110 /
1$
#121606000
10
0#
#121614060
0$
#121634390
1$
#121647000
00
1#
#121654720
0$
#121675050
0!
07
11
b10111 /
1$
#121688000
0#
#121695380
0$
#121715710
1$
#121729000
1#
#121736040
0$
#121756370
10
01
b11000 /
1$
#121770000
00
0#
#121776700
0$
#121797030
1$
#121811000
10
1#
#121817360
0$
#121837690
1!
17
11
b11001 /
1$
#121852000
0#
#121858020
0$
#121878350
1$
#121893000
1#
#121898680
0$
#121919010
00
01
b11010 /
1$
#121934000
10
0#
#121939340
0$
#121959670
1$
#121975000
00
1#
#121980000
0$
#122000330
0!
07
11
b11011 /
1$
#122016000
0#
#122020660
0$
#122040990
1$
#122057000
1#
#122061320
0$
#122081650
10
01
b11100 /
1$
#122098000
00
0#
#122101980
0$
#122122310
1$
#122139000
10
1#
#122142640
0$
#122162970
00
1!
17
11
b11101 /
b1 3
1$
#122180000
10
0#
#122183300
0$
#122203630
1$
#122221000
00
1#
#122223960
0$
#122244290
10
0!
07
01
b11110 /
1$
#122262000
00
0#
#122264620
0$
#122284950
1$
#122303000
10
1#
#122305280
0$
#122325610
1!
17
11
b11111 /
1$
#122344000
0#
#122345940
0$
#122366270
1$
#122385000
1#
#122386600
0$
#122406930
00
01
b100000 /
1$
#122426000
10
0#
#122427260
0$
#122447590
1$
#122467000
00
1#
#122467920
0$
#122488250
10
0!
07
11
b100001 /
b10 3
1$
#122508000
00
0#
#122508580
0$
#122528910
1$
#122549000
10
1#
#122549240
0$
#122569570
00
1!
17
01
b100010 /
1$
#122589900
0$
#122590000
10
0#
#122610230
1$
#122630560
0$
#122631000
00
1#
#122650890
0!
07
11
b100011 /
1$
#122671220
0$
#122672000
0#
#122691550
1$
#122711880
0$
#122713000
1#
#122732210
10
01
b100100 /
1$
#122752540
0$
#122754000
00
0#
#122772870
1$
#122793200
0$
#122795000
10
1#
#122813530
00
1!
17
11
b100101 /
b11 3
1$
#122833860
0$
#122836000
10
0#
#122854190
1$
#122874520
0$
#122877000
00
1#
#122894850
10
0!
07
01
b100110 /
1$
#122915180
0$
#122918000
00
0#
#122935510
1$
#122955840
0$
#122959000
10
1#
#122976170
1!
17
11
b100111 /
1$
#122996500
0$
#123000000
0#
#123016830
1$
#123037160
0$
#123041000
1#
#123057490
00
01
b101000 /
1$
#123077820
0$
#123082000
10
0#
#123098150
1$
#123118480
0$
#123123000
00
1#
#123138810
10
0!
07
11
b101001 /
b100 3
1$
#123159140
0$
#123164000
00
0#
#123179470
1$
#123199800
0$
#123205000
10
1#
#123220130
00
1!
17
01
b101010 /
1$
#123240460
0$
#123246000
10
0#
#123260790
1$
#123281120
0$
#123287000
00
1#
#123301450
0!
07
11
b101011 /
1$
#123321780
0$
#123328000
0#
#123342110
1$
#123362440
0$
#123369000
1#
#123382770
10
01
b101100 /
1$
#123403100
0$
#123410000
00
0#
#123423430
1$
#123443760
0$
#123451000
10
1#
#123464090
00
1!
17
11
b101101 /
b101 3
1$
#123484420
0$
#123492000
10
0#
#123504750
1$
#123525080
0$
#123533000
00
1#
#123545410
10
0!
07
01
b101110 /
1$
#123565740
0$
#123574000
00
0#
#123586070
1$
#123606400
0$
#123615000
10
1#
#123626730
1!
17
11
b101111 /
1$
#123647060
0$
#123656000
0#
#123667390
1$
#123687720
0$
#123697000
1#
#123708050
00
01
b110000 /
1$
#123728380
0$
#123738000
10
0#
#123748710
1$
#123769040
0$
#123779000
00
1#
#123789370
10
0!
07
11
b110001 /
b110 3
1$
#123809700
0$
#123820000
00
0#
#123830030
1$
#123850360
0$
#123861000
10
1#
#123870690
00
1!
17
01
b110010 /
1$
#123891020
0$
#123902000
10
0#
#123911350
1$
#123931680
0$
#123943000
00
1#
#123952010
0!
07
11
b110011 /
1$
#123972340
0$
#123984000
0#
#123992670
1$
#124013000
0$
#124025000
1#
#124033330
10
01
b110100 /
1$
#124053660
0$
#124066000
00
0#
#124073990
1$
#124094320
0$
#124107000
10
1#
#124114650
00
1!
17
11
b110101 /
b111 3
1$
#124134980
0$
#124148000
10
0#
#124155310
1$
#124175640
0$
#124189000
00
1#
#124195970
10
0!
07
01
b110110 /
1$
#124216300
0$
#124230000
00
0#
#124236630
1$
#124256960
0$
#124271000
10
1#
#124277290
1!
17
11
b110111 /
1$
#124297620
0$
#124312000
0#
#124317950
1$
#124338280
0$
#124353000
1#
#124358610
00
01
b111000 /
1$
#124378940
0$
#124394000
10
0#
#124399270
1$
#124419600
0$
#124435000
00
1#
#124439930
0!
07
11
b111001 /
1$
#124460260
0$
#124476000
0#
#124480590
1$
#124500920
0$
#124517000
1#
#124521250
10
01
b111010 /
1$
#124541580
0$
#124558000
00
0#
#124561910
1$
#124582240
0$
#124599000
10
1#
#124602570
1!
17
11
b111011 /
1$
#124622900
0$
#124640000
0#
#124643230
1$
#124663560
0$
#124681000
1#
#124683890
00
01
b111100 /
1$
#124704220
0$
#124722000
10
0#
#124724550
1$
#124744880
0$
#124763000
00
1#
#124765210
0!
07
11
b111101 /
1$
#124785540
0$
#124804000
0#
#124805870
1$
#124826200
0$
#124845000
1#
#124846530
10
01
b111110 /
1$
#124866860
0$
#124886000
00
0#
#124887190
1$
#124907520
0$
#124927000
10
1#
#124927850
00
1!
17
11
b111111 /
1$
#124948180
0$
#124968000
10
0#
#124968510
1$
#124988840
0$
#125009000
00
1#
#125009170
10
0!
07
01
12
b0 /
1$
#125029500
0$
#125049830
b100111 5
b11001 8
1"
b111011101110110 6
b1011101110111011000000000000 *
b1011101110111011 .
b1000111 4
b0 3
02
b1 /
11
1!
17
1$
#125050000
0#
#125070160
0$
#125090490
0"
b10011001100110001100110011001100 (
b10011001100110001100110011001100 )
b11011101110111010 &
b1101110111011101 %
1$
#125091000
1#
#125110820
0$
#125131150
b10 /
01
1$
#125132000
0#
#125151480
0$
#125171810
1$
#125173000
1#
#125192140
0$
#125212470
00
b11 /
11
1$
#125214000
10
0#
#125232800
0$
#125253130
1$
#125255000
00
1#
#125273460
0$
#125293790
b100 /
01
0!
07
1$
#125296000
0#
#125314120
0$
#125334450
1$
#125337000
1#
#125354780
0$
#125375110
b101 /
11
1$
#125378000
0#
#125395440
0$
#125415770
1$
#125419000
1#
#125436100
0$
#125456430
10
b110 /
01
1$
#125460000
00
0#
#125476760
0$
#125497090
1$
#125501000
10
1#
#125517420
0$
#125537750
00
b111 /
11
1!
17
1$
#125542000
10
0#
#125558080
0$
#125578410
1$
#125583000
00
1#
#125598740
0$
#125619070
10
b1000 /
01
0!
07
1$
#125624000
00
0#
#125639400
0$
#125659730
1$
#125665000
10
1#
#125680060
0$
#125700390
b1001 /
11
1!
17
1$
#125706000
0#
#125720720
0$
#125741050
1$
#125747000
1#
#125761380
0$
#125781710
00
b1010 /
01
1$
#125788000
10
0#
#125802040
0$
#125822370
1$
#125829000
00
1#
#125842700
0$
#125863030
b1011 /
11
0!
07
1$
#125870000
0#
#125883360
0$
#125903690
1$
#125911000
1#
#125924020
0$
#125944350
10
b1100 /
01
1$
#125952000
00
0#
#125964680
0$
#125985010
1$
#125993000
10
1#
#126005340
0$
#126025670
b1101 /
11
1!
17
1$
#126034000
0#
#126046000
0$
#126066330
1$
#126075000
1#
#126086660
0$
#126106990
00
b1110 /
01
1$
#126116000
10
0#
#126127320
0$
#126147650
1$
#126157000
00
1#
#126167980
0$
#126188310
b1111 /
11
0!
07
1$
#126198000
0#
#126208640
0$
#126228970
1$
#126239000
1#
#126249300
0$
#126269630
10
b10000 /
01
1$
#126280000
00
0#
#126289960
0$
#126310290
1$
#126321000
10
1#
#126330620
0$
#126350950
b10001 /
11
1!
17
1$
#126362000
0#
#126371280
0$
#126391610
1$
#126403000
1#
#126411940
0$
#126432270
00
b10010 /
01
1$
#126444000
10
0#
#126452600
0$
#126472930
1$
#126485000
00
1#
#126493260
0$
#126513590
b10011 /
11
0!
07
1$
#126526000
0#
#126533920
0$
#126554250
1$
#126567000
1#
#126574580
0$
#126594910
10
b10100 /
01
1$
#126608000
00
0#
#126615240
0$
#126635570
1$
#126649000
10
1#
#126655900
0$
#126676230
b10101 /
11
1!
17
1$
#126690000
0#
#126696560
0$
#126716890
1$
#126731000
1#
#126737220
0$
#126757550
00
b10110 /
01
1$
#126772000
10
0#
#126777880
0$
#126798210
1$
#126813000
00
1#
#126818540
0$
#126838870
b10111 /
11
0!
07
1$
#126854000
0#
#126859200
0$
#126879530
1$
#126895000
1#
#126899860
0$
#126920190
10
b11000 /
01
1$
#126936000
00
0#
#126940520
0$
#126960850
1$
#126977000
10
1#
#126981180
0$
#127001510
00
b1 3
b11001 /
11
1!
17
1$
#127018000
10
0#
#127021840
0$
#127042170
1$
#127059000
00
1#
#127062500
0$
#127082830
10
b11010 /
01
0!
07
1$
#127100000
00
0#
#127103160
0$
#127123490
1$
#127141000
10
1#
#127143820
0$
#127164150
00
b10 3
b11011 /
11
1!
17
1$
#127182000
10
0#
#127184480
0$
#127204810
1$
#127223000
00
1#
#127225140
0$
#127245470
10
b11100 /
01
0!
07
1$
#127264000
00
0#
#127265800
0$
#127286130
1$
#127305000
10
1#
#127306460
0$
#127326790
b11101 /
11
1!
17
1$
#127346000
0#
#127347120
0$
#127367450
1$
#127387000
1#
#127387780
0$
#127408110
00
b11110 /
01
1$
#127428000
10
0#
#127428440
0$
#127448770
1$
#127469000
00
1#
#127469100
0$
#127489430
10
b11 3
b11111 /
11
0!
07
1$
#127509760
0$
#127510000
00
0#
#127530090
1$
#127550420
0$
#127551000
10
1#
#127570750
00
b100000 /
01
1!
17
1$
#127591080
0$
#127592000
10
0#
#127611410
1$
#127631740
0$
#127633000
00
1#
#127652070
10
b100 3
b100001 /
11
0!
07
1$
#127672400
0$
#127674000
00
0#
#127692730
1$
#127713060
0$
#127715000
10
1#
#127733390
00
b100010 /
01
1!
17
1$
#127753720
0$
#127756000
10
0#
#127774050
1$
#127794380
0$
#127797000
00
1#
#127814710
10
b101 3
b100011 /
11
0!
07
1$
#127835040
0$
#127838000
00
0#
#127855370
1$
#127875700
0$
#127879000
10
1#
#127896030
00
b100100 /
01
1!
17
1$
#127916360
0$
#127920000
10
0#
#127936690
1$
#127957020
0$
#127961000
00
1#
#127977350
b100101 /
11
0!
07
1$
#127997680
0$
#128002000
0#
#128018010
1$
#128038340
0$
#128043000
1#
#128058670
10
b100110 /
01
1$
#128079000
0$
#128084000
00
0#
#128099330
1$
#128119660
0$
#128125000
10
1#
#128139990
00
b110 3
b100111 /
11
1!
17
1$
#128160320
0$
#128166000
10
0#
#128180650
1$
#128200980
0$
#128207000
00
1#
#128221310
10
b101000 /
01
0!
07
1$
#128241640
0$
#128248000
00
0#
#128261970
1$
#128282300
0$
#128289000
10
1#
#128302630
00
b111 3
b101001 /
11
1!
17
1$
#128322960
0$
#128330000
10
0#
#128343290
1$
#128363620
0$
#128371000
00
1#
#128383950
10
b101010 /
01
0!
07
1$
#128404280
0$
#128412000
00
0#
#128424610
1$
#128444940
0$
#128453000
10
1#
#128465270
00
b1000 3
b101011 /
11
1!
17
1$
#128485600
0$
#128494000
10
0#
#128505930
1$
#128526260
0$
#128535000
00
1#
#128546590
10
b101100 /
01
0!
07
1$
#128566920
0$
#128576000
00
0#
#128587250
1$
#128607580
0$
#128617000
10
1#
#128627910
b101101 /
11
1!
17
1$
#128648240
0$
#128658000
0#
#128668570
1$
#128688900
0$
#128699000
1#
#128709230
00
b101110 /
01
1$
#128729560
0$
#128740000
10
0#
#128749890
1$
#128770220
0$
#128781000
00
1#
#128790550
10
b1001 3
b101111 /
11
0!
07
1$
#128810880
0$
#128822000
00
0#
#128831210
1$
#128851540
0$
#128863000
10
1#
#128871870
00
b110000 /
01
1!
17
1$
#128892200
0$
#128904000
10
0#
#128912530
1$
#128932860
0$
#128945000
00
1#
#128953190
10
b1010 3
b110001 /
11
0!
07
1$
#128973520
0$
#128986000
00
0#
#128993850
1$
#129014180
0$
#129027000
10
1#
#129034510
00
b110010 /
01
1!
17
1$
#129054840
0$
#129068000
10
0#
#129075170
1$
#129095500
0$
#129109000
00
1#
#129115830
10
b1011 3
b110011 /
11
0!
07
1$
#129136160
0$
#129150000
00
0#
#129156490
1$
#129176820
0$
#129191000
10
1#
#129197150
00
b110100 /
01
1!
17
1$
#129217480
0$
#129232000
10
0#
#129237810
1$
#129258140
0$
#129273000
00
1#
#129278470
b110101 /
11
0!
07
1$
#129298800
0$
#129314000
0#
#129319130
1$
#129339460
0$
#129355000
1#
#129359790
10
b110110 /
01
1$
#129380120
0$
#129396000
00
0#
#129400450
1$
#129420780
0$
#129437000
10
1#
#129441110
00
b1100 3
b110111 /
11
1!
17
1$
#129461440
0$
#129478000
10
0#
#129481770
1$
#129502100
0$
#129519000
00
1#
#129522430
10
b111000 /
01
0!
07
1$
#129542760
0$
#129560000
00
0#
#129563090
1$
#129583420
0$
#129601000
10
1#
#129603750
b111001 /
11
1!
17
1$
#129624080
0$
#129642000
0#
#129644410
1$
#129664740
0$
#129683000
1#
#129685070
00
b111010 /
01
1$
#129705400
0$
#129724000
10
0#
#129725730
1$
#129746060
0$
#129765000
00
1#
#129766390
b111011 /
11
0!
07
1$
#129786720
0$
#129806000
0#
#129807050
1$
#129827380
0$
#129847000
1#
#129847710
10
b111100 /
01
1$
#129868040
0$
#129888000
00
0#
#129888370
1$
#129908700
0$
#129929000
10
1#
#129929030
b111101 /
11
1!
17
1$
#129949360
0$
#129969690
00
01
b111110 /
1$
#129970000
10
0#
#129990020
0$
#130010350
1$
#130011000
00
1#
#130030680
0$
#130051010
0!
07
11
b111111 /
1$
#130052000
0#
#130071340
0$
#130091670
1$
#130093000
1#
#130112000
0$
#130132330
10
01
12
b0 /
1$
#130134000
00
0#
#130152660
0$
#130172990
b1000111 5
b11010 8
b111011101110110000000000000 *
b111011101110110 .
b100111 4
02
1$
#130175000
10
1#
#130193320
0$
#130213650
1!
17
11
b1 /
b0 3
1$
#130216000
0#
#130233980
0$
#130254310
1$
#130257000
1#
#130274640
0$
#130294970
01
b10 /
1$
#130298000
0#
#130315300
0$
#130335630
1$
#130339000
1#
#130355960
0$
#130376290
00
11
b11 /
1$
#130380000
10
0#
#130396620
0$
#130416950
1$
#130421000
00
1#
#130437280
0$
#130457610
0!
07
01
b100 /
1$
#130462000
0#
#130477940
0$
#130498270
1$
#130503000
1#
#130518600
0$
#130538930
10
11
b101 /
1$
#130544000
00
0#
#130559260
0$
#130579590
1$
#130585000
10
1#
#130599920
0$
#130620250
00
1!
17
01
b110 /
1$
#130626000
10
0#
#130640580
0$
#130660910
1$
#130667000
00
1#
#130681240
0$
#130701570
0!
07
11
b111 /
1$
#130708000
0#
#130721900
0$
#130742230
1$
#130749000
1#
#130762560
0$
#130782890
10
01
b1000 /
1$
#130790000
00
0#
#130803220
0$
#130823550
1$
#130831000
10
1#
#130843880
0$
#130864210
1!
17
11
b1001 /
1$
#130872000
0#
#130884540
0$
#130904870
1$
#130913000
1#
#130925200
0$
#130945530
00
01
b1010 /
1$
#130954000
10
0#
#130965860
0$
#130986190
1$
#130995000
00
1#
#131006520
0$
#131026850
0!
07
11
b1011 /
1$
#131036000
0#
#131047180
0$
#131067510
1$
#131077000
1#
#131087840
0$
#131108170
10
01
b1100 /
1$
#131118000
00
0#
#131128500
0$
#131148830
1$
#131159000
10
1#
#131169160
0$
#131189490
1!
17
11
b1101 /
1$
#131200000
0#
#131209820
0$
#131230150
1$
#131241000
1#
#131250480
0$
#131270810
00
01
b1110 /
1$
#131282000
10
0#
#131291140
0$
#131311470
1$
#131323000
00
1#
#131331800
0$
#131352130
0!
07
11
b1111 /
1$
#131364000
0#
#131372460
0$
#131392790
1$
#131405000
1#
#131413120
0$
#131433450
10
01
b10000 /
1$
#131446000
00
0#
#131453780
0$
#131474110
1$
#131487000
10
1#
#131494440
0$
#131514770
1!
17
11
b10001 /
1$
#131528000
0#
#131535100
0$
#131555430
1$
#131569000
1#
#131575760
0$
#131596090
00
01
b10010 /
1$
#131610000
10
0#
#131616420
0$
#131636750
1$
#131651000
00
1#
#131657080
0$
#131677410
0!
07
11
b10011 /
1$
#131692000
0#
#131697740
0$
#131718070
1$
#131733000
1#
#131738400
0$
#131758730
10
01
b10100 /
1$
#131774000
00
0#
#131779060
0$
#131799390
1$
#131815000
10
1#
#131819720
0$
#131840050
1!
17
11
b10101 /
1$
#131856000
0#
#131860380
0$
#131880710
1$
#131897000
1#
#131901040
0$
#131921370
00
01
b10110 /
1$
#131938000
10
0#
#131941700
0$
#131962030
1$
#131979000
00
1#
#131982360
0$
#132002690
0!
07
11
b10111 /
1$
#132020000
0#
#132023020
0$
#132043350
1$
#132061000
1#
#132063680
0$
#132084010
10
01
b11000 /
1$
#132102000
00
0#
#132104340
0$
#132124670
1$
#132143000
10
1#
#132145000
0$
#132165330
1!
17
11
b11001 /
1$
#132184000
0#
#132185660
0$
#132205990
1$
#132225000
1#
#132226320
0$
#132246650
00
01
b11010 /
1$
#132266000
10
0#
#132266980
0$
#132287310
1$
#132307000
00
1#
#132307640
0$
#132327970
10
0!
07
11
b11011 /
b1 3
1$
#132348000
00
0#
#132348300
0$
#132368630
1$
#132388960
0$
#132389000
10
1#
#132409290
00
1!
17
01
b11100 /
1$
#132429620
0$
#132430000
10
0#
#132449950
1$
#132470280
0$
#132471000
00
1#
#132490610
10
0!
07
11
b11101 /
b10 3
1$
#132510940
0$
#132512000
00
0#
#132531270
1$
#132551600
0$
#132553000
10
1#
#132571930
00
1!
17
01
b11110 /
1$
#132592260
0$
#132594000
10
0#
#132612590
1$
#132632920
0$
#132635000
00
1#
#132653250
0!
07
11
b11111 /
1$
#132673580
0$
#132676000
0#
#132693910
1$
#132714240
0$
#132717000
1#
#132734570
10
01
b100000 /
1$
#132754900
0$
#132758000
00
0#
#132775230
1$
#132795560
0$
#132799000
10
1#
#132815890
00
1!
17
11
b100001 /
b11 3
1$
#132836220
0$
#132840000
10
0#
#132856550
1$
#132876880
0$
#132881000
00
1#
#132897210
10
0!
07
01
b100010 /
1$
#132917540
0$
#132922000
00
0#
#132937870
1$
#132958200
0$
#132963000
10
1#
#132978530
00
1!
17
11
b100011 /
b100 3
1$
#132998860
0$
#133004000
10
0#
#133019190
1$
#133039520
0$
#133045000
00
1#
#133059850
10
0!
07
01
b100100 /
1$
#133080180
0$
#133086000
00
0#
#133100510
1$
#133120840
0$
#133127000
10
1#
#133141170
00
1!
17
11
b100101 /
b101 3
1$
#133161500
0$
#133168000
10
0#
#133181830
1$
#133202160
0$
#133209000
00
1#
#133222490
10
0!
07
01
b100110 /
1$
#133242820
0$
#133250000
00
0#
#133263150
1$
#133283480
0$
#133291000
10
1#
#133303810
1!
17
11
b100111 /
1$
#133324140
0$
#133332000
0#
#133344470
1$
#133364800
0$
#133373000
1#
#133385130
00
01
b101000 /
1$
#133405460
0$
#133414000
10
0#
#133425790
1$
#133446120
0$
#133455000
00
1#
#133466450
10
0!
07
11
b101001 /
b110 3
1$
#133486780
0$
#133496000
00
0#
#133507110
1$
#133527440
0$
#133537000
10
1#
#133547770
00
1!
17
01
b101010 /
1$
#133568100
0$
#133578000
10
0#
#133588430
1$
#133608760
0$
#133619000
00
1#
#133629090
10
0!
07
11
b101011 /
b111 3
1$
#133649420
0$
#133660000
00
0#
#133669750
1$
#133690080
0$
#133701000
10
1#
#133710410
00
1!
17
01
b101100 /
1$
#133730740
0$
#133742000
10
0#
#133751070
1$
#133771400
0$
#133783000
00
1#
#133791730
10
0!
07
11
b101101 /
b1000 3
1$
#133812060
0$
#133824000
00
0#
#133832390
1$
#133852720
0$
#133865000
10
1#
#133873050
00
1!
17
01
b101110 /
1$
#133893380
0$
#133906000
10
0#
#133913710
1$
#133934040
0$
#133947000
00
1#
#133954370
0!
07
11
b101111 /
1$
#133974700
0$
#133988000
0#
#133995030
1$
#134015360
0$
#134029000
1#
#134035690
10
01
b110000 /
1$
#134056020
0$
#134070000
00
0#
#134076350
1$
#134096680
0$
#134111000
10
1#
#134117010
00
1!
17
11
b110001 /
b1001 3
1$
#134137340
0$
#134152000
10
0#
#134157670
1$
#134178000
0$
#134193000
00
1#
#134198330
10
0!
07
01
b110010 /
1$
#134218660
0$
#134234000
00
0#
#134238990
1$
#134259320
0$
#134275000
10
1#
#134279650
00
1!
17
11
b110011 /
b1010 3
1$
#134299980
0$
#134316000
10
0#
#134320310
1$
#134340640
0$
#134357000
00
1#
#134360970
10
0!
07
01
b110100 /
1$
#134381300
0$
#134398000
00
0#
#134401630
1$
#134421960
0$
#134439000
10
1#
#134442290
00
1!
17
11
b110101 /
b1011 3
1$
#134462620
0$
#134480000
10
0#
#134482950
1$
#134503280
0$
#134521000
00
1#
#134523610
10
0!
07
01
b110110 /
1$
#134543940
0$
#134562000
00
0#
#134564270
1$
#134584600
0$
#134603000
10
1#
#134604930
1!
17
11
b110111 /
1$
#134625260
0$
#134644000
0#
#134645590
1$
#134665920
0$
#134685000
1#
#134686250
00
01
b111000 /
1$
#134706580
0$
#134726000
10
0#
#134726910
1$
#134747240
0$
#134767000
00
1#
#134767570
0!
07
11
b111001 /
1$
#134787900
0$
#134808000
0#
#134808230
1$
#134828560
0$
#134848890
1$
#134849000
1#
#134869220
0$
#134889550
10
b111010 /
01
1$
#134890000
00
0#
#134909880
0$
#134930210
1$
#134931000
10
1#
#134950540
0$
#134970870
b111011 /
11
1!
17
1$
#134972000
0#
#134991200
0$
#135011530
1$
#135013000
1#
#135031860
0$
#135052190
00
b111100 /
01
1$
#135054000
10
0#
#135072520
0$
#135092850
1$
#135095000
00
1#
#135113180
0$
#135133510
b111101 /
11
0!
07
1$
#135136000
0#
#135153840
0$
#135174170
1$
#135177000
1#
#135194500
0$
#135214830
10
b111110 /
01
1$
#135218000
00
0#
#135235160
0$
#135255490
1$
#135259000
10
1#
#135275820
0$
#135296150
00
b111111 /
11
1!
17
1$
#135300000
10
0#
#135316480
0$
#135336810
1$
#135341000
00
1#
#135357140
0$
#135377470
10
12
b0 /
01
0!
07
1$
#135382000
00
0#
#135397800
0$
#135418130
b100111 5
02
b1000111 4
1"
b1001100110011000 6
b1100110011001100000000000000 *
b1100110011001100 .
b11011 8
1$
#135423000
10
1#
#135438460
0$
#135458790
0"
b0 3
b1 /
11
1!
17
b10111011101110101101110111011101 (
b10111011101110101101110111011101 )
b11101110111011100 &
b1110111011101110 %
1$
#135464000
0#
#135479120
0$
#135499450
1$
#135505000
1#
#135519780
0$
#135540110
b10 /
01
1$
#135546000
0#
#135560440
0$
#135580770
1$
#135587000
1#
#135601100
0$
#135621430
00
b11 /
11
1$
#135628000
10
0#
#135641760
0$
#135662090
1$
#135669000
00
1#
#135682420
0$
#135702750
b100 /
01
0!
07
1$
#135710000
0#
#135723080
0$
#135743410
1$
#135751000
1#
#135763740
0$
#135784070
b101 /
11
1$
#135792000
0#
#135804400
0$
#135824730
1$
#135833000
1#
#135845060
0$
#135865390
10
b110 /
01
1$
#135874000
00
0#
#135885720
0$
#135906050
1$
#135915000
10
1#
#135926380
0$
#135946710
00
b111 /
11
1!
17
1$
#135956000
10
0#
#135967040
0$
#135987370
1$
#135997000
00
1#
#136007700
0$
#136028030
10
b1000 /
01
0!
07
1$
#136038000
00
0#
#136048360
0$
#136068690
1$
#136079000
10
1#
#136089020
0$
#136109350
b1001 /
11
1!
17
1$
#136120000
0#
#136129680
0$
#136150010
1$
#136161000
1#
#136170340
0$
#136190670
00
b1010 /
01
1$
#136202000
10
0#
#136211000
0$
#136231330
1$
#136243000
00
1#
#136251660
0$
#136271990
b1011 /
11
0!
07
1$
#136284000
0#
#136292320
0$
#136312650
1$
#136325000
1#
#136332980
0$
#136353310
10
b1100 /
01
1$
#136366000
00
0#
#136373640
0$
#136393970
1$
#136407000
10
1#
#136414300
0$
#136434630
b1101 /
11
1!
17
1$
#136448000
0#
#136454960
0$
#136475290
1$
#136489000
1#
#136495620
0$
#136515950
00
b1110 /
01
1$
#136530000
10
0#
#136536280
0$
#136556610
1$
#136571000
00
1#
#136576940
0$
#136597270
b1111 /
11
0!
07
1$
#136612000
0#
#136617600
0$
#136637930
1$
#136653000
1#
#136658260
0$
#136678590
10
b10000 /
01
1$
#136694000
00
0#
#136698920
0$
#136719250
1$
#136735000
10
1#
#136739580
0$
#136759910
b10001 /
11
1!
17
1$
#136776000
0#
#136780240
0$
#136800570
1$
#136817000
1#
#136820900
0$
#136841230
00
b10010 /
01
1$
#136858000
10
0#
#136861560
0$
#136881890
1$
#136899000
00
1#
#136902220
0$
#136922550
b10011 /
11
0!
07
1$
#136940000
0#
#136942880
0$
#136963210
1$
#136981000
1#
#136983540
0$
#137003870
10
b10100 /
01
1$
#137022000
00
0#
#137024200
0$
#137044530
1$
#137063000
10
1#
#137064860
0$
#137085190
b10101 /
11
1!
17
1$
#137104000
0#
#137105520
0$
#137125850
1$
#137145000
1#
#137146180
0$
#137166510
00
b10110 /
01
1$
#137186000
10
0#
#137186840
0$
#137207170
1$
#137227000
00
1#
#137227500
0$
#137247830
b10111 /
11
0!
07
1$
#137268000
0#
#137268160
0$
#137288490
1$
#137308820
0$
#137309000
1#
#137329150
10
b11000 /
01
1$
#137349480
0$
#137350000
00
0#
#137369810
1$
#137390140
0$
#137391000
10
1#
#137410470
b11001 /
11
1!
17
1$
#137430800
0$
#137432000
0#
#137451130
1$
#137471460
0$
#137473000
1#
#137491790
00
b11010 /
01
1$
#137512120
0$
#137514000
10
0#
#137532450
1$
#137552780
0$
#137555000
00
1#
#137573110
b11011 /
11
0!
07
1$
#137593440
0$
#137596000
0#
#137613770
1$
#137634100
0$
#137637000
1#
#137654430
10
b11100 /
01
1$
#137674760
0$
#137678000
00
0#
#137695090
1$
#137715420
0$
#137719000
10
1#
#137735750
00
b1 3
b11101 /
11
1!
17
1$
#137756080
0$
#137760000
10
0#
#137776410
1$
#137796740
0$
#137801000
00
1#
#137817070
10
b11110 /
01
0!
07
1$
#137837400
0$
#137842000
00
0#
#137857730
1$
#137878060
0$
#137883000
10
1#
#137898390
00
b10 3
b11111 /
11
1!
17
1$
#137918720
0$
#137924000
10
0#
#137939050
1$
#137959380
0$
#137965000
00
1#
#137979710
10
b100000 /
01
0!
07
1$
#138000040
0$
#138006000
00
0#
#138020370
1$
#138040700
0$
#138047000
10
1#
#138061030
b100001 /
11
1!
17
1$
#138081360
0$
#138088000
0#
#138101690
1$
#138122020
0$
#138129000
1#
#138142350
00
b100010 /
01
1$
#138162680
0$
#138170000
10
0#
#138183010
1$
#138203340
0$
#138211000
00
1#
#138223670
b100011 /
11
0!
07
1$
#138244000
0$
#138252000
0#
#138264330
1$
#138284660
0$
#138293000
1#
#138304990
10
b100100 /
01
1$
#138325320
0$
#138334000
00
0#
#138345650
1$
#138365980
0$
#138375000
10
1#
#138386310
00
b11 3
b100101 /
11
1!
17
1$
#138406640
0$
#138416000
10
0#
#138426970
1$
#138447300
0$
#138457000
00
1#
#138467630
10
b100110 /
01
0!
07
1$
#138487960
0$
#138498000
00
0#
#138508290
1$
#138528620
0$
#138539000
10
1#
#138548950
00
b100 3
b100111 /
11
1!
17
1$
#138569280
0$
#138580000
10
0#
#138589610
1$
#138609940
0$
#138621000
00
1#
#138630270
10
b101000 /
01
0!
07
1$
#138650600
0$
#138662000
00
0#
#138670930
1$
#138691260
0$
#138703000
10
1#
#138711590
b101001 /
11
1!
17
1$
#138731920
0$
#138744000
0#
#138752250
1$
#138772580
0$
#138785000
1#
#138792910
00
b101010 /
01
1$
#138813240
0$
#138826000
10
0#
#138833570
1$
#138853900
0$
#138867000
00
1#
#138874230
b101011 /
11
0!
07
1$
#138894560
0$
#138908000
0#
#138914890
1$
#138935220
0$
#138949000
1#
#138955550
10
b101100 /
01
1$
#138975880
0$
#138990000
00
0#
#138996210
1$
#139016540
0$
#139031000
10
1#
#139036870
00
b101 3
b101101 /
11
1!
17
1$
#139057200
0$
#139072000
10
0#
#139077530
1$
#139097860
0$
#139113000
00
1#
#139118190
10
b101110 /
01
0!
07
1$
#139138520
0$
#139154000
00
0#
#139158850
1$
#139179180
0$
#139195000
10
1#
#139199510
00
b110 3
b101111 /
11
1!
17
1$
#139219840
0$
#139236000
10
0#
#139240170
1$
#139260500
0$
#139277000
00
1#
#139280830
10
b110000 /
01
0!
07
1$
#139301160
0$
#139318000
00
0#
#139321490
1$
#139341820
0$
#139359000
10
1#
#139362150
b110001 /
11
1!
17
1$
#139382480
0$
#139400000
0#
#139402810
1$
#139423140
0$
#139441000
1#
#139443470
00
b110010 /
01
1$
#139463800
0$
#139482000
10
0#
#139484130
1$
#139504460
0$
#139523000
00
1#
#139524790
b110011 /
11
0!
07
1$
#139545120
0$
#139564000
0#
#139565450
1$
#139585780
0$
#139605000
1#
#139606110
10
b110100 /
01
1$
#139626440
0$
#139646000
00
0#
#139646770
1$
#139667100
0$
#139687000
10
1#
#139687430
00
b111 3
b110101 /
11
1!
17
1$
#139707760
0$
#139728000
10
0#
#139728090
1$
#139748420
0$
#139768750
1$
#139769000
00
1#
#139789080
0$
#139809410
10
0!
07
01
b110110 /
1$
#139810000
00
0#
#139829740
0$
#139850070
1$
#139851000
10
1#
#139870400
0$
#139890730
00
1!
17
11
b110111 /
b1000 3
1$
#139892000
10
0#
#139911060
0$
#139931390
1$
#139933000
00
1#
#139951720
0$
#139972050
10
0!
07
01
b111000 /
1$
#139974000
00
0#
#139992380
0$
#140012710
1$
#140015000
10
1#
#140033040
0$
#140053370
1!
17
11
b111001 /
1$
#140056000
0#
#140073700
0$
#140094030
1$
#140097000
1#
#140114360
0$
#140134690
00
01
b111010 /
1$
#140138000
10
0#
#140155020
0$
#140175350
1$
#140179000
00
1#
#140195680
0$
#140216010
0!
07
11
b111011 /
1$
#140220000
0#
#140236340
0$
#140256670
1$
#140261000
1#
#140277000
0$
#140297330
10
01
b111100 /
1$
#140302000
00
0#
#140317660
0$
#140337990
1$
#140343000
10
1#
#140358320
0$
#140378650
1!
17
11
b111101 /
1$
#140384000
0#
#140398980
0$
#140419310
1$
#140425000
1#
#140439640
0$
#140459970
00
01
b111110 /
1$
#140466000
10
0#
#140480300
0$
#140500630
1$
#140507000
00
1#
#140520960
0$
#140541290
0!
07
11
b111111 /
1$
#140548000
0#
#140561620
0$
#140581950
1$
#140589000
1#
#140602280
0$
#140622610
10
01
12
b0 /
1$
#140630000
00
0#
#140642940
0$
#140663270
b1000111 5
b11100 8
b1001100110011000000000000000 *
b1001100110011000 .
b100111 4
02
1$
#140671000
10
1#
#140683600
0$
#140703930
1!
17
11
b1 /
b0 3
1$
#140712000
0#
#140724260
0$
#140744590
1$
#140753000
1#
#140764920
0$
#140785250
01
b10 /
1$
#140794000
0#
#140805580
0$
#140825910
1$
#140835000
1#
#140846240
0$
#140866570
00
11
b11 /
1$
#140876000
10
0#
#140886900
0$
#140907230
1$
#140917000
00
1#
#140927560
0$
#140947890
0!
07
01
b100 /
1$
#140958000
0#
#140968220
0$
#140988550
1$
#140999000
1#
#141008880
0$
#141029210
10
11
b101 /
1$
#141040000
00
0#
#141049540
0$
#141069870
1$
#141081000
10
1#
#141090200
0$
#141110530
00
1!
17
01
b110 /
1$
#141122000
10
0#
#141130860
0$
#141151190
1$
#141163000
00
1#
#141171520
0$
#141191850
0!
07
11
b111 /
1$
#141204000
0#
#141212180
0$
#141232510
1$
#141245000
1#
#141252840
0$
#141273170
10
01
b1000 /
1$
#141286000
00
0#
#141293500
0$
#141313830
1$
#141327000
10
1#
#141334160
0$
#141354490
1!
17
11
b1001 /
1$
#141368000
0#
#141374820
0$
#141395150
1$
#141409000
1#
#141415480
0$
#141435810
00
01
b1010 /
1$
#141450000
10
0#
#141456140
0$
#141476470
1$
#141491000
00
1#
#141496800
0$
#141517130
0!
07
11
b1011 /
1$
#141532000
0#
#141537460
0$
#141557790
1$
#141573000
1#
#141578120
0$
#141598450
10
01
b1100 /
1$
#141614000
00
0#
#141618780
0$
#141639110
1$
#141655000
10
1#
#141659440
0$
#141679770
1!
17
11
b1101 /
1$
#141696000
0#
#141700100
0$
#141720430
1$
#141737000
1#
#141740760
0$
#141761090
00
01
b1110 /
1$
#141778000
10
0#
#141781420
0$
#141801750
1$
#141819000
00
1#
#141822080
0$
#141842410
0!
07
11
b1111 /
1$
#141860000
0#
#141862740
0$
#141883070
1$
#141901000
1#
#141903400
0$
#141923730
10
01
b10000 /
1$
#141942000
00
0#
#141944060
0$
#141964390
1$
#141983000
10
1#
#141984720
0$
#142005050
1!
17
11
b10001 /
1$
#142024000
0#
#142025380
0$
#142045710
1$
#142065000
1#
#142066040
0$
#142086370
00
01
b10010 /
1$
#142106000
10
0#
#142106700
0$
#142127030
1$
#142147000
00
1#
#142147360
0$
#142167690
0!
07
11
b10011 /
1$
#142188000
0#
#142188020
0$
#142208350
1$
#142228680
0$
#142229000
1#
#142249010
10
01
b10100 /
1$
#142269340
0$
#142270000
00
0#
#142289670
1$
#142310000
0$
#142311000
10
1#
#142330330
1!
17
11
b10101 /
1$
#142350660
0$
#142352000
0#
#142370990
1$
#142391320
0$
#142393000
1#
#142411650
00
01
b10110 /
1$
#142431980
0$
#142434000
10
0#
#142452310
1$
#142472640
0$
#142475000
00
1#
#142492970
0!
07
11
b10111 /
1$
#142513300
0$
#142516000
0#
#142533630
1$
#142553960
0$
#142557000
1#
#142574290
10
01
b11000 /
1$
#142594620
0$
#142598000
00
0#
#142614950
1$
#142635280
0$
#142639000
10
1#
#142655610
1!
17
11
b11001 /
1$
#142675940
0$
#142680000
0#
#142696270
1$
#142716600
0$
#142721000
1#
#142736930
00
01
b11010 /
1$
#142757260
0$
#142762000
10
0#
#142777590
1$
#142797920
0$
#142803000
00
1#
#142818250
0!
07
11
b11011 /
1$
#142838580
0$
#142844000
0#
#142858910
1$
#142879240
0$
#142885000
1#
#142899570
10
01
b11100 /
1$
#142919900
0$
#142926000
00
0#
#142940230
1$
#142960560
0$
#142967000
10
1#
#142980890
1!
17
11
b11101 /
1$
#143001220
0$
#143008000
0#
#143021550
1$
#143041880
0$
#143049000
1#
#143062210
00
01
b11110 /
1$
#143082540
0$
#143090000
10
0#
#143102870
1$
#143123200
0$
#143131000
00
1#
#143143530
10
0!
07
11
b11111 /
b1 3
1$
#143163860
0$
#143172000
00
0#
#143184190
1$
#143204520
0$
#143213000
10
1#
#143224850
00
1!
17
01
b100000 /
1$
#143245180
0$
#143254000
10
0#
#143265510
1$
#143285840
0$
#143295000
00
1#
#143306170
10
0!
07
11
b100001 /
b10 3
1$
#143326500
0$
#143336000
00
0#
#143346830
1$
#143367160
0$
#143377000
10
1#
#143387490
00
1!
17
01
b100010 /
1$
#143407820
0$
#143418000
10
0#
#143428150
1$
#143448480
0$
#143459000
00
1#
#143468810
0!
07
11
b100011 /
1$
#143489140
0$
#143500000
0#
#143509470
1$
#143529800
0$
#143541000
1#
#143550130
10
01
b100100 /
1$
#143570460
0$
#143582000
00
0#
#143590790
1$
#143611120
0$
#143623000
10
1#
#143631450
1!
17
11
b100101 /
1$
#143651780
0$
#143664000
0#
#143672110
1$
#143692440
0$
#143705000
1#
#143712770
00
01
b100110 /
1$
#143733100
0$
#143746000
10
0#
#143753430
1$
#143773760
0$
#143787000
00
1#
#143794090
10
0!
07
11
b100111 /
b11 3
1$
#143814420
0$
#143828000
00
0#
#143834750
1$
#143855080
0$
#143869000
10
1#
#143875410
00
1!
17
01
b101000 /
1$
#143895740
0$
#143910000
10
0#
#143916070
1$
#143936400
0$
#143951000
00
1#
#143956730
10
0!
07
11
b101001 /
b100 3
1$
#143977060
0$
#143992000
00
0#
#143997390
1$
#144017720
0$
#144033000
10
1#
#144038050
00
1!
17
01
b101010 /
1$
#144058380
0$
#144074000
10
0#
#144078710
1$
#144099040
0$
#144115000
00
1#
#144119370
0!
07
11
b101011 /
1$
#144139700
0$
#144156000
0#
#144160030
1$
#144180360
0$
#144197000
1#
#144200690
10
01
b101100 /
1$
#144221020
0$
#144238000
00
0#
#144241350
1$
#144261680
0$
#144279000
10
1#
#144282010
1!
17
11
b101101 /
1$
#144302340
0$
#144320000
0#
#144322670
1$
#144343000
0$
#144361000
1#
#144363330
00
01
b101110 /
1$
#144383660
0$
#144402000
10
0#
#144403990
1$
#144424320
0$
#144443000
00
1#
#144444650
10
0!
07
11
b101111 /
b101 3
1$
#144464980
0$
#144484000
00
0#
#144485310
1$
#144505640
0$
#144525000
10
1#
#144525970
00
1!
17
01
b110000 /
1$
#144546300
0$
#144566000
10
0#
#144566630
1$
#144586960
0$
#144607000
00
1#
#144607290
10
0!
07
11
b110001 /
b110 3
1$
#144627620
0$
#144647950
00
b110010 /
01
1!
17
1$
#144648000
10
0#
#144668280
0$
#144688610
1$
#144689000
00
1#
#144708940
0$
#144729270
b110011 /
11
0!
07
1$
#144730000
0#
#144749600
0$
#144769930
1$
#144771000
1#
#144790260
0$
#144810590
10
b110100 /
01
1$
#144812000
00
0#
#144830920
0$
#144851250
1$
#144853000
10
1#
#144871580
0$
#144891910
b110101 /
11
1!
17
1$
#144894000
0#
#144912240
0$
#144932570
1$
#144935000
1#
#144952900
0$
#144973230
00
b110110 /
01
1$
#144976000
10
0#
#144993560
0$
#145013890
1$
#145017000
00
1#
#145034220
0$
#145054550
10
b111 3
b110111 /
11
0!
07
1$
#145058000
00
0#
#145074880
0$
#145095210
1$
#145099000
10
1#
#145115540
0$
#145135870
00
b111000 /
01
1!
17
1$
#145140000
10
0#
#145156200
0$
#145176530
1$
#145181000
00
1#
#145196860
0$
#145217190
b111001 /
11
0!
07
1$
#145222000
0#
#145237520
0$
#145257850
1$
#145263000
1#
#145278180
0$
#145298510
10
b111010 /
01
1$
#145304000
00
0#
#145318840
0$
#145339170
1$
#145345000
10
1#
#145359500
0$
#145379830
b111011 /
11
1!
17
1$
#145386000
0#
#145400160
0$
#145420490
1$
#145427000
1#
#145440820
0$
#145461150
00
b111100 /
01
1$
#145468000
10
0#
#145481480
0$
#145501810
1$
#145509000
00
1#
#145522140
0$
#145542470
b111101 /
11
0!
07
1$
#145550000
0#
#145562800
0$
#145583130
1$
#145591000
1#
#145603460
0$
#145623790
10
b111110 /
01
1$
#145632000
00
0#
#145644120
0$
#145664450
1$
#145673000
10
1#
#145684780
0$
#145705110
00
b111111 /
11
1!
17
1$
#145714000
10
0#
#145725440
0$
#145745770
1$
#145755000
00
1#
#145766100
0$
#145786430
10
12
b0 /
01
0!
07
1$
#145796000
00
0#
#145806760
0$
#145827090
b100111 5
02
b1000111 4
1"
b1011101110111010 6
b1101110111011101000000000000 *
b1101110111011101 .
b11101 8
1$
#145837000
10
1#
#145847420
0$
#145867750
0"
b0 3
b1 /
11
1!
17
b11011101110111001110111011101110 (
b11011101110111001110111011101110 )
b11111111111111110 &
b1111111111111111 %
1$
#145878000
0#
#145888080
0$
#145908410
1$
#145919000
1#
#145928740
0$
#145949070
b10 /
01
1$
#145960000
0#
#145969400
0$
#145989730
1$
#146001000
1#
#146010060
0$
#146030390
00
b11 /
11
1$
#146042000
10
0#
#146050720
0$
#146071050
1$
#146083000
00
1#
#146091380
0$
#146111710
b100 /
01
0!
07
1$
#146124000
0#
#146132040
0$
#146152370
1$
#146165000
1#
#146172700
0$
#146193030
b101 /
11
1$
#146206000
0#
#146213360
0$
#146233690
1$
#146247000
1#
#146254020
0$
#146274350
10
b110 /
01
1$
#146288000
00
0#
#146294680
0$
#146315010
1$
#146329000
10
1#
#146335340
0$
#146355670
00
b111 /
11
1!
17
1$
#146370000
10
0#
#146376000
0$
#146396330
1$
#146411000
00
1#
#146416660
0$
#146436990
10
b1000 /
01
0!
07
1$
#146452000
00
0#
#146457320
0$
#146477650
1$
#146493000
10
1#
#146497980
0$
#146518310
b1001 /
11
1!
17
1$
#146534000
0#
#146538640
0$
#146558970
1$
#146575000
1#
#146579300
0$
#146599630
00
b1010 /
01
1$
#146616000
10
0#
#146619960
0$
#146640290
1$
#146657000
00
1#
#146660620
0$
#146680950
b1011 /
11
0!
07
1$
#146698000
0#
#146701280
0$
#146721610
1$
#146739000
1#
#146741940
0$
#146762270
10
b1100 /
01
1$
#146780000
00
0#
#146782600
0$
#146802930
1$
#146821000
10
1#
#146823260
0$
#146843590
b1101 /
11
1!
17
1$
#146862000
0#
#146863920
0$
#146884250
1$
#146903000
1#
#146904580
0$
#146924910
00
b1110 /
01
1$
#146944000
10
0#
#146945240
0$
#146965570
1$
#146985000
00
1#
#146985900
0$
#147006230
b1111 /
11
0!
07
1$
#147026000
0#
#147026560
0$
#147046890
1$
#147067000
1#
#147067220
0$
#147087550
10
b10000 /
01
1$
#147107880
0$
#147108000
00
0#
#147128210
1$
#147148540
0$
#147149000
10
1#
#147168870
b10001 /
11
1!
17
1$
#147189200
0$
#147190000
0#
#147209530
1$
#147229860
0$
#147231000
1#
#147250190
00
b10010 /
01
1$
#147270520
0$
#147272000
10
0#
#147290850
1$
#147311180
0$
#147313000
00
1#
#147331510
b10011 /
11
0!
07
1$
#147351840
0$
#147354000
0#
#147372170
1$
#147392500
0$
#147395000
1#
#147412830
10
b10100 /
01
1$
#147433160
0$
#147436000
00
0#
#147453490
1$
#147473820
0$
#147477000
10
1#
#147494150
b10101 /
11
1!
17
1$
#147514480
0$
#147518000
0#
#147534810
1$
#147555140
0$
#147559000
1#
#147575470
00
b10110 /
01
1$
#147595800
0$
#147600000
10
0#
#147616130
1$
#147636460
0$
#147641000
00
1#
#147656790
b10111 /
11
0!
07
1$
#147677120
0$
#147682000
0#
#147697450
1$
#147717780
0$
#147723000
1#
#147738110
10
b11000 /
01
1$
#147758440
0$
#147764000
00
0#
#147778770
1$
#147799100
0$
#147805000
10
1#
#147819430
00
b1 3
b11001 /
11
1!
17
1$
#147839760
0$
#147846000
10
0#
#147860090
1$
#147880420
0$
#147887000
00
1#
#147900750
10
b11010 /
01
0!
07
1$
#147921080
0$
#147928000
00
0#
#147941410
1$
#147961740
0$
#147969000
10
1#
#147982070
b11011 /
11
1!
17
1$
#148002400
0$
#148010000
0#
#148022730
1$
#148043060
0$
#148051000
1#
#148063390
00
b11100 /
01
1$
#148083720
0$
#148092000
10
0#
#148104050
1$
#148124380
0$
#148133000
00
1#
#148144710
10
b10 3
b11101 /
11
0!
07
1$
#148165040
0$
#148174000
00
0#
#148185370
1$
#148205700
0$
#148215000
10
1#
#148226030
00
b11110 /
01
1!
17
1$
#148246360
0$
#148256000
10
0#
#148266690
1$
#148287020
0$
#148297000
00
1#
#148307350
10
b11 3
b11111 /
11
0!
07
1$
#148327680
0$
#148338000
00
0#
#148348010
1$
#148368340
0$
#148379000
10
1#
#148388670
00
b100000 /
01
1!
17
1$
#148409000
0$
#148420000
10
0#
#148429330
1$
#148449660
0$
#148461000
00
1#
#148469990
10
b100 3
b100001 /
11
0!
07
1$
#148490320
0$
#148502000
00
0#
#148510650
1$
#148530980
0$
#148543000
10
1#
#148551310
00
b100010 /
01
1!
17
1$
#148571640
0$
#148584000
10
0#
#148591970
1$
#148612300
0$
#148625000
00
1#
#148632630
b100011 /
11
0!
07
1$
#148652960
0$
#148666000
0#
#148673290
1$
#148693620
0$
#148707000
1#
#148713950
10
b100100 /
01
1$
#148734280
0$
#148748000
00
0#
#148754610
1$
#148774940
0$
#148789000
10
1#
#148795270
00
b101 3
b100101 /
11
1!
17
1$
#148815600
0$
#148830000
10
0#
#148835930
1$
#148856260
0$
#148871000
00
1#
#148876590
10
b100110 /
01
0!
07
1$
#148896920
0$
#148912000
00
0#
#148917250
1$
#148937580
0$
#148953000
10
1#
#148957910
00
b110 3
b100111 /
11
1!
17
1$
#148978240
0$
#148994000
10
0#
#148998570
1$
#149018900
0$
#149035000
00
1#
#149039230
10
b101000 /
01
0!
07
1$
#149059560
0$
#149076000
00
0#
#149079890
1$
#149100220
0$
#149117000
10
1#
#149120550
00
b111 3
b101001 /
11
1!
17
1$
#149140880
0$
#149158000
10
0#
#149161210
1$
#149181540
0$
#149199000
00
1#
#149201870
10
b101010 /
01
0!
07
1$
#149222200
0$
#149240000
00
0#
#149242530
1$
#149262860
0$
#149281000
10
1#
#149283190
b101011 /
11
1!
17
1$
#149303520
0$
#149322000
0#
#149323850
1$
#149344180
0$
#149363000
1#
#149364510
00
b101100 /
01
1$
#149384840
0$
#149404000
10
0#
#149405170
1$
#149425500
0$
#149445000
00
1#
#149445830
10
b1000 3
b101101 /
11
0!
07
1$
#149466160
0$
#149486000
00
0#
#149486490
1$
#149506820
0$
#149527000
10
1#
#149527150
00
b101110 /
01
1!
17
1$
#149547480
0$
#149567810
10
0!
07
11
b101111 /
b1001 3
1$
#149568000
00
0#
#149588140
0$
#149608470
1$
#149609000
10
1#
#149628800
0$
#149649130
00
1!
17
01
b110000 /
1$
#149650000
10
0#
#149669460
0$
#149689790
1$
#149691000
00
1#
#149710120
0$
#149730450
10
0!
07
11
b110001 /
b1010 3
1$
#149732000
00
0#
#149750780
0$
#149771110
1$
#149773000
10
1#
#149791440
0$
#149811770
00
1!
17
01
b110010 /
1$
#149814000
10
0#
#149832100
0$
#149852430
1$
#149855000
00
1#
#149872760
0$
#149893090
0!
07
11
b110011 /
1$
#149896000
0#
#149913420
0$
#149933750
1$
#149937000
1#
#149954080
0$
#149974410
10
01
b110100 /
1$
#149978000
00
0#
#149994740
0$
#150015070
1$
#150019000
10
1#
#150035400
0$
#150055730
00
1!
17
11
b110101 /
b1011 3
1$
#150060000
10
0#
#150076060
0$
#150096390
1$
#150101000
00
1#
#150116720
0$
#150137050
10
0!
07
01
b110110 /
1$
#150142000
00
0#
#150157380
0$
#150177710
1$
#150183000
10
1#
#150198040
0$
#150218370
00
1!
17
11
b110111 /
b1100 3
1$
#150224000
10
0#
#150238700
0$
#150259030
1$
#150265000
00
1#
#150279360
0$
#150299690
10
0!
07
01
b111000 /
1$
#150306000
00
0#
#150320020
0$
#150340350
1$
#150347000
10
1#
#150360680
0$
#150381010
1!
17
11
b111001 /
1$
#150388000
0#
#150401340
0$
#150421670
1$
#150429000
1#
#150442000
0$
#150462330
00
01
b111010 /
1$
#150470000
10
0#
#150482660
0$
#150502990
1$
#150511000
00
1#
#150523320
0$
#150543650
0!
07
11
b111011 /
1$
#150552000
0#
#150563980
0$
#150584310
1$
#150593000
1#
#150604640
0$
#150624970
10
01
b111100 /
1$
#150634000
00
0#
#150645300
0$
#150665630
1$
#150675000
10
1#
#150685960
0$
#150706290
1!
17
11
b111101 /
1$
#150716000
0#
#150726620
0$
#150746950
1$
#150757000
1#
#150767280
0$
#150787610
00
01
b111110 /
1$
#150798000
10
0#
#150807940
0$
#150828270
1$
#150839000
00
1#
#150848600
0$
#150868930
0!
07
11
b111111 /
1$
#150880000
0#
#150889260
0$
#150909590
1$
#150921000
1#
#150929920
0$
#150950250
10
01
12
b0 /
1$
#150962000
00
0#
#150970580
0$
#150990910
b1000111 5
b11110 8
b1011101110111010000000000000 *
b1011101110111010 .
b100111 4
02
1$
#151003000
10
1#
#151011240
0$
#151031570
1!
17
11
b1 /
b0 3
1$
#151044000
0#
#151051900
0$
#151072230
1$
#151085000
1#
#151092560
0$
#151112890
01
b10 /
1$
#151126000
0#
#151133220
0$
#151153550
1$
#151167000
1#
#151173880
0$
#151194210
00
11
b11 /
1$
#151208000
10
0#
#151214540
0$
#151234870
1$
#151249000
00
1#
#151255200
0$
#151275530
0!
07
01
b100 /
1$
#151290000
0#
#151295860
0$
#151316190
1$
#151331000
1#
#151336520
0$
#151356850
10
11
b101 /
1$
#151372000
00
0#
#151377180
0$
#151397510
1$
#151413000
10
1#
#151417840
0$
#151438170
00
1!
17
01
b110 /
1$
#151454000
10
0#
#151458500
0$
#151478830
1$
#151495000
00
1#
#151499160
0$
#151519490
0!
07
11
b111 /
1$
#151536000
0#
#151539820
0$
#151560150
1$
#151577000
1#
#151580480
0$
#151600810
10
01
b1000 /
1$
#151618000
00
0#
#151621140
0$
#151641470
1$
#151659000
10
1#
#151661800
0$
#151682130
1!
17
11
b1001 /
1$
#151700000
0#
#151702460
0$
#151722790
1$
#151741000
1#
#151743120
0$
#151763450
00
01
b1010 /
1$
#151782000
10
0#
#151783780
0$
#151804110
1$
#151823000
00
1#
#151824440
0$
#151844770
0!
07
11
b1011 /
1$
#151864000
0#
#151865100
0$
#151885430
1$
#151905000
1#
#151905760
0$
#151926090
10
01
b1100 /
1$
#151946000
00
0#
#151946420
0$
#151966750
1$
#151987000
10
1#
#151987080
0$
#152007410
1!
17
11
b1101 /
1$
#152027740
0$
#152028000
0#
#152048070
1$
#152068400
0$
#152069000
1#
#152088730
00
01
b1110 /
1$
#152109060
0$
#152110000
10
0#
#152129390
1$
#152149720
0$
#152151000
00
1#
#152170050
0!
07
11
b1111 /
1$
#152190380
0$
#152192000
0#
#152210710
1$
#152231040
0$
#152233000
1#
#152251370
10
01
b10000 /
1$
#152271700
0$
#152274000
00
0#
#152292030
1$
#152312360
0$
#152315000
10
1#
#152332690
1!
17
11
b10001 /
1$
#152353020
0$
#152356000
0#
#152373350
1$
#152393680
0$
#152397000
1#
#152414010
00
01
b10010 /
1$
#152434340
0$
#152438000
10
0#
#152454670
1$
#152475000
0$
#152479000
00
1#
#152495330
0!
07
11
b10011 /
1$
#152515660
0$
#152520000
0#
#152535990
1$
#152556320
0$
#152561000
1#
#152576650
10
01
b10100 /
1$
#152596980
0$
#152602000
00
0#
#152617310
1$
#152637640
0$
#152643000
10
1#
#152657970
1!
17
11
b10101 /
1$
#152678300
0$
#152684000
0#
#152698630
1$
#152718960
0$
#152725000
1#
#152739290
00
01
b10110 /
1$
#152759620
0$
#152766000
10
0#
#152779950
1$
#152800280
0$
#152807000
00
1#
#152820610
0!
07
11
b10111 /
1$
#152840940
0$
#152848000
0#
#152861270
1$
#152881600
0$
#152889000
1#
#152901930
10
01
b11000 /
1$
#152922260
0$
#152930000
00
0#
#152942590
1$
#152962920
0$
#152971000
10
1#
#152983250
1!
17
11
b11001 /
1$
#153003580
0$
#153012000
0#
#153023910
1$
#153044240
0$
#153053000
1#
#153064570
00
01
b11010 /
1$
#153084900
0$
#153094000
10
0#
#153105230
1$
#153125560
0$
#153135000
00
1#
#153145890
10
0!
07
11
b11011 /
b1 3
1$
#153166220
0$
#153176000
00
0#
#153186550
1$
#153206880
0$
#153217000
10
1#
#153227210
00
1!
17
01
b11100 /
1$
#153247540
0$
#153258000
10
0#
#153267870
1$
#153288200
0$
#153299000
00
1#
#153308530
0!
07
11
b11101 /
1$
#153328860
0$
#153340000
0#
#153349190
1$
#153369520
0$
#153381000
1#
#153389850
10
01
b11110 /
1$
#153410180
0$
#153422000
00
0#
#153430510
1$
#153450840
0$
#153463000
10
1#
#153471170
00
1!
17
11
b11111 /
b10 3
1$
#153491500
0$
#153504000
10
0#
#153511830
1$
#153532160
0$
#153545000
00
1#
#153552490
10
0!
07
01
b100000 /
1$
#153572820
0$
#153586000
00
0#
#153593150
1$
#153613480
0$
#153627000
10
1#
#153633810
00
1!
17
11
b100001 /
b11 3
1$
#153654140
0$
#153668000
10
0#
#153674470
1$
#153694800
0$
#153709000
00
1#
#153715130
10
0!
07
01
b100010 /
1$
#153735460
0$
#153750000
00
0#
#153755790
1$
#153776120
0$
#153791000
10
1#
#153796450
00
1!
17
11
b100011 /
b100 3
1$
#153816780
0$
#153832000
10
0#
#153837110
1$
#153857440
0$
#153873000
00
1#
#153877770
10
0!
07
01
b100100 /
1$
#153898100
0$
#153914000
00
0#
#153918430
1$
#153938760
0$
#153955000
10
1#
#153959090
1!
17
11
b100101 /
1$
#153979420
0$
#153996000
0#
#153999750
1$
#154020080
0$
#154037000
1#
#154040410
00
01
b100110 /
1$
#154060740
0$
#154078000
10
0#
#154081070
1$
#154101400
0$
#154119000
00
1#
#154121730
10
0!
07
11
b100111 /
b101 3
1$
#154142060
0$
#154160000
00
0#
#154162390
1$
#154182720
0$
#154201000
10
1#
#154203050
00
1!
17
01
b101000 /
1$
#154223380
0$
#154242000
10
0#
#154243710
1$
#154264040
0$
#154283000
00
1#
#154284370
10
0!
07
11
b101001 /
b110 3
1$
#154304700
0$
#154324000
00
0#
#154325030
1$
#154345360
0$
#154365000
10
1#
#154365690
00
1!
17
01
b101010 /
1$
#154386020
0$
#154406000
10
0#
#154406350
1$
#154426680
0$
#154447000
00
1#
#154447010
10
0!
07
11
b101011 /
b111 3
1$
#154467340
0$
#154487670
00
b101100 /
01
1!
17
1$
#154488000
10
0#
#154508000
0$
#154528330
1$
#154529000
00
1#
#154548660
0$
#154568990
b101101 /
11
0!
07
1$
#154570000
0#
#154589320
0$
#154609650
1$
#154611000
1#
#154629980
0$
#154650310
10
b101110 /
01
1$
#154652000
00
0#
#154670640
0$
#154690970
1$
#154693000
10
1#
#154711300
0$
#154731630
00
b1000 3
b101111 /
11
1!
17
1$
#154734000
10
0#
#154751960
0$
#154772290
1$
#154775000
00
1#
#154792620
0$
#154812950
10
b110000 /
01
0!
07
1$
#154816000
00
0#
#154833280
0$
#154853610
1$
#154857000
10
1#
#154873940
0$
#154894270
00
b1001 3
b110001 /
11
1!
17
1$
#154898000
10
0#
#154914600
0$
#154934930
1$
#154939000
00
1#
#154955260
0$
#154975590
10
b110010 /
01
0!
07
1$
#154980000
00
0#
#154995920
0$
#155016250
1$
#155021000
10
1#
#155036580
0$
#155056910
00
b1010 3
b110011 /
11
1!
17
1$
#155062000
10
0#
#155077240
0$
#155097570
1$
#155103000
00
1#
#155117900
0$
#155138230
10
b110100 /
01
0!
07
1$
#155144000
00
0#
#155158560
0$
#155178890
1$
#155185000
10
1#
#155199220
0$
#155219550
b110101 /
11
1!
17
1$
#155226000
0#
#155239880
0$
#155260210
1$
#155267000
1#
#155280540
0$
#155300870
00
b110110 /
01
1$
#155308000
10
0#
#155321200
0$
#155341530
1$
#155349000
00
1#
#155361860
0$
#155382190
10
b1011 3
b110111 /
11
0!
07
1$
#155390000
00
0#
#155402520
0$
#155422850
1$
#155431000
10
1#
#155443180
0$
#155463510
00
b111000 /
01
1!
17
1$
#155472000
10
0#
#155483840
0$
#155504170
1$
#155513000
00
1#
#155524500
0$
#155544830
b111001 /
11
0!
07
1$
#155554000
0#
#155565160
0$
#155585490
1$
#155595000
1#
#155605820
0$
#155626150
10
b111010 /
01
1$
#155636000
00
0#
#155646480
0$
#155666810
1$
#155677000
10
1#
#155687140
0$
#155707470
b111011 /
11
1!
17
1$
#155718000
0#
#155727800
0$
#155748130
1$
#155759000
1#
#155768460
0$
#155788790
00
b111100 /
01
1$
#155800000
10
0#
#155809120
0$
#155829450
1$
#155841000
00
1#
#155849780
0$
#155870110
b111101 /
11
0!
07
1$
#155882000
0#
#155890440
0$
#155910770
1$
#155923000
1#
#155931100
0$
#155951430
10
b111110 /
01
1$
#155964000
00
0#
#155971760
0$
#155992090
1$
#156005000
10
1#
#156012420
0$
#156032750
00
b111111 /
11
1!
17
1$
#156046000
10
0#
#156053080
0$
#156073410
1$
#156087000
00
1#
#156093740
0$
#156114070
10
12
b0 /
01
0!
07
1$
#156128000
00
0#
#156134400
0$
#156154730
b100111 5
02
b1000111 4
1"
b1101110111011100 6
b1110111011101110000000000000 *
b1110111011101110 .
b11111 8
1$
#156169000
10
1#
#156175060
0$
#156195390
0"
b0 3
b1 /
11
1!
17
b11111111111111101111111111111111 (
b11111111111111101111111111111111 )
b100010001000100000 &
b10001000100010000 %
1$
#156210000
0#
#156215720
0$
#156236050
1$
#156251000
1#
#156256380
0$
#156276710
b10 /
01
1$
#156292000
0#
#156297040
0$
#156317370
1$
#156333000
1#
#156337700
0$
#156358030
00
b11 /
11
1$
#156374000
10
0#
#156378360
0$
#156398690
1$
#156415000
00
1#
#156419020
0$
#156439350
b100 /
01
0!
07
1$
#156456000
0#
#156459680
0$
#156480010
1$
#156497000
1#
#156500340
0$
#156520670
b101 /
11
1$
#156538000
0#
#156541000
0$
#156561330
1$
#156579000
1#
#156581660
0$
#156601990
10
b110 /
01
1$
#156620000
00
0#
#156622320
0$
#156642650
1$
#156661000
10
1#
#156662980
0$
#156683310
00
b111 /
11
1!
17
1$
#156702000
10
0#
#156703640
0$
#156723970
1$
#156743000
00
1#
#156744300
0$
#156764630
10
b1000 /
01
0!
07
1$
#156784000
00
0#
#156784960
0$
#156805290
1$
#156825000
10
1#
#156825620
0$
#156845950
b1001 /
11
1!
17
1$
#156866000
0#
#156866280
0$
#156886610
1$
#156906940
0$
#156907000
1#
#156927270
00
b1010 /
01
1$
#156947600
0$
#156948000
10
0#
#156967930
1$
#156988260
0$
#156989000
00
1#
#157008590
b1011 /
11
0!
07
1$
#157028920
0$
#157030000
0#
#157049250
1$
#157069580
0$
#157071000
1#
#157089910
10
b1100 /
01
1$
#157110240
0$
#157112000
00
0#
#157130570
1$
#157150900
0$
#157153000
10
1#
#157171230
b1101 /
11
1!
17
1$
#157191560
0$
#157194000
0#
#157211890
1$
#157232220
0$
#157235000
1#
#157252550
00
b1110 /
01
1$
#157272880
0$
#157276000
10
0#
#157293210
1$
#157313540
0$
#157317000
00
1#
#157333870
b1111 /
11
0!
07
1$
#157354200
0$
#157358000
0#
#157374530
1$
#157394860
0$
#157399000
1#
#157415190
10
b10000 /
01
1$
#157435520
0$
#157440000
00
0#
#157455850
1$
#157476180
0$
#157481000
10
1#
#157496510
b10001 /
11
1!
17
1$
#157516840
0$
#157522000
0#
#157537170
1$
#157557500
0$
#157563000
1#
#157577830
00
b10010 /
01
1$
#157598160
0$
#157604000
10
0#
#157618490
1$
#157638820
0$
#157645000
00
1#
#157659150
b10011 /
11
0!
07
1$
#157679480
0$
#157686000
0#
#157699810
1$
#157720140
0$
#157727000
1#
#157740470
10
b10100 /
01
1$
#157760800
0$
#157768000
00
0#
#157781130
1$
#157801460
0$
#157809000
10
1#
#157821790
b10101 /
11
1!
17
1$
#157842120
0$
#157850000
0#
#157862450
1$
#157882780
0$
#157891000
1#
#157903110
00
b10110 /
01
1$
#157923440
0$
#157932000
10
0#
#157943770
1$
#157964100
0$
#157973000
00
1#
#157984430
b10111 /
11
0!
07
1$
#158004760
0$
#158014000
0#
#158025090
1$
#158045420
0$
#158055000
1#
#158065750
10
b11000 /
01
1$
#158086080
0$
#158096000
00
0#
#158106410
1$
#158126740
0$
#158137000
10
1#
#158147070
b11001 /
11
1!
17
1$
#158167400
0$
#158178000
0#
#158187730
1$
#158208060
0$
#158219000
1#
#158228390
00
b11010 /
01
1$
#158248720
0$
#158260000
10
0#
#158269050
1$
#158289380
0$
#158301000
00
1#
#158309710
10
b1 3
b11011 /
11
0!
07
1$
#158330040
0$
#158342000
00
0#
#158350370
1$
#158370700
0$
#158383000
10
1#
#158391030
00
b11100 /
01
1!
17
1$
#158411360
0$
#158424000
10
0#
#158431690
1$
#158452020
0$
#158465000
00
1#
#158472350
10
b10 3
b11101 /
11
0!
07
1$
#158492680
0$
#158506000
00
0#
#158513010
1$
#158533340
0$
#158547000
10
1#
#158553670
00
b11110 /
01
1!
17
1$
#158574000
0$
#158588000
10
0#
#158594330
1$
#158614660
0$
#158629000
00
1#
#158634990
10
b11 3
b11111 /
11
0!
07
1$
#158655320
0$
#158670000
00
0#
#158675650
1$
#158695980
0$
#158711000
10
1#
#158716310
00
b100000 /
01
1!
17
1$
#158736640
0$
#158752000
10
0#
#158756970
1$
#158777300
0$
#158793000
00
1#
#158797630
b100001 /
11
0!
07
1$
#158817960
0$
#158834000
0#
#158838290
1$
#158858620
0$
#158875000
1#
#158878950
10
b100010 /
01
1$
#158899280
0$
#158916000
00
0#
#158919610
1$
#158939940
0$
#158957000
10
1#
#158960270
00
b100 3
b100011 /
11
1!
17
1$
#158980600
0$
#158998000
10
0#
#159000930
1$
#159021260
0$
#159039000
00
1#
#159041590
10
b100100 /
01
0!
07
1$
#159061920
0$
#159080000
00
0#
#159082250
1$
#159102580
0$
#159121000
10
1#
#159122910
00
b101 3
b100101 /
11
1!
17
1$
#159143240
0$
#159162000
10
0#
#159163570
1$
#159183900
0$
#159203000
00
1#
#159204230
10
b100110 /
01
0!
07
1$
#159224560
0$
#159244000
00
0#
#159244890
1$
#159265220
0$
#159285000
10
1#
#159285550
00
b110 3
b100111 /
11
1!
17
1$
#159305880
0$
#159326000
10
0#
#159326210
1$
#159346540
0$
#159366870
1$
#159367000
00
1#
#159387200
0$
#159407530
10
0!
07
01
b101000 /
1$
#159408000
00
0#
#159427860
0$
#159448190
1$
#159449000
10
1#
#159468520
0$
#159488850
1!
17
11
b101001 /
1$
#159490000
0#
#159509180
0$
#159529510
1$
#159531000
1#
#159549840
0$
#159570170
00
01
b101010 /
1$
#159572000
10
0#
#159590500
0$
#159610830
1$
#159613000
00
1#
#159631160
0$
#159651490
10
0!
07
11
b101011 /
b111 3
1$
#159654000
00
0#
#159671820
0$
#159692150
1$
#159695000
10
1#
#159712480
0$
#159732810
00
1!
17
01
b101100 /
1$
#159736000
10
0#
#159753140
0$
#159773470
1$
#159777000
00
1#
#159793800
0$
#159814130
10
0!
07
11
b101101 /
b1000 3
1$
#159818000
00
0#
#159834460
0$
#159854790
1$
#159859000
10
1#
#159875120
0$
#159895450
00
1!
17
01
b101110 /
1$
#159900000
10
0#
#159915780
0$
#159936110
1$
#159941000
00
1#
#159956440
0$
#159976770
10
0!
07
11
b101111 /
b1001 3
1$
#159982000
00
0#
#159997100
0$
#160017430
1$
#160023000
10
1#
#160037760
0$
#160058090
00
1!
17
01
b110000 /
1$
#160064000
10
0#
#160078420
0$
#160098750
1$
#160105000
00
1#
#160119080
0$
#160139410
0!
07
11
b110001 /
1$
#160146000
0#
#160159740
0$
#160180070
1$
#160187000
1#
#160200400
0$
#160220730
10
01
b110010 /
1$
#160228000
00
0#
#160241060
0$
#160261390
1$
#160269000
10
1#
#160281720
0$
#160302050
00
1!
17
11
b110011 /
b1010 3
1$
#160310000
10
0#
#160322380
0$
#160342710
1$
#160351000
00
1#
#160363040
0$
#160383370
10
0!
07
01
b110100 /
1$
#160392000
00
0#
#160403700
0$
#160424030
1$
#160433000
10
1#
#160444360
0$
#160464690
00
1!
17
11
b110101 /
b1011 3
1$
#160474000
10
0#
#160485020
0$
#160505350
1$
#160515000
00
1#
#160525680
0$
#160546010
10
0!
07
01
b110110 /
1$
#160556000
00
0#
#160566340
0$
#160586670
1$
#160597000
10
1#
#160607000
0$
#160627330
00
1!
17
11
b110111 /
b1100 3
1$
#160638000
10
0#
#160647660
0$
#160667990
1$
#160679000
00
1#
#160688320
0$
#160708650
10
0!
07
01
b111000 /
1$
#160720000
00
0#
#160728980
0$
#160749310
1$
#160761000
10
1#
#160769640
0$
#160789970
1!
17
11
b111001 /
1$
#160802000
0#
#160810300
0$
#160830630
1$
#160843000
1#
#160850960
0$
#160871290
00
01
b111010 /
1$
#160884000
10
0#
#160891620
0$
#160911950
1$
#160925000
00
1#
#160932280
0$
#160952610
0!
07
11
b111011 /
1$
#160966000
0#
#160972940
0$
#160993270
1$
#161007000
1#
#161013600
0$
#161033930
10
01
b111100 /
1$
#161048000
00
0#
#161054260
0$
#161074590
1$
#161089000
10
1#
#161094920
0$
#161115250
1!
17
11
b111101 /
1$
#161130000
0#
#161135580
0$
#161155910
1$
#161171000
1#
#161176240
0$
#161196570
00
01
b111110 /
1$
#161212000
10
0#
#161216900
0$
#161237230
1$
#161253000
00
1#
#161257560
0$
#161277890
0!
07
11
b111111 /
1$
#161294000
0#
#161298220
0$
#161318550
1$
#161335000
1#
#161338880
0$
#161359210
10
01
12
b0 /
1$
#161376000
00
0#
#161379540
0$
#161399870
b1000111 5
b100000 8
b1101110111011100000000000000 *
b1101110111011100 .
b100111 4
02
1$
#161417000
10
1#
#161420200
0$
#161440530
1!
17
11
b1 /
b0 3
1$
#161458000
0#
#161460860
0$
#161481190
1$
#161499000
1#
#161501520
0$
#161521850
01
b10 /
1$
#161540000
0#
#161542180
0$
#161562510
1$
#161581000
1#
#161582840
0$
#161603170
00
11
b11 /
1$
#161622000
10
0#
#161623500
0$
#161643830
1$
#161663000
00
1#
#161664160
0$
#161684490
0!
07
01
b100 /
1$
#161704000
0#
#161704820
0$
#161725150
1$
#161745000
1#
#161745480
0$
#161765810
10
11
b101 /
1$
#161786000
00
0#
#161786140
0$
#161806470
1$
#161826800
0$
#161827000
10
1#
#161847130
00
1!
17
01
b110 /
1$
#161867460
0$
#161868000
10
0#
#161887790
1$
#161908120
0$
#161909000
00
1#
#161928450
0!
07
11
b111 /
1$
#161948780
0$
#161950000
0#
#161969110
1$
#161989440
0$
#161991000
1#
#162009770
10
01
b1000 /
1$
#162030100
0$
#162032000
00
0#
#162050430
1$
#162070760
0$
#162073000
10
1#
#162091090
1!
17
11
b1001 /
1$
#162111420
0$
#162114000
0#
#162131750
1$
#162152080
0$
#162155000
1#
#162172410
00
01
b1010 /
1$
#162192740
0$
#162196000
10
0#
#162213070
1$
#162233400
0$
#162237000
00
1#
#162253730
0!
07
11
b1011 /
1$
#162274060
0$
#162278000
0#
#162294390
1$
#162314720
0$
#162319000
1#
#162335050
10
01
b1100 /
1$
#162355380
0$
#162360000
00
0#
#162375710
1$
#162396040
0$
#162401000
10
1#
#162416370
1!
17
11
b1101 /
1$
#162436700
0$
#162442000
0#
#162457030
1$
#162477360
0$
#162483000
1#
#162497690
00
01
b1110 /
1$
#162518020
0$
#162524000
10
0#
#162538350
1$
#162558680
0$
#162565000
00
1#
#162579010
0!
07
11
b1111 /
1$
#162599340
0$
#162606000
0#
#162619670
1$
#162640000
0$
#162647000
1#
#162660330
10
01
b10000 /
1$
#162680660
0$
#162688000
00
0#
#162700990
1$
#162721320
0$
#162729000
10
1#
#162741650
1!
17
11
b10001 /
1$
#162761980
0$
#162770000
0#
#162782310
1$
#162802640
0$
#162811000
1#
#162822970
00
01
b10010 /
1$
#162843300
0$
#162852000
10
0#
#162863630
1$
#162883960
0$
#162893000
00
1#
#162904290
0!
07
11
b10011 /
1$
#162924620
0$
#162934000
0#
#162944950
1$
#162965280
0$
#162975000
1#
#162985610
10
01
b10100 /
1$
#163005940
0$
#163016000
00
0#
#163026270
1$
#163046600
0$
#163057000
10
1#
#163066930
1!
17
11
b10101 /
1$
#163087260
0$
#163098000
0#
#163107590
1$
#163127920
0$
#163139000
1#
#163148250
00
01
b10110 /
1$
#163168580
0$
#163180000
10
0#
#163188910
1$
#163209240
0$
#163221000
00
1#
#163229570
0!
07
11
b10111 /
1$
#163249900
0$
#163262000
0#
#163270230
1$
#163290560
0$
#163303000
1#
#163310890
10
01
b11000 /
1$
#163331220
0$
#163344000
00
0#
#163351550
1$
#163371880
0$
#163385000
10
1#
#163392210
1!
17
11
b11001 /
1$
#163412540
0$
#163426000
0#
#163432870
1$
#163453200
0$
#163467000
1#
#163473530
00
01
b11010 /
1$
#163493860
0$
#163508000
10
0#
#163514190
1$
#163534520
0$
#163549000
00
1#
#163554850
0!
07
11
b11011 /
1$
#163575180
0$
#163590000
0#
#163595510
1$
#163615840
0$
#163631000
1#
#163636170
10
01
b11100 /
1$
#163656500
0$
#163672000
00
0#
#163676830
1$
#163697160
0$
#163713000
10
1#
#163717490
00
1!
17
11
b11101 /
b1 3
1$
#163737820
0$
#163754000
10
0#
#163758150
1$
#163778480
0$
#163795000
00
1#
#163798810
10
0!
07
01
b11110 /
1$
#163819140
0$
#163836000
00
0#
#163839470
1$
#163859800
0$
#163877000
10
1#
#163880130
00
1!
17
11
b11111 /
b10 3
1$
#163900460
0$
#163918000
10
0#
#163920790
1$
#163941120
0$
#163959000
00
1#
#163961450
10
0!
07
01
b100000 /
1$
#163981780
0$
#164000000
00
0#
#164002110
1$
#164022440
0$
#164041000
10
1#
#164042770
00
1!
17
11
b100001 /
b11 3
1$
#164063100
0$
#164082000
10
0#
#164083430
1$
#164103760
0$
#164123000
00
1#
#164124090
10
0!
07
01
b100010 /
1$
#164144420
0$
#164164000
00
0#
#164164750
1$
#164185080
0$
#164205000
10
1#
#164205410
1!
17
11
b100011 /
1$
#164225740
0$
#164246000
0#
#164246070
1$
#164266400
0$
#164286730
1$
#164287000
1#
#164307060
0$
#164327390
00
b100100 /
01
1$
#164328000
10
0#
#164347720
0$
#164368050
1$
#164369000
00
1#
#164388380
0$
#164408710
10
b100 3
b100101 /
11
0!
07
1$
#164410000
00
0#
#164429040
0$
#164449370
1$
#164451000
10
1#
#164469700
0$
#164490030
00
b100110 /
01
1!
17
1$
#164492000
10
0#
#164510360
0$
#164530690
1$
#164533000
00
1#
#164551020
0$
#164571350
10
b101 3
b100111 /
11
0!
07
1$
#164574000
00
0#
#164591680
0$
#164612010
1$
#164615000
10
1#
#164632340
0$
#164652670
00
b101000 /
01
1!
17
1$
#164656000
10
0#
#164673000
0$
#164693330
1$
#164697000
00
1#
#164713660
0$
#164733990
10
b110 3
b101001 /
11
0!
07
1$
#164738000
00
0#
#164754320
0$
#164774650
1$
#164779000
10
1#
#164794980
0$
#164815310
00
b101010 /
01
1!
17
1$
#164820000
10
0#
#164835640
0$
#164855970
1$
#164861000
00
1#
#164876300
0$
#164896630
b101011 /
11
0!
07
1$
#164902000
0#
#164916960
0$
#164937290
1$
#164943000
1#
#164957620
0$
#164977950
10
b101100 /
01
1$
#164984000
00
0#
#164998280
0$
#165018610
1$
#165025000
10
1#
#165038940
0$
#165059270
00
b111 3
b101101 /
11
1!
17
1$
#165066000
10
0#
#165079600
0$
#165099930
1$
#165107000
00
1#
#165120260
0$
#165140590
10
b101110 /
01
0!
07
1$
#165148000
00
0#
#165160920
0$
#165181250
1$
#165189000
10
1#
#165201580
0$
#165221910
00
b1000 3
b101111 /
11
1!
17
1$
#165230000
10
0#
#165242240
0$
#165262570
1$
#165271000
00
1#
#165282900
0$
#165303230
10
b110000 /
01
0!
07
1$
#165312000
00
0#
#165323560
0$
#165343890
1$
#165353000
10
1#
#165364220
0$
#165384550
00
b1001 3
b110001 /
11
1!
17
1$
#165394000
10
0#
#165404880
0$
#165425210
1$
#165435000
00
1#
#165445540
0$
#165465870
10
b110010 /
01
0!
07
1$
#165476000
00
0#
#165486200
0$
#165506530
1$
#165517000
10
1#
#165526860
0$
#165547190
b110011 /
11
1!
17
1$
#165558000
0#
#165567520
0$
#165587850
1$
#165599000
1#
#165608180
0$
#165628510
00
b110100 /
01
1$
#165640000
10
0#
#165648840
0$
#165669170
1$
#165681000
00
1#
#165689500
0$
#165709830
10
b1010 3
b110101 /
11
0!
07
1$
#165722000
00
0#
#165730160
0$
#165750490
1$
#165763000
10
1#
#165770820
0$
#165791150
00
b110110 /
01
1!
17
1$
#165804000
10
0#
#165811480
0$
#165831810
1$
#165845000
00
1#
#165852140
0$
#165872470
10
b1011 3
b110111 /
11
0!
07
1$
#165886000
00
0#
#165892800
0$
#165913130
1$
#165927000
10
1#
#165933460
0$
#165953790
00
b111000 /
01
1!
17
1$
#165968000
10
0#
#165974120
0$
#165994450
1$
#166009000
00
1#
#166014780
0$
#166035110
b111001 /
11
0!
07
1$
#166050000
0#
#166055440
0$
#166075770
1$
#166091000
1#
#166096100
0$
#166116430
10
b111010 /
01
1$
#166132000
00
0#
#166136760
0$
#166157090
1$
#166173000
10
1#
#166177420
0$
#166197750
b111011 /
11
1!
17
1$
#166214000
0#
#166218080
0$
#166238410
1$
#166255000
1#
#166258740
0$
#166279070
00
b111100 /
01
1$
#166296000
10
0#
#166299400
0$
#166319730
1$
#166337000
00
1#
#166340060
0$
#166360390
b111101 /
11
0!
07
1$
#166378000
0#
#166380720
0$
#166401050
1$
#166419000
1#
#166421380
0$
#166441710
10
b111110 /
01
1$
#166460000
00
0#
#166462040
0$
#166482370
1$
#166501000
10
1#
#166502700
0$
#166523030
00
b111111 /
11
1!
17
1$
#166542000
10
0#
#166543360
0$
#166563690
1$
#166583000
00
1#
#166584020
0$
#166604350
10
12
b0 /
01
0!
07
1$
#166624000
00
0#
#166624680
0$
#166645010
b100111 5
02
b1000111 4
1"
b1111111111111110 6
b1111111111111111000000000000 *
b1111111111111111 .
b100001 8
1$
#166665000
10
1#
#166665340
0$
#166685670
0"
b0 3
b1 /
11
1!
17
b100010001000000001000100010000 (
b100010001000000001000100010000 )
b100100010001000010 &
b10010001000100001 %
1$
#166706000
0$
0#
#166726330
1$
#166746660
0$
#166747000
1#
#166766990
b10 /
01
1$
#166787320
0$
#166788000
0#
#166807650
1$
#166827980
0$
#166829000
1#
#166848310
00
b11 /
11
1$
#166868640
0$
#166870000
10
0#
#166888970
1$
#166909300
0$
#166911000
00
1#
#166929630
b100 /
01
0!
07
1$
#166949960
0$
#166952000
0#
#166970290
1$
#166990620
0$
#166993000
1#
#167010950
b101 /
11
1$
#167031280
0$
#167034000
0#
#167051610
1$
#167071940
0$
#167075000
1#
#167092270
10
b110 /
01
1$
#167112600
0$
#167116000
00
0#
#167132930
1$
#167153260
0$
#167157000
10
1#
#167173590
00
b111 /
11
1!
17
1$
#167193920
0$
#167198000
10
0#
#167214250
1$
#167234580
0$
#167239000
00
1#
#167254910
10
b1000 /
01
0!
07
1$
#167275240
0$
#167280000
00
0#
#167295570
1$
#167315900
0$
#167321000
10
1#
#167336230
b1001 /
11
1!
17
1$
#167356560
0$
#167362000
0#
#167376890
1$
#167397220
0$
#167403000
1#
#167417550
00
b1010 /
01
1$
#167437880
0$
#167444000
10
0#
#167458210
1$
#167478540
0$
#167485000
00
1#
#167498870
b1011 /
11
0!
07
1$
#167519200
0$
#167526000
0#
#167539530
1$
#167559860
0$
#167567000
1#
#167580190
10
b1100 /
01
1$
#167600520
0$
#167608000
00
0#
#167620850
1$
#167641180
0$
#167649000
10
1#
#167661510
b1101 /
11
1!
17
1$
#167681840
0$
#167690000
0#
#167702170
1$
#167722500
0$
#167731000
1#
#167742830
00
b1110 /
01
1$
#167763160
0$
#167772000
10
0#
#167783490
1$
#167803820
0$
#167813000
00
1#
#167824150
b1111 /
11
0!
07
1$
#167844480
0$
#167854000
0#
#167864810
1$
#167885140
0$
#167895000
1#
#167905470
10
b10000 /
01
1$
#167925800
0$
#167936000
00
0#
#167946130
1$
#167966460
0$
#167977000
10
1#
#167986790
b10001 /
11
1!
17
1$
#168007120
0$
#168018000
0#
#168027450
1$
#168047780
0$
#168059000
1#
#168068110
00
b10010 /
01
1$
#168088440
0$
#168100000
10
0#
#168108770
1$
#168129100
0$
#168141000
00
1#
#168149430
b10011 /
11
0!
07
1$
#168169760
0$
#168182000
0#
#168190090
1$
#168210420
0$
#168223000
1#
#168230750
10
b10100 /
01
1$
#168251080
0$
#168264000
00
0#
#168271410
1$
#168291740
0$
#168305000
10
1#
#168312070
b10101 /
11
1!
17
1$
#168332400
0$
#168346000
0#
#168352730
1$
#168373060
0$
#168387000
1#
#168393390
00
b10110 /
01
1$
#168413720
0$
#168428000
10
0#
#168434050
1$
#168454380
0$
#168469000
00
1#
#168474710
b10111 /
11
0!
07
1$
#168495040
0$
#168510000
0#
#168515370
1$
#168535700
0$
#168551000
1#
#168556030
10
b11000 /
01
1$
#168576360
0$
#168592000
00
0#
#168596690
1$
#168617020
0$
#168633000
10
1#
#168637350
00
b1 3
b11001 /
11
1!
17
1$
#168657680
0$
#168674000
10
0#
#168678010
1$
#168698340
0$
#168715000
00
1#
#168718670
10
b11010 /
01
0!
07
1$
#168739000
0$
#168756000
00
0#
#168759330
1$
#168779660
0$
#168797000
10
1#
#168799990
00
b10 3
b11011 /
11
1!
17
1$
#168820320
0$
#168838000
10
0#
#168840650
1$
#168860980
0$
#168879000
00
1#
#168881310
10
b11100 /
01
0!
07
1$
#168901640
0$
#168920000
00
0#
#168921970
1$
#168942300
0$
#168961000
10
1#
#168962630
00
b11 3
b11101 /
11
1!
17
1$
#168982960
0$
#169002000
10
0#
#169003290
1$
#169023620
0$
#169043000
00
1#
#169043950
10
b11110 /
01
0!
07
1$
#169064280
0$
#169084000
00
0#
#169084610
1$
#169104940
0$
#169125000
10
1#
#169125270
00
b100 3
b11111 /
11
1!
17
1$
#169145600
0$
#169165930
10
0!
07
01
b100000 /
1$
#169166000
00
0#
#169186260
0$
#169206590
1$
#169207000
10
1#
#169226920
0$
#169247250
00
1!
17
11
b100001 /
b101 3
1$
#169248000
10
0#
#169267580
0$
#169287910
1$
#169289000
00
1#
#169308240
0$
#169328570
10
0!
07
01
b100010 /
1$
#169330000
00
0#
#169348900
0$
#169369230
1$
#169371000
10
1#
#169389560
0$
#169409890
00
1!
17
11
b100011 /
b110 3
1$
#169412000
10
0#
#169430220
0$
#169450550
1$
#169453000
00
1#
#169470880
0$
#169491210
10
0!
07
01
b100100 /
1$
#169494000
00
0#
#169511540
0$
#169531870
1$
#169535000
10
1#
#169552200
0$
#169572530
00
1!
17
11
b100101 /
b111 3
1$
#169576000
10
0#
#169592860
0$
#169613190
1$
#169617000
00
1#
#169633520
0$
#169653850
10
0!
07
01
b100110 /
1$
#169658000
00
0#
#169674180
0$
#169694510
1$
#169699000
10
1#
#169714840
0$
#169735170
00
1!
17
11
b100111 /
b1000 3
1$
#169740000
10
0#
#169755500
0$
#169775830
1$
#169781000
00
1#
#169796160
0$
#169816490
10
0!
07
01
b101000 /
1$
#169822000
00
0#
#169836820
0$
#169857150
1$
#169863000
10
1#
#169877480
0$
#169897810
00
1!
17
11
b101001 /
b1001 3
1$
#169904000
10
0#
#169918140
0$
#169938470
1$
#169945000
00
1#
#169958800
0$
#169979130
10
0!
07
01
b101010 /
1$
#169986000
00
0#
#169999460
0$
#170019790
1$
#170027000
10
1#
#170040120
0$
#170060450
00
1!
17
11
b101011 /
b1010 3
1$
#170068000
10
0#
#170080780
0$
#170101110
1$
#170109000
00
1#
#170121440
0$
#170141770
10
0!
07
01
b101100 /
1$
#170150000
00
0#
#170162100
0$
#170182430
1$
#170191000
10
1#
#170202760
0$
#170223090
00
1!
17
11
b101101 /
b1011 3
1$
#170232000
10
0#
#170243420
0$
#170263750
1$
#170273000
00
1#
#170284080
0$
#170304410
10
0!
07
01
b101110 /
1$
#170314000
00
0#
#170324740
0$
#170345070
1$
#170355000
10
1#
#170365400
0$
#170385730
00
1!
17
11
b101111 /
b1100 3
1$
#170396000
10
0#
#170406060
0$
#170426390
1$
#170437000
00
1#
#170446720
0$
#170467050
10
0!
07
01
b110000 /
1$
#170478000
00
0#
#170487380
0$
#170507710
1$
#170519000
10
1#
#170528040
0$
#170548370
00
1!
17
11
b110001 /
b1101 3
1$
#170560000
10
0#
#170568700
0$
#170589030
1$
#170601000
00
1#
#170609360
0$
#170629690
10
0!
07
01
b110010 /
1$
#170642000
00
0#
#170650020
0$
#170670350
1$
#170683000
10
1#
#170690680
0$
#170711010
00
1!
17
11
b110011 /
b1110 3
1$
#170724000
10
0#
#170731340
0$
#170751670
1$
#170765000
00
1#
#170772000
0$
#170792330
10
0!
07
01
b110100 /
1$
#170806000
00
0#
#170812660
0$
#170832990
1$
#170847000
10
1#
#170853320
0$
#170873650
00
1!
17
11
b110101 /
b1111 3
1$
#170888000
10
0#
#170893980
0$
#170914310
1$
#170929000
00
1#
#170934640
0$
#170954970
10
0!
07
01
b110110 /
1$
#170970000
00
0#
#170975300
0$
#170995630
1$
#171011000
10
1#
#171015960
0$
#171036290
00
1!
17
11
b110111 /
b10000 3
1$
#171052000
10
0#
#171056620
0$
#171076950
1$
#171093000
00
1#
#171097280
0$
#171117610
10
0!
07
01
b111000 /
1$
#171134000
00
0#
#171137940
0$
#171158270
1$
#171175000
10
1#
#171178600
0$
#171198930
1!
17
11
b111001 /
1$
#171216000
0#
#171219260
0$
#171239590
1$
#171257000
1#
#171259920
0$
#171280250
00
01
b111010 /
1$
#171298000
10
0#
#171300580
0$
#171320910
1$
#171339000
00
1#
#171341240
0$
#171361570
0!
07
11
b111011 /
1$
#171380000
0#
#171381900
0$
#171402230
1$
#171421000
1#
#171422560
0$
#171442890
10
01
b111100 /
1$
#171462000
00
0#
#171463220
0$
#171483550
1$
#171503000
10
1#
#171503880
0$
#171524210
1!
17
11
b111101 /
1$
#171544000
0#
#171544540
0$
#171564870
1$
#171585000
1#
#171585200
0$
#171605530
00
01
b111110 /
1$
#171625860
0$
#171626000
10
0#
#171646190
1$
#171666520
0$
#171667000
00
1#
#171686850
0!
07
11
b111111 /
1$
#171707180
0$
#171708000
0#
#171727510
1$
#171747840
0$
#171749000
1#
#171768170
10
01
12
b0 /
1$
#171788500
0$
#171790000
00
0#
#171808830
b1000111 5
b100010 8
b1111111111111110000000000000 *
b1111111111111110 .
b100111 4
02
1$
#171829160
0$
#171831000
10
1#
#171849490
1!
17
11
b1 /
b0 3
1$
#171869820
0$
#171872000
0#
#171890150
1$
#171910480
0$
#171913000
1#
#171930810
01
b10 /
1$
#171951140
0$
#171954000
0#
#171971470
1$
#171991800
0$
#171995000
1#
#172012130
00
11
b11 /
1$
#172032460
0$
#172036000
10
0#
#172052790
1$
#172073120
0$
#172077000
00
1#
#172093450
0!
07
01
b100 /
1$
#172113780
0$
#172118000
0#
#172134110
1$
#172154440
0$
#172159000
1#
#172174770
10
11
b101 /
1$
#172195100
0$
#172200000
00
0#
#172215430
1$
#172235760
0$
#172241000
10
1#
#172256090
00
1!
17
01
b110 /
1$
#172276420
0$
#172282000
10
0#
#172296750
1$
#172317080
0$
#172323000
00
1#
#172337410
0!
07
11
b111 /
1$
#172357740
0$
#172364000
0#
#172378070
1$
#172398400
0$
#172405000
1#
#172418730
10
01
b1000 /
1$
#172439060
0$
#172446000
00
0#
#172459390
1$
#172479720
0$
#172487000
10
1#
#172500050
1!
17
11
b1001 /
1$
#172520380
0$
#172528000
0#
#172540710
1$
#172561040
0$
#172569000
1#
#172581370
00
01
b1010 /
1$
#172601700
0$
#172610000
10
0#
#172622030
1$
#172642360
0$
#172651000
00
1#
#172662690
0!
07
11
b1011 /
1$
#172683020
0$
#172692000
0#
#172703350
1$
#172723680
0$
#172733000
1#
#172744010
10
01
b1100 /
1$
#172764340
0$
#172774000
00
0#
#172784670
1$
#172805000
0$
#172815000
10
1#
#172825330
1!
17
11
b1101 /
1$
#172845660
0$
#172856000
0#
#172865990
1$
#172886320
0$
#172897000
1#
#172906650
00
01
b1110 /
1$
#172926980
0$
#172938000
10
0#
#172947310
1$
#172967640
0$
#172979000
00
1#
#172987970
0!
07
11
b1111 /
1$
#173008300
0$
#173020000
0#
#173028630
1$
#173048960
0$
#173061000
1#
#173069290
10
01
b10000 /
1$
#173089620
0$
#173102000
00
0#
#173109950
1$
#173130280
0$
#173143000
10
1#
#173150610
1!
17
11
b10001 /
1$
#173170940
0$
#173184000
0#
#173191270
1$
#173211600
0$
#173225000
1#
#173231930
00
01
b10010 /
1$
#173252260
0$
#173266000
10
0#
#173272590
1$
#173292920
0$
#173307000
00
1#
#173313250
0!
07
11
b10011 /
1$
#173333580
0$
#173348000
0#
#173353910
1$
#173374240
0$
#173389000
1#
#173394570
10
01
b10100 /
1$
#173414900
0$
#173430000
00
0#
#173435230
1$
#173455560
0$
#173471000
10
1#
#173475890
1!
17
11
b10101 /
1$
#173496220
0$
#173512000
0#
#173516550
1$
#173536880
0$
#173553000
1#
#173557210
00
01
b10110 /
1$
#173577540
0$
#173594000
10
0#
#173597870
1$
#173618200
0$
#173635000
00
1#
#173638530
0!
07
11
b10111 /
1$
#173658860
0$
#173676000
0#
#173679190
1$
#173699520
0$
#173717000
1#
#173719850
10
01
b11000 /
1$
#173740180
0$
#173758000
00
0#
#173760510
1$
#173780840
0$
#173799000
10
1#
#173801170
1!
17
11
b11001 /
1$
#173821500
0$
#173840000
0#
#173841830
1$
#173862160
0$
#173881000
1#
#173882490
00
01
b11010 /
1$
#173902820
0$
#173922000
10
0#
#173923150
1$
#173943480
0$
#173963000
00
1#
#173963810
10
0!
07
11
b11011 /
b1 3
1$
#173984140
0$
#174004000
00
0#
#174004470
1$
#174024800
0$
#174045000
10
1#
#174045130
00
1!
17
01
b11100 /
1$
#174065460
0$
#174085790
10
b10 3
b11101 /
11
0!
07
1$
#174086000
00
0#
#174106120
0$
#174126450
1$
#174127000
10
1#
#174146780
0$
#174167110
00
b11110 /
01
1!
17
1$
#174168000
10
0#
#174187440
0$
#174207770
1$
#174209000
00
1#
#174228100
0$
#174248430
10
b11 3
b11111 /
11
0!
07
1$
#174250000
00
0#
#174268760
0$
#174289090
1$
#174291000
10
1#
#174309420
0$
#174329750
00
b100000 /
01
1!
17
1$
#174332000
10
0#
#174350080
0$
#174370410
1$
#174373000
00
1#
#174390740
0$
#174411070
10
b100 3
b100001 /
11
0!
07
1$
#174414000
00
0#
#174431400
0$
#174451730
1$
#174455000
10
1#
#174472060
0$
#174492390
00
b100010 /
01
1!
17
1$
#174496000
10
0#
#174512720
0$
#174533050
1$
#174537000
00
1#
#174553380
0$
#174573710
10
b101 3
b100011 /
11
0!
07
1$
#174578000
00
0#
#174594040
0$
#174614370
1$
#174619000
10
1#
#174634700
0$
#174655030
00
b100100 /
01
1!
17
1$
#174660000
10
0#
#174675360
0$
#174695690
1$
#174701000
00
1#
#174716020
0$
#174736350
10
b110 3
b100101 /
11
0!
07
1$
#174742000
00
0#
#174756680
0$
#174777010
1$
#174783000
10
1#
#174797340
0$
#174817670
00
b100110 /
01
1!
17
1$
#174824000
10
0#
#174838000
0$
#174858330
1$
#174865000
00
1#
#174878660
0$
#174898990
10
b111 3
b100111 /
11
0!
07
1$
#174906000
00
0#
#174919320
0$
#174939650
1$
#174947000
10
1#
#174959980
0$
#174980310
00
b101000 /
01
1!
17
1$
#174988000
10
0#
#175000640
0$
#175020970
1$
#175029000
00
1#
#175041300
0$
#175061630
10
b1000 3
b101001 /
11
0!
07
1$
#175070000
00
0#
#175081960
0$
#175102290
1$
#175111000
10
1#
#175122620
0$
#175142950
00
b101010 /
01
1!
17
1$
#175152000
10
0#
#175163280
0$
#175183610
1$
#175193000
00
1#
#175203940
0$
#175224270
10
b1001 3
b101011 /
11
0!
07
1$
#175234000
00
0#
#175244600
0$
#175264930
1$
#175275000
10
1#
#175285260
0$
#175305590
00
b101100 /
01
1!
17
1$
#175316000
10
0#
#175325920
0$
#175346250
1$
#175357000
00
1#
#175366580
0$
#175386910
10
b1010 3
b101101 /
11
0!
07
1$
#175398000
00
0#
#175407240
0$
#175427570
1$
#175439000
10
1#
#175447900
0$
#175468230
00
b101110 /
01
1!
17
1$
#175480000
10
0#
#175488560
0$
#175508890
1$
#175521000
00
1#
#175529220
0$
#175549550
10
b1011 3
b101111 /
11
0!
07
1$
#175562000
00
0#
#175569880
0$
#175590210
1$
#175603000
10
1#
#175610540
0$
#175630870
00
b110000 /
01
1!
17
1$
#175644000
10
0#
#175651200
0$
#175671530
1$
#175685000
00
1#
#175691860
0$
#175712190
10
b1100 3
b110001 /
11
0!
07
1$
#175726000
00
0#
#175732520
0$
#175752850
1$
#175767000
10
1#
#175773180
0$
#175793510
00
b110010 /
01
1!
17
1$
#175808000
10
0#
#175813840
0$
#175834170
1$
#175849000
00
1#
#175854500
0$
#175874830
10
b1101 3
b110011 /
11
0!
07
1$
#175890000
00
0#
#175895160
0$
#175915490
1$
#175931000
10
1#
#175935820
0$
#175956150
00
b110100 /
01
1!
17
1$
#175972000
10
0#
#175976480
0$
#175996810
1$
#176013000
00
1#
#176017140
0$
#176037470
10
b1110 3
b110101 /
11
0!
07
1$
#176054000
00
0#
#176057800
0$
#176078130
1$
#176095000
10
1#
#176098460
0$
#176118790
00
b110110 /
01
1!
17
1$
#176136000
10
0#
#176139120
0$
#176159450
1$
#176177000
00
1#
#176179780
0$
#176200110
10
b1111 3
b110111 /
11
0!
07
1$
#176218000
00
0#
#176220440
0$
#176240770
1$
#176259000
10
1#
#176261100
0$
#176281430
00
b111000 /
01
1!
17
1$
#176300000
10
0#
#176301760
0$
#176322090
1$
#176341000
00
1#
#176342420
0$
#176362750
b111001 /
11
0!
07
1$
#176382000
0#
#176383080
0$
#176403410
1$
#176423000
1#
#176423740
0$
#176444070
10
b111010 /
01
1$
#176464000
00
0#
#176464400
0$
#176484730
1$
#176505000
10
1#
#176505060
0$
#176525390
b111011 /
11
1!
17
1$
#176545720
0$
#176546000
0#
#176566050
1$
#176586380
0$
#176587000
1#
#176606710
00
b111100 /
01
1$
#176627040
0$
#176628000
10
0#
#176647370
1$
#176667700
0$
#176669000
00
1#
#176688030
b111101 /
11
0!
07
1$
#176708360
0$
#176710000
0#
#176728690
1$
#176749020
0$
#176751000
1#
#176769350
10
b111110 /
01
1$
#176789680
0$
#176792000
00
0#
#176810010
1$
#176830340
0$
#176833000
10
1#
#176850670
00
b111111 /
11
1!
17
1$
#176871000
0$
#176874000
10
0#
#176891330
1$
#176911660
0$
#176915000
00
1#
#176931990
10
12
b0 /
01
0!
07
1$
#176952320
0$
#176956000
00
0#
#176972650
b100111 5
02
b1000111 4
1"
b10001000100000 6
b1000100010000000000000000 *
b1000100010000 .
b100011 8
1$
#176992980
0$
#176997000
10
1#
#177013310
0"
b0 3
b1 /
11
1!
17
b1000100010000100010001000100001 (
b1000100010000100010001000100001 )
b100110011001100100 &
b10011001100110010 %
1$
#177033640
0$
#177038000
0#
#177053970
1$
#177074300
0$
#177079000
1#
#177094630
b10 /
01
1$
#177114960
0$
#177120000
0#
#177135290
1$
#177155620
0$
#177161000
1#
#177175950
00
b11 /
11
1$
#177196280
0$
#177202000
10
0#
#177216610
1$
#177236940
0$
#177243000
00
1#
#177257270
b100 /
01
0!
07
1$
#177277600
0$
#177284000
0#
#177297930
1$
#177318260
0$
#177325000
1#
#177338590
b101 /
11
1$
#177358920
0$
#177366000
0#
#177379250
1$
#177399580
0$
#177407000
1#
#177419910
10
b110 /
01
1$
#177440240
0$
#177448000
00
0#
#177460570
1$
#177480900
0$
#177489000
10
1#
#177501230
00
b111 /
11
1!
17
1$
#177521560
0$
#177530000
10
0#
#177541890
1$
#177562220
0$
#177571000
00
1#
#177582550
10
b1000 /
01
0!
07
1$
#177602880
0$
#177612000
00
0#
#177623210
1$
#177643540
0$
#177653000
10
1#
#177663870
b1001 /
11
1!
17
1$
#177684200
0$
#177694000
0#
#177704530
1$
#177724860
0$
#177735000
1#
#177745190
00
b1010 /
01
1$
#177765520
0$
#177776000
10
0#
#177785850
1$
#177806180
0$
#177817000
00
1#
#177826510
b1011 /
11
0!
07
1$
#177846840
0$
#177858000
0#
#177867170
1$
#177887500
0$
#177899000
1#
#177907830
10
b1100 /
01
1$
#177928160
0$
#177940000
00
0#
#177948490
1$
#177968820
0$
#177981000
10
1#
#177989150
b1101 /
11
1!
17
1$
#178009480
0$
#178022000
0#
#178029810
1$
#178050140
0$
#178063000
1#
#178070470
00
b1110 /
01
1$
#178090800
0$
#178104000
10
0#
#178111130
1$
#178131460
0$
#178145000
00
1#
#178151790
b1111 /
11
0!
07
1$
#178172120
0$
#178186000
0#
#178192450
1$
#178212780
0$
#178227000
1#
#178233110
10
b10000 /
01
1$
#178253440
0$
#178268000
00
0#
#178273770
1$
#178294100
0$
#178309000
10
1#
#178314430
b10001 /
11
1!
17
1$
#178334760
0$
#178350000
0#
#178355090
1$
#178375420
0$
#178391000
1#
#178395750
00
b10010 /
01
1$
#178416080
0$
#178432000
10
0#
#178436410
1$
#178456740
0$
#178473000
00
1#
#178477070
b10011 /
11
0!
07
1$
#178497400
0$
#178514000
0#
#178517730
1$
#178538060
0$
#178555000
1#
#178558390
10
b10100 /
01
1$
#178578720
0$
#178596000
00
0#
#178599050
1$
#178619380
0$
#178637000
10
1#
#178639710
b10101 /
11
1!
17
1$
#178660040
0$
#178678000
0#
#178680370
1$
#178700700
0$
#178719000
1#
#178721030
00
b10110 /
01
1$
#178741360
0$
#178760000
10
0#
#178761690
1$
#178782020
0$
#178801000
00
1#
#178802350
b10111 /
11
0!
07
1$
#178822680
0$
#178842000
0#
#178843010
1$
#178863340
0$
#178883000
1#
#178883670
10
b11000 /
01
1$
#178904000
0$
#178924000
00
0#
#178924330
1$
#178944660
0$
#178964990
1$
#178965000
10
1#
#178985320
0$
#179005650
1!
17
11
b11001 /
1$
#179006000
0#
#179025980
0$
#179046310
1$
#179047000
1#
#179066640
0$
#179086970
00
01
b11010 /
1$
#179088000
10
0#
#179107300
0$
#179127630
1$
#179129000
00
1#
#179147960
0$
#179168290
0!
07
11
b11011 /
1$
#179170000
0#
#179188620
0$
#179208950
1$
#179211000
1#
#179229280
0$
#179249610
10
01
b11100 /
1$
#179252000
00
0#
#179269940
0$
#179290270
1$
#179293000
10
1#
#179310600
0$
#179330930
1!
17
11
b11101 /
1$
#179334000
0#
#179351260
0$
#179371590
1$
#179375000
1#
#179391920
0$
#179412250
00
01
b11110 /
1$
#179416000
10
0#
#179432580
0$
#179452910
1$
#179457000
00
1#
#179473240
0$
#179493570
0!
07
11
b11111 /
1$
#179498000
0#
#179513900
0$
#179534230
1$
#179539000
1#
#179554560
0$
#179574890
10
01
b100000 /
1$
#179580000
00
0#
#179595220
0$
#179615550
1$
#179621000
10
1#
#179635880
0$
#179656210
00
1!
17
11
b100001 /
b1 3
1$
#179662000
10
0#
#179676540
0$
#179696870
1$
#179703000
00
1#
#179717200
0$
#179737530
10
0!
07
01
b100010 /
1$
#179744000
00
0#
#179757860
0$
#179778190
1$
#179785000
10
1#
#179798520
0$
#179818850
1!
17
11
b100011 /
1$
#179826000
0#
#179839180
0$
#179859510
1$
#179867000
1#
#179879840
0$
#179900170
00
01
b100100 /
1$
#179908000
10
0#
#179920500
0$
#179940830
1$
#179949000
00
1#
#179961160
0$
#179981490
0!
07
11
b100101 /
1$
#179990000
0#
#180001820
0$
#180022150
1$
#180031000
1#
#180042480
0$
#180062810
10
01
b100110 /
1$
#180072000
00
0#
#180083140
0$
#180103470
1$
#180113000
10
1#
#180123800
0$
#180144130
1!
17
11
b100111 /
1$
#180154000
0#
#180164460
0$
#180184790
1$
#180195000
1#
#180205120
0$
#180225450
00
01
b101000 /
1$
#180236000
10
0#
#180245780
0$
#180266110
1$
#180277000
00
1#
#180286440
0$
#180306770
10
0!
07
11
b101001 /
b10 3
1$
#180318000
00
0#
#180327100
0$
#180347430
1$
#180359000
10
1#
#180367760
0$
#180388090
00
1!
17
01
b101010 /
1$
#180400000
10
0#
#180408420
0$
#180428750
1$
#180441000
00
1#
#180449080
0$
#180469410
0!
07
11
b101011 /
1$
#180482000
0#
#180489740
0$
#180510070
1$
#180523000
1#
#180530400
0$
#180550730
10
01
b101100 /
1$
#180564000
00
0#
#180571060
0$
#180591390
1$
#180605000
10
1#
#180611720
0$
#180632050
1!
17
11
b101101 /
1$
#180646000
0#
#180652380
0$
#180672710
1$
#180687000
1#
#180693040
0$
#180713370
00
01
b101110 /
1$
#180728000
10
0#
#180733700
0$
#180754030
1$
#180769000
00
1#
#180774360
0$
#180794690
0!
07
11
b101111 /
1$
#180810000
0#
#180815020
0$
#180835350
1$
#180851000
1#
#180855680
0$
#180876010
10
01
b110000 /
1$
#180892000
00
0#
#180896340
0$
#180916670
1$
#180933000
10
1#
#180937000
0$
#180957330
00
1!
17
11
b110001 /
b11 3
1$
#180974000
10
0#
#180977660
0$
#180997990
1$
#181015000
00
1#
#181018320
0$
#181038650
10
0!
07
01
b110010 /
1$
#181056000
00
0#
#181058980
0$
#181079310
1$
#181097000
10
1#
#181099640
0$
#181119970
1!
17
11
b110011 /
1$
#181138000
0#
#181140300
0$
#181160630
1$
#181179000
1#
#181180960
0$
#181201290
00
01
b110100 /
1$
#181220000
10
0#
#181221620
0$
#181241950
1$
#181261000
00
1#
#181262280
0$
#181282610
0!
07
11
b110101 /
1$
#181302000
0#
#181302940
0$
#181323270
1$
#181343000
1#
#181343600
0$
#181363930
10
01
b110110 /
1$
#181384000
00
0#
#181384260
0$
#181404590
1$
#181424920
0$
#181425000
10
1#
#181445250
1!
17
11
b110111 /
1$
#181465580
0$
#181466000
0#
#181485910
1$
#181506240
0$
#181507000
1#
#181526570
00
01
b111000 /
1$
#181546900
0$
#181548000
10
0#
#181567230
1$
#181587560
0$
#181589000
00
1#
#181607890
0!
07
11
b111001 /
1$
#181628220
0$
#181630000
0#
#181648550
1$
#181668880
0$
#181671000
1#
#181689210
10
01
b111010 /
1$
#181709540
0$
#181712000
00
0#
#181729870
1$
#181750200
0$
#181753000
10
1#
#181770530
1!
17
11
b111011 /
1$
#181790860
0$
#181794000
0#
#181811190
1$
#181831520
0$
#181835000
1#
#181851850
00
01
b111100 /
1$
#181872180
0$
#181876000
10
0#
#181892510
1$
#181912840
0$
#181917000
00
1#
#181933170
0!
07
11
b111101 /
1$
#181953500
0$
#181958000
0#
#181973830
1$
#181994160
0$
#181999000
1#
#182014490
10
01
b111110 /
1$
#182034820
0$
#182040000
00
0#
#182055150
1$
#182075480
0$
#182081000
10
1#
#182095810
00
1!
17
11
b111111 /
1$
#182116140
0$
#182122000
10
0#
#182136470
1$
#182156800
0$
#182163000
00
1#
#182177130
10
0!
07
01
12
b0 /
1$
#182197460
0$
#182204000
00
0#
#182217790
b1000111 5
b100100 8
b10001000100000000000000000 *
b10001000100000 .
b100111 4
02
1$
#182238120
0$
#182245000
10
1#
#182258450
1!
17
11
b1 /
b0 3
1$
#182278780
0$
#182286000
0#
#182299110
1$
#182319440
0$
#182327000
1#
#182339770
01
b10 /
1$
#182360100
0$
#182368000
0#
#182380430
1$
#182400760
0$
#182409000
1#
#182421090
00
11
b11 /
1$
#182441420
0$
#182450000
10
0#
#182461750
1$
#182482080
0$
#182491000
00
1#
#182502410
0!
07
01
b100 /
1$
#182522740
0$
#182532000
0#
#182543070
1$
#182563400
0$
#182573000
1#
#182583730
10
11
b101 /
1$
#182604060
0$
#182614000
00
0#
#182624390
1$
#182644720
0$
#182655000
10
1#
#182665050
00
1!
17
01
b110 /
1$
#182685380
0$
#182696000
10
0#
#182705710
1$
#182726040
0$
#182737000
00
1#
#182746370
0!
07
11
b111 /
1$
#182766700
0$
#182778000
0#
#182787030
1$
#182807360
0$
#182819000
1#
#182827690
10
01
b1000 /
1$
#182848020
0$
#182860000
00
0#
#182868350
1$
#182888680
0$
#182901000
10
1#
#182909010
1!
17
11
b1001 /
1$
#182929340
0$
#182942000
0#
#182949670
1$
#182970000
0$
#182983000
1#
#182990330
00
01
b1010 /
1$
#183010660
0$
#183024000
10
0#
#183030990
1$
#183051320
0$
#183065000
00
1#
#183071650
0!
07
11
b1011 /
1$
#183091980
0$
#183106000
0#
#183112310
1$
#183132640
0$
#183147000
1#
#183152970
10
01
b1100 /
1$
#183173300
0$
#183188000
00
0#
#183193630
1$
#183213960
0$
#183229000
10
1#
#183234290
1!
17
11
b1101 /
1$
#183254620
0$
#183270000
0#
#183274950
1$
#183295280
0$
#183311000
1#
#183315610
00
01
b1110 /
1$
#183335940
0$
#183352000
10
0#
#183356270
1$
#183376600
0$
#183393000
00
1#
#183396930
0!
07
11
b1111 /
1$
#183417260
0$
#183434000
0#
#183437590
1$
#183457920
0$
#183475000
1#
#183478250
10
01
b10000 /
1$
#183498580
0$
#183516000
00
0#
#183518910
1$
#183539240
0$
#183557000
10
1#
#183559570
1!
17
11
b10001 /
1$
#183579900
0$
#183598000
0#
#183600230
1$
#183620560
0$
#183639000
1#
#183640890
00
01
b10010 /
1$
#183661220
0$
#183680000
10
0#
#183681550
1$
#183701880
0$
#183721000
00
1#
#183722210
0!
07
11
b10011 /
1$
#183742540
0$
#183762000
0#
#183762870
1$
#183783200
0$
#183803000
1#
#183803530
10
01
b10100 /
1$
#183823860
0$
#183844000
00
0#
#183844190
1$
#183864520
0$
#183884850
1$
#183885000
10
1#
#183905180
0$
#183925510
b10101 /
11
1!
17
1$
#183926000
0#
#183945840
0$
#183966170
1$
#183967000
1#
#183986500
0$
#184006830
00
b10110 /
01
1$
#184008000
10
0#
#184027160
0$
#184047490
1$
#184049000
00
1#
#184067820
0$
#184088150
b10111 /
11
0!
07
1$
#184090000
0#
#184108480
0$
#184128810
1$
#184131000
1#
#184149140
0$
#184169470
10
b11000 /
01
1$
#184172000
00
0#
#184189800
0$
#184210130
1$
#184213000
10
1#
#184230460
0$
#184250790
b11001 /
11
1!
17
1$
#184254000
0#
#184271120
0$
#184291450
1$
#184295000
1#
#184311780
0$
#184332110
00
b11010 /
01
1$
#184336000
10
0#
#184352440
0$
#184372770
1$
#184377000
00
1#
#184393100
0$
#184413430
b11011 /
11
0!
07
1$
#184418000
0#
#184433760
0$
#184454090
1$
#184459000
1#
#184474420
0$
#184494750
10
b11100 /
01
1$
#184500000
00
0#
#184515080
0$
#184535410
1$
#184541000
10
1#
#184555740
0$
#184576070
b11101 /
11
1!
17
1$
#184582000
0#
#184596400
0$
#184616730
1$
#184623000
1#
#184637060
0$
#184657390
00
b11110 /
01
1$
#184664000
10
0#
#184677720
0$
#184698050
1$
#184705000
00
1#
#184718380
0$
#184738710
b11111 /
11
0!
07
1$
#184746000
0#
#184759040
0$
#184779370
1$
#184787000
1#
#184799700
0$
#184820030
10
b100000 /
01
1$
#184828000
00
0#
#184840360
0$
#184860690
1$
#184869000
10
1#
#184881020
0$
#184901350
b100001 /
11
1!
17
1$
#184910000
0#
#184921680
0$
#184942010
1$
#184951000
1#
#184962340
0$
#184982670
00
b100010 /
01
1$
#184992000
10
0#
#185003000
0$
#185023330
1$
#185033000
00
1#
#185043660
0$
#185063990
10
b1 3
b100011 /
11
0!
07
1$
#185074000
00
0#
#185084320
0$
#185104650
1$
#185115000
10
1#
#185124980
0$
#185145310
00
b100100 /
01
1!
17
1$
#185156000
10
0#
#185165640
0$
#185185970
1$
#185197000
00
1#
#185206300
0$
#185226630
b100101 /
11
0!
07
1$
#185238000
0#
#185246960
0$
#185267290
1$
#185279000
1#
#185287620
0$
#185307950
10
b100110 /
01
1$
#185320000
00
0#
#185328280
0$
#185348610
1$
#185361000
10
1#
#185368940
0$
#185389270
b100111 /
11
1!
17
1$
#185402000
0#
#185409600
0$
#185429930
1$
#185443000
1#
#185450260
0$
#185470590
00
b101000 /
01
1$
#185484000
10
0#
#185490920
0$
#185511250
1$
#185525000
00
1#
#185531580
0$
#185551910
b101001 /
11
0!
07
1$
#185566000
0#
#185572240
0$
#185592570
1$
#185607000
1#
#185612900
0$
#185633230
10
b101010 /
01
1$
#185648000
00
0#
#185653560
0$
#185673890
1$
#185689000
10
1#
#185694220
0$
#185714550
00
b10 3
b101011 /
11
1!
17
1$
#185730000
10
0#
#185734880
0$
#185755210
1$
#185771000
00
1#
#185775540
0$
#185795870
10
b101100 /
01
0!
07
1$
#185812000
00
0#
#185816200
0$
#185836530
1$
#185853000
10
1#
#185856860
0$
#185877190
b101101 /
11
1!
17
1$
#185894000
0#
#185897520
0$
#185917850
1$
#185935000
1#
#185938180
0$
#185958510
00
b101110 /
01
1$
#185976000
10
0#
#185978840
0$
#185999170
1$
#186017000
00
1#
#186019500
0$
#186039830
b101111 /
11
0!
07
1$
#186058000
0#
#186060160
0$
#186080490
1$
#186099000
1#
#186100820
0$
#186121150
10
b110000 /
01
1$
#186140000
00
0#
#186141480
0$
#186161810
1$
#186181000
10
1#
#186182140
0$
#186202470
b110001 /
11
1!
17
1$
#186222000
0#
#186222800
0$
#186243130
1$
#186263000
1#
#186263460
0$
#186283790
00
b110010 /
01
1$
#186304000
10
0#
#186304120
0$
#186324450
1$
#186344780
0$
#186345000
00
1#
#186365110
10
b11 3
b110011 /
11
0!
07
1$
#186385440
0$
#186386000
00
0#
#186405770
1$
#186426100
0$
#186427000
10
1#
#186446430
00
b110100 /
01
1!
17
1$
#186466760
0$
#186468000
10
0#
#186487090
1$
#186507420
0$
#186509000
00
1#
#186527750
b110101 /
11
0!
07
1$
#186548080
0$
#186550000
0#
#186568410
1$
#186588740
0$
#186591000
1#
#186609070
10
b110110 /
01
1$
#186629400
0$
#186632000
00
0#
#186649730
1$
#186670060
0$
#186673000
10
1#
#186690390
b110111 /
11
1!
17
1$
#186710720
0$
#186714000
0#
#186731050
1$
#186751380
0$
#186755000
1#
#186771710
00
b111000 /
01
1$
#186792040
0$
#186796000
10
0#
#186812370
1$
#186832700
0$
#186837000
00
1#
#186853030
b111001 /
11
0!
07
1$
#186873360
0$
#186878000
0#
#186893690
1$
#186914020
0$
#186919000
1#
#186934350
10
b111010 /
01
1$
#186954680
0$
#186960000
00
0#
#186975010
1$
#186995340
0$
#187001000
10
1#
#187015670
b111011 /
11
1!
17
1$
#187036000
0$
#187042000
0#
#187056330
1$
#187076660
0$
#187083000
1#
#187096990
00
b111100 /
01
1$
#187117320
0$
#187124000
10
0#
#187137650
1$
#187157980
0$
#187165000
00
1#
#187178310
b111101 /
11
0!
07
1$
#187198640
0$
#187206000
0#
#187218970
1$
#187239300
0$
#187247000
1#
#187259630
10
b111110 /
01
1$
#187279960
0$
#187288000
00
0#
#187300290
1$
#187320620
0$
#187329000
10
1#
#187340950
00
b111111 /
11
1!
17
1$
#187361280
0$
#187370000
10
0#
#187381610
1$
#187401940
0$
#187411000
00
1#
#187422270
10
12
b0 /
01
0!
07
1$
#187442600
0$
#187452000
00
0#
#187462930
b100111 5
02
b1000111 4
1"
b100010001000010 6
b10001000100001000000000000 *
b10001000100001 .
b100101 8
1$
#187483260
0$
#187493000
10
1#
#187503590
0"
b0 3
b1 /
11
1!
17
b1100110011001000011001100110010 (
b1100110011001000011001100110010 )
b101000100010000110 &
b10100010001000011 %
1$
#187523920
0$
#187534000
0#
#187544250
1$
#187564580
0$
#187575000
1#
#187584910
b10 /
01
1$
#187605240
0$
#187616000
0#
#187625570
1$
#187645900
0$
#187657000
1#
#187666230
00
b11 /
11
1$
#187686560
0$
#187698000
10
0#
#187706890
1$
#187727220
0$
#187739000
00
1#
#187747550
b100 /
01
0!
07
1$
#187767880
0$
#187780000
0#
#187788210
1$
#187808540
0$
#187821000
1#
#187828870
b101 /
11
1$
#187849200
0$
#187862000
0#
#187869530
1$
#187889860
0$
#187903000
1#
#187910190
10
b110 /
01
1$
#187930520
0$
#187944000
00
0#
#187950850
1$
#187971180
0$
#187985000
10
1#
#187991510
00
b111 /
11
1!
17
1$
#188011840
0$
#188026000
10
0#
#188032170
1$
#188052500
0$
#188067000
00
1#
#188072830
10
b1000 /
01
0!
07
1$
#188093160
0$
#188108000
00
0#
#188113490
1$
#188133820
0$
#188149000
10
1#
#188154150
b1001 /
11
1!
17
1$
#188174480
0$
#188190000
0#
#188194810
1$
#188215140
0$
#188231000
1#
#188235470
00
b1010 /
01
1$
#188255800
0$
#188272000
10
0#
#188276130
1$
#188296460
0$
#188313000
00
1#
#188316790
b1011 /
11
0!
07
1$
#188337120
0$
#188354000
0#
#188357450
1$
#188377780
0$
#188395000
1#
#188398110
10
b1100 /
01
1$
#188418440
0$
#188436000
00
0#
#188438770
1$
#188459100
0$
#188477000
10
1#
#188479430
b1101 /
11
1!
17
1$
#188499760
0$
#188518000
0#
#188520090
1$
#188540420
0$
#188559000
1#
#188560750
00
b1110 /
01
1$
#188581080
0$
#188600000
10
0#
#188601410
1$
#188621740
0$
#188641000
00
1#
#188642070
b1111 /
11
0!
07
1$
#188662400
0$
#188682000
0#
#188682730
1$
#188703060
0$
#188723000
1#
#188723390
10
b10000 /
01
1$
#188743720
0$
#188764000
00
0#
#188764050
1$
#188784380
0$
#188804710
1$
#188805000
10
1#
#188825040
0$
#188845370
1!
17
11
b10001 /
1$
#188846000
0#
#188865700
0$
#188886030
1$
#188887000
1#
#188906360
0$
#188926690
00
01
b10010 /
1$
#188928000
10
0#
#188947020
0$
#188967350
1$
#188969000
00
1#
#188987680
0$
#189008010
0!
07
11
b10011 /
1$
#189010000
0#
#189028340
0$
#189048670
1$
#189051000
1#
#189069000
0$
#189089330
10
01
b10100 /
1$
#189092000
00
0#
#189109660
0$
#189129990
1$
#189133000
10
1#
#189150320
0$
#189170650
1!
17
11
b10101 /
1$
#189174000
0#
#189190980
0$
#189211310
1$
#189215000
1#
#189231640
0$
#189251970
00
01
b10110 /
1$
#189256000
10
0#
#189272300
0$
#189292630
1$
#189297000
00
1#
#189312960
0$
#189333290
0!
07
11
b10111 /
1$
#189338000
0#
#189353620
0$
#189373950
1$
#189379000
1#
#189394280
0$
#189414610
10
01
b11000 /
1$
#189420000
00
0#
#189434940
0$
#189455270
1$
#189461000
10
1#
#189475600
0$
#189495930
00
1!
17
11
b11001 /
b1 3
1$
#189502000
10
0#
#189516260
0$
#189536590
1$
#189543000
00
1#
#189556920
0$
#189577250
10
0!
07
01
b11010 /
1$
#189584000
00
0#
#189597580
0$
#189617910
1$
#189625000
10
1#
#189638240
0$
#189658570
1!
17
11
b11011 /
1$
#189666000
0#
#189678900
0$
#189699230
1$
#189707000
1#
#189719560
0$
#189739890
00
01
b11100 /
1$
#189748000
10
0#
#189760220
0$
#189780550
1$
#189789000
00
1#
#189800880
0$
#189821210
0!
07
11
b11101 /
1$
#189830000
0#
#189841540
0$
#189861870
1$
#189871000
1#
#189882200
0$
#189902530
10
01
b11110 /
1$
#189912000
00
0#
#189922860
0$
#189943190
1$
#189953000
10
1#
#189963520
0$
#189983850
1!
17
11
b11111 /
1$
#189994000
0#
#190004180
0$
#190024510
1$
#190035000
1#
#190044840
0$
#190065170
00
01
b100000 /
1$
#190076000
10
0#
#190085500
0$
#190105830
1$
#190117000
00
1#
#190126160
0$
#190146490
0!
07
11
b100001 /
1$
#190158000
0#
#190166820
0$
#190187150
1$
#190199000
1#
#190207480
0$
#190227810
10
01
b100010 /
1$
#190240000
00
0#
#190248140
0$
#190268470
1$
#190281000
10
1#
#190288800
0$
#190309130
00
1!
17
11
b100011 /
b10 3
1$
#190322000
10
0#
#190329460
0$
#190349790
1$
#190363000
00
1#
#190370120
0$
#190390450
10
0!
07
01
b100100 /
1$
#190404000
00
0#
#190410780
0$
#190431110
1$
#190445000
10
1#
#190451440
0$
#190471770
1!
17
11
b100101 /
1$
#190486000
0#
#190492100
0$
#190512430
1$
#190527000
1#
#190532760
0$
#190553090
00
01
b100110 /
1$
#190568000
10
0#
#190573420
0$
#190593750
1$
#190609000
00
1#
#190614080
0$
#190634410
0!
07
11
b100111 /
1$
#190650000
0#
#190654740
0$
#190675070
1$
#190691000
1#
#190695400
0$
#190715730
10
01
b101000 /
1$
#190732000
00
0#
#190736060
0$
#190756390
1$
#190773000
10
1#
#190776720
0$
#190797050
1!
17
11
b101001 /
1$
#190814000
0#
#190817380
0$
#190837710
1$
#190855000
1#
#190858040
0$
#190878370
00
01
b101010 /
1$
#190896000
10
0#
#190898700
0$
#190919030
1$
#190937000
00
1#
#190939360
0$
#190959690
10
0!
07
11
b101011 /
b11 3
1$
#190978000
00
0#
#190980020
0$
#191000350
1$
#191019000
10
1#
#191020680
0$
#191041010
00
1!
17
01
b101100 /
1$
#191060000
10
0#
#191061340
0$
#191081670
1$
#191101000
00
1#
#191102000
0$
#191122330
0!
07
11
b101101 /
1$
#191142000
0#
#191142660
0$
#191162990
1$
#191183000
1#
#191183320
0$
#191203650
10
01
b101110 /
1$
#191223980
0$
#191224000
00
0#
#191244310
1$
#191264640
0$
#191265000
10
1#
#191284970
1!
17
11
b101111 /
1$
#191305300
0$
#191306000
0#
#191325630
1$
#191345960
0$
#191347000
1#
#191366290
00
01
b110000 /
1$
#191386620
0$
#191388000
10
0#
#191406950
1$
#191427280
0$
#191429000
00
1#
#191447610
0!
07
11
b110001 /
1$
#191467940
0$
#191470000
0#
#191488270
1$
#191508600
0$
#191511000
1#
#191528930
10
01
b110010 /
1$
#191549260
0$
#191552000
00
0#
#191569590
1$
#191589920
0$
#191593000
10
1#
#191610250
00
1!
17
11
b110011 /
b100 3
1$
#191630580
0$
#191634000
10
0#
#191650910
1$
#191671240
0$
#191675000
00
1#
#191691570
10
0!
07
01
b110100 /
1$
#191711900
0$
#191716000
00
0#
#191732230
1$
#191752560
0$
#191757000
10
1#
#191772890
1!
17
11
b110101 /
1$
#191793220
0$
#191798000
0#
#191813550
1$
#191833880
0$
#191839000
1#
#191854210
00
01
b110110 /
1$
#191874540
0$
#191880000
10
0#
#191894870
1$
#191915200
0$
#191921000
00
1#
#191935530
0!
07
11
b110111 /
1$
#191955860
0$
#191962000
0#
#191976190
1$
#191996520
0$
#192003000
1#
#192016850
10
01
b111000 /
1$
#192037180
0$
#192044000
00
0#
#192057510
1$
#192077840
0$
#192085000
10
1#
#192098170
1!
17
11
b111001 /
1$
#192118500
0$
#192126000
0#
#192138830
1$
#192159160
0$
#192167000
1#
#192179490
00
01
b111010 /
1$
#192199820
0$
#192208000
10
0#
#192220150
1$
#192240480
0$
#192249000
00
1#
#192260810
0!
07
11
b111011 /
1$
#192281140
0$
#192290000
0#
#192301470
1$
#192321800
0$
#192331000
1#
#192342130
10
01
b111100 /
1$
#192362460
0$
#192372000
00
0#
#192382790
1$
#192403120
0$
#192413000
10
1#
#192423450
1!
17
11
b111101 /
1$
#192443780
0$
#192454000
0#
#192464110
1$
#192484440
0$
#192495000
1#
#192504770
00
01
b111110 /
1$
#192525100
0$
#192536000
10
0#
#192545430
1$
#192565760
0$
#192577000
00
1#
#192586090
0!
07
11
b111111 /
1$
#192606420
0$
#192618000
0#
#192626750
1$
#192647080
0$
#192659000
1#
#192667410
10
01
12
b0 /
1$
#192687740
0$
#192700000
00
0#
#192708070
b1000111 5
b100110 8
b100010001000010000000000000 *
b100010001000010 .
b100111 4
02
1$
#192728400
0$
#192741000
10
1#
#192748730
1!
17
11
b1 /
b0 3
1$
#192769060
0$
#192782000
0#
#192789390
1$
#192809720
0$
#192823000
1#
#192830050
01
b10 /
1$
#192850380
0$
#192864000
0#
#192870710
1$
#192891040
0$
#192905000
1#
#192911370
00
11
b11 /
1$
#192931700
0$
#192946000
10
0#
#192952030
1$
#192972360
0$
#192987000
00
1#
#192992690
0!
07
01
b100 /
1$
#193013020
0$
#193028000
0#
#193033350
1$
#193053680
0$
#193069000
1#
#193074010
10
11
b101 /
1$
#193094340
0$
#193110000
00
0#
#193114670
1$
#193135000
0$
#193151000
10
1#
#193155330
00
1!
17
01
b110 /
1$
#193175660
0$
#193192000
10
0#
#193195990
1$
#193216320
0$
#193233000
00
1#
#193236650
0!
07
11
b111 /
1$
#193256980
0$
#193274000
0#
#193277310
1$
#193297640
0$
#193315000
1#
#193317970
10
01
b1000 /
1$
#193338300
0$
#193356000
00
0#
#193358630
1$
#193378960
0$
#193397000
10
1#
#193399290
1!
17
11
b1001 /
1$
#193419620
0$
#193438000
0#
#193439950
1$
#193460280
0$
#193479000
1#
#193480610
00
01
b1010 /
1$
#193500940
0$
#193520000
10
0#
#193521270
1$
#193541600
0$
#193561000
00
1#
#193561930
0!
07
11
b1011 /
1$
#193582260
0$
#193602000
0#
#193602590
1$
#193622920
0$
#193643000
1#
#193643250
10
01
b1100 /
1$
#193663580
0$
#193683910
b1101 /
11
1!
17
1$
#193684000
0#
#193704240
0$
#193724570
1$
#193725000
1#
#193744900
0$
#193765230
00
b1110 /
01
1$
#193766000
10
0#
#193785560
0$
#193805890
1$
#193807000
00
1#
#193826220
0$
#193846550
b1111 /
11
0!
07
1$
#193848000
0#
#193866880
0$
#193887210
1$
#193889000
1#
#193907540
0$
#193927870
10
b10000 /
01
1$
#193930000
00
0#
#193948200
0$
#193968530
1$
#193971000
10
1#
#193988860
0$
#194009190
b10001 /
11
1!
17
1$
#194012000
0#
#194029520
0$
#194049850
1$
#194053000
1#
#194070180
0$
#194090510
00
b10010 /
01
1$
#194094000
10
0#
#194110840
0$
#194131170
1$
#194135000
00
1#
#194151500
0$
#194171830
b10011 /
11
0!
07
1$
#194176000
0#
#194192160
0$
#194212490
1$
#194217000
1#
#194232820
0$
#194253150
10
b10100 /
01
1$
#194258000
00
0#
#194273480
0$
#194293810
1$
#194299000
10
1#
#194314140
0$
#194334470
b10101 /
11
1!
17
1$
#194340000
0#
#194354800
0$
#194375130
1$
#194381000
1#
#194395460
0$
#194415790
00
b10110 /
01
1$
#194422000
10
0#
#194436120
0$
#194456450
1$
#194463000
00
1#
#194476780
0$
#194497110
b10111 /
11
0!
07
1$
#194504000
0#
#194517440
0$
#194537770
1$
#194545000
1#
#194558100
0$
#194578430
10
b11000 /
01
1$
#194586000
00
0#
#194598760
0$
#194619090
1$
#194627000
10
1#
#194639420
0$
#194659750
b11001 /
11
1!
17
1$
#194668000
0#
#194680080
0$
#194700410
1$
#194709000
1#
#194720740
0$
#194741070
00
b11010 /
01
1$
#194750000
10
0#
#194761400
0$
#194781730
1$
#194791000
00
1#
#194802060
0$
#194822390
10
b1 3
b11011 /
11
0!
07
1$
#194832000
00
0#
#194842720
0$
#194863050
1$
#194873000
10
1#
#194883380
0$
#194903710
00
b11100 /
01
1!
17
1$
#194914000
10
0#
#194924040
0$
#194944370
1$
#194955000
00
1#
#194964700
0$
#194985030
b11101 /
11
0!
07
1$
#194996000
0#
#195005360
0$
#195025690
1$
#195037000
1#
#195046020
0$
#195066350
10
b11110 /
01
1$
#195078000
00
0#
#195086680
0$
#195107010
1$
#195119000
10
1#
#195127340
0$
#195147670
b11111 /
11
1!
17
1$
#195160000
0#
#195168000
0$
#195188330
1$
#195201000
1#
#195208660
0$
#195228990
00
b100000 /
01
1$
#195242000
10
0#
#195249320
0$
#195269650
1$
#195283000
00
1#
#195289980
0$
#195310310
b100001 /
11
0!
07
1$
#195324000
0#
#195330640
0$
#195350970
1$
#195365000
1#
#195371300
0$
#195391630
10
b100010 /
01
1$
#195406000
00
0#
#195411960
0$
#195432290
1$
#195447000
10
1#
#195452620
0$
#195472950
b100011 /
11
1!
17
1$
#195488000
0#
#195493280
0$
#195513610
1$
#195529000
1#
#195533940
0$
#195554270
00
b100100 /
01
1$
#195570000
10
0#
#195574600
0$
#195594930
1$
#195611000
00
1#
#195615260
0$
#195635590
10
b10 3
b100101 /
11
0!
07
1$
#195652000
00
0#
#195655920
0$
#195676250
1$
#195693000
10
1#
#195696580
0$
#195716910
00
b100110 /
01
1!
17
1$
#195734000
10
0#
#195737240
0$
#195757570
1$
#195775000
00
1#
#195777900
0$
#195798230
b100111 /
11
0!
07
1$
#195816000
0#
#195818560
0$
#195838890
1$
#195857000
1#
#195859220
0$
#195879550
10
b101000 /
01
1$
#195898000
00
0#
#195899880
0$
#195920210
1$
#195939000
10
1#
#195940540
0$
#195960870
b101001 /
11
1!
17
1$
#195980000
0#
#195981200
0$
#196001530
1$
#196021000
1#
#196021860
0$
#196042190
00
b101010 /
01
1$
#196062000
10
0#
#196062520
0$
#196082850
1$
#196103000
00
1#
#196103180
0$
#196123510
b101011 /
11
0!
07
1$
#196143840
0$
#196144000
0#
#196164170
1$
#196184500
0$
#196185000
1#
#196204830
10
b101100 /
01
1$
#196225160
0$
#196226000
00
0#
#196245490
1$
#196265820
0$
#196267000
10
1#
#196286150
00
b11 3
b101101 /
11
1!
17
1$
#196306480
0$
#196308000
10
0#
#196326810
1$
#196347140
0$
#196349000
00
1#
#196367470
10
b101110 /
01
0!
07
1$
#196387800
0$
#196390000
00
0#
#196408130
1$
#196428460
0$
#196431000
10
1#
#196448790
b101111 /
11
1!
17
1$
#196469120
0$
#196472000
0#
#196489450
1$
#196509780
0$
#196513000
1#
#196530110
00
b110000 /
01
1$
#196550440
0$
#196554000
10
0#
#196570770
1$
#196591100
0$
#196595000
00
1#
#196611430
b110001 /
11
0!
07
1$
#196631760
0$
#196636000
0#
#196652090
1$
#196672420
0$
#196677000
1#
#196692750
10
b110010 /
01
1$
#196713080
0$
#196718000
00
0#
#196733410
1$
#196753740
0$
#196759000
10
1#
#196774070
b110011 /
11
1!
17
1$
#196794400
0$
#196800000
0#
#196814730
1$
#196835060
0$
#196841000
1#
#196855390
00
b110100 /
01
1$
#196875720
0$
#196882000
10
0#
#196896050
1$
#196916380
0$
#196923000
00
1#
#196936710
10
b100 3
b110101 /
11
0!
07
1$
#196957040
0$
#196964000
00
0#
#196977370
1$
#196997700
0$
#197005000
10
1#
#197018030
00
b110110 /
01
1!
17
1$
#197038360
0$
#197046000
10
0#
#197058690
1$
#197079020
0$
#197087000
00
1#
#197099350
b110111 /
11
0!
07
1$
#197119680
0$
#197128000
0#
#197140010
1$
#197160340
0$
#197169000
1#
#197180670
10
b111000 /
01
1$
#197201000
0$
#197210000
00
0#
#197221330
1$
#197241660
0$
#197251000
10
1#
#197261990
b111001 /
11
1!
17
1$
#197282320
0$
#197292000
0#
#197302650
1$
#197322980
0$
#197333000
1#
#197343310
00
b111010 /
01
1$
#197363640
0$
#197374000
10
0#
#197383970
1$
#197404300
0$
#197415000
00
1#
#197424630
b111011 /
11
0!
07
1$
#197444960
0$
#197456000
0#
#197465290
1$
#197485620
0$
#197497000
1#
#197505950
10
b111100 /
01
1$
#197526280
0$
#197538000
00
0#
#197546610
1$
#197566940
0$
#197579000
10
1#
#197587270
b111101 /
11
1!
17
1$
#197607600
0$
#197620000
0#
#197627930
1$
#197648260
0$
#197661000
1#
#197668590
00
b111110 /
01
1$
#197688920
0$
#197702000
10
0#
#197709250
1$
#197729580
0$
#197743000
00
1#
#197749910
b111111 /
11
0!
07
1$
#197770240
0$
#197784000
0#
#197790570
1$
#197810900
0$
#197825000
1#
#197831230
10
12
b0 /
01
1$
#197851560
0$
#197866000
00
0#
#197871890
b100111 5
02
b1000111 4
1"
b110011001100100 6
b11001100110010000000000000 *
b11001100110010 .
b100111 8
1$
#197892220
0$
#197907000
10
1#
#197912550
0"
b0 3
b1 /
11
1!
17
b10001000100001100100010001000011 (
b10001000100001100100010001000011 )
b101010101010101000 &
b10101010101010100 %
1$
#197932880
0$
#197948000
0#
#197953210
1$
#197973540
0$
#197989000
1#
#197993870
b10 /
01
1$
#198014200
0$
#198030000
0#
#198034530
1$
#198054860
0$
#198071000
1#
#198075190
00
b11 /
11
1$
#198095520
0$
#198112000
10
0#
#198115850
1$
#198136180
0$
#198153000
00
1#
#198156510
b100 /
01
0!
07
1$
#198176840
0$
#198194000
0#
#198197170
1$
#198217500
0$
#198235000
1#
#198237830
b101 /
11
1$
#198258160
0$
#198276000
0#
#198278490
1$
#198298820
0$
#198317000
1#
#198319150
10
b110 /
01
1$
#198339480
0$
#198358000
00
0#
#198359810
1$
#198380140
0$
#198399000
10
1#
#198400470
00
b111 /
11
1!
17
1$
#198420800
0$
#198440000
10
0#
#198441130
1$
#198461460
0$
#198481000
00
1#
#198481790
10
b1000 /
01
0!
07
1$
#198502120
0$
#198522000
00
0#
#198522450
1$
#198542780
0$
#198563000
10
1#
#198563110
b1001 /
11
1!
17
1$
#198583440
0$
#198603770
00
01
b1010 /
1$
#198604000
10
0#
#198624100
0$
#198644430
1$
#198645000
00
1#
#198664760
0$
#198685090
0!
07
11
b1011 /
1$
#198686000
0#
#198705420
0$
#198725750
1$
#198727000
1#
#198746080
0$
#198766410
10
01
b1100 /
1$
#198768000
00
0#
#198786740
0$
#198807070
1$
#198809000
10
1#
#198827400
0$
#198847730
1!
17
11
b1101 /
1$
#198850000
0#
#198868060
0$
#198888390
1$
#198891000
1#
#198908720
0$
#198929050
00
01
b1110 /
1$
#198932000
10
0#
#198949380
0$
#198969710
1$
#198973000
00
1#
#198990040
0$
#199010370
0!
07
11
b1111 /
1$
#199014000
0#
#199030700
0$
#199051030
1$
#199055000
1#
#199071360
0$
#199091690
10
01
b10000 /
1$
#199096000
00
0#
#199112020
0$
#199132350
1$
#199137000
10
1#
#199152680
0$
#199173010
1!
17
11
b10001 /
1$
#199178000
0#
#199193340
0$
#199213670
1$
#199219000
1#
#199234000
0$
#199254330
00
01
b10010 /
1$
#199260000
10
0#
#199274660
0$
#199294990
1$
#199301000
00
1#
#199315320
0$
#199335650
0!
07
11
b10011 /
1$
#199342000
0#
#199355980
0$
#199376310
1$
#199383000
1#
#199396640
0$
#199416970
10
01
b10100 /
1$
#199424000
00
0#
#199437300
0$
#199457630
1$
#199465000
10
1#
#199477960
0$
#199498290
1!
17
11
b10101 /
1$
#199506000
0#
#199518620
0$
#199538950
1$
#199547000
1#
#199559280
0$
#199579610
00
01
b10110 /
1$
#199588000
10
0#
#199599940
0$
#199620270
1$
#199629000
00
1#
#199640600
0$
#199660930
0!
07
11
b10111 /
1$
#199670000
0#
#199681260
0$
#199701590
1$
#199711000
1#
#199721920
0$
#199742250
10
01
b11000 /
1$
#199752000
00
0#
#199762580
0$
#199782910
1$
#199793000
10
1#
#199803240
0$
#199823570
1!
17
11
b11001 /
1$
#199834000
0#
#199843900
0$
#199864230
1$
#199875000
1#
#199884560
0$
#199904890
00
01
b11010 /
1$
#199916000
10
0#
#199925220
0$
#199945550
1$
#199957000
00
1#
#199965880
0$
#199986210
10
0!
07
11
b11011 /
b1 3
1$
#199998000
00
0#
#200000000
