$date
	Sat Aug 30 12:34:50 2025
$end
$version
	Icarus Verilog
$end
$timescale
	1ps
$end
$scope module spdif_core_tb $end
$var wire 1 ! spdif_o2 $end
$var wire 1 " spdif_o $end
$var wire 1 # sample_req_o $end
$var reg 1 $ bit_out_en_i $end
$var reg 1 % clk_i $end
$var reg 32 & left_sample [31:0] $end
$var reg 32 ' right_sample [31:0] $end
$var reg 1 ( rst_i $end
$var reg 32 ) sample_i [31:0] $end
$var reg 3 * spdif_o2_dly [2:0] $end
$scope module uut $end
$var wire 1 $ bit_out_en_i $end
$var wire 1 % clk_i $end
$var wire 1 ( rst_i $end
$var wire 32 + sample_i [31:0] $end
$var wire 1 " spdif_o $end
$var wire 32 , subframe_w [31:0] $end
$var parameter 8 - PREAMBLE_X $end
$var parameter 8 . PREAMBLE_Y $end
$var parameter 8 / PREAMBLE_Z $end
$var reg 16 0 audio_sample_q [15:0] $end
$var reg 6 1 bit_count_q [5:0] $end
$var reg 1 2 bit_r $end
$var reg 1 3 bit_toggle_q $end
$var reg 1 4 load_subframe_q $end
$var reg 6 5 parity_count_q [5:0] $end
$var reg 8 6 preamble_q [7:0] $end
$var reg 8 7 preamble_r [7:0] $end
$var reg 16 8 sample_buf_q [15:0] $end
$var reg 1 # sample_req_o $end
$var reg 1 9 spdif_out_q $end
$var reg 9 : subframe_count_q [8:0] $end
$upscope $end
$scope module uut2 $end
$var wire 1 % clk $end
$var wire 32 ; data_left [31:0] $end
$var wire 32 < data_right [31:0] $end
$var wire 1 ( rst $end
$var wire 4 = sample_rate_code [3:0] $end
$var wire 1 > validity $end
$var wire 1 ? channel_status_bit_right $end
$var wire 1 @ channel_status_bit_left $end
$var parameter 32 A CLK_DIV $end
$var parameter 32 B CLK_FREQ $end
$var parameter 32 C SPDIF_BAUD $end
$var reg 6 D bit_idx [5:0] $end
$var reg 1 E bmc_out $end
$var reg 1 F bmc_phase $end
$var reg 8 G ch_status_idx [7:0] $end
$var reg 192 H ch_status_left [191:0] $end
$var reg 192 I ch_status_right [191:0] $end
$var reg 10 J frame_count [9:0] $end
$var reg 1 K lr $end
$var reg 4 L preamble_type [3:0] $end
$var reg 28 M shift_data [27:0] $end
$var reg 1 N spdif_clk $end
$var reg 1 ! spdif_out $end
$var reg 28 O subframe_data_left [27:0] $end
$var reg 28 P subframe_data_right [27:0] $end
$scope function make_subframe $end
$var reg 32 Q audio_data [31:0] $end
$var reg 1 R channel_status $end
$var reg 1 S parity $end
$var reg 28 T temp [27:0] $end
$var reg 1 U user $end
$var reg 1 V validity $end
$var integer 32 W i [31:0] $end
$upscope $end
$scope function preamble_b $end
$var reg 6 X idx [5:0] $end
$upscope $end
$scope function preamble_m $end
$var reg 6 Y idx [5:0] $end
$upscope $end
$scope function preamble_w $end
$var reg 6 Z idx [5:0] $end
$upscope $end
$upscope $end
$upscope $end
$enddefinitions $end
$comment Show the parameter values. $end
$dumpall
b101110111000000000000000 C
b1011101110000000000000000 B
b10 A
b10111 /
b100111 .
b1000111 -
$end
#0
$dumpvars
bx Z
bx Y
bx X
b11011 W
0V
0U
b0 T
0S
0R
b0 Q
b0 P
b0 O
0N
b0 M
b0 L
0K
b0 J
b1100000000000000000000000000 I
b1100000000000000000000000000 H
b0 G
0F
0E
b0 D
0@
0?
0>
b1100 =
b0 <
b0 ;
b0 :
09
b0 8
b10111 7
b0 6
b0 5
14
03
02
b0 1
b0 0
b0 ,
b0 +
b0 *
b0 )
1(
b0 '
b0 &
1%
0$
0#
0"
x!
$end
#20000
0!
0%
#40000
1%
1$
#60000
0%
#80000
1%
0$
#100000
0%
0(
#120000
12
b100111 7
1E
b1 L
1N
13
04
b1 1
b10111 6
1#
b1 :
1%
1$
#140000
1!
0%
#160000
b1 D
0#
0N
b1 *
b10001000100010 '
b1000100010001 &
b0 X
02
1%
0$
#180000
0%
#200000
1N
1"
19
03
b10 1
b11 *
b1 X
12
1%
1$
#220000
0%
#240000
b10 D
0N
b111 *
1%
0$
#260000
0%
#280000
02
1N
13
b11 1
b10 X
1%
1$
#300000
0%
#320000
b11 D
0N
12
1%
0$
#340000
0%
#360000
0E
1N
0"
09
03
b100 1
b11 X
12
1%
1$
#380000
0!
0%
#400000
b100 D
0N
b110 *
02
1%
0$
#420000
0%
#440000
1F
1E
1N
1"
19
13
b101 1
b100 *
02
1%
1$
#460000
1!
0%
#480000
b101 D
0N
0F
b1 *
12
1%
0$
#500000
0%
#520000
1F
0E
1N
0"
09
03
b110 1
b11 *
02
1%
1$
#540000
0!
0%
#560000
b110 D
0N
0F
b110 *
1%
0$
#580000
0%
#600000
1F
1E
1N
13
b111 1
b100 *
1%
1$
#620000
1!
0%
#640000
b111 D
0N
0F
b1 *
1%
0$
#660000
0%
#680000
12
1F
0E
1N
03
b1000 1
b11 *
1%
1$
#700000
0!
0%
#720000
b1000 D
0N
0F
b110 *
02
1%
0$
#740000
0%
#760000
1F
1E
1N
1"
19
13
b1001 1
b100 *
12
1%
1$
#780000
1!
0%
#800000
b1001 D
0N
0F
b1 *
1%
0$
#820000
0%
#840000
02
1F
0E
1N
03
b1010 1
b11 *
1%
1$
#860000
0!
0%
#880000
b1010 D
0N
0F
b110 *
12
1%
0$
#900000
0%
#920000
1F
1E
1N
0"
09
13
b1011 1
b100 *
02
1%
1$
#940000
1!
0%
#960000
b1011 D
0N
0F
b1 *
1%
0$
#980000
0%
#1000000
12
1F
0E
1N
03
b1100 1
b11 *
1%
1$
#1020000
0!
0%
#1040000
b1100 D
0N
0F
b110 *
02
1%
0$
#1060000
0%
#1080000
1F
1E
1N
1"
19
13
b1101 1
b100 *
12
1%
1$
#1100000
1!
0%
#1120000
b1101 D
0N
0F
b1 *
1%
0$
#1140000
0%
#1160000
02
1F
0E
1N
03
b1110 1
b11 *
1%
1$
#1180000
0!
0%
#1200000
b1110 D
0N
0F
b110 *
12
1%
0$
#1220000
0%
#1240000
1F
1E
1N
0"
09
13
b1111 1
b100 *
02
1%
1$
#1260000
1!
0%
#1280000
b1111 D
0N
0F
b1 *
1%
0$
#1300000
0%
#1320000
12
1F
0E
1N
03
b10000 1
b11 *
1%
1$
#1340000
0!
0%
#1360000
b10000 D
0N
0F
b110 *
02
1%
0$
#1380000
0%
#1400000
1F
1E
1N
1"
19
13
b10001 1
b100 *
12
1%
1$
#1420000
1!
0%
#1440000
b10001 D
0N
0F
b1 *
1%
0$
#1460000
0%
#1480000
02
1F
0E
1N
03
b10010 1
b11 *
1%
1$
#1500000
0!
0%
#1520000
b10010 D
0N
0F
b110 *
12
1%
0$
#1540000
0%
#1560000
1F
1E
1N
0"
09
13
b10011 1
b100 *
02
1%
1$
#1580000
1!
0%
#1600000
b10011 D
0N
0F
b1 *
1%
0$
#1620000
0%
#1640000
12
1F
0E
1N
03
b10100 1
b11 *
1%
1$
#1660000
0!
0%
#1680000
b10100 D
0N
0F
b110 *
02
1%
0$
#1700000
0%
#1720000
1F
1E
1N
1"
19
13
b10101 1
b100 *
12
1%
1$
#1740000
1!
0%
#1760000
b10101 D
0N
0F
b1 *
1%
0$
#1780000
0%
#1800000
02
1F
0E
1N
03
b10110 1
b11 *
1%
1$
#1820000
0!
0%
#1840000
b10110 D
0N
0F
b110 *
12
1%
0$
#1860000
0%
#1880000
1F
1E
1N
0"
09
13
b10111 1
b100 *
02
1%
1$
#1900000
1!
0%
#1920000
b10111 D
0N
0F
b1 *
1%
0$
#1940000
0%
#1960000
12
1F
0E
1N
03
b11000 1
b11 *
1%
1$
#1980000
0!
0%
#2000000
b11000 D
0N
0F
b110 *
02
1%
0$
#2020000
0%
#2040000
1F
1E
1N
1"
19
13
b11001 1
b100 *
12
1%
1$
#2060000
1!
0%
#2080000
b11001 D
0N
0F
b1 *
1%
0$
#2100000
0%
#2120000
02
1F
0E
1N
03
b11010 1
b11 *
1%
1$
#2140000
0!
0%
#2160000
b11010 D
0N
0F
b110 *
12
1%
0$
#2180000
0%
#2200000
1F
1E
1N
0"
09
13
b11011 1
b100 *
02
1%
1$
#2220000
1!
0%
#2240000
b11011 D
0N
0F
b1 *
1%
0$
#2260000
0%
#2280000
12
1F
0E
1N
03
b11100 1
b11 *
1%
1$
#2300000
0!
0%
#2320000
b11100 D
0N
0F
b110 *
02
1%
0$
#2340000
0%
#2360000
1F
1E
1N
1"
19
13
b11101 1
b100 *
12
1%
1$
#2380000
1!
0%
#2400000
b11101 D
0N
0F
b1 *
1%
0$
#2420000
0%
#2440000
02
1F
0E
1N
03
b11110 1
b11 *
1%
1$
#2460000
0!
0%
#2480000
b11110 D
0N
0F
b110 *
12
1%
0$
#2500000
0%
#2520000
1F
1E
1N
0"
09
13
b11111 1
b100 *
02
1%
1$
#2540000
1!
0%
#2560000
b11111 D
0N
0F
b1 *
1%
0$
#2580000
0%
#2600000
12
1F
0E
1N
03
b100000 1
b11 *
1%
1$
#2620000
0!
0%
#2640000
1K
b0 D
0N
0F
b110 *
02
1%
0$
#2660000
0%
#2680000
1E
b11 L
1N
1"
19
13
b100001 1
b100 *
b0 X
12
1%
1$
#2700000
1!
0%
#2720000
b1 D
0N
b1 *
b0 Z
1%
0$
#2740000
0%
#2760000
02
0E
1N
03
b100010 1
b11 *
b1 Z
1%
1$
#2780000
0!
0%
#2800000
b10 D
0N
b110 *
12
1%
0$
#2820000
0%
#2840000
1N
0"
09
13
b100011 1
b100 *
b10 Z
02
1%
1$
#2860000
0%
#2880000
b11 D
0N
b0 *
1%
0$
#2900000
0%
#2920000
12
1N
03
b100100 1
b11 Z
1%
1$
#2940000
0%
#2960000
b100 D
0N
02
1%
0$
#2980000
0%
#3000000
1F
1E
1N
1"
19
13
b100101 1
12
1%
1$
#3020000
1!
0%
#3040000
b101 D
0N
0F
b1 *
1%
0$
#3060000
0%
#3080000
02
1F
0E
1N
03
b100110 1
b11 *
1%
1$
#3100000
0!
0%
#3120000
b110 D
0N
0F
b110 *
12
1%
0$
#3140000
0%
#3160000
1F
1E
1N
0"
09
13
b100111 1
b100 *
02
1%
1$
#3180000
1!
0%
#3200000
b111 D
0N
0F
b1 *
1%
0$
#3220000
0%
#3240000
12
1F
0E
1N
03
b101000 1
b11 *
1%
1$
#3260000
0!
0%
#3280000
b1000 D
0N
0F
b110 *
02
1%
0$
#3300000
0%
#3320000
1F
1E
1N
1"
19
13
b101001 1
b100 *
12
1%
1$
#3340000
1!
0%
#3360000
b1001 D
0N
0F
b1 *
1%
0$
#3380000
0%
#3400000
02
1F
0E
1N
03
b101010 1
b11 *
1%
1$
#3420000
0!
0%
#3440000
b1010 D
0N
0F
b110 *
12
1%
0$
#3460000
0%
#3480000
1F
1E
1N
0"
09
13
b101011 1
b100 *
02
1%
1$
#3500000
1!
0%
#3520000
b1011 D
0N
0F
b1 *
1%
0$
#3540000
0%
#3560000
12
1F
0E
1N
03
b101100 1
b11 *
1%
1$
#3580000
0!
0%
#3600000
b1100 D
0N
0F
b110 *
02
1%
0$
#3620000
0%
#3640000
1F
1E
1N
1"
19
13
b101101 1
b100 *
12
1%
1$
#3660000
1!
0%
#3680000
b1101 D
0N
0F
b1 *
1%
0$
#3700000
0%
#3720000
02
1F
0E
1N
03
b101110 1
b11 *
1%
1$
#3740000
0!
0%
#3760000
b1110 D
0N
0F
b110 *
12
1%
0$
#3780000
0%
#3800000
1F
1E
1N
0"
09
13
b101111 1
b100 *
02
1%
1$
#3820000
1!
0%
#3840000
b1111 D
0N
0F
b1 *
1%
0$
#3860000
0%
#3880000
12
1F
0E
1N
03
b110000 1
b11 *
1%
1$
#3900000
0!
0%
#3920000
b10000 D
0N
0F
b110 *
02
1%
0$
#3940000
0%
#3960000
1F
1E
1N
1"
19
13
b110001 1
b100 *
12
1%
1$
#3980000
1!
0%
#4000000
b10001 D
0N
0F
b1 *
1%
0$
#4020000
0%
#4040000
02
1F
0E
1N
03
b110010 1
b11 *
1%
1$
#4060000
0!
0%
#4080000
b10010 D
0N
0F
b110 *
12
1%
0$
#4100000
0%
#4120000
1F
1E
1N
0"
09
13
b110011 1
b100 *
02
1%
1$
#4140000
1!
0%
#4160000
b10011 D
0N
0F
b1 *
1%
0$
#4180000
0%
#4200000
12
1F
0E
1N
03
b110100 1
b11 *
1%
1$
#4220000
0!
0%
#4240000
b10100 D
0N
0F
b110 *
02
1%
0$
#4260000
0%
#4280000
1F
1E
1N
1"
19
13
b110101 1
b100 *
12
1%
1$
#4300000
1!
0%
#4320000
b10101 D
0N
0F
b1 *
1%
0$
#4340000
0%
#4360000
02
1F
0E
1N
03
b110110 1
b11 *
1%
1$
#4380000
0!
0%
#4400000
b10110 D
0N
0F
b110 *
12
1%
0$
#4420000
0%
#4440000
1F
1E
1N
0"
09
13
b110111 1
b100 *
02
1%
1$
#4460000
1!
0%
#4480000
b10111 D
0N
0F
b1 *
1%
0$
#4500000
0%
#4520000
12
1F
0E
1N
03
b111000 1
b11 *
1%
1$
#4540000
0!
0%
#4560000
b11000 D
0N
0F
b110 *
02
1%
0$
#4580000
0%
#4600000
1F
1E
1N
1"
19
13
b111001 1
b100 *
12
1%
1$
#4620000
1!
0%
#4640000
b11001 D
0N
0F
b1 *
1%
0$
#4660000
0%
#4680000
02
1F
0E
1N
03
b111010 1
b11 *
1%
1$
#4700000
0!
0%
#4720000
b11010 D
0N
0F
b110 *
12
1%
0$
#4740000
0%
#4760000
1F
1E
1N
0"
09
13
b111011 1
b100 *
02
1%
1$
#4780000
1!
0%
#4800000
b11011 D
0N
0F
b1 *
1%
0$
#4820000
0%
#4840000
12
1F
0E
1N
03
b111100 1
b11 *
1%
1$
#4860000
0!
0%
#4880000
b11100 D
0N
0F
b110 *
02
1%
0$
#4900000
0%
#4920000
1F
1E
1N
1"
19
13
b111101 1
b100 *
12
1%
1$
#4940000
1!
0%
#4960000
b11101 D
0N
0F
b1 *
1%
0$
#4980000
0%
#5000000
02
1F
0E
1N
03
b111110 1
b11 *
1%
1$
#5020000
0!
0%
#5040000
b11110 D
0N
0F
b110 *
12
1%
0$
#5060000
0%
#5080000
1F
1E
1N
0"
09
13
b111111 1
b100 *
02
1%
1$
#5100000
1!
0%
#5120000
b11111 D
0N
0F
b1 *
1%
0$
#5140000
0%
#5160000
12
1F
0E
1N
03
14
b0 1
b11 *
1%
1$
#5180000
0!
0%
#5200000
b1 J
0K
b0 D
b1000111 7
b10 :
b100111 6
04
0N
0F
b110 *
02
1%
0$
#5220000
0%
#5240000
1E
b10 L
1N
1"
19
13
b1 1
b100 *
b0 Z
12
1%
1$
#5260000
1!
0%
#5280000
b1 D
0N
b1 *
b0 Y
1%
0$
#5300000
0%
#5320000
1N
03
b10 1
b11 *
b1 Y
1%
1$
#5340000
0%
#5360000
b10 D
0N
b111 *
1%
0$
#5380000
0%
#5400000
02
0E
1N
13
b11 1
b10 Y
1%
1$
#5420000
0!
0%
#5440000
b11 D
0N
b110 *
12
1%
0$
#5460000
0%
#5480000
1N
0"
09
03
b100 1
b100 *
b11 Y
02
1%
1$
#5500000
0%
#5520000
b100 D
0N
b0 *
1%
0$
#5540000
0%
#5560000
12
1F
1E
1N
13
b101 1
1%
1$
#5580000
1!
0%
#5600000
b101 D
0N
0F
b1 *
02
1%
0$
#5620000
0%
#5640000
1F
0E
1N
1"
19
03
b110 1
b11 *
02
1%
1$
#5660000
0!
0%
#5680000
b110 D
0N
0F
b110 *
12
1%
0$
#5700000
0%
#5720000
1F
1E
1N
0"
09
13
b111 1
b100 *
02
1%
1$
#5740000
1!
0%
#5760000
b111 D
0N
0F
b1 *
1%
0$
#5780000
0%
#5800000
12
1F
0E
1N
03
b1000 1
b11 *
1%
1$
#5820000
0!
0%
#5840000
b1000 D
0N
0F
b110 *
02
1%
0$
#5860000
0%
#5880000
1F
1E
1N
1"
19
13
b1001 1
b100 *
12
1%
1$
#5900000
1!
0%
#5920000
b1001 D
0N
0F
b1 *
1%
0$
#5940000
0%
#5960000
02
1F
0E
1N
03
b1010 1
b11 *
1%
1$
#5980000
0!
0%
#6000000
b1010 D
0N
0F
b110 *
12
1%
0$
#6020000
0%
#6040000
1F
1E
1N
0"
09
13
b1011 1
b100 *
02
1%
1$
#6060000
1!
0%
#6080000
b1011 D
0N
0F
b1 *
1%
0$
#6100000
0%
#6120000
12
1F
0E
1N
03
b1100 1
b11 *
1%
1$
#6140000
0!
0%
#6160000
b1100 D
0N
0F
b110 *
02
1%
0$
#6180000
0%
#6200000
1F
1E
1N
1"
19
13
b1101 1
b100 *
12
1%
1$
#6220000
1!
0%
#6240000
b1101 D
0N
0F
b1 *
1%
0$
#6260000
0%
#6280000
02
1F
0E
1N
03
b1110 1
b11 *
1%
1$
#6300000
0!
0%
#6320000
b1110 D
0N
0F
b110 *
12
1%
0$
#6340000
0%
#6360000
1F
1E
1N
0"
09
13
b1111 1
b100 *
02
1%
1$
#6380000
1!
0%
#6400000
b1111 D
0N
0F
b1 *
1%
0$
#6420000
0%
#6440000
12
1F
0E
1N
03
b10000 1
b11 *
1%
1$
#6460000
0!
0%
#6480000
b10000 D
0N
0F
b110 *
02
1%
0$
#6500000
0%
#6520000
1F
1E
1N
1"
19
13
b10001 1
b100 *
12
1%
1$
#6540000
1!
0%
#6560000
b10001 D
0N
0F
b1 *
1%
0$
#6580000
0%
#6600000
02
1F
0E
1N
03
b10010 1
b11 *
1%
1$
#6620000
0!
0%
#6640000
b10010 D
0N
0F
b110 *
12
1%
0$
#6660000
0%
#6680000
1F
1E
1N
0"
09
13
b10011 1
b100 *
02
1%
1$
#6700000
1!
0%
#6720000
b10011 D
0N
0F
b1 *
1%
0$
#6740000
0%
#6760000
12
1F
0E
1N
03
b10100 1
b11 *
1%
1$
#6780000
0!
0%
#6800000
b10100 D
0N
0F
b110 *
02
1%
0$
#6820000
0%
#6840000
1F
1E
1N
1"
19
13
b10101 1
b100 *
12
1%
1$
#6860000
1!
0%
#6880000
b10101 D
0N
0F
b1 *
1%
0$
#6900000
0%
#6920000
02
1F
0E
1N
03
b10110 1
b11 *
1%
1$
#6940000
0!
0%
#6960000
b10110 D
0N
0F
b110 *
12
1%
0$
#6980000
0%
#7000000
1F
1E
1N
0"
09
13
b10111 1
b100 *
02
1%
1$
#7020000
1!
0%
#7040000
b10111 D
0N
0F
b1 *
1%
0$
#7060000
0%
#7080000
12
1F
0E
1N
03
b11000 1
b11 *
1%
1$
#7100000
0!
0%
#7120000
b11000 D
0N
0F
b110 *
02
1%
0$
#7140000
0%
#7160000
1F
1E
1N
1"
19
13
b11001 1
b100 *
12
1%
1$
#7180000
1!
0%
#7200000
b11001 D
0N
0F
b1 *
1%
0$
#7220000
0%
#7240000
02
1F
0E
1N
03
b11010 1
b11 *
1%
1$
#7260000
0!
0%
#7280000
b11010 D
0N
0F
b110 *
12
1%
0$
#7300000
0%
#7320000
1F
1E
1N
0"
09
13
b11011 1
b100 *
02
1%
1$
#7340000
1!
0%
#7360000
b11011 D
0N
0F
b1 *
1%
0$
#7380000
0%
#7400000
12
1F
0E
1N
03
b11100 1
b11 *
1%
1$
#7420000
0!
0%
#7440000
b11100 D
0N
0F
b110 *
02
1%
0$
#7460000
0%
#7480000
1F
1E
1N
1"
19
13
b11101 1
b100 *
12
1%
1$
#7500000
1!
0%
#7520000
b11101 D
0N
0F
b1 *
1%
0$
#7540000
0%
#7560000
02
1F
0E
1N
03
b11110 1
b11 *
1%
1$
#7580000
0!
0%
#7600000
b11110 D
0N
0F
b110 *
12
1%
0$
#7620000
0%
#7640000
1F
1E
1N
0"
09
13
b11111 1
b100 *
02
1%
1$
#7660000
1!
0%
#7680000
b11111 D
0N
0F
b1 *
1%
0$
#7700000
0%
#7720000
12
1F
0E
1N
03
b100000 1
b11 *
1%
1$
#7740000
0!
0%
#7760000
1K
b0 D
0N
0F
b110 *
02
1%
0$
#7780000
0%
#7800000
1E
b11 L
1N
1"
19
13
b100001 1
b100 *
b0 Y
12
1%
1$
#7820000
1!
0%
#7840000
b1 D
0N
b1 *
1%
0$
#7860000
0%
#7880000
02
0E
1N
03
b100010 1
b11 *
b1 Z
1%
1$
#7900000
0!
0%
#7920000
b10 D
0N
b110 *
12
1%
0$
#7940000
0%
#7960000
1N
0"
09
13
b100011 1
b100 *
b10 Z
02
1%
1$
#7980000
0%
#8000000
b11 D
0N
b0 *
1%
0$
#8020000
0%
#8040000
12
1N
03
b100100 1
b11 Z
1%
1$
#8060000
0%
#8080000
b100 D
0N
02
1%
0$
#8100000
0%
#8120000
1F
1E
1N
1"
19
13
b100101 1
12
1%
1$
#8140000
1!
0%
#8160000
b101 D
0N
0F
b1 *
1%
0$
#8180000
0%
#8200000
02
1F
0E
1N
03
b100110 1
b11 *
1%
1$
#8220000
0!
0%
#8240000
b110 D
0N
0F
b110 *
12
1%
0$
#8260000
0%
#8280000
1F
1E
1N
0"
09
13
b100111 1
b100 *
02
1%
1$
#8300000
1!
0%
#8320000
b111 D
0N
0F
b1 *
1%
0$
#8340000
0%
#8360000
12
1F
0E
1N
03
b101000 1
b11 *
1%
1$
#8380000
0!
0%
#8400000
b1000 D
0N
0F
b110 *
02
1%
0$
#8420000
0%
#8440000
1F
1E
1N
1"
19
13
b101001 1
b100 *
12
1%
1$
#8460000
1!
0%
#8480000
b1001 D
0N
0F
b1 *
1%
0$
#8500000
0%
#8520000
02
1F
0E
1N
03
b101010 1
b11 *
1%
1$
#8540000
0!
0%
#8560000
b1010 D
0N
0F
b110 *
12
1%
0$
#8580000
0%
#8600000
1F
1E
1N
0"
09
13
b101011 1
b100 *
02
1%
1$
#8620000
1!
0%
#8640000
b1011 D
0N
0F
b1 *
1%
0$
#8660000
0%
#8680000
12
1F
0E
1N
03
b101100 1
b11 *
1%
1$
#8700000
0!
0%
#8720000
b1100 D
0N
0F
b110 *
02
1%
0$
#8740000
0%
#8760000
1F
1E
1N
1"
19
13
b101101 1
b100 *
12
1%
1$
#8780000
1!
0%
#8800000
b1101 D
0N
0F
b1 *
1%
0$
#8820000
0%
#8840000
02
1F
0E
1N
03
b101110 1
b11 *
1%
1$
#8860000
0!
0%
#8880000
b1110 D
0N
0F
b110 *
12
1%
0$
#8900000
0%
#8920000
1F
1E
1N
0"
09
13
b101111 1
b100 *
02
1%
1$
#8940000
1!
0%
#8960000
b1111 D
0N
0F
b1 *
1%
0$
#8980000
0%
#9000000
12
1F
0E
1N
03
b110000 1
b11 *
1%
1$
#9020000
0!
0%
#9040000
b10000 D
0N
0F
b110 *
02
1%
0$
#9060000
0%
#9080000
1F
1E
1N
1"
19
13
b110001 1
b100 *
12
1%
1$
#9100000
1!
0%
#9120000
b10001 D
0N
0F
b1 *
1%
0$
#9140000
0%
#9160000
02
1F
0E
1N
03
b110010 1
b11 *
1%
1$
#9180000
0!
0%
#9200000
b10010 D
0N
0F
b110 *
12
1%
0$
#9220000
0%
#9240000
1F
1E
1N
0"
09
13
b110011 1
b100 *
02
1%
1$
#9260000
1!
0%
#9280000
b10011 D
0N
0F
b1 *
1%
0$
#9300000
0%
#9320000
12
1F
0E
1N
03
b110100 1
b11 *
1%
1$
#9340000
0!
0%
#9360000
b10100 D
0N
0F
b110 *
02
1%
0$
#9380000
0%
#9400000
1F
1E
1N
1"
19
13
b110101 1
b100 *
12
1%
1$
#9420000
1!
0%
#9440000
b10101 D
0N
0F
b1 *
1%
0$
#9460000
0%
#9480000
02
1F
0E
1N
03
b110110 1
b11 *
1%
1$
#9500000
0!
0%
#9520000
b10110 D
0N
0F
b110 *
12
1%
0$
#9540000
0%
#9560000
1F
1E
1N
0"
09
13
b110111 1
b100 *
02
1%
1$
#9580000
1!
0%
#9600000
b10111 D
0N
0F
b1 *
1%
0$
#9620000
0%
#9640000
12
1F
0E
1N
03
b111000 1
b11 *
1%
1$
#9660000
0!
0%
#9680000
b11000 D
0N
0F
b110 *
02
1%
0$
#9700000
0%
#9720000
1F
1E
1N
1"
19
13
b111001 1
b100 *
12
1%
1$
#9740000
1!
0%
#9760000
b11001 D
0N
0F
b1 *
1%
0$
#9780000
0%
#9800000
02
1F
0E
1N
03
b111010 1
b11 *
1%
1$
#9820000
0!
0%
#9840000
b11010 D
0N
0F
b110 *
12
1%
0$
#9860000
0%
#9880000
1F
1E
1N
0"
09
13
b111011 1
b100 *
02
1%
1$
#9900000
1!
0%
#9920000
b11011 D
0N
0F
b1 *
1%
0$
#9940000
0%
#9960000
12
1F
0E
1N
03
b111100 1
b11 *
1%
1$
#9980000
0!
0%
#10000000
b11100 D
0N
0F
b110 *
02
1%
0$
#10020000
0%
#10040000
1F
1E
1N
1"
19
13
b111101 1
b100 *
12
1%
1$
#10060000
1!
0%
#10080000
b11101 D
0N
0F
b1 *
1%
0$
#10100000
0%
#10120000
02
1F
0E
1N
03
b111110 1
b11 *
1%
1$
#10140000
0!
0%
#10160000
b11110 D
0N
0F
b110 *
12
1%
0$
#10180000
0%
#10200000
1F
1E
1N
0"
09
13
b111111 1
b100 *
02
1%
1$
#10220000
1!
0%
#10240000
b11111 D
0N
0F
b1 *
1%
0$
#10260000
0%
#10280000
12
1F
0E
1N
03
14
b0 1
b11 *
1%
1$
#10300000
0!
0%
#10320000
b10 J
0K
b0 D
b100111 7
b11 :
1#
b1000111 6
04
0N
0F
b110 *
02
1%
0$
#10340000
0%
#10360000
b100010001000100000 P
b10001000100010000 O
0S
b11011 W
b100010001000100000 T
b10001000100010 Q
b1000100010001 ;
b10001000100010 <
1E
b10 L
1N
1"
19
13
b1 1
0#
b100010001000100001000100010001 )
b100010001000100001000100010001 +
b100010001000100 '
b10001000100010 &
b100 *
b0 Z
12
1%
1$
#10380000
1!
0%
#10400000
b1 D
0N
b10001000100010000 M
b1 *
1%
0$
#10420000
0%
#10440000
1N
03
b10 1
b11 *
b1 Y
1%
1$
#10460000
0%
#10480000
b10 D
0N
b111 *
1%
0$
#10500000
0%
#10520000
02
0E
1N
13
b11 1
b10 Y
1%
1$
#10540000
0!
0%
#10560000
b11 D
0N
b110 *
12
1%
0$
#10580000
0%
#10600000
1N
0"
09
03
b100 1
b100 *
b11 Y
02
1%
1$
#10620000
0%
#10640000
b100 D
0N
b0 *
1%
0$
#10660000
0%
#10680000
1F
1E
1N
13
b101 1
1%
1$
#10700000
1!
0%
#10720000
b101 D
0N
b100010001000100000 M
0F
b1 *
1%
0$
#10740000
0%
#10760000
12
1F
0E
1N
03
b110 1
b11 *
1%
1$
#10780000
0!
0%
#10800000
b110 D
0N
b1000100010001000000 M
0F
b110 *
02
1%
0$
#10820000
0%
#10840000
1F
1E
1N
1"
19
13
b111 1
b100 *
02
1%
1$
#10860000
1!
0%
#10880000
b111 D
0N
b10001000100010000000 M
0F
b1 *
12
1%
0$
#10900000
0%
#10920000
1F
0E
1N
0"
09
03
b1000 1
b11 *
12
1%
1$
#10940000
0!
0%
#10960000
b1000 D
0N
b100010001000100000000 M
0F
b110 *
02
1%
0$
#10980000
0%
#11000000
1F
1E
1N
1"
19
13
b1001 1
b100 *
12
1%
1$
#11020000
1!
0%
#11040000
b1001 D
0N
b1000100010001000000000 M
0F
b1 *
1%
0$
#11060000
0%
#11080000
02
1F
0E
1N
03
b1010 1
b11 *
1%
1$
#11100000
0!
0%
#11120000
b1010 D
0N
b10001000100010000000000 M
0F
b110 *
12
1%
0$
#11140000
0%
#11160000
1F
1E
1N
0"
09
13
b1011 1
b100 *
02
1%
1$
#11180000
1!
0%
#11200000
b1011 D
0N
b100010001000100000000000 M
0F
b1 *
1%
0$
#11220000
0%
#11240000
12
1F
0E
1N
03
b1100 1
b11 *
1%
1$
#11260000
0!
0%
#11280000
b1100 D
0N
b1000100010001000000000000 M
0F
b110 *
02
1%
0$
#11300000
0%
#11320000
1F
1E
1N
1"
19
13
b1101 1
b100 *
12
1%
1$
#11340000
1!
0%
#11360000
b1101 D
0N
b10001000100010000000000000 M
0F
b1 *
1%
0$
#11380000
0%
#11400000
02
1F
0E
1N
03
b1110 1
b11 *
1%
1$
#11420000
0!
0%
#11440000
b1110 D
0N
b100010001000100000000000000 M
0F
b110 *
12
1%
0$
#11460000
0%
#11480000
1F
1E
1N
0"
09
13
b1111 1
b100 *
02
1%
1$
#11500000
1!
0%
#11520000
b1111 D
0N
b1000100010001000000000000000 M
0F
b1 *
1%
0$
#11540000
0%
#11560000
12
1F
0E
1N
03
b10000 1
b11 *
1%
1$
#11580000
0!
0%
#11600000
b10000 D
0N
b1000100010000000000000000 M
0F
1E
b110 *
02
1%
0$
#11620000
1!
0%
#11640000
1F
0E
1N
1"
19
13
b10001 1
b101 *
12
1%
1$
#11660000
0!
0%
#11680000
b10001 D
0N
b10001000100000000000000000 M
0F
b10 *
1%
0$
#11700000
0%
#11720000
02
1F
1E
1N
03
b10010 1
b100 *
1%
1$
#11740000
1!
0%
#11760000
b10010 D
0N
b100010001000000000000000000 M
0F
b1 *
12
1%
0$
#11780000
0%
#11800000
1F
0E
1N
0"
09
13
b10011 1
b11 *
02
1%
1$
#11820000
0!
0%
#11840000
b10011 D
0N
b1000100010000000000000000000 M
0F
b110 *
1%
0$
#11860000
0%
#11880000
12
1F
1E
1N
03
b10100 1
b100 *
1%
1$
#11900000
1!
0%
#11920000
b10100 D
0N
b1000100000000000000000000 M
0F
0E
b1 *
02
1%
0$
#11940000
0!
0%
#11960000
1F
1E
1N
1"
19
13
b10101 1
b10 *
12
1%
1$
#11980000
1!
0%
#12000000
b10101 D
0N
b10001000000000000000000000 M
0F
b101 *
1%
0$
#12020000
0%
#12040000
02
1F
0E
1N
03
b10110 1
b11 *
1%
1$
#12060000
0!
0%
#12080000
b10110 D
0N
b100010000000000000000000000 M
0F
b110 *
12
1%
0$
#12100000
0%
#12120000
1F
1E
1N
0"
09
13
b10111 1
b100 *
02
1%
1$
#12140000
1!
0%
#12160000
b10111 D
0N
b1000100000000000000000000000 M
0F
b1 *
1%
0$
#12180000
0%
#12200000
12
1F
0E
1N
03
b11000 1
b11 *
1%
1$
#12220000
0!
0%
#12240000
b11000 D
0N
b1000000000000000000000000 M
0F
1E
b110 *
02
1%
0$
#12260000
1!
0%
#12280000
1F
0E
1N
1"
19
13
b11001 1
b101 *
12
1%
1$
#12300000
0!
0%
#12320000
b11001 D
0N
b10000000000000000000000000 M
0F
b10 *
1%
0$
#12340000
0%
#12360000
02
1F
1E
1N
03
b11010 1
b100 *
1%
1$
#12380000
1!
0%
#12400000
b11010 D
0N
b100000000000000000000000000 M
0F
b1 *
12
1%
0$
#12420000
0%
#12440000
1F
0E
1N
0"
09
13
b11011 1
b11 *
02
1%
1$
#12460000
0!
0%
#12480000
b11011 D
0N
b1000000000000000000000000000 M
0F
b110 *
1%
0$
#12500000
0%
#12520000
12
1F
1E
1N
03
b11100 1
b100 *
1%
1$
#12540000
1!
0%
#12560000
b11100 D
0N
b0 M
0F
0E
b1 *
02
1%
0$
#12580000
0!
0%
#12600000
1F
1E
1N
1"
19
13
b11101 1
b10 *
12
1%
1$
#12620000
1!
0%
#12640000
b11101 D
0N
0F
b101 *
1%
0$
#12660000
0%
#12680000
02
1F
0E
1N
03
b11110 1
b11 *
1%
1$
#12700000
0!
0%
#12720000
b11110 D
0N
0F
b110 *
12
1%
0$
#12740000
0%
#12760000
1F
1E
1N
0"
09
13
b11111 1
b100 *
02
1%
1$
#12780000
1!
0%
#12800000
b11111 D
0N
0F
b1 *
1%
0$
#12820000
0%
#12840000
12
1F
0E
1N
03
b100000 1
b11 *
1%
1$
#12860000
0!
0%
#12880000
1K
b0 D
0N
0F
b110 *
02
1%
0$
#12900000
0%
#12920000
1E
b11 L
b100010001000100000 M
1N
1"
19
13
b100001 1
b100 *
b0 Y
12
1%
1$
#12940000
1!
0%
#12960000
b1 D
0N
b1 *
1%
0$
#12980000
0%
#13000000
02
0E
1N
03
b100010 1
b11 *
b1 Z
1%
1$
#13020000
0!
0%
#13040000
b10 D
0N
b110 *
12
1%
0$
#13060000
0%
#13080000
1N
0"
09
13
b100011 1
b100 *
b10 Z
02
1%
1$
#13100000
0%
#13120000
b11 D
0N
b0 *
1%
0$
#13140000
0%
#13160000
12
1N
03
b100100 1
b11 Z
1%
1$
#13180000
0%
#13200000
b100 D
0N
02
1%
0$
#13220000
0%
#13240000
1F
1E
1N
1"
19
13
b100101 1
12
1%
1$
#13260000
1!
0%
#13280000
b101 D
0N
b1000100010001000000 M
0F
b1 *
1%
0$
#13300000
0%
#13320000
02
1F
0E
1N
03
b100110 1
b11 *
1%
1$
#13340000
0!
0%
#13360000
b110 D
0N
b10001000100010000000 M
0F
b110 *
12
1%
0$
#13380000
0%
#13400000
1F
1E
1N
0"
09
13
b100111 1
b100 *
02
1%
1$
#13420000
1!
0%
#13440000
b111 D
0N
b100010001000100000000 M
0F
b1 *
1%
0$
#13460000
0%
#13480000
12
1F
0E
1N
03
b101000 1
b11 *
1%
1$
#13500000
0!
0%
#13520000
b1000 D
0N
b1000100010001000000000 M
0F
b110 *
02
1%
0$
#13540000
0%
#13560000
1F
1E
1N
1"
19
13
b101001 1
b100 *
12
1%
1$
#13580000
1!
0%
#13600000
b1001 D
0N
b10001000100010000000000 M
0F
b1 *
1%
0$
#13620000
0%
#13640000
02
1F
0E
1N
03
b101010 1
b11 *
1%
1$
#13660000
0!
0%
#13680000
b1010 D
0N
b100010001000100000000000 M
0F
b110 *
12
1%
0$
#13700000
0%
#13720000
1F
1E
1N
0"
09
13
b101011 1
b100 *
02
1%
1$
#13740000
1!
0%
#13760000
b1011 D
0N
b1000100010001000000000000 M
0F
b1 *
1%
0$
#13780000
0%
#13800000
12
1F
0E
1N
03
b101100 1
b11 *
1%
1$
#13820000
0!
0%
#13840000
b1100 D
0N
b10001000100010000000000000 M
0F
b110 *
02
1%
0$
#13860000
0%
#13880000
1F
1E
1N
1"
19
13
b101101 1
b100 *
12
1%
1$
#13900000
1!
0%
#13920000
b1101 D
0N
b100010001000100000000000000 M
0F
b1 *
1%
0$
#13940000
0%
#13960000
02
1F
0E
1N
03
b101110 1
b11 *
1%
1$
#13980000
0!
0%
#14000000
b1110 D
0N
b1000100010001000000000000000 M
0F
b110 *
12
1%
0$
#14020000
0%
#14040000
1F
1E
1N
0"
09
13
b101111 1
b100 *
02
1%
1$
#14060000
1!
0%
#14080000
b1111 D
0N
b1000100010000000000000000 M
0F
0E
b1 *
1%
0$
#14100000
0!
0%
#14120000
12
1F
1E
1N
03
b110000 1
b10 *
1%
1$
#14140000
1!
0%
#14160000
b10000 D
0N
b10001000100000000000000000 M
0F
b101 *
02
1%
0$
#14180000
0%
#14200000
1F
0E
1N
1"
19
13
b110001 1
b11 *
12
1%
1$
#14220000
0!
0%
#14240000
b10001 D
0N
b100010001000000000000000000 M
0F
b110 *
1%
0$
#14260000
0%
#14280000
02
1F
1E
1N
03
b110010 1
b100 *
1%
1$
#14300000
1!
0%
#14320000
b10010 D
0N
b1000100010000000000000000000 M
0F
b1 *
12
1%
0$
#14340000
0%
#14360000
1F
0E
1N
0"
09
13
b110011 1
b11 *
02
1%
1$
#14380000
0!
0%
#14400000
b10011 D
0N
b1000100000000000000000000 M
0F
1E
b110 *
1%
0$
#14420000
1!
0%
#14440000
12
1F
0E
1N
03
b110100 1
b101 *
1%
1$
#14460000
0!
0%
#14480000
b10100 D
0N
b10001000000000000000000000 M
0F
b10 *
02
1%
0$
#14500000
0%
#14520000
1F
1E
1N
1"
19
13
b110101 1
b100 *
12
1%
1$
#14540000
1!
0%
#14560000
b10101 D
0N
b100010000000000000000000000 M
0F
b1 *
1%
0$
#14580000
0%
#14600000
02
1F
0E
1N
03
b110110 1
b11 *
1%
1$
#14620000
0!
0%
#14640000
b10110 D
0N
b1000100000000000000000000000 M
0F
b110 *
12
1%
0$
#14660000
0%
#14680000
1F
1E
1N
0"
09
13
b110111 1
b100 *
02
1%
1$
#14700000
1!
0%
#14720000
b10111 D
0N
b1000000000000000000000000 M
0F
0E
b1 *
1%
0$
#14740000
0!
0%
#14760000
12
1F
1E
1N
03
b111000 1
b10 *
1%
1$
#14780000
1!
0%
#14800000
b11000 D
0N
b10000000000000000000000000 M
0F
b101 *
02
1%
0$
#14820000
0%
#14840000
1F
0E
1N
1"
19
13
b111001 1
b11 *
12
1%
1$
#14860000
0!
0%
#14880000
b11001 D
0N
b100000000000000000000000000 M
0F
b110 *
1%
0$
#14900000
0%
#14920000
02
1F
1E
1N
03
b111010 1
b100 *
1%
1$
#14940000
1!
0%
#14960000
b11010 D
0N
b1000000000000000000000000000 M
0F
b1 *
12
1%
0$
#14980000
0%
#15000000
1F
0E
1N
0"
09
13
b111011 1
b11 *
02
1%
1$
#15020000
0!
0%
#15040000
b11011 D
0N
b0 M
0F
1E
b110 *
1%
0$
#15060000
1!
0%
#15080000
12
1F
0E
1N
03
b111100 1
b101 *
1%
1$
#15100000
0!
0%
#15120000
b11100 D
0N
0F
b10 *
02
1%
0$
#15140000
0%
#15160000
1F
1E
1N
1"
19
13
b111101 1
b100 *
12
1%
1$
#15180000
1!
0%
#15200000
b11101 D
0N
0F
b1 *
1%
0$
#15220000
0%
#15240000
02
1F
0E
1N
03
b111110 1
b11 *
1%
1$
#15260000
0!
0%
#15280000
b11110 D
0N
0F
b110 *
12
1%
0$
#15300000
0%
#15320000
1F
1E
1N
0"
09
13
b111111 1
b100 *
02
1%
1$
#15340000
1!
0%
#15360000
b11111 D
0N
0F
b1 *
1%
0$
#15380000
0%
#15400000
12
1F
0E
1N
03
14
b0 1
b11 *
1%
1$
#15420000
0!
0%
#15440000
b11 J
0K
b0 D
b1000111 7
b100 :
b100111 6
04
0N
0F
b110 *
02
1%
0$
#15460000
0%
#15480000
1E
b10 L
b10001000100010000 M
1N
1"
19
13
b1 1
b100 *
b0 Z
12
1%
1$
#15500000
1!
0%
#15520000
b1 D
0N
b1 *
1%
0$
#15540000
0%
#15560000
1N
03
b10 1
b11 *
b1 Y
1%
1$
#15580000
0%
#15600000
b10 D
0N
b111 *
1%
0$
#15620000
0%
#15640000
02
0E
1N
13
b11 1
b10 Y
1%
1$
#15660000
0!
0%
#15680000
b11 D
0N
b110 *
12
1%
0$
#15700000
0%
#15720000
1N
0"
09
03
b100 1
b100 *
b11 Y
02
1%
1$
#15740000
0%
#15760000
b100 D
0N
b0 *
1%
0$
#15780000
0%
#15800000
12
1F
1E
1N
13
b101 1
1%
1$
#15820000
1!
0%
#15840000
b101 D
0N
b100010001000100000 M
0F
b1 *
02
1%
0$
#15860000
0%
#15880000
1F
0E
1N
1"
19
03
b110 1
b11 *
02
1%
1$
#15900000
0!
0%
#15920000
b110 D
0N
b1000100010001000000 M
0F
b110 *
12
1%
0$
#15940000
0%
#15960000
1F
1E
1N
0"
09
13
b111 1
b100 *
02
1%
1$
#15980000
1!
0%
#16000000
b111 D
0N
b10001000100010000000 M
0F
b1 *
1%
0$
#16020000
0%
#16040000
12
1F
0E
1N
03
b1000 1
b11 *
1%
1$
#16060000
0!
0%
#16080000
b1000 D
0N
b100010001000100000000 M
0F
b110 *
02
1%
0$
#16100000
0%
#16120000
1F
1E
1N
1"
19
13
b1001 1
b100 *
12
1%
1$
#16140000
1!
0%
#16160000
b1001 D
0N
b1000100010001000000000 M
0F
b1 *
1%
0$
#16180000
0%
#16200000
02
1F
0E
1N
03
b1010 1
b11 *
1%
1$
#16220000
0!
0%
#16240000
b1010 D
0N
b10001000100010000000000 M
0F
b110 *
12
1%
0$
#16260000
0%
#16280000
1F
1E
1N
0"
09
13
b1011 1
b100 *
02
1%
1$
#16300000
1!
0%
#16320000
b1011 D
0N
b100010001000100000000000 M
0F
b1 *
1%
0$
#16340000
0%
#16360000
12
1F
0E
1N
03
b1100 1
b11 *
1%
1$
#16380000
0!
0%
#16400000
b1100 D
0N
b1000100010001000000000000 M
0F
b110 *
02
1%
0$
#16420000
0%
#16440000
1F
1E
1N
1"
19
13
b1101 1
b100 *
12
1%
1$
#16460000
1!
0%
#16480000
b1101 D
0N
b10001000100010000000000000 M
0F
b1 *
1%
0$
#16500000
0%
#16520000
02
1F
0E
1N
03
b1110 1
b11 *
1%
1$
#16540000
0!
0%
#16560000
b1110 D
0N
b100010001000100000000000000 M
0F
b110 *
12
1%
0$
#16580000
0%
#16600000
1F
1E
1N
0"
09
13
b1111 1
b100 *
02
1%
1$
#16620000
1!
0%
#16640000
b1111 D
0N
b1000100010001000000000000000 M
0F
b1 *
1%
0$
#16660000
0%
#16680000
12
1F
0E
1N
03
b10000 1
b11 *
1%
1$
#16700000
0!
0%
#16720000
b10000 D
0N
b1000100010000000000000000 M
0F
1E
b110 *
02
1%
0$
#16740000
1!
0%
#16760000
1F
0E
1N
1"
19
13
b10001 1
b101 *
12
1%
1$
#16780000
0!
0%
#16800000
b10001 D
0N
b10001000100000000000000000 M
0F
b10 *
1%
0$
#16820000
0%
#16840000
02
1F
1E
1N
03
b10010 1
b100 *
1%
1$
#16860000
1!
0%
#16880000
b10010 D
0N
b100010001000000000000000000 M
0F
b1 *
12
1%
0$
#16900000
0%
#16920000
1F
0E
1N
0"
09
13
b10011 1
b11 *
02
1%
1$
#16940000
0!
0%
#16960000
b10011 D
0N
b1000100010000000000000000000 M
0F
b110 *
1%
0$
#16980000
0%
#17000000
12
1F
1E
1N
03
b10100 1
b100 *
1%
1$
#17020000
1!
0%
#17040000
b10100 D
0N
b1000100000000000000000000 M
0F
0E
b1 *
02
1%
0$
#17060000
0!
0%
#17080000
1F
1E
1N
1"
19
13
b10101 1
b10 *
12
1%
1$
#17100000
1!
0%
#17120000
b10101 D
0N
b10001000000000000000000000 M
0F
b101 *
1%
0$
#17140000
0%
#17160000
02
1F
0E
1N
03
b10110 1
b11 *
1%
1$
#17180000
0!
0%
#17200000
b10110 D
0N
b100010000000000000000000000 M
0F
b110 *
12
1%
0$
#17220000
0%
#17240000
1F
1E
1N
0"
09
13
b10111 1
b100 *
02
1%
1$
#17260000
1!
0%
#17280000
b10111 D
0N
b1000100000000000000000000000 M
0F
b1 *
1%
0$
#17300000
0%
#17320000
12
1F
0E
1N
03
b11000 1
b11 *
1%
1$
#17340000
0!
0%
#17360000
b11000 D
0N
b1000000000000000000000000 M
0F
1E
b110 *
02
1%
0$
#17380000
1!
0%
#17400000
1F
0E
1N
1"
19
13
b11001 1
b101 *
12
1%
1$
#17420000
0!
0%
#17440000
b11001 D
0N
b10000000000000000000000000 M
0F
b10 *
1%
0$
#17460000
0%
#17480000
02
1F
1E
1N
03
b11010 1
b100 *
1%
1$
#17500000
1!
0%
#17520000
b11010 D
0N
b100000000000000000000000000 M
0F
b1 *
12
1%
0$
#17540000
0%
#17560000
1F
0E
1N
0"
09
13
b11011 1
b11 *
02
1%
1$
#17580000
0!
0%
#17600000
b11011 D
0N
b1000000000000000000000000000 M
0F
b110 *
1%
0$
#17620000
0%
#17640000
12
1F
1E
1N
03
b11100 1
b100 *
1%
1$
#17660000
1!
0%
#17680000
b11100 D
0N
b0 M
0F
0E
b1 *
02
1%
0$
#17700000
0!
0%
#17720000
1F
1E
1N
1"
19
13
b11101 1
b10 *
12
1%
1$
#17740000
1!
0%
#17760000
b11101 D
0N
0F
b101 *
1%
0$
#17780000
0%
#17800000
02
1F
0E
1N
03
b11110 1
b11 *
1%
1$
#17820000
0!
0%
#17840000
b11110 D
0N
0F
b110 *
12
1%
0$
#17860000
0%
#17880000
1F
1E
1N
0"
09
13
b11111 1
b100 *
02
1%
1$
#17900000
1!
0%
#17920000
b11111 D
0N
0F
b1 *
1%
0$
#17940000
0%
#17960000
12
1F
0E
1N
03
b100000 1
b11 *
1%
1$
#17980000
0!
0%
#18000000
1K
b0 D
0N
0F
b110 *
02
1%
0$
#18020000
0%
#18040000
1E
b11 L
b100010001000100000 M
1N
1"
19
13
b100001 1
b100 *
b0 Y
12
1%
1$
#18060000
1!
0%
#18080000
b1 D
0N
b1 *
1%
0$
#18100000
0%
#18120000
02
0E
1N
03
b100010 1
b11 *
b1 Z
1%
1$
#18140000
0!
0%
#18160000
b10 D
0N
b110 *
12
1%
0$
#18180000
0%
#18200000
1N
0"
09
13
b100011 1
b100 *
b10 Z
02
1%
1$
#18220000
0%
#18240000
b11 D
0N
b0 *
1%
0$
#18260000
0%
#18280000
12
1N
03
b100100 1
b11 Z
1%
1$
#18300000
0%
#18320000
b100 D
0N
02
1%
0$
#18340000
0%
#18360000
1F
1E
1N
1"
19
13
b100101 1
12
1%
1$
#18380000
1!
0%
#18400000
b101 D
0N
b1000100010001000000 M
0F
b1 *
1%
0$
#18420000
0%
#18440000
02
1F
0E
1N
03
b100110 1
b11 *
1%
1$
#18460000
0!
0%
#18480000
b110 D
0N
b10001000100010000000 M
0F
b110 *
12
1%
0$
#18500000
0%
#18520000
1F
1E
1N
0"
09
13
b100111 1
b100 *
02
1%
1$
#18540000
1!
0%
#18560000
b111 D
0N
b100010001000100000000 M
0F
b1 *
1%
0$
#18580000
0%
#18600000
12
1F
0E
1N
03
b101000 1
b11 *
1%
1$
#18620000
0!
0%
#18640000
b1000 D
0N
b1000100010001000000000 M
0F
b110 *
02
1%
0$
#18660000
0%
#18680000
1F
1E
1N
1"
19
13
b101001 1
b100 *
12
1%
1$
#18700000
1!
0%
#18720000
b1001 D
0N
b10001000100010000000000 M
0F
b1 *
1%
0$
#18740000
0%
#18760000
02
1F
0E
1N
03
b101010 1
b11 *
1%
1$
#18780000
0!
0%
#18800000
b1010 D
0N
b100010001000100000000000 M
0F
b110 *
12
1%
0$
#18820000
0%
#18840000
1F
1E
1N
0"
09
13
b101011 1
b100 *
02
1%
1$
#18860000
1!
0%
#18880000
b1011 D
0N
b1000100010001000000000000 M
0F
b1 *
1%
0$
#18900000
0%
#18920000
12
1F
0E
1N
03
b101100 1
b11 *
1%
1$
#18940000
0!
0%
#18960000
b1100 D
0N
b10001000100010000000000000 M
0F
b110 *
02
1%
0$
#18980000
0%
#19000000
1F
1E
1N
1"
19
13
b101101 1
b100 *
12
1%
1$
#19020000
1!
0%
#19040000
b1101 D
0N
b100010001000100000000000000 M
0F
b1 *
1%
0$
#19060000
0%
#19080000
02
1F
0E
1N
03
b101110 1
b11 *
1%
1$
#19100000
0!
0%
#19120000
b1110 D
0N
b1000100010001000000000000000 M
0F
b110 *
12
1%
0$
#19140000
0%
#19160000
1F
1E
1N
0"
09
13
b101111 1
b100 *
02
1%
1$
#19180000
1!
0%
#19200000
b1111 D
0N
b1000100010000000000000000 M
0F
0E
b1 *
1%
0$
#19220000
0!
0%
#19240000
12
1F
1E
1N
03
b110000 1
b10 *
1%
1$
#19260000
1!
0%
#19280000
b10000 D
0N
b10001000100000000000000000 M
0F
b101 *
02
1%
0$
#19300000
0%
#19320000
1F
0E
1N
1"
19
13
b110001 1
b11 *
12
1%
1$
#19340000
0!
0%
#19360000
b10001 D
0N
b100010001000000000000000000 M
0F
b110 *
1%
0$
#19380000
0%
#19400000
02
1F
1E
1N
03
b110010 1
b100 *
1%
1$
#19420000
1!
0%
#19440000
b10010 D
0N
b1000100010000000000000000000 M
0F
b1 *
12
1%
0$
#19460000
0%
#19480000
1F
0E
1N
0"
09
13
b110011 1
b11 *
02
1%
1$
#19500000
0!
0%
#19520000
b10011 D
0N
b1000100000000000000000000 M
0F
1E
b110 *
1%
0$
#19540000
1!
0%
#19560000
12
1F
0E
1N
03
b110100 1
b101 *
1%
1$
#19580000
0!
0%
#19600000
b10100 D
0N
b10001000000000000000000000 M
0F
b10 *
02
1%
0$
#19620000
0%
#19640000
1F
1E
1N
1"
19
13
b110101 1
b100 *
12
1%
1$
#19660000
1!
0%
#19680000
b10101 D
0N
b100010000000000000000000000 M
0F
b1 *
1%
0$
#19700000
0%
#19720000
02
1F
0E
1N
03
b110110 1
b11 *
1%
1$
#19740000
0!
0%
#19760000
b10110 D
0N
b1000100000000000000000000000 M
0F
b110 *
12
1%
0$
#19780000
0%
#19800000
1F
1E
1N
0"
09
13
b110111 1
b100 *
02
1%
1$
#19820000
1!
0%
#19840000
b10111 D
0N
b1000000000000000000000000 M
0F
0E
b1 *
1%
0$
#19860000
0!
0%
#19880000
12
1F
1E
1N
03
b111000 1
b10 *
1%
1$
#19900000
1!
0%
#19920000
b11000 D
0N
b10000000000000000000000000 M
0F
b101 *
02
1%
0$
#19940000
0%
#19960000
1F
0E
1N
1"
19
13
b111001 1
b11 *
12
1%
1$
#19980000
0!
0%
#20000000
b11001 D
0N
b100000000000000000000000000 M
0F
b110 *
1%
0$
#20020000
0%
#20040000
02
1F
1E
1N
03
b111010 1
b100 *
1%
1$
#20060000
1!
0%
#20080000
b11010 D
0N
b1000000000000000000000000000 M
0F
b1 *
12
1%
0$
#20100000
0%
#20120000
1F
0E
1N
0"
09
13
b111011 1
b11 *
02
1%
1$
#20140000
0!
0%
#20160000
b11011 D
0N
b0 M
0F
1E
b110 *
1%
0$
#20180000
1!
0%
#20200000
12
1F
0E
1N
03
b111100 1
b101 *
1%
1$
#20220000
0!
0%
#20240000
b11100 D
0N
0F
b10 *
02
1%
0$
#20260000
0%
#20280000
1F
1E
1N
1"
19
13
b111101 1
b100 *
12
1%
1$
#20300000
1!
0%
#20320000
b11101 D
0N
0F
b1 *
1%
0$
#20340000
0%
#20360000
02
1F
0E
1N
03
b111110 1
b11 *
1%
1$
#20380000
0!
0%
#20400000
b11110 D
0N
0F
b110 *
12
1%
0$
#20420000
0%
#20440000
1F
1E
1N
0"
09
13
b111111 1
b100 *
02
1%
1$
#20460000
1!
0%
#20480000
b11111 D
0N
0F
b1 *
1%
0$
#20500000
0%
#20520000
12
1F
0E
1N
03
14
b0 1
b11 *
1%
1$
#20540000
0!
0%
#20560000
b100 J
0K
b0 D
b100111 7
b101 :
1#
b10001000100010 8
b1000100010001000000000000 ,
b1000100010001 0
b1000111 6
04
0N
0F
b110 *
02
1%
0$
#20580000
0%
#20600000
b1000100010001000000 P
b100010001000100 Q
b100010001000100000 O
0S
b11011 W
b1000100010001000000 T
b10001000100010 ;
b100010001000100 <
1E
b10 L
b10001000100010000 M
1N
1"
19
13
b1 1
0#
b1000100010001000010001000100010 )
b1000100010001000010001000100010 +
b110011001100110 '
b11001100110011 &
b100 *
b0 Z
12
1%
1$
#20620000
1!
0%
#20640000
b1 D
0N
b100010001000100000 M
b1 *
1%
0$
#20660000
0%
#20680000
1N
03
b10 1
b11 *
b1 Y
1%
1$
#20700000
0%
#20720000
b10 D
0N
b111 *
1%
0$
#20740000
0%
#20760000
02
0E
1N
13
b11 1
b10 Y
1%
1$
#20780000
0!
0%
#20800000
b11 D
0N
b110 *
12
1%
0$
#20820000
0%
#20840000
1N
0"
09
03
b100 1
b100 *
b11 Y
02
1%
1$
#20860000
0%
#20880000
b100 D
0N
b0 *
1%
0$
#20900000
0%
#20920000
1F
1E
1N
13
b101 1
1%
1$
#20940000
1!
0%
#20960000
b101 D
0N
b1000100010001000000 M
0F
b1 *
1%
0$
#20980000
0%
#21000000
12
1F
0E
1N
03
b110 1
b11 *
1%
1$
#21020000
0!
0%
#21040000
b110 D
0N
b10001000100010000000 M
0F
b110 *
02
1%
0$
#21060000
0%
#21080000
1F
1E
1N
1"
19
13
b111 1
b100 *
02
1%
1$
#21100000
1!
0%
#21120000
b111 D
0N
b100010001000100000000 M
0F
b1 *
12
1%
0$
#21140000
0%
#21160000
1F
0E
1N
0"
09
03
b1000 1
b11 *
12
1%
1$
#21180000
0!
0%
#21200000
b1000 D
0N
b1000100010001000000000 M
0F
b110 *
02
1%
0$
#21220000
0%
#21240000
1F
1E
1N
1"
19
13
b1001 1
b100 *
12
1%
1$
#21260000
1!
0%
#21280000
b1001 D
0N
b10001000100010000000000 M
0F
b1 *
1%
0$
#21300000
0%
#21320000
02
1F
0E
1N
03
b1010 1
b11 *
1%
1$
#21340000
0!
0%
#21360000
b1010 D
0N
b100010001000100000000000 M
0F
b110 *
12
1%
0$
#21380000
0%
#21400000
1F
1E
1N
0"
09
13
b1011 1
b100 *
02
1%
1$
#21420000
1!
0%
#21440000
b1011 D
0N
b1000100010001000000000000 M
0F
b1 *
1%
0$
#21460000
0%
#21480000
12
1F
0E
1N
03
b1100 1
b11 *
1%
1$
#21500000
0!
0%
#21520000
b1100 D
0N
b10001000100010000000000000 M
0F
b110 *
02
1%
0$
#21540000
0%
#21560000
1F
1E
1N
1"
19
13
b1101 1
b100 *
12
1%
1$
#21580000
1!
0%
#21600000
b1101 D
0N
b100010001000100000000000000 M
0F
b1 *
1%
0$
#21620000
0%
#21640000
02
1F
0E
1N
03
b1110 1
b11 *
1%
1$
#21660000
0!
0%
#21680000
b1110 D
0N
b1000100010001000000000000000 M
0F
b110 *
12
1%
0$
#21700000
0%
#21720000
1F
1E
1N
0"
09
13
b1111 1
b100 *
02
1%
1$
#21740000
1!
0%
#21760000
b1111 D
0N
b1000100010000000000000000 M
0F
0E
b1 *
1%
0$
#21780000
0!
0%
#21800000
12
1F
1E
1N
03
b10000 1
b10 *
1%
1$
#21820000
1!
0%
#21840000
b10000 D
0N
b10001000100000000000000000 M
0F
b101 *
02
1%
0$
#21860000
0%
#21880000
1F
0E
1N
1"
19
13
b10001 1
b11 *
12
1%
1$
#21900000
0!
0%
#21920000
b10001 D
0N
b100010001000000000000000000 M
0F
b110 *
1%
0$
#21940000
0%
#21960000
02
1F
1E
1N
03
b10010 1
b100 *
1%
1$
#21980000
1!
0%
#22000000
b10010 D
0N
b1000100010000000000000000000 M
0F
b1 *
12
1%
0$
#22020000
0%
#22040000
1F
0E
1N
0"
09
13
b10011 1
b11 *
02
1%
1$
#22060000
0!
0%
#22080000
b10011 D
0N
b1000100000000000000000000 M
0F
1E
b110 *
1%
0$
#22100000
1!
0%
#22120000
12
1F
0E
1N
03
b10100 1
b101 *
1%
1$
#22140000
0!
0%
#22160000
b10100 D
0N
b10001000000000000000000000 M
0F
b10 *
02
1%
0$
#22180000
0%
#22200000
1F
1E
1N
1"
19
13
b10101 1
b100 *
12
1%
1$
#22220000
1!
0%
#22240000
b10101 D
0N
b100010000000000000000000000 M
0F
b1 *
1%
0$
#22260000
0%
#22280000
02
1F
0E
1N
03
b10110 1
b11 *
1%
1$
#22300000
0!
0%
#22320000
b10110 D
0N
b1000100000000000000000000000 M
0F
b110 *
12
1%
0$
#22340000
0%
#22360000
1F
1E
1N
0"
09
13
b10111 1
b100 *
02
1%
1$
#22380000
1!
0%
#22400000
b10111 D
0N
b1000000000000000000000000 M
0F
0E
b1 *
1%
0$
#22420000
0!
0%
#22440000
12
1F
1E
1N
03
b11000 1
b10 *
1%
1$
#22460000
1!
0%
#22480000
b11000 D
0N
b10000000000000000000000000 M
0F
b101 *
02
1%
0$
#22500000
0%
#22520000
1F
0E
1N
1"
19
13
b11001 1
b1 5
b11 *
02
1%
1$
#22540000
0!
0%
#22560000
b11001 D
0N
b100000000000000000000000000 M
0F
b110 *
12
1%
0$
#22580000
0%
#22600000
1F
1E
1N
0"
09
03
b11010 1
b100 *
12
1%
1$
#22620000
1!
0%
#22640000
b11010 D
0N
b1000000000000000000000000000 M
0F
b1 *
02
1%
0$
#22660000
0%
#22680000
1F
0E
1N
1"
19
13
b11011 1
b11 *
12
1%
1$
#22700000
0!
0%
#22720000
b11011 D
0N
b0 M
0F
1E
b110 *
1%
0$
#22740000
1!
0%
#22760000
02
1F
0E
1N
03
b11100 1
b101 *
1%
1$
#22780000
0!
0%
#22800000
b11100 D
0N
0F
b10 *
12
1%
0$
#22820000
0%
#22840000
1F
1E
1N
0"
09
13
b11101 1
b100 *
02
1%
1$
#22860000
1!
0%
#22880000
b11101 D
0N
0F
b1 *
1%
0$
#22900000
0%
#22920000
12
1F
0E
1N
03
b11110 1
b11 *
1%
1$
#22940000
0!
0%
#22960000
b11110 D
0N
0F
b110 *
02
1%
0$
#22980000
0%
#23000000
1F
1E
1N
1"
19
13
b11111 1
b100 *
12
1%
1$
#23020000
1!
0%
#23040000
b11111 D
0N
0F
b1 *
1%
0$
#23060000
0%
#23080000
02
1F
0E
1N
03
b100000 1
b11 *
1%
1$
#23100000
0!
0%
#23120000
1K
b0 D
0N
0F
b110 *
12
1%
0$
#23140000
0%
#23160000
1E
b11 L
b1000100010001000000 M
1N
0"
09
13
b100001 1
b10 5
b100 *
b0 Y
12
1%
1$
#23180000
1!
0%
#23200000
b1 D
0N
b1 *
02
1%
0$
#23220000
0%
#23240000
0E
1N
1"
19
03
b100010 1
b11 *
b1 Z
02
1%
1$
#23260000
0!
0%
#23280000
b10 D
0N
b110 *
12
1%
0$
#23300000
0%
#23320000
1N
0"
09
13
b100011 1
b100 *
b10 Z
02
1%
1$
#23340000
0%
#23360000
b11 D
0N
b0 *
1%
0$
#23380000
0%
#23400000
12
1N
03
b100100 1
b11 Z
1%
1$
#23420000
0%
#23440000
b100 D
0N
02
1%
0$
#23460000
0%
#23480000
1F
1E
1N
1"
19
13
b100101 1
12
1%
1$
#23500000
1!
0%
#23520000
b101 D
0N
b10001000100010000000 M
0F
b1 *
1%
0$
#23540000
0%
#23560000
02
1F
0E
1N
03
b100110 1
b11 *
1%
1$
#23580000
0!
0%
#23600000
b110 D
0N
b100010001000100000000 M
0F
b110 *
12
1%
0$
#23620000
0%
#23640000
1F
1E
1N
0"
09
13
b100111 1
b100 *
02
1%
1$
#23660000
1!
0%
#23680000
b111 D
0N
b1000100010001000000000 M
0F
b1 *
1%
0$
#23700000
0%
#23720000
12
1F
0E
1N
03
b101000 1
b11 *
1%
1$
#23740000
0!
0%
#23760000
b1000 D
0N
b10001000100010000000000 M
0F
b110 *
02
1%
0$
#23780000
0%
#23800000
1F
1E
1N
1"
19
13
b101001 1
b11 5
b100 *
02
1%
1$
#23820000
1!
0%
#23840000
b1001 D
0N
b100010001000100000000000 M
0F
b1 *
12
1%
0$
#23860000
0%
#23880000
1F
0E
1N
0"
09
03
b101010 1
b11 *
12
1%
1$
#23900000
0!
0%
#23920000
b1010 D
0N
b1000100010001000000000000 M
0F
b110 *
02
1%
0$
#23940000
0%
#23960000
1F
1E
1N
1"
19
13
b101011 1
b100 *
12
1%
1$
#23980000
1!
0%
#24000000
b1011 D
0N
b10001000100010000000000000 M
0F
b1 *
1%
0$
#24020000
0%
#24040000
02
1F
0E
1N
03
b101100 1
b11 *
1%
1$
#24060000
0!
0%
#24080000
b1100 D
0N
b100010001000100000000000000 M
0F
b110 *
12
1%
0$
#24100000
0%
#24120000
1F
1E
1N
0"
09
13
b101101 1
b100 *
02
1%
1$
#24140000
1!
0%
#24160000
b1101 D
0N
b1000100010001000000000000000 M
0F
b1 *
1%
0$
#24180000
0%
#24200000
12
1F
0E
1N
03
b101110 1
b11 *
1%
1$
#24220000
0!
0%
#24240000
b1110 D
0N
b1000100010000000000000000 M
0F
1E
b110 *
02
1%
0$
#24260000
1!
0%
#24280000
1F
0E
1N
1"
19
13
b101111 1
b101 *
12
1%
1$
#24300000
0!
0%
#24320000
b1111 D
0N
b10001000100000000000000000 M
0F
b10 *
1%
0$
#24340000
0%
#24360000
02
1F
1E
1N
03
b110000 1
b100 *
1%
1$
#24380000
1!
0%
#24400000
b10000 D
0N
b100010001000000000000000000 M
0F
b1 *
12
1%
0$
#24420000
0%
#24440000
1F
0E
1N
0"
09
13
b110001 1
b100 5
b11 *
12
1%
1$
#24460000
0!
0%
#24480000
b10001 D
0N
b1000100010000000000000000000 M
0F
b110 *
02
1%
0$
#24500000
0%
#24520000
1F
1E
1N
1"
19
03
b110010 1
b100 *
02
1%
1$
#24540000
1!
0%
#24560000
b10010 D
0N
b1000100000000000000000000 M
0F
0E
b1 *
12
1%
0$
#24580000
0!
0%
#24600000
1F
1E
1N
0"
09
13
b110011 1
b10 *
02
1%
1$
#24620000
1!
0%
#24640000
b10011 D
0N
b10001000000000000000000000 M
0F
b101 *
1%
0$
#24660000
0%
#24680000
12
1F
0E
1N
03
b110100 1
b11 *
1%
1$
#24700000
0!
0%
#24720000
b10100 D
0N
b100010000000000000000000000 M
0F
b110 *
02
1%
0$
#24740000
0%
#24760000
1F
1E
1N
1"
19
13
b110101 1
b100 *
12
1%
1$
#24780000
1!
0%
#24800000
b10101 D
0N
b1000100000000000000000000000 M
0F
b1 *
1%
0$
#24820000
0%
#24840000
02
1F
0E
1N
03
b110110 1
b11 *
1%
1$
#24860000
0!
0%
#24880000
b10110 D
0N
b1000000000000000000000000 M
0F
1E
b110 *
12
1%
0$
#24900000
1!
0%
#24920000
1F
0E
1N
0"
09
13
b110111 1
b101 *
02
1%
1$
#24940000
0!
0%
#24960000
b10111 D
0N
b10000000000000000000000000 M
0F
b10 *
1%
0$
#24980000
0%
#25000000
12
1F
1E
1N
03
b111000 1
b100 *
1%
1$
#25020000
1!
0%
#25040000
b11000 D
0N
b100000000000000000000000000 M
0F
b1 *
02
1%
0$
#25060000
0%
#25080000
1F
0E
1N
1"
19
13
b111001 1
b11 *
12
1%
1$
#25100000
0!
0%
#25120000
b11001 D
0N
b1000000000000000000000000000 M
0F
b110 *
1%
0$
#25140000
0%
#25160000
02
1F
1E
1N
03
b111010 1
b100 *
1%
1$
#25180000
1!
0%
#25200000
b11010 D
0N
b0 M
0F
0E
b1 *
12
1%
0$
#25220000
0!
0%
#25240000
1F
1E
1N
0"
09
13
b111011 1
b10 *
02
1%
1$
#25260000
1!
0%
#25280000
b11011 D
0N
0F
b101 *
1%
0$
#25300000
0%
#25320000
12
1F
0E
1N
03
b111100 1
b11 *
1%
1$
#25340000
0!
0%
#25360000
b11100 D
0N
0F
b110 *
02
1%
0$
#25380000
0%
#25400000
1F
1E
1N
1"
19
13
b111101 1
b100 *
12
1%
1$
#25420000
1!
0%
#25440000
b11101 D
0N
0F
b1 *
1%
0$
#25460000
0%
#25480000
02
1F
0E
1N
03
b111110 1
b11 *
1%
1$
#25500000
0!
0%
#25520000
b11110 D
0N
0F
b110 *
12
1%
0$
#25540000
0%
#25560000
1F
1E
1N
0"
09
13
b111111 1
b100 *
02
1%
1$
#25580000
1!
0%
#25600000
b11111 D
0N
0F
b1 *
1%
0$
#25620000
0%
#25640000
12
1F
0E
1N
03
14
b0 1
b11 *
1%
1$
#25660000
0!
0%
#25680000
b101 J
0K
b0 D
b1000111 7
b110 :
b10001000100010000000000000 ,
b10001000100010 0
b100111 6
04
0N
0F
b110 *
02
1%
0$
#25700000
0%
#25720000
1E
b10 L
b100010001000100000 M
1N
1"
19
13
b1 1
b0 5
b100 *
b0 Z
12
1%
1$
#25740000
1!
0%
#25760000
b1 D
0N
b1 *
1%
0$
#25780000
0%
#25800000
1N
03
b10 1
b11 *
b1 Y
1%
1$
#25820000
0%
#25840000
b10 D
0N
b111 *
1%
0$
#25860000
0%
#25880000
02
0E
1N
13
b11 1
b10 Y
1%
1$
#25900000
0!
0%
#25920000
b11 D
0N
b110 *
12
1%
0$
#25940000
0%
#25960000
1N
0"
09
03
b100 1
b100 *
b11 Y
02
1%
1$
#25980000
0%
#26000000
b100 D
0N
b0 *
1%
0$
#26020000
0%
#26040000
12
1F
1E
1N
13
b101 1
1%
1$
#26060000
1!
0%
#26080000
b101 D
0N
b1000100010001000000 M
0F
b1 *
02
1%
0$
#26100000
0%
#26120000
1F
0E
1N
1"
19
03
b110 1
b11 *
02
1%
1$
#26140000
0!
0%
#26160000
b110 D
0N
b10001000100010000000 M
0F
b110 *
12
1%
0$
#26180000
0%
#26200000
1F
1E
1N
0"
09
13
b111 1
b100 *
02
1%
1$
#26220000
1!
0%
#26240000
b111 D
0N
b100010001000100000000 M
0F
b1 *
1%
0$
#26260000
0%
#26280000
12
1F
0E
1N
03
b1000 1
b11 *
1%
1$
#26300000
0!
0%
#26320000
b1000 D
0N
b1000100010001000000000 M
0F
b110 *
02
1%
0$
#26340000
0%
#26360000
1F
1E
1N
1"
19
13
b1001 1
b100 *
12
1%
1$
#26380000
1!
0%
#26400000
b1001 D
0N
b10001000100010000000000 M
0F
b1 *
1%
0$
#26420000
0%
#26440000
02
1F
0E
1N
03
b1010 1
b11 *
1%
1$
#26460000
0!
0%
#26480000
b1010 D
0N
b100010001000100000000000 M
0F
b110 *
12
1%
0$
#26500000
0%
#26520000
1F
1E
1N
0"
09
13
b1011 1
b100 *
02
1%
1$
#26540000
1!
0%
#26560000
b1011 D
0N
b1000100010001000000000000 M
0F
b1 *
1%
0$
#26580000
0%
#26600000
12
1F
0E
1N
03
b1100 1
b11 *
1%
1$
#26620000
0!
0%
#26640000
b1100 D
0N
b10001000100010000000000000 M
0F
b110 *
02
1%
0$
#26660000
0%
#26680000
1F
1E
1N
1"
19
13
b1101 1
b100 *
12
1%
1$
#26700000
1!
0%
#26720000
b1101 D
0N
b100010001000100000000000000 M
0F
b1 *
1%
0$
#26740000
0%
#26760000
02
1F
0E
1N
03
b1110 1
b11 *
1%
1$
#26780000
0!
0%
#26800000
b1110 D
0N
b1000100010001000000000000000 M
0F
b110 *
12
1%
0$
#26820000
0%
#26840000
1F
1E
1N
0"
09
13
b1111 1
b100 *
02
1%
1$
#26860000
1!
0%
#26880000
b1111 D
0N
b1000100010000000000000000 M
0F
0E
b1 *
1%
0$
#26900000
0!
0%
#26920000
12
1F
1E
1N
03
b10000 1
b10 *
1%
1$
#26940000
1!
0%
#26960000
b10000 D
0N
b10001000100000000000000000 M
0F
b101 *
02
1%
0$
#26980000
0%
#27000000
1F
0E
1N
1"
19
13
b10001 1
b11 *
12
1%
1$
#27020000
0!
0%
#27040000
b10001 D
0N
b100010001000000000000000000 M
0F
b110 *
1%
0$
#27060000
0%
#27080000
02
1F
1E
1N
03
b10010 1
b100 *
1%
1$
#27100000
1!
0%
#27120000
b10010 D
0N
b1000100010000000000000000000 M
0F
b1 *
12
1%
0$
#27140000
0%
#27160000
1F
0E
1N
0"
09
13
b10011 1
b11 *
02
1%
1$
#27180000
0!
0%
#27200000
b10011 D
0N
b1000100000000000000000000 M
0F
1E
b110 *
1%
0$
#27220000
1!
0%
#27240000
12
1F
0E
1N
03
b10100 1
b101 *
1%
1$
#27260000
0!
0%
#27280000
b10100 D
0N
b10001000000000000000000000 M
0F
b10 *
02
1%
0$
#27300000
0%
#27320000
1F
1E
1N
1"
19
13
b10101 1
b100 *
12
1%
1$
#27340000
1!
0%
#27360000
b10101 D
0N
b100010000000000000000000000 M
0F
b1 *
1%
0$
#27380000
0%
#27400000
02
1F
0E
1N
03
b10110 1
b11 *
1%
1$
#27420000
0!
0%
#27440000
b10110 D
0N
b1000100000000000000000000000 M
0F
b110 *
12
1%
0$
#27460000
0%
#27480000
1F
1E
1N
0"
09
13
b10111 1
b100 *
02
1%
1$
#27500000
1!
0%
#27520000
b10111 D
0N
b1000000000000000000000000 M
0F
0E
b1 *
1%
0$
#27540000
0!
0%
#27560000
12
1F
1E
1N
03
b11000 1
b10 *
1%
1$
#27580000
1!
0%
#27600000
b11000 D
0N
b10000000000000000000000000 M
0F
b101 *
02
1%
0$
#27620000
0%
#27640000
1F
0E
1N
1"
19
13
b11001 1
b11 *
12
1%
1$
#27660000
0!
0%
#27680000
b11001 D
0N
b100000000000000000000000000 M
0F
b110 *
1%
0$
#27700000
0%
#27720000
02
1F
1E
1N
03
b11010 1
b100 *
1%
1$
#27740000
1!
0%
#27760000
b11010 D
0N
b1000000000000000000000000000 M
0F
b1 *
12
1%
0$
#27780000
0%
#27800000
1F
0E
1N
0"
09
13
b11011 1
b1 5
b11 *
12
1%
1$
#27820000
0!
0%
#27840000
b11011 D
0N
b0 M
0F
1E
b110 *
02
1%
0$
#27860000
1!
0%
#27880000
1F
0E
1N
1"
19
03
b11100 1
b101 *
02
1%
1$
#27900000
0!
0%
#27920000
b11100 D
0N
0F
b10 *
12
1%
0$
#27940000
0%
#27960000
1F
1E
1N
0"
09
13
b11101 1
b100 *
02
1%
1$
#27980000
1!
0%
#28000000
b11101 D
0N
0F
b1 *
1%
0$
#28020000
0%
#28040000
12
1F
0E
1N
03
b11110 1
b11 *
1%
1$
#28060000
0!
0%
#28080000
b11110 D
0N
0F
b110 *
02
1%
0$
#28100000
0%
#28120000
1F
1E
1N
1"
19
13
b11111 1
b100 *
12
1%
1$
#28140000
1!
0%
#28160000
b11111 D
0N
0F
b1 *
1%
0$
#28180000
0%
#28200000
02
1F
0E
1N
03
b100000 1
b11 *
1%
1$
#28220000
0!
0%
#28240000
1K
b0 D
0N
0F
b110 *
12
1%
0$
#28260000
0%
#28280000
1E
b11 L
b1000100010001000000 M
1N
0"
09
13
b100001 1
b100 *
b0 Y
02
1%
1$
#28300000
1!
0%
#28320000
b1 D
0N
b1 *
1%
0$
#28340000
0%
#28360000
12
0E
1N
03
b100010 1
b11 *
b1 Z
1%
1$
#28380000
0!
0%
#28400000
b10 D
0N
b110 *
02
1%
0$
#28420000
0%
#28440000
1N
1"
19
13
b100011 1
b10 5
b100 *
b10 Z
02
1%
1$
#28460000
0%
#28480000
b11 D
0N
b0 *
12
1%
0$
#28500000
0%
#28520000
1N
0"
09
03
b100100 1
b11 Z
12
1%
1$
#28540000
0%
#28560000
b100 D
0N
02
1%
0$
#28580000
0%
#28600000
1F
1E
1N
1"
19
13
b100101 1
12
1%
1$
#28620000
1!
0%
#28640000
b101 D
0N
b10001000100010000000 M
0F
b1 *
1%
0$
#28660000
0%
#28680000
02
1F
0E
1N
03
b100110 1
b11 *
1%
1$
#28700000
0!
0%
#28720000
b110 D
0N
b100010001000100000000 M
0F
b110 *
12
1%
0$
#28740000
0%
#28760000
1F
1E
1N
0"
09
13
b100111 1
b100 *
02
1%
1$
#28780000
1!
0%
#28800000
b111 D
0N
b1000100010001000000000 M
0F
b1 *
1%
0$
#28820000
0%
#28840000
12
1F
0E
1N
03
b101000 1
b11 *
1%
1$
#28860000
0!
0%
#28880000
b1000 D
0N
b10001000100010000000000 M
0F
b110 *
02
1%
0$
#28900000
0%
#28920000
1F
1E
1N
1"
19
13
b101001 1
b100 *
12
1%
1$
#28940000
1!
0%
#28960000
b1001 D
0N
b100010001000100000000000 M
0F
b1 *
1%
0$
#28980000
0%
#29000000
02
1F
0E
1N
03
b101010 1
b11 *
1%
1$
#29020000
0!
0%
#29040000
b1010 D
0N
b1000100010001000000000000 M
0F
b110 *
12
1%
0$
#29060000
0%
#29080000
1F
1E
1N
0"
09
13
b101011 1
b11 5
b100 *
12
1%
1$
#29100000
1!
0%
#29120000
b1011 D
0N
b10001000100010000000000000 M
0F
b1 *
02
1%
0$
#29140000
0%
#29160000
1F
0E
1N
1"
19
03
b101100 1
b11 *
02
1%
1$
#29180000
0!
0%
#29200000
b1100 D
0N
b100010001000100000000000000 M
0F
b110 *
12
1%
0$
#29220000
0%
#29240000
1F
1E
1N
0"
09
13
b101101 1
b100 *
02
1%
1$
#29260000
1!
0%
#29280000
b1101 D
0N
b1000100010001000000000000000 M
0F
b1 *
1%
0$
#29300000
0%
#29320000
12
1F
0E
1N
03
b101110 1
b11 *
1%
1$
#29340000
0!
0%
#29360000
b1110 D
0N
b1000100010000000000000000 M
0F
1E
b110 *
02
1%
0$
#29380000
1!
0%
#29400000
1F
0E
1N
1"
19
13
b101111 1
b101 *
12
1%
1$
#29420000
0!
0%
#29440000
b1111 D
0N
b10001000100000000000000000 M
0F
b10 *
1%
0$
#29460000
0%
#29480000
02
1F
1E
1N
03
b110000 1
b100 *
1%
1$
#29500000
1!
0%
#29520000
b10000 D
0N
b100010001000000000000000000 M
0F
b1 *
12
1%
0$
#29540000
0%
#29560000
1F
0E
1N
0"
09
13
b110001 1
b11 *
02
1%
1$
#29580000
0!
0%
#29600000
b10001 D
0N
b1000100010000000000000000000 M
0F
b110 *
1%
0$
#29620000
0%
#29640000
12
1F
1E
1N
03
b110010 1
b100 *
1%
1$
#29660000
1!
0%
#29680000
b10010 D
0N
b1000100000000000000000000 M
0F
0E
b1 *
02
1%
0$
#29700000
0!
0%
#29720000
1F
1E
1N
1"
19
13
b110011 1
b100 5
b10 *
02
1%
1$
#29740000
1!
0%
#29760000
b10011 D
0N
b10001000000000000000000000 M
0F
b101 *
12
1%
0$
#29780000
0%
#29800000
1F
0E
1N
0"
09
03
b110100 1
b11 *
12
1%
1$
#29820000
0!
0%
#29840000
b10100 D
0N
b100010000000000000000000000 M
0F
b110 *
02
1%
0$
#29860000
0%
#29880000
1F
1E
1N
1"
19
13
b110101 1
b100 *
12
1%
1$
#29900000
1!
0%
#29920000
b10101 D
0N
b1000100000000000000000000000 M
0F
b1 *
1%
0$
#29940000
0%
#29960000
02
1F
0E
1N
03
b110110 1
b11 *
1%
1$
#29980000
0!
0%
#30000000
b10110 D
0N
b1000000000000000000000000 M
0F
1E
b110 *
12
1%
0$
#30020000
1!
0%
#30040000
1F
0E
1N
0"
09
13
b110111 1
b101 *
02
1%
1$
#30060000
0!
0%
#30080000
b10111 D
0N
b10000000000000000000000000 M
0F
b10 *
1%
0$
#30100000
0%
#30120000
12
1F
1E
1N
03
b111000 1
b100 *
1%
1$
#30140000
1!
0%
#30160000
b11000 D
0N
b100000000000000000000000000 M
0F
b1 *
02
1%
0$
#30180000
0%
#30200000
1F
0E
1N
1"
19
13
b111001 1
b11 *
12
1%
1$
#30220000
0!
0%
#30240000
b11001 D
0N
b1000000000000000000000000000 M
0F
b110 *
1%
0$
#30260000
0%
#30280000
02
1F
1E
1N
03
b111010 1
b100 *
1%
1$
#30300000
1!
0%
#30320000
b11010 D
0N
b0 M
0F
0E
b1 *
12
1%
0$
#30340000
0!
0%
#30360000
1F
1E
1N
0"
09
13
b111011 1
b10 *
02
1%
1$
#30380000
1!
0%
#30400000
b11011 D
0N
0F
b101 *
1%
0$
#30420000
0%
#30440000
12
1F
0E
1N
03
b111100 1
b11 *
1%
1$
#30460000
0!
0%
#30480000
b11100 D
0N
0F
b110 *
02
1%
0$
#30500000
0%
#30520000
1F
1E
1N
1"
19
13
b111101 1
b100 *
12
1%
1$
#30540000
1!
0%
#30560000
b11101 D
0N
0F
b1 *
1%
0$
#30580000
0%
#30600000
02
1F
0E
1N
03
b111110 1
b11 *
1%
1$
#30620000
0!
0%
#30640000
b11110 D
0N
0F
b110 *
12
1%
0$
#30660000
0%
#30680000
1F
1E
1N
0"
09
13
b111111 1
b100 *
02
1%
1$
#30700000
1!
0%
#30720000
b11111 D
0N
0F
b1 *
1%
0$
#30740000
0%
#30760000
12
1F
0E
1N
03
14
b0 1
b11 *
1%
1$
#30780000
0!
0%
#30800000
b110 J
0K
b0 D
b100111 7
b111 :
1#
b100010001000100 8
b1000111 6
04
0N
0F
b110 *
02
1%
0$
#30820000
0%
#30840000
b1100110011001100000 P
b110011001100110000 O
0S
b11011 W
b1100110011001100000 T
b110011001100110 Q
b11001100110011 ;
b110011001100110 <
1E
b10 L
b100010001000100000 M
1N
1"
19
13
b1 1
b0 5
0#
b1100110011001100011001100110011 )
b1100110011001100011001100110011 +
b1000100010001000 '
b100010001000100 &
b100 *
b0 Z
12
1%
1$
#30860000
1!
0%
#30880000
b1 D
0N
b110011001100110000 M
b1 *
1%
0$
#30900000
0%
#30920000
1N
03
b10 1
b11 *
b1 Y
1%
1$
#30940000
0%
#30960000
b10 D
0N
b111 *
1%
0$
#30980000
0%
#31000000
02
0E
1N
13
b11 1
b10 Y
1%
1$
#31020000
0!
0%
#31040000
b11 D
0N
b110 *
12
1%
0$
#31060000
0%
#31080000
1N
0"
09
03
b100 1
b100 *
b11 Y
02
1%
1$
#31100000
0%
#31120000
b100 D
0N
b0 *
1%
0$
#31140000
0%
#31160000
1F
1E
1N
13
b101 1
1%
1$
#31180000
1!
0%
#31200000
b101 D
0N
b1100110011001100000 M
0F
b1 *
1%
0$
#31220000
0%
#31240000
12
1F
0E
1N
03
b110 1
b11 *
1%
1$
#31260000
0!
0%
#31280000
b110 D
0N
b11001100110011000000 M
0F
b110 *
02
1%
0$
#31300000
0%
#31320000
1F
1E
1N
1"
19
13
b111 1
b100 *
02
1%
1$
#31340000
1!
0%
#31360000
b111 D
0N
b110011001100110000000 M
0F
b1 *
12
1%
0$
#31380000
0%
#31400000
1F
0E
1N
0"
09
03
b1000 1
b11 *
12
1%
1$
#31420000
0!
0%
#31440000
b1000 D
0N
b1100110011001100000000 M
0F
b110 *
02
1%
0$
#31460000
0%
#31480000
1F
1E
1N
1"
19
13
b1001 1
b100 *
12
1%
1$
#31500000
1!
0%
#31520000
b1001 D
0N
b11001100110011000000000 M
0F
b1 *
1%
0$
#31540000
0%
#31560000
02
1F
0E
1N
03
b1010 1
b11 *
1%
1$
#31580000
0!
0%
#31600000
b1010 D
0N
b110011001100110000000000 M
0F
b110 *
12
1%
0$
#31620000
0%
#31640000
1F
1E
1N
0"
09
13
b1011 1
b100 *
02
1%
1$
#31660000
1!
0%
#31680000
b1011 D
0N
b1100110011001100000000000 M
0F
b1 *
1%
0$
#31700000
0%
#31720000
12
1F
0E
1N
03
b1100 1
b11 *
1%
1$
#31740000
0!
0%
#31760000
b1100 D
0N
b11001100110011000000000000 M
0F
b110 *
02
1%
0$
#31780000
0%
#31800000
1F
1E
1N
1"
19
13
b1101 1
b100 *
12
1%
1$
#31820000
1!
0%
#31840000
b1101 D
0N
b110011001100110000000000000 M
0F
b1 *
1%
0$
#31860000
0%
#31880000
02
1F
0E
1N
03
b1110 1
b11 *
1%
1$
#31900000
0!
0%
#31920000
b1110 D
0N
b1100110011001100000000000000 M
0F
b110 *
12
1%
0$
#31940000
0%
#31960000
1F
1E
1N
0"
09
13
b1111 1
b100 *
02
1%
1$
#31980000
1!
0%
#32000000
b1111 D
0N
b1001100110011000000000000000 M
0F
0E
b1 *
1%
0$
#32020000
0!
0%
#32040000
12
1F
1E
1N
03
b10000 1
b10 *
1%
1$
#32060000
1!
0%
#32080000
b10000 D
0N
b11001100110000000000000000 M
0F
0E
b101 *
02
1%
0$
#32100000
0!
0%
#32120000
1F
1E
1N
1"
19
13
b10001 1
b10 *
12
1%
1$
#32140000
1!
0%
#32160000
b10001 D
0N
b110011001100000000000000000 M
0F
b101 *
1%
0$
#32180000
0%
#32200000
02
1F
0E
1N
03
b10010 1
b11 *
1%
1$
#32220000
0!
0%
#32240000
b10010 D
0N
b1100110011000000000000000000 M
0F
b110 *
12
1%
0$
#32260000
0%
#32280000
1F
1E
1N
0"
09
13
b10011 1
b100 *
02
1%
1$
#32300000
1!
0%
#32320000
b10011 D
0N
b1001100110000000000000000000 M
0F
0E
b1 *
1%
0$
#32340000
0!
0%
#32360000
12
1F
1E
1N
03
b10100 1
b10 *
1%
1$
#32380000
1!
0%
#32400000
b10100 D
0N
b11001100000000000000000000 M
0F
0E
b101 *
02
1%
0$
#32420000
0!
0%
#32440000
1F
1E
1N
1"
19
13
b10101 1
b10 *
12
1%
1$
#32460000
1!
0%
#32480000
b10101 D
0N
b110011000000000000000000000 M
0F
b101 *
1%
0$
#32500000
0%
#32520000
02
1F
0E
1N
03
b10110 1
b11 *
1%
1$
#32540000
0!
0%
#32560000
b10110 D
0N
b1100110000000000000000000000 M
0F
b110 *
12
1%
0$
#32580000
0%
#32600000
1F
1E
1N
0"
09
13
b10111 1
b100 *
02
1%
1$
#32620000
1!
0%
#32640000
b10111 D
0N
b1001100000000000000000000000 M
0F
0E
b1 *
1%
0$
#32660000
0!
0%
#32680000
12
1F
1E
1N
03
b11000 1
b10 *
1%
1$
#32700000
1!
0%
#32720000
b11000 D
0N
b11000000000000000000000000 M
0F
0E
b101 *
02
1%
0$
#32740000
0!
0%
#32760000
1F
1E
1N
1"
19
13
b11001 1
b10 *
12
1%
1$
#32780000
1!
0%
#32800000
b11001 D
0N
b110000000000000000000000000 M
0F
b101 *
1%
0$
#32820000
0%
#32840000
02
1F
0E
1N
03
b11010 1
b11 *
1%
1$
#32860000
0!
0%
#32880000
b11010 D
0N
b1100000000000000000000000000 M
0F
b110 *
12
1%
0$
#32900000
0%
#32920000
1F
1E
1N
0"
09
13
b11011 1
b1 5
b100 *
12
1%
1$
#32940000
1!
0%
#32960000
b11011 D
0N
b1000000000000000000000000000 M
0F
0E
b1 *
02
1%
0$
#32980000
0!
0%
#33000000
1F
1E
1N
1"
19
03
b11100 1
b10 *
02
1%
1$
#33020000
1!
0%
#33040000
b11100 D
0N
b0 M
0F
0E
b101 *
12
1%
0$
#33060000
0!
0%
#33080000
1F
1E
1N
0"
09
13
b11101 1
b10 *
02
1%
1$
#33100000
1!
0%
#33120000
b11101 D
0N
0F
b101 *
1%
0$
#33140000
0%
#33160000
12
1F
0E
1N
03
b11110 1
b11 *
1%
1$
#33180000
0!
0%
#33200000
b11110 D
0N
0F
b110 *
02
1%
0$
#33220000
0%
#33240000
1F
1E
1N
1"
19
13
b11111 1
b100 *
12
1%
1$
#33260000
1!
0%
#33280000
b11111 D
0N
0F
b1 *
1%
0$
#33300000
0%
#33320000
02
1F
0E
1N
03
b100000 1
b11 *
1%
1$
#33340000
0!
0%
#33360000
1K
b0 D
0N
0F
b110 *
12
1%
0$
#33380000
0%
#33400000
1E
b11 L
b1100110011001100000 M
1N
0"
09
13
b100001 1
b100 *
b0 Y
02
1%
1$
#33420000
1!
0%
#33440000
b1 D
0N
b1 *
1%
0$
#33460000
0%
#33480000
12
0E
1N
03
b100010 1
b11 *
b1 Z
1%
1$
#33500000
0!
0%
#33520000
b10 D
0N
b110 *
02
1%
0$
#33540000
0%
#33560000
1N
1"
19
13
b100011 1
b10 5
b100 *
b10 Z
02
1%
1$
#33580000
0%
#33600000
b11 D
0N
b0 *
12
1%
0$
#33620000
0%
#33640000
1N
0"
09
03
b100100 1
b11 Z
12
1%
1$
#33660000
0%
#33680000
b100 D
0N
02
1%
0$
#33700000
0%
#33720000
1F
1E
1N
1"
19
13
b100101 1
12
1%
1$
#33740000
1!
0%
#33760000
b101 D
0N
b11001100110011000000 M
0F
b1 *
1%
0$
#33780000
0%
#33800000
02
1F
0E
1N
03
b100110 1
b11 *
1%
1$
#33820000
0!
0%
#33840000
b110 D
0N
b110011001100110000000 M
0F
b110 *
12
1%
0$
#33860000
0%
#33880000
1F
1E
1N
0"
09
13
b100111 1
b100 *
02
1%
1$
#33900000
1!
0%
#33920000
b111 D
0N
b1100110011001100000000 M
0F
b1 *
1%
0$
#33940000
0%
#33960000
12
1F
0E
1N
03
b101000 1
b11 *
1%
1$
#33980000
0!
0%
#34000000
b1000 D
0N
b11001100110011000000000 M
0F
b110 *
02
1%
0$
#34020000
0%
#34040000
1F
1E
1N
1"
19
13
b101001 1
b100 *
12
1%
1$
#34060000
1!
0%
#34080000
b1001 D
0N
b110011001100110000000000 M
0F
b1 *
1%
0$
#34100000
0%
#34120000
02
1F
0E
1N
03
b101010 1
b11 *
1%
1$
#34140000
0!
0%
#34160000
b1010 D
0N
b1100110011001100000000000 M
0F
b110 *
12
1%
0$
#34180000
0%
#34200000
1F
1E
1N
0"
09
13
b101011 1
b11 5
b100 *
12
1%
1$
#34220000
1!
0%
#34240000
b1011 D
0N
b11001100110011000000000000 M
0F
b1 *
02
1%
0$
#34260000
0%
#34280000
1F
0E
1N
1"
19
03
b101100 1
b11 *
02
1%
1$
#34300000
0!
0%
#34320000
b1100 D
0N
b110011001100110000000000000 M
0F
b110 *
12
1%
0$
#34340000
0%
#34360000
1F
1E
1N
0"
09
13
b101101 1
b100 *
02
1%
1$
#34380000
1!
0%
#34400000
b1101 D
0N
b1100110011001100000000000000 M
0F
b1 *
1%
0$
#34420000
0%
#34440000
12
1F
0E
1N
03
b101110 1
b11 *
1%
1$
#34460000
0!
0%
#34480000
b1110 D
0N
b1001100110011000000000000000 M
0F
1E
b110 *
02
1%
0$
#34500000
1!
0%
#34520000
1F
0E
1N
1"
19
13
b101111 1
b101 *
12
1%
1$
#34540000
0!
0%
#34560000
b1111 D
0N
b11001100110000000000000000 M
0F
1E
b10 *
1%
0$
#34580000
1!
0%
#34600000
02
1F
0E
1N
03
b110000 1
b101 *
1%
1$
#34620000
0!
0%
#34640000
b10000 D
0N
b110011001100000000000000000 M
0F
b10 *
12
1%
0$
#34660000
0%
#34680000
1F
1E
1N
0"
09
13
b110001 1
b100 *
02
1%
1$
#34700000
1!
0%
#34720000
b10001 D
0N
b1100110011000000000000000000 M
0F
b1 *
1%
0$
#34740000
0%
#34760000
12
1F
0E
1N
03
b110010 1
b11 *
1%
1$
#34780000
0!
0%
#34800000
b10010 D
0N
b1001100110000000000000000000 M
0F
1E
b110 *
02
1%
0$
#34820000
1!
0%
#34840000
1F
0E
1N
1"
19
13
b110011 1
b100 5
b101 *
02
1%
1$
#34860000
0!
0%
#34880000
b10011 D
0N
b11001100000000000000000000 M
0F
1E
b10 *
12
1%
0$
#34900000
1!
0%
#34920000
1F
0E
1N
0"
09
03
b110100 1
b101 *
12
1%
1$
#34940000
0!
0%
#34960000
b10100 D
0N
b110011000000000000000000000 M
0F
b10 *
02
1%
0$
#34980000
0%
#35000000
1F
1E
1N
1"
19
13
b110101 1
b100 *
12
1%
1$
#35020000
1!
0%
#35040000
b10101 D
0N
b1100110000000000000000000000 M
0F
b1 *
1%
0$
#35060000
0%
#35080000
02
1F
0E
1N
03
b110110 1
b11 *
1%
1$
#35100000
0!
0%
#35120000
b10110 D
0N
b1001100000000000000000000000 M
0F
1E
b110 *
12
1%
0$
#35140000
1!
0%
#35160000
1F
0E
1N
0"
09
13
b110111 1
b101 *
02
1%
1$
#35180000
0!
0%
#35200000
b10111 D
0N
b11000000000000000000000000 M
0F
1E
b10 *
1%
0$
#35220000
1!
0%
#35240000
12
1F
0E
1N
03
b111000 1
b101 *
1%
1$
#35260000
0!
0%
#35280000
b11000 D
0N
b110000000000000000000000000 M
0F
b10 *
02
1%
0$
#35300000
0%
#35320000
1F
1E
1N
1"
19
13
b111001 1
b100 *
12
1%
1$
#35340000
1!
0%
#35360000
b11001 D
0N
b1100000000000000000000000000 M
0F
b1 *
1%
0$
#35380000
0%
#35400000
02
1F
0E
1N
03
b111010 1
b11 *
1%
1$
#35420000
0!
0%
#35440000
b11010 D
0N
b1000000000000000000000000000 M
0F
1E
b110 *
12
1%
0$
#35460000
1!
0%
#35480000
1F
0E
1N
0"
09
13
b111011 1
b101 *
02
1%
1$
#35500000
0!
0%
#35520000
b11011 D
0N
b0 M
0F
1E
b10 *
1%
0$
#35540000
1!
0%
#35560000
12
1F
0E
1N
03
b111100 1
b101 *
1%
1$
#35580000
0!
0%
#35600000
b11100 D
0N
0F
b10 *
02
1%
0$
#35620000
0%
#35640000
1F
1E
1N
1"
19
13
b111101 1
b100 *
12
1%
1$
#35660000
1!
0%
#35680000
b11101 D
0N
0F
b1 *
1%
0$
#35700000
0%
#35720000
02
1F
0E
1N
03
b111110 1
b11 *
1%
1$
#35740000
0!
0%
#35760000
b11110 D
0N
0F
b110 *
12
1%
0$
#35780000
0%
#35800000
1F
1E
1N
0"
09
13
b111111 1
b100 *
02
1%
1$
#35820000
1!
0%
#35840000
b11111 D
0N
0F
b1 *
1%
0$
#35860000
0%
#35880000
12
1F
0E
1N
03
14
b0 1
b11 *
1%
1$
#35900000
0!
0%
#35920000
b111 J
0K
b0 D
b1000111 7
b1000 :
b100010001000100000000000000 ,
b100010001000100 0
b100111 6
04
0N
0F
b110 *
02
1%
0$
#35940000
0%
#35960000
1E
b10 L
b110011001100110000 M
1N
1"
19
13
b1 1
b0 5
b100 *
b0 Z
12
1%
1$
#35980000
1!
0%
#36000000
b1 D
0N
b1 *
1%
0$
#36020000
0%
#36040000
1N
03
b10 1
b11 *
b1 Y
1%
1$
#36060000
0%
#36080000
b10 D
0N
b111 *
1%
0$
#36100000
0%
#36120000
02
0E
1N
13
b11 1
b10 Y
1%
1$
#36140000
0!
0%
#36160000
b11 D
0N
b110 *
12
1%
0$
#36180000
0%
#36200000
1N
0"
09
03
b100 1
b100 *
b11 Y
02
1%
1$
#36220000
0%
#36240000
b100 D
0N
b0 *
1%
0$
#36260000
0%
#36280000
12
1F
1E
1N
13
b101 1
1%
1$
#36300000
1!
0%
#36320000
b101 D
0N
b1100110011001100000 M
0F
b1 *
02
1%
0$
#36340000
0%
#36360000
1F
0E
1N
1"
19
03
b110 1
b11 *
02
1%
1$
#36380000
0!
0%
#36400000
b110 D
0N
b11001100110011000000 M
0F
b110 *
12
1%
0$
#36420000
0%
#36440000
1F
1E
1N
0"
09
13
b111 1
b100 *
02
1%
1$
#36460000
1!
0%
#36480000
b111 D
0N
b110011001100110000000 M
0F
b1 *
1%
0$
#36500000
0%
#36520000
12
1F
0E
1N
03
b1000 1
b11 *
1%
1$
#36540000
0!
0%
#36560000
b1000 D
0N
b1100110011001100000000 M
0F
b110 *
02
1%
0$
#36580000
0%
#36600000
1F
1E
1N
1"
19
13
b1001 1
b100 *
12
1%
1$
#36620000
1!
0%
#36640000
b1001 D
0N
b11001100110011000000000 M
0F
b1 *
1%
0$
#36660000
0%
#36680000
02
1F
0E
1N
03
b1010 1
b11 *
1%
1$
#36700000
0!
0%
#36720000
b1010 D
0N
b110011001100110000000000 M
0F
b110 *
12
1%
0$
#36740000
0%
#36760000
1F
1E
1N
0"
09
13
b1011 1
b100 *
02
1%
1$
#36780000
1!
0%
#36800000
b1011 D
0N
b1100110011001100000000000 M
0F
b1 *
1%
0$
#36820000
0%
#36840000
12
1F
0E
1N
03
b1100 1
b11 *
1%
1$
#36860000
0!
0%
#36880000
b1100 D
0N
b11001100110011000000000000 M
0F
b110 *
02
1%
0$
#36900000
0%
#36920000
1F
1E
1N
1"
19
13
b1101 1
b100 *
12
1%
1$
#36940000
1!
0%
#36960000
b1101 D
0N
b110011001100110000000000000 M
0F
b1 *
1%
0$
#36980000
0%
#37000000
02
1F
0E
1N
03
b1110 1
b11 *
1%
1$
#37020000
0!
0%
#37040000
b1110 D
0N
b1100110011001100000000000000 M
0F
b110 *
12
1%
0$
#37060000
0%
#37080000
1F
1E
1N
0"
09
13
b1111 1
b100 *
02
1%
1$
#37100000
1!
0%
#37120000
b1111 D
0N
b1001100110011000000000000000 M
0F
0E
b1 *
1%
0$
#37140000
0!
0%
#37160000
12
1F
1E
1N
03
b10000 1
b10 *
1%
1$
#37180000
1!
0%
#37200000
b10000 D
0N
b11001100110000000000000000 M
0F
0E
b101 *
02
1%
0$
#37220000
0!
0%
#37240000
1F
1E
1N
1"
19
13
b10001 1
b10 *
12
1%
1$
#37260000
1!
0%
#37280000
b10001 D
0N
b110011001100000000000000000 M
0F
b101 *
1%
0$
#37300000
0%
#37320000
02
1F
0E
1N
03
b10010 1
b11 *
1%
1$
#37340000
0!
0%
#37360000
b10010 D
0N
b1100110011000000000000000000 M
0F
b110 *
12
1%
0$
#37380000
0%
#37400000
1F
1E
1N
0"
09
13
b10011 1
b100 *
02
1%
1$
#37420000
1!
0%
#37440000
b10011 D
0N
b1001100110000000000000000000 M
0F
0E
b1 *
1%
0$
#37460000
0!
0%
#37480000
12
1F
1E
1N
03
b10100 1
b10 *
1%
1$
#37500000
1!
0%
#37520000
b10100 D
0N
b11001100000000000000000000 M
0F
0E
b101 *
02
1%
0$
#37540000
0!
0%
#37560000
1F
1E
1N
1"
19
13
b10101 1
b10 *
12
1%
1$
#37580000
1!
0%
#37600000
b10101 D
0N
b110011000000000000000000000 M
0F
b101 *
1%
0$
#37620000
0%
#37640000
02
1F
0E
1N
03
b10110 1
b11 *
1%
1$
#37660000
0!
0%
#37680000
b10110 D
0N
b1100110000000000000000000000 M
0F
b110 *
12
1%
0$
#37700000
0%
#37720000
1F
1E
1N
0"
09
13
b10111 1
b100 *
02
1%
1$
#37740000
1!
0%
#37760000
b10111 D
0N
b1001100000000000000000000000 M
0F
0E
b1 *
1%
0$
#37780000
0!
0%
#37800000
12
1F
1E
1N
03
b11000 1
b10 *
1%
1$
#37820000
1!
0%
#37840000
b11000 D
0N
b11000000000000000000000000 M
0F
0E
b101 *
02
1%
0$
#37860000
0!
0%
#37880000
1F
1E
1N
1"
19
13
b11001 1
b10 *
12
1%
1$
#37900000
1!
0%
#37920000
b11001 D
0N
b110000000000000000000000000 M
0F
b101 *
1%
0$
#37940000
0%
#37960000
02
1F
0E
1N
03
b11010 1
b11 *
1%
1$
#37980000
0!
0%
#38000000
b11010 D
0N
b1100000000000000000000000000 M
0F
b110 *
12
1%
0$
#38020000
0%
#38040000
1F
1E
1N
0"
09
13
b11011 1
b100 *
02
1%
1$
#38060000
1!
0%
#38080000
b11011 D
0N
b1000000000000000000000000000 M
0F
0E
b1 *
1%
0$
#38100000
0!
0%
#38120000
12
1F
1E
1N
03
b11100 1
b10 *
1%
1$
#38140000
1!
0%
#38160000
b11100 D
0N
b0 M
0F
0E
b101 *
02
1%
0$
#38180000
0!
0%
#38200000
1F
1E
1N
1"
19
13
b11101 1
b1 5
b10 *
02
1%
1$
#38220000
1!
0%
#38240000
b11101 D
0N
0F
b101 *
12
1%
0$
#38260000
0%
#38280000
1F
0E
1N
0"
09
03
b11110 1
b11 *
12
1%
1$
#38300000
0!
0%
#38320000
b11110 D
0N
0F
b110 *
02
1%
0$
#38340000
0%
#38360000
1F
1E
1N
1"
19
13
b11111 1
b100 *
12
1%
1$
#38380000
1!
0%
#38400000
b11111 D
0N
0F
b1 *
1%
0$
#38420000
0%
#38440000
02
1F
0E
1N
03
b100000 1
b11 *
1%
1$
#38460000
0!
0%
#38480000
1K
b0 D
0N
0F
b110 *
12
1%
0$
#38500000
0%
#38520000
1E
b11 L
b1100110011001100000 M
1N
0"
09
13
b100001 1
b100 *
b0 Y
02
1%
1$
#38540000
1!
0%
#38560000
b1 D
0N
b1 *
1%
0$
#38580000
0%
#38600000
12
0E
1N
03
b100010 1
b11 *
b1 Z
1%
1$
#38620000
0!
0%
#38640000
b10 D
0N
b110 *
02
1%
0$
#38660000
0%
#38680000
1N
1"
19
13
b100011 1
b100 *
b10 Z
12
1%
1$
#38700000
0%
#38720000
b11 D
0N
b0 *
1%
0$
#38740000
0%
#38760000
02
1N
03
b100100 1
b11 Z
1%
1$
#38780000
0%
#38800000
b100 D
0N
12
1%
0$
#38820000
0%
#38840000
1F
1E
1N
0"
09
13
b100101 1
b10 5
12
1%
1$
#38860000
1!
0%
#38880000
b101 D
0N
b11001100110011000000 M
0F
b1 *
02
1%
0$
#38900000
0%
#38920000
1F
0E
1N
1"
19
03
b100110 1
b11 *
02
1%
1$
#38940000
0!
0%
#38960000
b110 D
0N
b110011001100110000000 M
0F
b110 *
12
1%
0$
#38980000
0%
#39000000
1F
1E
1N
0"
09
13
b100111 1
b100 *
02
1%
1$
#39020000
1!
0%
#39040000
b111 D
0N
b1100110011001100000000 M
0F
b1 *
1%
0$
#39060000
0%
#39080000
12
1F
0E
1N
03
b101000 1
b11 *
1%
1$
#39100000
0!
0%
#39120000
b1000 D
0N
b11001100110011000000000 M
0F
b110 *
02
1%
0$
#39140000
0%
#39160000
1F
1E
1N
1"
19
13
b101001 1
b100 *
12
1%
1$
#39180000
1!
0%
#39200000
b1001 D
0N
b110011001100110000000000 M
0F
b1 *
1%
0$
#39220000
0%
#39240000
02
1F
0E
1N
03
b101010 1
b11 *
1%
1$
#39260000
0!
0%
#39280000
b1010 D
0N
b1100110011001100000000000 M
0F
b110 *
12
1%
0$
#39300000
0%
#39320000
1F
1E
1N
0"
09
13
b101011 1
b100 *
02
1%
1$
#39340000
1!
0%
#39360000
b1011 D
0N
b11001100110011000000000000 M
0F
b1 *
1%
0$
#39380000
0%
#39400000
12
1F
0E
1N
03
b101100 1
b11 *
1%
1$
#39420000
0!
0%
#39440000
b1100 D
0N
b110011001100110000000000000 M
0F
b110 *
02
1%
0$
#39460000
0%
#39480000
1F
1E
1N
1"
19
13
b101101 1
b11 5
b100 *
02
1%
1$
#39500000
1!
0%
#39520000
b1101 D
0N
b1100110011001100000000000000 M
0F
b1 *
12
1%
0$
#39540000
0%
#39560000
1F
0E
1N
0"
09
03
b101110 1
b11 *
12
1%
1$
#39580000
0!
0%
#39600000
b1110 D
0N
b1001100110011000000000000000 M
0F
1E
b110 *
02
1%
0$
#39620000
1!
0%
#39640000
1F
0E
1N
1"
19
13
b101111 1
b101 *
12
1%
1$
#39660000
0!
0%
#39680000
b1111 D
0N
b11001100110000000000000000 M
0F
1E
b10 *
1%
0$
#39700000
1!
0%
#39720000
02
1F
0E
1N
03
b110000 1
b101 *
1%
1$
#39740000
0!
0%
#39760000
b10000 D
0N
b110011001100000000000000000 M
0F
b10 *
12
1%
0$
#39780000
0%
#39800000
1F
1E
1N
0"
09
13
b110001 1
b100 *
02
1%
1$
#39820000
1!
0%
#39840000
b10001 D
0N
b1100110011000000000000000000 M
0F
b1 *
1%
0$
#39860000
0%
#39880000
12
1F
0E
1N
03
b110010 1
b11 *
1%
1$
#39900000
0!
0%
#39920000
b10010 D
0N
b1001100110000000000000000000 M
0F
1E
b110 *
02
1%
0$
#39940000
1!
0%
#39960000
1F
0E
1N
1"
19
13
b110011 1
b101 *
12
1%
1$
#39980000
0!
0%
#40000000
b10011 D
0N
b11001100000000000000000000 M
0F
1E
b10 *
1%
0$
#40020000
1!
0%
#40040000
02
1F
0E
1N
03
b110100 1
b101 *
1%
1$
#40060000
0!
0%
#40080000
b10100 D
0N
b110011000000000000000000000 M
0F
b10 *
12
1%
0$
#40100000
0%
#40120000
1F
1E
1N
0"
09
13
b110101 1
b100 5
b100 *
12
1%
1$
#40140000
1!
0%
#40160000
b10101 D
0N
b1100110000000000000000000000 M
0F
b1 *
02
1%
0$
#40180000
0%
#40200000
1F
0E
1N
1"
19
03
b110110 1
b11 *
02
1%
1$
#40220000
0!
0%
#40240000
b10110 D
0N
b1001100000000000000000000000 M
0F
1E
b110 *
12
1%
0$
#40260000
1!
0%
#40280000
1F
0E
1N
0"
09
13
b110111 1
b101 *
02
1%
1$
#40300000
0!
0%
#40320000
b10111 D
0N
b11000000000000000000000000 M
0F
1E
b10 *
1%
0$
#40340000
1!
0%
#40360000
12
1F
0E
1N
03
b111000 1
b101 *
1%
1$
#40380000
0!
0%
#40400000
b11000 D
0N
b110000000000000000000000000 M
0F
b10 *
02
1%
0$
#40420000
0%
#40440000
1F
1E
1N
1"
19
13
b111001 1
b100 *
12
1%
1$
#40460000
1!
0%
#40480000
b11001 D
0N
b1100000000000000000000000000 M
0F
b1 *
1%
0$
#40500000
0%
#40520000
02
1F
0E
1N
03
b111010 1
b11 *
1%
1$
#40540000
0!
0%
#40560000
b11010 D
0N
b1000000000000000000000000000 M
0F
1E
b110 *
12
1%
0$
#40580000
1!
0%
#40600000
1F
0E
1N
0"
09
13
b111011 1
b101 *
02
1%
1$
#40620000
0!
0%
#40640000
b11011 D
0N
b0 M
0F
1E
b10 *
1%
0$
#40660000
1!
0%
#40680000
12
1F
0E
1N
03
b111100 1
b101 *
1%
1$
#40700000
0!
0%
#40720000
b11100 D
0N
0F
b10 *
02
1%
0$
#40740000
0%
#40760000
1F
1E
1N
1"
19
13
b111101 1
b100 *
12
1%
1$
#40780000
1!
0%
#40800000
b11101 D
0N
0F
b1 *
1%
0$
#40820000
0%
#40840000
02
1F
0E
1N
03
b111110 1
b11 *
1%
1$
#40860000
0!
0%
#40880000
b11110 D
0N
0F
b110 *
12
1%
0$
#40900000
0%
#40920000
1F
1E
1N
0"
09
13
b111111 1
b100 *
02
1%
1$
#40940000
1!
0%
#40960000
b11111 D
0N
0F
b1 *
1%
0$
#40980000
0%
#41000000
12
1F
0E
1N
03
14
b0 1
b11 *
1%
1$
#41020000
0!
0%
#41040000
b1000 J
0K
b0 D
b100111 7
b1001 :
1#
b110011001100110 8
b11001100110011000000000000 ,
b11001100110011 0
b1000111 6
04
0N
0F
b110 *
02
1%
0$
#41060000
0%
#41080000
b10001000100010000000 P
b1000100010001000000 O
0S
b11011 W
b10001000100010000000 T
b1000100010001000 Q
b100010001000100 ;
b1000100010001000 <
1E
b10 L
b110011001100110000 M
1N
1"
19
13
b1 1
b0 5
0#
b10001000100010000100010001000100 )
b10001000100010000100010001000100 +
b1010101010101010 '
b101010101010101 &
b100 *
b0 Z
12
1%
1$
#41100000
1!
0%
#41120000
b1 D
0N
b1000100010001000000 M
b1 *
1%
0$
#41140000
0%
#41160000
1N
03
b10 1
b11 *
b1 Y
1%
1$
#41180000
0%
#41200000
b10 D
0N
b111 *
1%
0$
#41220000
0%
#41240000
02
0E
1N
13
b11 1
b10 Y
1%
1$
#41260000
0!
0%
#41280000
b11 D
0N
b110 *
12
1%
0$
#41300000
0%
#41320000
1N
0"
09
03
b100 1
b100 *
b11 Y
02
1%
1$
#41340000
0%
#41360000
b100 D
0N
b0 *
1%
0$
#41380000
0%
#41400000
1F
1E
1N
13
b101 1
1%
1$
#41420000
1!
0%
#41440000
b101 D
0N
b10001000100010000000 M
0F
b1 *
1%
0$
#41460000
0%
#41480000
12
1F
0E
1N
03
b110 1
b11 *
1%
1$
#41500000
0!
0%
#41520000
b110 D
0N
b100010001000100000000 M
0F
b110 *
02
1%
0$
#41540000
0%
#41560000
1F
1E
1N
1"
19
13
b111 1
b100 *
02
1%
1$
#41580000
1!
0%
#41600000
b111 D
0N
b1000100010001000000000 M
0F
b1 *
12
1%
0$
#41620000
0%
#41640000
1F
0E
1N
0"
09
03
b1000 1
b11 *
12
1%
1$
#41660000
0!
0%
#41680000
b1000 D
0N
b10001000100010000000000 M
0F
b110 *
02
1%
0$
#41700000
0%
#41720000
1F
1E
1N
1"
19
13
b1001 1
b100 *
12
1%
1$
#41740000
1!
0%
#41760000
b1001 D
0N
b100010001000100000000000 M
0F
b1 *
1%
0$
#41780000
0%
#41800000
02
1F
0E
1N
03
b1010 1
b11 *
1%
1$
#41820000
0!
0%
#41840000
b1010 D
0N
b1000100010001000000000000 M
0F
b110 *
12
1%
0$
#41860000
0%
#41880000
1F
1E
1N
0"
09
13
b1011 1
b100 *
02
1%
1$
#41900000
1!
0%
#41920000
b1011 D
0N
b10001000100010000000000000 M
0F
b1 *
1%
0$
#41940000
0%
#41960000
12
1F
0E
1N
03
b1100 1
b11 *
1%
1$
#41980000
0!
0%
#42000000
b1100 D
0N
b100010001000100000000000000 M
0F
b110 *
02
1%
0$
#42020000
0%
#42040000
1F
1E
1N
1"
19
13
b1101 1
b100 *
12
1%
1$
#42060000
1!
0%
#42080000
b1101 D
0N
b1000100010001000000000000000 M
0F
b1 *
1%
0$
#42100000
0%
#42120000
02
1F
0E
1N
03
b1110 1
b11 *
1%
1$
#42140000
0!
0%
#42160000
b1110 D
0N
b1000100010000000000000000 M
0F
1E
b110 *
12
1%
0$
#42180000
1!
0%
#42200000
1F
0E
1N
0"
09
13
b1111 1
b101 *
02
1%
1$
#42220000
0!
0%
#42240000
b1111 D
0N
b10001000100000000000000000 M
0F
b10 *
1%
0$
#42260000
0%
#42280000
12
1F
1E
1N
03
b10000 1
b100 *
1%
1$
#42300000
1!
0%
#42320000
b10000 D
0N
b100010001000000000000000000 M
0F
b1 *
02
1%
0$
#42340000
0%
#42360000
1F
0E
1N
1"
19
13
b10001 1
b11 *
12
1%
1$
#42380000
0!
0%
#42400000
b10001 D
0N
b1000100010000000000000000000 M
0F
b110 *
1%
0$
#42420000
0%
#42440000
02
1F
1E
1N
03
b10010 1
b100 *
1%
1$
#42460000
1!
0%
#42480000
b10010 D
0N
b1000100000000000000000000 M
0F
0E
b1 *
12
1%
0$
#42500000
0!
0%
#42520000
1F
1E
1N
0"
09
13
b10011 1
b10 *
02
1%
1$
#42540000
1!
0%
#42560000
b10011 D
0N
b10001000000000000000000000 M
0F
b101 *
1%
0$
#42580000
0%
#42600000
12
1F
0E
1N
03
b10100 1
b11 *
1%
1$
#42620000
0!
0%
#42640000
b10100 D
0N
b100010000000000000000000000 M
0F
b110 *
02
1%
0$
#42660000
0%
#42680000
1F
1E
1N
1"
19
13
b10101 1
b100 *
12
1%
1$
#42700000
1!
0%
#42720000
b10101 D
0N
b1000100000000000000000000000 M
0F
b1 *
1%
0$
#42740000
0%
#42760000
02
1F
0E
1N
03
b10110 1
b11 *
1%
1$
#42780000
0!
0%
#42800000
b10110 D
0N
b1000000000000000000000000 M
0F
1E
b110 *
12
1%
0$
#42820000
1!
0%
#42840000
1F
0E
1N
0"
09
13
b10111 1
b101 *
02
1%
1$
#42860000
0!
0%
#42880000
b10111 D
0N
b10000000000000000000000000 M
0F
b10 *
1%
0$
#42900000
0%
#42920000
12
1F
1E
1N
03
b11000 1
b100 *
1%
1$
#42940000
1!
0%
#42960000
b11000 D
0N
b100000000000000000000000000 M
0F
b1 *
02
1%
0$
#42980000
0%
#43000000
1F
0E
1N
1"
19
13
b11001 1
b1 5
b11 *
02
1%
1$
#43020000
0!
0%
#43040000
b11001 D
0N
b1000000000000000000000000000 M
0F
b110 *
12
1%
0$
#43060000
0%
#43080000
1F
1E
1N
0"
09
03
b11010 1
b100 *
12
1%
1$
#43100000
1!
0%
#43120000
b11010 D
0N
b0 M
0F
0E
b1 *
02
1%
0$
#43140000
0!
0%
#43160000
1F
1E
1N
1"
19
13
b11011 1
b10 5
b10 *
02
1%
1$
#43180000
1!
0%
#43200000
b11011 D
0N
0F
b101 *
12
1%
0$
#43220000
0%
#43240000
1F
0E
1N
0"
09
03
b11100 1
b11 *
12
1%
1$
#43260000
0!
0%
#43280000
b11100 D
0N
0F
b110 *
02
1%
0$
#43300000
0%
#43320000
1F
1E
1N
1"
19
13
b11101 1
b100 *
12
1%
1$
#43340000
1!
0%
#43360000
b11101 D
0N
0F
b1 *
1%
0$
#43380000
0%
#43400000
02
1F
0E
1N
03
b11110 1
b11 *
1%
1$
#43420000
0!
0%
#43440000
b11110 D
0N
0F
b110 *
12
1%
0$
#43460000
0%
#43480000
1F
1E
1N
0"
09
13
b11111 1
b100 *
02
1%
1$
#43500000
1!
0%
#43520000
b11111 D
0N
0F
b1 *
1%
0$
#43540000
0%
#43560000
12
1F
0E
1N
03
b100000 1
b11 *
1%
1$
#43580000
0!
0%
#43600000
1K
b0 D
0N
0F
b110 *
02
1%
0$
#43620000
0%
#43640000
1E
b11 L
b10001000100010000000 M
1N
1"
19
13
b100001 1
b11 5
b100 *
b0 Y
02
1%
1$
#43660000
1!
0%
#43680000
b1 D
0N
b1 *
12
1%
0$
#43700000
0%
#43720000
0E
1N
0"
09
03
b100010 1
b11 *
b1 Z
12
1%
1$
#43740000
0!
0%
#43760000
b10 D
0N
b110 *
02
1%
0$
#43780000
0%
#43800000
1N
1"
19
13
b100011 1
b100 5
b100 *
b10 Z
02
1%
1$
#43820000
0%
#43840000
b11 D
0N
b0 *
12
1%
0$
#43860000
0%
#43880000
1N
0"
09
03
b100100 1
b11 Z
12
1%
1$
#43900000
0%
#43920000
b100 D
0N
02
1%
0$
#43940000
0%
#43960000
1F
1E
1N
1"
19
13
b100101 1
12
1%
1$
#43980000
1!
0%
#44000000
b101 D
0N
b100010001000100000000 M
0F
b1 *
1%
0$
#44020000
0%
#44040000
02
1F
0E
1N
03
b100110 1
b11 *
1%
1$
#44060000
0!
0%
#44080000
b110 D
0N
b1000100010001000000000 M
0F
b110 *
12
1%
0$
#44100000
0%
#44120000
1F
1E
1N
0"
09
13
b100111 1
b100 *
02
1%
1$
#44140000
1!
0%
#44160000
b111 D
0N
b10001000100010000000000 M
0F
b1 *
1%
0$
#44180000
0%
#44200000
12
1F
0E
1N
03
b101000 1
b11 *
1%
1$
#44220000
0!
0%
#44240000
b1000 D
0N
b100010001000100000000000 M
0F
b110 *
02
1%
0$
#44260000
0%
#44280000
1F
1E
1N
1"
19
13
b101001 1
b101 5
b100 *
02
1%
1$
#44300000
1!
0%
#44320000
b1001 D
0N
b1000100010001000000000000 M
0F
b1 *
12
1%
0$
#44340000
0%
#44360000
1F
0E
1N
0"
09
03
b101010 1
b11 *
12
1%
1$
#44380000
0!
0%
#44400000
b1010 D
0N
b10001000100010000000000000 M
0F
b110 *
02
1%
0$
#44420000
0%
#44440000
1F
1E
1N
1"
19
13
b101011 1
b110 5
b100 *
02
1%
1$
#44460000
1!
0%
#44480000
b1011 D
0N
b100010001000100000000000000 M
0F
b1 *
12
1%
0$
#44500000
0%
#44520000
1F
0E
1N
0"
09
03
b101100 1
b11 *
12
1%
1$
#44540000
0!
0%
#44560000
b1100 D
0N
b1000100010001000000000000000 M
0F
b110 *
02
1%
0$
#44580000
0%
#44600000
1F
1E
1N
1"
19
13
b101101 1
b100 *
12
1%
1$
#44620000
1!
0%
#44640000
b1101 D
0N
b1000100010000000000000000 M
0F
0E
b1 *
1%
0$
#44660000
0!
0%
#44680000
02
1F
1E
1N
03
b101110 1
b10 *
1%
1$
#44700000
1!
0%
#44720000
b1110 D
0N
b10001000100000000000000000 M
0F
b101 *
12
1%
0$
#44740000
0%
#44760000
1F
0E
1N
0"
09
13
b101111 1
b11 *
02
1%
1$
#44780000
0!
0%
#44800000
b1111 D
0N
b100010001000000000000000000 M
0F
b110 *
1%
0$
#44820000
0%
#44840000
12
1F
1E
1N
03
b110000 1
b100 *
1%
1$
#44860000
1!
0%
#44880000
b10000 D
0N
b1000100010000000000000000000 M
0F
b1 *
02
1%
0$
#44900000
0%
#44920000
1F
0E
1N
1"
19
13
b110001 1
b111 5
b11 *
02
1%
1$
#44940000
0!
0%
#44960000
b10001 D
0N
b1000100000000000000000000 M
0F
1E
b110 *
12
1%
0$
#44980000
1!
0%
#45000000
1F
0E
1N
0"
09
03
b110010 1
b101 *
12
1%
1$
#45020000
0!
0%
#45040000
b10010 D
0N
b10001000000000000000000000 M
0F
b10 *
02
1%
0$
#45060000
0%
#45080000
1F
1E
1N
1"
19
13
b110011 1
b1000 5
b100 *
02
1%
1$
#45100000
1!
0%
#45120000
b10011 D
0N
b100010000000000000000000000 M
0F
b1 *
12
1%
0$
#45140000
0%
#45160000
1F
0E
1N
0"
09
03
b110100 1
b11 *
12
1%
1$
#45180000
0!
0%
#45200000
b10100 D
0N
b1000100000000000000000000000 M
0F
b110 *
02
1%
0$
#45220000
0%
#45240000
1F
1E
1N
1"
19
13
b110101 1
b100 *
12
1%
1$
#45260000
1!
0%
#45280000
b10101 D
0N
b1000000000000000000000000 M
0F
0E
b1 *
1%
0$
#45300000
0!
0%
#45320000
02
1F
1E
1N
03
b110110 1
b10 *
1%
1$
#45340000
1!
0%
#45360000
b10110 D
0N
b10000000000000000000000000 M
0F
b101 *
12
1%
0$
#45380000
0%
#45400000
1F
0E
1N
0"
09
13
b110111 1
b11 *
02
1%
1$
#45420000
0!
0%
#45440000
b10111 D
0N
b100000000000000000000000000 M
0F
b110 *
1%
0$
#45460000
0%
#45480000
12
1F
1E
1N
03
b111000 1
b100 *
1%
1$
#45500000
1!
0%
#45520000
b11000 D
0N
b1000000000000000000000000000 M
0F
b1 *
02
1%
0$
#45540000
0%
#45560000
1F
0E
1N
1"
19
13
b111001 1
b11 *
12
1%
1$
#45580000
0!
0%
#45600000
b11001 D
0N
b0 M
0F
1E
b110 *
1%
0$
#45620000
1!
0%
#45640000
02
1F
0E
1N
03
b111010 1
b101 *
1%
1$
#45660000
0!
0%
#45680000
b11010 D
0N
0F
b10 *
12
1%
0$
#45700000
0%
#45720000
1F
1E
1N
0"
09
13
b111011 1
b100 *
02
1%
1$
#45740000
1!
0%
#45760000
b11011 D
0N
0F
b1 *
1%
0$
#45780000
0%
#45800000
12
1F
0E
1N
03
b111100 1
b11 *
1%
1$
#45820000
0!
0%
#45840000
b11100 D
0N
0F
b110 *
02
1%
0$
#45860000
0%
#45880000
1F
1E
1N
1"
19
13
b111101 1
b100 *
12
1%
1$
#45900000
1!
0%
#45920000
b11101 D
0N
0F
b1 *
1%
0$
#45940000
0%
#45960000
02
1F
0E
1N
03
b111110 1
b11 *
1%
1$
#45980000
0!
0%
#46000000
b11110 D
0N
0F
b110 *
12
1%
0$
#46020000
0%
#46040000
1F
1E
1N
0"
09
13
b111111 1
b100 *
02
1%
1$
#46060000
1!
0%
#46080000
b11111 D
0N
0F
b1 *
1%
0$
#46100000
0%
#46120000
12
1F
0E
1N
03
14
b0 1
b11 *
1%
1$
#46140000
0!
0%
#46160000
b1001 J
0K
b0 D
b1000111 7
b1010 :
b110011001100110000000000000 ,
b110011001100110 0
b100111 6
04
0N
0F
b110 *
02
1%
0$
#46180000
0%
#46200000
1E
b10 L
b1000100010001000000 M
1N
1"
19
13
b1 1
b0 5
b100 *
b0 Z
12
1%
1$
#46220000
1!
0%
#46240000
b1 D
0N
b1 *
1%
0$
#46260000
0%
#46280000
1N
03
b10 1
b11 *
b1 Y
1%
1$
#46300000
0%
#46320000
b10 D
0N
b111 *
1%
0$
#46340000
0%
#46360000
02
0E
1N
13
b11 1
b10 Y
1%
1$
#46380000
0!
0%
#46400000
b11 D
0N
b110 *
12
1%
0$
#46420000
0%
#46440000
1N
0"
09
03
b100 1
b100 *
b11 Y
02
1%
1$
#46460000
0%
#46480000
b100 D
0N
b0 *
1%
0$
#46500000
0%
#46520000
12
1F
1E
1N
13
b101 1
1%
1$
#46540000
1!
0%
#46560000
b101 D
0N
b10001000100010000000 M
0F
b1 *
02
1%
0$
#46580000
0%
#46600000
1F
0E
1N
1"
19
03
b110 1
b11 *
02
1%
1$
#46620000
0!
0%
#46640000
b110 D
0N
b100010001000100000000 M
0F
b110 *
12
1%
0$
#46660000
0%
#46680000
1F
1E
1N
0"
09
13
b111 1
b100 *
02
1%
1$
#46700000
1!
0%
#46720000
b111 D
0N
b1000100010001000000000 M
0F
b1 *
1%
0$
#46740000
0%
#46760000
12
1F
0E
1N
03
b1000 1
b11 *
1%
1$
#46780000
0!
0%
#46800000
b1000 D
0N
b10001000100010000000000 M
0F
b110 *
02
1%
0$
#46820000
0%
#46840000
1F
1E
1N
1"
19
13
b1001 1
b100 *
12
1%
1$
#46860000
1!
0%
#46880000
b1001 D
0N
b100010001000100000000000 M
0F
b1 *
1%
0$
#46900000
0%
#46920000
02
1F
0E
1N
03
b1010 1
b11 *
1%
1$
#46940000
0!
0%
#46960000
b1010 D
0N
b1000100010001000000000000 M
0F
b110 *
12
1%
0$
#46980000
0%
#47000000
1F
1E
1N
0"
09
13
b1011 1
b100 *
02
1%
1$
#47020000
1!
0%
#47040000
b1011 D
0N
b10001000100010000000000000 M
0F
b1 *
1%
0$
#47060000
0%
#47080000
12
1F
0E
1N
03
b1100 1
b11 *
1%
1$
#47100000
0!
0%
#47120000
b1100 D
0N
b100010001000100000000000000 M
0F
b110 *
02
1%
0$
#47140000
0%
#47160000
1F
1E
1N
1"
19
13
b1101 1
b100 *
12
1%
1$
#47180000
1!
0%
#47200000
b1101 D
0N
b1000100010001000000000000000 M
0F
b1 *
1%
0$
#47220000
0%
#47240000
02
1F
0E
1N
03
b1110 1
b11 *
1%
1$
#47260000
0!
0%
#47280000
b1110 D
0N
b1000100010000000000000000 M
0F
1E
b110 *
12
1%
0$
#47300000
1!
0%
#47320000
1F
0E
1N
0"
09
13
b1111 1
b101 *
02
1%
1$
#47340000
0!
0%
#47360000
b1111 D
0N
b10001000100000000000000000 M
0F
b10 *
1%
0$
#47380000
0%
#47400000
12
1F
1E
1N
03
b10000 1
b100 *
1%
1$
#47420000
1!
0%
#47440000
b10000 D
0N
b100010001000000000000000000 M
0F
b1 *
02
1%
0$
#47460000
0%
#47480000
1F
0E
1N
1"
19
13
b10001 1
b11 *
12
1%
1$
#47500000
0!
0%
#47520000
b10001 D
0N
b1000100010000000000000000000 M
0F
b110 *
1%
0$
#47540000
0%
#47560000
02
1F
1E
1N
03
b10010 1
b100 *
1%
1$
#47580000
1!
0%
#47600000
b10010 D
0N
b1000100000000000000000000 M
0F
0E
b1 *
12
1%
0$
#47620000
0!
0%
#47640000
1F
1E
1N
0"
09
13
b10011 1
b10 *
02
1%
1$
#47660000
1!
0%
#47680000
b10011 D
0N
b10001000000000000000000000 M
0F
b101 *
1%
0$
#47700000
0%
#47720000
12
1F
0E
1N
03
b10100 1
b11 *
1%
1$
#47740000
0!
0%
#47760000
b10100 D
0N
b100010000000000000000000000 M
0F
b110 *
02
1%
0$
#47780000
0%
#47800000
1F
1E
1N
1"
19
13
b10101 1
b100 *
12
1%
1$
#47820000
1!
0%
#47840000
b10101 D
0N
b1000100000000000000000000000 M
0F
b1 *
1%
0$
#47860000
0%
#47880000
02
1F
0E
1N
03
b10110 1
b11 *
1%
1$
#47900000
0!
0%
#47920000
b10110 D
0N
b1000000000000000000000000 M
0F
1E
b110 *
12
1%
0$
#47940000
1!
0%
#47960000
1F
0E
1N
0"
09
13
b10111 1
b101 *
02
1%
1$
#47980000
0!
0%
#48000000
b10111 D
0N
b10000000000000000000000000 M
0F
b10 *
1%
0$
#48020000
0%
#48040000
12
1F
1E
1N
03
b11000 1
b100 *
1%
1$
#48060000
1!
0%
#48080000
b11000 D
0N
b100000000000000000000000000 M
0F
b1 *
02
1%
0$
#48100000
0%
#48120000
1F
0E
1N
1"
19
13
b11001 1
b11 *
12
1%
1$
#48140000
0!
0%
#48160000
b11001 D
0N
b1000000000000000000000000000 M
0F
b110 *
1%
0$
#48180000
0%
#48200000
02
1F
1E
1N
03
b11010 1
b100 *
1%
1$
#48220000
1!
0%
#48240000
b11010 D
0N
b0 M
0F
0E
b1 *
12
1%
0$
#48260000
0!
0%
#48280000
1F
1E
1N
0"
09
13
b11011 1
b1 5
b10 *
12
1%
1$
#48300000
1!
0%
#48320000
b11011 D
0N
0F
b101 *
02
1%
0$
#48340000
0%
#48360000
1F
0E
1N
1"
19
03
b11100 1
b11 *
02
1%
1$
#48380000
0!
0%
#48400000
b11100 D
0N
0F
b110 *
12
1%
0$
#48420000
0%
#48440000
1F
1E
1N
0"
09
13
b11101 1
b10 5
b100 *
12
1%
1$
#48460000
1!
0%
#48480000
b11101 D
0N
0F
b1 *
02
1%
0$
#48500000
0%
#48520000
1F
0E
1N
1"
19
03
b11110 1
b11 *
02
1%
1$
#48540000
0!
0%
#48560000
b11110 D
0N
0F
b110 *
12
1%
0$
#48580000
0%
#48600000
1F
1E
1N
0"
09
13
b11111 1
b100 *
02
1%
1$
#48620000
1!
0%
#48640000
b11111 D
0N
0F
b1 *
1%
0$
#48660000
0%
#48680000
12
1F
0E
1N
03
b100000 1
b11 *
1%
1$
#48700000
0!
0%
#48720000
1K
b0 D
0N
0F
b110 *
02
1%
0$
#48740000
0%
#48760000
1E
b11 L
b10001000100010000000 M
1N
1"
19
13
b100001 1
b100 *
b0 Y
12
1%
1$
#48780000
1!
0%
#48800000
b1 D
0N
b1 *
1%
0$
#48820000
0%
#48840000
02
0E
1N
03
b100010 1
b11 *
b1 Z
1%
1$
#48860000
0!
0%
#48880000
b10 D
0N
b110 *
12
1%
0$
#48900000
0%
#48920000
1N
0"
09
13
b100011 1
b11 5
b100 *
b10 Z
12
1%
1$
#48940000
0%
#48960000
b11 D
0N
b0 *
02
1%
0$
#48980000
0%
#49000000
1N
1"
19
03
b100100 1
b11 Z
02
1%
1$
#49020000
0%
#49040000
b100 D
0N
12
1%
0$
#49060000
0%
#49080000
1F
1E
1N
0"
09
13
b100101 1
b100 5
12
1%
1$
#49100000
1!
0%
#49120000
b101 D
0N
b100010001000100000000 M
0F
b1 *
02
1%
0$
#49140000
0%
#49160000
1F
0E
1N
1"
19
03
b100110 1
b11 *
02
1%
1$
#49180000
0!
0%
#49200000
b110 D
0N
b1000100010001000000000 M
0F
b110 *
12
1%
0$
#49220000
0%
#49240000
1F
1E
1N
0"
09
13
b100111 1
b100 *
02
1%
1$
#49260000
1!
0%
#49280000
b111 D
0N
b10001000100010000000000 M
0F
b1 *
1%
0$
#49300000
0%
#49320000
12
1F
0E
1N
03
b101000 1
b11 *
1%
1$
#49340000
0!
0%
#49360000
b1000 D
0N
b100010001000100000000000 M
0F
b110 *
02
1%
0$
#49380000
0%
#49400000
1F
1E
1N
1"
19
13
b101001 1
b100 *
12
1%
1$
#49420000
1!
0%
#49440000
b1001 D
0N
b1000100010001000000000000 M
0F
b1 *
1%
0$
#49460000
0%
#49480000
02
1F
0E
1N
03
b101010 1
b11 *
1%
1$
#49500000
0!
0%
#49520000
b1010 D
0N
b10001000100010000000000000 M
0F
b110 *
12
1%
0$
#49540000
0%
#49560000
1F
1E
1N
0"
09
13
b101011 1
b101 5
b100 *
12
1%
1$
#49580000
1!
0%
#49600000
b1011 D
0N
b100010001000100000000000000 M
0F
b1 *
02
1%
0$
#49620000
0%
#49640000
1F
0E
1N
1"
19
03
b101100 1
b11 *
02
1%
1$
#49660000
0!
0%
#49680000
b1100 D
0N
b1000100010001000000000000000 M
0F
b110 *
12
1%
0$
#49700000
0%
#49720000
1F
1E
1N
0"
09
13
b101101 1
b110 5
b100 *
12
1%
1$
#49740000
1!
0%
#49760000
b1101 D
0N
b1000100010000000000000000 M
0F
0E
b1 *
02
1%
0$
#49780000
0!
0%
#49800000
1F
1E
1N
1"
19
03
b101110 1
b10 *
02
1%
1$
#49820000
1!
0%
#49840000
b1110 D
0N
b10001000100000000000000000 M
0F
b101 *
12
1%
0$
#49860000
0%
#49880000
1F
0E
1N
0"
09
13
b101111 1
b11 *
02
1%
1$
#49900000
0!
0%
#49920000
b1111 D
0N
b100010001000000000000000000 M
0F
b110 *
1%
0$
#49940000
0%
#49960000
12
1F
1E
1N
03
b110000 1
b100 *
1%
1$
#49980000
1!
0%
#50000000
b10000 D
0N
b1000100010000000000000000000 M
0F
b1 *
02
1%
0$
#50020000
0%
#50040000
1F
0E
1N
1"
19
13
b110001 1
b11 *
12
1%
1$
#50060000
0!
0%
#50080000
b10001 D
0N
b1000100000000000000000000 M
0F
1E
b110 *
1%
0$
#50100000
1!
0%
#50120000
02
1F
0E
1N
03
b110010 1
b101 *
1%
1$
#50140000
0!
0%
#50160000
b10010 D
0N
b10001000000000000000000000 M
0F
b10 *
12
1%
0$
#50180000
0%
#50200000
1F
1E
1N
0"
09
13
b110011 1
b111 5
b100 *
12
1%
1$
#50220000
1!
0%
#50240000
b10011 D
0N
b100010000000000000000000000 M
0F
b1 *
02
1%
0$
#50260000
0%
#50280000
1F
0E
1N
1"
19
03
b110100 1
b11 *
02
1%
1$
#50300000
0!
0%
#50320000
b10100 D
0N
b1000100000000000000000000000 M
0F
b110 *
12
1%
0$
#50340000
0%
#50360000
1F
1E
1N
0"
09
13
b110101 1
b1000 5
b100 *
12
1%
1$
#50380000
1!
0%
#50400000
b10101 D
0N
b1000000000000000000000000 M
0F
0E
b1 *
02
1%
0$
#50420000
0!
0%
#50440000
1F
1E
1N
1"
19
03
b110110 1
b10 *
02
1%
1$
#50460000
1!
0%
#50480000
b10110 D
0N
b10000000000000000000000000 M
0F
b101 *
12
1%
0$
#50500000
0%
#50520000
1F
0E
1N
0"
09
13
b110111 1
b11 *
02
1%
1$
#50540000
0!
0%
#50560000
b10111 D
0N
b100000000000000000000000000 M
0F
b110 *
1%
0$
#50580000
0%
#50600000
12
1F
1E
1N
03
b111000 1
b100 *
1%
1$
#50620000
1!
0%
#50640000
b11000 D
0N
b1000000000000000000000000000 M
0F
b1 *
02
1%
0$
#50660000
0%
#50680000
1F
0E
1N
1"
19
13
b111001 1
b11 *
12
1%
1$
#50700000
0!
0%
#50720000
b11001 D
0N
b0 M
0F
1E
b110 *
1%
0$
#50740000
1!
0%
#50760000
02
1F
0E
1N
03
b111010 1
b101 *
1%
1$
#50780000
0!
0%
#50800000
b11010 D
0N
0F
b10 *
12
1%
0$
#50820000
0%
#50840000
1F
1E
1N
0"
09
13
b111011 1
b100 *
02
1%
1$
#50860000
1!
0%
#50880000
b11011 D
0N
0F
b1 *
1%
0$
#50900000
0%
#50920000
12
1F
0E
1N
03
b111100 1
b11 *
1%
1$
#50940000
0!
0%
#50960000
b11100 D
0N
0F
b110 *
02
1%
0$
#50980000
0%
#51000000
1F
1E
1N
1"
19
13
b111101 1
b100 *
12
1%
1$
#51020000
1!
0%
#51040000
b11101 D
0N
0F
b1 *
1%
0$
#51060000
0%
#51080000
02
1F
0E
1N
03
b111110 1
b11 *
1%
1$
#51100000
0!
0%
#51120000
b11110 D
0N
0F
b110 *
12
1%
0$
#51140000
0%
#51160000
1F
1E
1N
0"
09
13
b111111 1
b100 *
02
1%
1$
#51180000
1!
0%
#51200000
b11111 D
0N
0F
b1 *
1%
0$
#51220000
0%
#51240000
12
1F
0E
1N
03
14
b0 1
b11 *
1%
1$
#51260000
0!
0%
#51280000
b1010 J
0K
b0 D
b100111 7
b1011 :
1#
b1000100010001000 8
b100010001000100000000000000 ,
b100010001000100 0
b1000111 6
04
0N
0F
b110 *
02
1%
0$
#51300000
0%
#51320000
b10101010101010100000 P
b1010101010101010000 O
0S
b11011 W
b10101010101010100000 T
b1010101010101010 Q
b101010101010101 ;
b1010101010101010 <
1E
b10 L
b1000100010001000000 M
1N
1"
19
13
b1 1
b0 5
0#
b10101010101010100101010101010101 )
b10101010101010100101010101010101 +
b1100110011001100 '
b110011001100110 &
b100 *
b0 Z
12
1%
1$
#51340000
1!
0%
#51360000
b1 D
0N
b1010101010101010000 M
b1 *
1%
0$
#51380000
0%
#51400000
1N
03
b10 1
b11 *
b1 Y
1%
1$
#51420000
0%
#51440000
b10 D
0N
b111 *
1%
0$
#51460000
0%
#51480000
02
0E
1N
13
b11 1
b10 Y
1%
1$
#51500000
0!
0%
#51520000
b11 D
0N
b110 *
12
1%
0$
#51540000
0%
#51560000
1N
0"
09
03
b100 1
b100 *
b11 Y
02
1%
1$
#51580000
0%
#51600000
b100 D
0N
b0 *
1%
0$
#51620000
0%
#51640000
1F
1E
1N
13
b101 1
1%
1$
#51660000
1!
0%
#51680000
b101 D
0N
b10101010101010100000 M
0F
b1 *
1%
0$
#51700000
0%
#51720000
12
1F
0E
1N
03
b110 1
b11 *
1%
1$
#51740000
0!
0%
#51760000
b110 D
0N
b101010101010101000000 M
0F
b110 *
02
1%
0$
#51780000
0%
#51800000
1F
1E
1N
1"
19
13
b111 1
b100 *
02
1%
1$
#51820000
1!
0%
#51840000
b111 D
0N
b1010101010101010000000 M
0F
b1 *
12
1%
0$
#51860000
0%
#51880000
1F
0E
1N
0"
09
03
b1000 1
b11 *
12
1%
1$
#51900000
0!
0%
#51920000
b1000 D
0N
b10101010101010100000000 M
0F
b110 *
02
1%
0$
#51940000
0%
#51960000
1F
1E
1N
1"
19
13
b1001 1
b100 *
12
1%
1$
#51980000
1!
0%
#52000000
b1001 D
0N
b101010101010101000000000 M
0F
b1 *
1%
0$
#52020000
0%
#52040000
02
1F
0E
1N
03
b1010 1
b11 *
1%
1$
#52060000
0!
0%
#52080000
b1010 D
0N
b1010101010101010000000000 M
0F
b110 *
12
1%
0$
#52100000
0%
#52120000
1F
1E
1N
0"
09
13
b1011 1
b100 *
02
1%
1$
#52140000
1!
0%
#52160000
b1011 D
0N
b10101010101010100000000000 M
0F
b1 *
1%
0$
#52180000
0%
#52200000
12
1F
0E
1N
03
b1100 1
b11 *
1%
1$
#52220000
0!
0%
#52240000
b1100 D
0N
b101010101010101000000000000 M
0F
b110 *
02
1%
0$
#52260000
0%
#52280000
1F
1E
1N
1"
19
13
b1101 1
b100 *
12
1%
1$
#52300000
1!
0%
#52320000
b1101 D
0N
b1010101010101010000000000000 M
0F
b1 *
1%
0$
#52340000
0%
#52360000
02
1F
0E
1N
03
b1110 1
b11 *
1%
1$
#52380000
0!
0%
#52400000
b1110 D
0N
b101010101010100000000000000 M
0F
1E
b110 *
12
1%
0$
#52420000
1!
0%
#52440000
1F
0E
1N
0"
09
13
b1111 1
b101 *
02
1%
1$
#52460000
0!
0%
#52480000
b1111 D
0N
b1010101010101000000000000000 M
0F
b10 *
1%
0$
#52500000
0%
#52520000
12
1F
1E
1N
03
b10000 1
b100 *
1%
1$
#52540000
1!
0%
#52560000
b10000 D
0N
b101010101010000000000000000 M
0F
0E
b1 *
02
1%
0$
#52580000
0!
0%
#52600000
1F
1E
1N
1"
19
13
b10001 1
b10 *
12
1%
1$
#52620000
1!
0%
#52640000
b10001 D
0N
b1010101010100000000000000000 M
0F
b101 *
1%
0$
#52660000
0%
#52680000
02
1F
0E
1N
03
b10010 1
b11 *
1%
1$
#52700000
0!
0%
#52720000
b10010 D
0N
b101010101000000000000000000 M
0F
1E
b110 *
12
1%
0$
#52740000
1!
0%
#52760000
1F
0E
1N
0"
09
13
b10011 1
b101 *
02
1%
1$
#52780000
0!
0%
#52800000
b10011 D
0N
b1010101010000000000000000000 M
0F
b10 *
1%
0$
#52820000
0%
#52840000
12
1F
1E
1N
03
b10100 1
b100 *
1%
1$
#52860000
1!
0%
#52880000
b10100 D
0N
b101010100000000000000000000 M
0F
0E
b1 *
02
1%
0$
#52900000
0!
0%
#52920000
1F
1E
1N
1"
19
13
b10101 1
b10 *
12
1%
1$
#52940000
1!
0%
#52960000
b10101 D
0N
b1010101000000000000000000000 M
0F
b101 *
1%
0$
#52980000
0%
#53000000
02
1F
0E
1N
03
b10110 1
b11 *
1%
1$
#53020000
0!
0%
#53040000
b10110 D
0N
b101010000000000000000000000 M
0F
1E
b110 *
12
1%
0$
#53060000
1!
0%
#53080000
1F
0E
1N
0"
09
13
b10111 1
b101 *
02
1%
1$
#53100000
0!
0%
#53120000
b10111 D
0N
b1010100000000000000000000000 M
0F
b10 *
1%
0$
#53140000
0%
#53160000
12
1F
1E
1N
03
b11000 1
b100 *
1%
1$
#53180000
1!
0%
#53200000
b11000 D
0N
b101000000000000000000000000 M
0F
0E
b1 *
02
1%
0$
#53220000
0!
0%
#53240000
1F
1E
1N
1"
19
13
b11001 1
b10 *
12
1%
1$
#53260000
1!
0%
#53280000
b11001 D
0N
b1010000000000000000000000000 M
0F
b101 *
1%
0$
#53300000
0%
#53320000
02
1F
0E
1N
03
b11010 1
b11 *
1%
1$
#53340000
0!
0%
#53360000
b11010 D
0N
b100000000000000000000000000 M
0F
1E
b110 *
12
1%
0$
#53380000
1!
0%
#53400000
1F
0E
1N
0"
09
13
b11011 1
b101 *
02
1%
1$
#53420000
0!
0%
#53440000
b11011 D
0N
b1000000000000000000000000000 M
0F
b10 *
1%
0$
#53460000
0%
#53480000
12
1F
1E
1N
03
b11100 1
b100 *
1%
1$
#53500000
1!
0%
#53520000
b11100 D
0N
b0 M
0F
0E
b1 *
02
1%
0$
#53540000
0!
0%
#53560000
1F
1E
1N
1"
19
13
b11101 1
b1 5
b10 *
02
1%
1$
#53580000
1!
0%
#53600000
b11101 D
0N
0F
b101 *
12
1%
0$
#53620000
0%
#53640000
1F
0E
1N
0"
09
03
b11110 1
b11 *
12
1%
1$
#53660000
0!
0%
#53680000
b11110 D
0N
0F
b110 *
02
1%
0$
#53700000
0%
#53720000
1F
1E
1N
1"
19
13
b11111 1
b100 *
12
1%
1$
#53740000
1!
0%
#53760000
b11111 D
0N
0F
b1 *
1%
0$
#53780000
0%
#53800000
02
1F
0E
1N
03
b100000 1
b11 *
1%
1$
#53820000
0!
0%
#53840000
1K
b0 D
0N
0F
b110 *
12
1%
0$
#53860000
0%
#53880000
1E
b11 L
b10101010101010100000 M
1N
0"
09
13
b100001 1
b100 *
b0 Y
02
1%
1$
#53900000
1!
0%
#53920000
b1 D
0N
b1 *
1%
0$
#53940000
0%
#53960000
12
0E
1N
03
b100010 1
b11 *
b1 Z
1%
1$
#53980000
0!
0%
#54000000
b10 D
0N
b110 *
02
1%
0$
#54020000
0%
#54040000
1N
1"
19
13
b100011 1
b100 *
b10 Z
12
1%
1$
#54060000
0%
#54080000
b11 D
0N
b0 *
1%
0$
#54100000
0%
#54120000
02
1N
03
b100100 1
b11 Z
1%
1$
#54140000
0%
#54160000
b100 D
0N
12
1%
0$
#54180000
0%
#54200000
1F
1E
1N
0"
09
13
b100101 1
b10 5
12
1%
1$
#54220000
1!
0%
#54240000
b101 D
0N
b101010101010101000000 M
0F
b1 *
02
1%
0$
#54260000
0%
#54280000
1F
0E
1N
1"
19
03
b100110 1
b11 *
02
1%
1$
#54300000
0!
0%
#54320000
b110 D
0N
b1010101010101010000000 M
0F
b110 *
12
1%
0$
#54340000
0%
#54360000
1F
1E
1N
0"
09
13
b100111 1
b100 *
02
1%
1$
#54380000
1!
0%
#54400000
b111 D
0N
b10101010101010100000000 M
0F
b1 *
1%
0$
#54420000
0%
#54440000
12
1F
0E
1N
03
b101000 1
b11 *
1%
1$
#54460000
0!
0%
#54480000
b1000 D
0N
b101010101010101000000000 M
0F
b110 *
02
1%
0$
#54500000
0%
#54520000
1F
1E
1N
1"
19
13
b101001 1
b100 *
12
1%
1$
#54540000
1!
0%
#54560000
b1001 D
0N
b1010101010101010000000000 M
0F
b1 *
1%
0$
#54580000
0%
#54600000
02
1F
0E
1N
03
b101010 1
b11 *
1%
1$
#54620000
0!
0%
#54640000
b1010 D
0N
b10101010101010100000000000 M
0F
b110 *
12
1%
0$
#54660000
0%
#54680000
1F
1E
1N
0"
09
13
b101011 1
b100 *
02
1%
1$
#54700000
1!
0%
#54720000
b1011 D
0N
b101010101010101000000000000 M
0F
b1 *
1%
0$
#54740000
0%
#54760000
12
1F
0E
1N
03
b101100 1
b11 *
1%
1$
#54780000
0!
0%
#54800000
b1100 D
0N
b1010101010101010000000000000 M
0F
b110 *
02
1%
0$
#54820000
0%
#54840000
1F
1E
1N
1"
19
13
b101101 1
b11 5
b100 *
02
1%
1$
#54860000
1!
0%
#54880000
b1101 D
0N
b101010101010100000000000000 M
0F
0E
b1 *
12
1%
0$
#54900000
0!
0%
#54920000
1F
1E
1N
0"
09
03
b101110 1
b10 *
12
1%
1$
#54940000
1!
0%
#54960000
b1110 D
0N
b1010101010101000000000000000 M
0F
b101 *
02
1%
0$
#54980000
0%
#55000000
1F
0E
1N
1"
19
13
b101111 1
b11 *
12
1%
1$
#55020000
0!
0%
#55040000
b1111 D
0N
b101010101010000000000000000 M
0F
1E
b110 *
1%
0$
#55060000
1!
0%
#55080000
02
1F
0E
1N
03
b110000 1
b101 *
1%
1$
#55100000
0!
0%
#55120000
b10000 D
0N
b1010101010100000000000000000 M
0F
b10 *
12
1%
0$
#55140000
0%
#55160000
1F
1E
1N
0"
09
13
b110001 1
b100 *
02
1%
1$
#55180000
1!
0%
#55200000
b10001 D
0N
b101010101000000000000000000 M
0F
0E
b1 *
1%
0$
#55220000
0!
0%
#55240000
12
1F
1E
1N
03
b110010 1
b10 *
1%
1$
#55260000
1!
0%
#55280000
b10010 D
0N
b1010101010000000000000000000 M
0F
b101 *
02
1%
0$
#55300000
0%
#55320000
1F
0E
1N
1"
19
13
b110011 1
b11 *
12
1%
1$
#55340000
0!
0%
#55360000
b10011 D
0N
b101010100000000000000000000 M
0F
1E
b110 *
1%
0$
#55380000
1!
0%
#55400000
02
1F
0E
1N
03
b110100 1
b101 *
1%
1$
#55420000
0!
0%
#55440000
b10100 D
0N
b1010101000000000000000000000 M
0F
b10 *
12
1%
0$
#55460000
0%
#55480000
1F
1E
1N
0"
09
13
b110101 1
b100 5
b100 *
12
1%
1$
#55500000
1!
0%
#55520000
b10101 D
0N
b101010000000000000000000000 M
0F
0E
b1 *
02
1%
0$
#55540000
0!
0%
#55560000
1F
1E
1N
1"
19
03
b110110 1
b10 *
02
1%
1$
#55580000
1!
0%
#55600000
b10110 D
0N
b1010100000000000000000000000 M
0F
b101 *
12
1%
0$
#55620000
0%
#55640000
1F
0E
1N
0"
09
13
b110111 1
b11 *
02
1%
1$
#55660000
0!
0%
#55680000
b10111 D
0N
b101000000000000000000000000 M
0F
1E
b110 *
1%
0$
#55700000
1!
0%
#55720000
12
1F
0E
1N
03
b111000 1
b101 *
1%
1$
#55740000
0!
0%
#55760000
b11000 D
0N
b1010000000000000000000000000 M
0F
b10 *
02
1%
0$
#55780000
0%
#55800000
1F
1E
1N
1"
19
13
b111001 1
b100 *
12
1%
1$
#55820000
1!
0%
#55840000
b11001 D
0N
b100000000000000000000000000 M
0F
0E
b1 *
1%
0$
#55860000
0!
0%
#55880000
02
1F
1E
1N
03
b111010 1
b10 *
1%
1$
#55900000
1!
0%
#55920000
b11010 D
0N
b1000000000000000000000000000 M
0F
b101 *
12
1%
0$
#55940000
0%
#55960000
1F
0E
1N
0"
09
13
b111011 1
b11 *
02
1%
1$
#55980000
0!
0%
#56000000
b11011 D
0N
b0 M
0F
1E
b110 *
1%
0$
#56020000
1!
0%
#56040000
12
1F
0E
1N
03
b111100 1
b101 *
1%
1$
#56060000
0!
0%
#56080000
b11100 D
0N
0F
b10 *
02
1%
0$
#56100000
0%
#56120000
1F
1E
1N
1"
19
13
b111101 1
b100 *
12
1%
1$
#56140000
1!
0%
#56160000
b11101 D
0N
0F
b1 *
1%
0$
#56180000
0%
#56200000
02
1F
0E
1N
03
b111110 1
b11 *
1%
1$
#56220000
0!
0%
#56240000
b11110 D
0N
0F
b110 *
12
1%
0$
#56260000
0%
#56280000
1F
1E
1N
0"
09
13
b111111 1
b100 *
02
1%
1$
#56300000
1!
0%
#56320000
b11111 D
0N
0F
b1 *
1%
0$
#56340000
0%
#56360000
12
1F
0E
1N
03
14
b0 1
b11 *
1%
1$
#56380000
0!
0%
#56400000
b1011 J
0K
b0 D
b1000111 7
b1100 :
b1000100010001000000000000000 ,
b1000100010001000 0
b100111 6
04
0N
0F
b110 *
02
1%
0$
#56420000
0%
#56440000
1E
b10 L
b1010101010101010000 M
1N
1"
19
13
b1 1
b0 5
b100 *
b0 Z
12
1%
1$
#56460000
1!
0%
#56480000
b1 D
0N
b1 *
1%
0$
#56500000
0%
#56520000
1N
03
b10 1
b11 *
b1 Y
1%
1$
#56540000
0%
#56560000
b10 D
0N
b111 *
1%
0$
#56580000
0%
#56600000
02
0E
1N
13
b11 1
b10 Y
1%
1$
#56620000
0!
0%
#56640000
b11 D
0N
b110 *
12
1%
0$
#56660000
0%
#56680000
1N
0"
09
03
b100 1
b100 *
b11 Y
02
1%
1$
#56700000
0%
#56720000
b100 D
0N
b0 *
1%
0$
#56740000
0%
#56760000
12
1F
1E
1N
13
b101 1
1%
1$
#56780000
1!
0%
#56800000
b101 D
0N
b10101010101010100000 M
0F
b1 *
02
1%
0$
#56820000
0%
#56840000
1F
0E
1N
1"
19
03
b110 1
b11 *
02
1%
1$
#56860000
0!
0%
#56880000
b110 D
0N
b101010101010101000000 M
0F
b110 *
12
1%
0$
#56900000
0%
#56920000
1F
1E
1N
0"
09
13
b111 1
b100 *
02
1%
1$
#56940000
1!
0%
#56960000
b111 D
0N
b1010101010101010000000 M
0F
b1 *
1%
0$
#56980000
0%
#57000000
12
1F
0E
1N
03
b1000 1
b11 *
1%
1$
#57020000
0!
0%
#57040000
b1000 D
0N
b10101010101010100000000 M
0F
b110 *
02
1%
0$
#57060000
0%
#57080000
1F
1E
1N
1"
19
13
b1001 1
b100 *
12
1%
1$
#57100000
1!
0%
#57120000
b1001 D
0N
b101010101010101000000000 M
0F
b1 *
1%
0$
#57140000
0%
#57160000
02
1F
0E
1N
03
b1010 1
b11 *
1%
1$
#57180000
0!
0%
#57200000
b1010 D
0N
b1010101010101010000000000 M
0F
b110 *
12
1%
0$
#57220000
0%
#57240000
1F
1E
1N
0"
09
13
b1011 1
b100 *
02
1%
1$
#57260000
1!
0%
#57280000
b1011 D
0N
b10101010101010100000000000 M
0F
b1 *
1%
0$
#57300000
0%
#57320000
12
1F
0E
1N
03
b1100 1
b11 *
1%
1$
#57340000
0!
0%
#57360000
b1100 D
0N
b101010101010101000000000000 M
0F
b110 *
02
1%
0$
#57380000
0%
#57400000
1F
1E
1N
1"
19
13
b1101 1
b100 *
12
1%
1$
#57420000
1!
0%
#57440000
b1101 D
0N
b1010101010101010000000000000 M
0F
b1 *
1%
0$
#57460000
0%
#57480000
02
1F
0E
1N
03
b1110 1
b11 *
1%
1$
#57500000
0!
0%
#57520000
b1110 D
0N
b101010101010100000000000000 M
0F
1E
b110 *
12
1%
0$
#57540000
1!
0%
#57560000
1F
0E
1N
0"
09
13
b1111 1
b101 *
02
1%
1$
#57580000
0!
0%
#57600000
b1111 D
0N
b1010101010101000000000000000 M
0F
b10 *
1%
0$
#57620000
0%
#57640000
12
1F
1E
1N
03
b10000 1
b100 *
1%
1$
#57660000
1!
0%
#57680000
b10000 D
0N
b101010101010000000000000000 M
0F
0E
b1 *
02
1%
0$
#57700000
0!
0%
#57720000
1F
1E
1N
1"
19
13
b10001 1
b10 *
12
1%
1$
#57740000
1!
0%
#57760000
b10001 D
0N
b1010101010100000000000000000 M
0F
b101 *
1%
0$
#57780000
0%
#57800000
02
1F
0E
1N
03
b10010 1
b11 *
1%
1$
#57820000
0!
0%
#57840000
b10010 D
0N
b101010101000000000000000000 M
0F
1E
b110 *
12
1%
0$
#57860000
1!
0%
#57880000
1F
0E
1N
0"
09
13
b10011 1
b101 *
02
1%
1$
#57900000
0!
0%
#57920000
b10011 D
0N
b1010101010000000000000000000 M
0F
b10 *
1%
0$
#57940000
0%
#57960000
12
1F
1E
1N
03
b10100 1
b100 *
1%
1$
#57980000
1!
0%
#58000000
b10100 D
0N
b101010100000000000000000000 M
0F
0E
b1 *
02
1%
0$
#58020000
0!
0%
#58040000
1F
1E
1N
1"
19
13
b10101 1
b10 *
12
1%
1$
#58060000
1!
0%
#58080000
b10101 D
0N
b1010101000000000000000000000 M
0F
b101 *
1%
0$
#58100000
0%
#58120000
02
1F
0E
1N
03
b10110 1
b11 *
1%
1$
#58140000
0!
0%
#58160000
b10110 D
0N
b101010000000000000000000000 M
0F
1E
b110 *
12
1%
0$
#58180000
1!
0%
#58200000
1F
0E
1N
0"
09
13
b10111 1
b101 *
02
1%
1$
#58220000
0!
0%
#58240000
b10111 D
0N
b1010100000000000000000000000 M
0F
b10 *
1%
0$
#58260000
0%
#58280000
12
1F
1E
1N
03
b11000 1
b100 *
1%
1$
#58300000
1!
0%
#58320000
b11000 D
0N
b101000000000000000000000000 M
0F
0E
b1 *
02
1%
0$
#58340000
0!
0%
#58360000
1F
1E
1N
1"
19
13
b11001 1
b10 *
12
1%
1$
#58380000
1!
0%
#58400000
b11001 D
0N
b1010000000000000000000000000 M
0F
b101 *
1%
0$
#58420000
0%
#58440000
02
1F
0E
1N
03
b11010 1
b11 *
1%
1$
#58460000
0!
0%
#58480000
b11010 D
0N
b100000000000000000000000000 M
0F
1E
b110 *
12
1%
0$
#58500000
1!
0%
#58520000
1F
0E
1N
0"
09
13
b11011 1
b101 *
02
1%
1$
#58540000
0!
0%
#58560000
b11011 D
0N
b1000000000000000000000000000 M
0F
b10 *
1%
0$
#58580000
0%
#58600000
12
1F
1E
1N
03
b11100 1
b100 *
1%
1$
#58620000
1!
0%
#58640000
b11100 D
0N
b0 M
0F
0E
b1 *
02
1%
0$
#58660000
0!
0%
#58680000
1F
1E
1N
1"
19
13
b11101 1
b10 *
12
1%
1$
#58700000
1!
0%
#58720000
b11101 D
0N
0F
b101 *
1%
0$
#58740000
0%
#58760000
02
1F
0E
1N
03
b11110 1
b11 *
1%
1$
#58780000
0!
0%
#58800000
b11110 D
0N
0F
b110 *
12
1%
0$
#58820000
0%
#58840000
1F
1E
1N
0"
09
13
b11111 1
b1 5
b100 *
12
1%
1$
#58860000
1!
0%
#58880000
b11111 D
0N
0F
b1 *
02
1%
0$
#58900000
0%
#58920000
1F
0E
1N
1"
19
03
b100000 1
b11 *
02
1%
1$
#58940000
0!
0%
#58960000
1K
b0 D
0N
0F
b110 *
12
1%
0$
#58980000
0%
#59000000
1E
b11 L
b10101010101010100000 M
1N
0"
09
13
b100001 1
b100 *
b0 Y
02
1%
1$
#59020000
1!
0%
#59040000
b1 D
0N
b1 *
1%
0$
#59060000
0%
#59080000
12
0E
1N
03
b100010 1
b11 *
b1 Z
1%
1$
#59100000
0!
0%
#59120000
b10 D
0N
b110 *
02
1%
0$
#59140000
0%
#59160000
1N
1"
19
13
b100011 1
b100 *
b10 Z
12
1%
1$
#59180000
0%
#59200000
b11 D
0N
b0 *
1%
0$
#59220000
0%
#59240000
02
1N
03
b100100 1
b11 Z
1%
1$
#59260000
0%
#59280000
b100 D
0N
12
1%
0$
#59300000
0%
#59320000
1F
1E
1N
0"
09
13
b100101 1
02
1%
1$
#59340000
1!
0%
#59360000
b101 D
0N
b101010101010101000000 M
0F
b1 *
1%
0$
#59380000
0%
#59400000
12
1F
0E
1N
03
b100110 1
b11 *
1%
1$
#59420000
0!
0%
#59440000
b110 D
0N
b1010101010101010000000 M
0F
b110 *
02
1%
0$
#59460000
0%
#59480000
1F
1E
1N
1"
19
13
b100111 1
b10 5
b100 *
02
1%
1$
#59500000
1!
0%
#59520000
b111 D
0N
b10101010101010100000000 M
0F
b1 *
12
1%
0$
#59540000
0%
#59560000
1F
0E
1N
0"
09
03
b101000 1
b11 *
12
1%
1$
#59580000
0!
0%
#59600000
b1000 D
0N
b101010101010101000000000 M
0F
b110 *
02
1%
0$
#59620000
0%
#59640000
1F
1E
1N
1"
19
13
b101001 1
b100 *
12
1%
1$
#59660000
1!
0%
#59680000
b1001 D
0N
b1010101010101010000000000 M
0F
b1 *
1%
0$
#59700000
0%
#59720000
02
1F
0E
1N
03
b101010 1
b11 *
1%
1$
#59740000
0!
0%
#59760000
b1010 D
0N
b10101010101010100000000000 M
0F
b110 *
12
1%
0$
#59780000
0%
#59800000
1F
1E
1N
0"
09
13
b101011 1
b100 *
02
1%
1$
#59820000
1!
0%
#59840000
b1011 D
0N
b101010101010101000000000000 M
0F
b1 *
1%
0$
#59860000
0%
#59880000
12
1F
0E
1N
03
b101100 1
b11 *
1%
1$
#59900000
0!
0%
#59920000
b1100 D
0N
b1010101010101010000000000000 M
0F
b110 *
02
1%
0$
#59940000
0%
#59960000
1F
1E
1N
1"
19
13
b101101 1
b100 *
12
1%
1$
#59980000
1!
0%
#60000000
b1101 D
0N
b101010101010100000000000000 M
0F
0E
b1 *
1%
0$
#60020000
0!
0%
#60040000
02
1F
1E
1N
03
b101110 1
b10 *
1%
1$
#60060000
1!
0%
#60080000
b1110 D
0N
b1010101010101000000000000000 M
0F
b101 *
12
1%
0$
#60100000
0%
#60120000
1F
0E
1N
0"
09
13
b101111 1
b11 5
b11 *
12
1%
1$
#60140000
0!
0%
#60160000
b1111 D
0N
b101010101010000000000000000 M
0F
1E
b110 *
02
1%
0$
#60180000
1!
0%
#60200000
1F
0E
1N
1"
19
03
b110000 1
b101 *
02
1%
1$
#60220000
0!
0%
#60240000
b10000 D
0N
b1010101010100000000000000000 M
0F
b10 *
12
1%
0$
#60260000
0%
#60280000
1F
1E
1N
0"
09
13
b110001 1
b100 *
02
1%
1$
#60300000
1!
0%
#60320000
b10001 D
0N
b101010101000000000000000000 M
0F
0E
b1 *
1%
0$
#60340000
0!
0%
#60360000
12
1F
1E
1N
03
b110010 1
b10 *
1%
1$
#60380000
1!
0%
#60400000
b10010 D
0N
b1010101010000000000000000000 M
0F
b101 *
02
1%
0$
#60420000
0%
#60440000
1F
0E
1N
1"
19
13
b110011 1
b11 *
12
1%
1$
#60460000
0!
0%
#60480000
b10011 D
0N
b101010100000000000000000000 M
0F
1E
b110 *
1%
0$
#60500000
1!
0%
#60520000
02
1F
0E
1N
03
b110100 1
b101 *
1%
1$
#60540000
0!
0%
#60560000
b10100 D
0N
b1010101000000000000000000000 M
0F
b10 *
12
1%
0$
#60580000
0%
#60600000
1F
1E
1N
0"
09
13
b110101 1
b100 *
02
1%
1$
#60620000
1!
0%
#60640000
b10101 D
0N
b101010000000000000000000000 M
0F
0E
b1 *
1%
0$
#60660000
0!
0%
#60680000
12
1F
1E
1N
03
b110110 1
b10 *
1%
1$
#60700000
1!
0%
#60720000
b10110 D
0N
b1010100000000000000000000000 M
0F
b101 *
02
1%
0$
#60740000
0%
#60760000
1F
0E
1N
1"
19
13
b110111 1
b100 5
b11 *
02
1%
1$
#60780000
0!
0%
#60800000
b10111 D
0N
b101000000000000000000000000 M
0F
1E
b110 *
12
1%
0$
#60820000
1!
0%
#60840000
1F
0E
1N
0"
09
03
b111000 1
b101 *
12
1%
1$
#60860000
0!
0%
#60880000
b11000 D
0N
b1010000000000000000000000000 M
0F
b10 *
02
1%
0$
#60900000
0%
#60920000
1F
1E
1N
1"
19
13
b111001 1
b100 *
12
1%
1$
#60940000
1!
0%
#60960000
b11001 D
0N
b100000000000000000000000000 M
0F
0E
b1 *
1%
0$
#60980000
0!
0%
#61000000
02
1F
1E
1N
03
b111010 1
b10 *
1%
1$
#61020000
1!
0%
#61040000
b11010 D
0N
b1000000000000000000000000000 M
0F
b101 *
12
1%
0$
#61060000
0%
#61080000
1F
0E
1N
0"
09
13
b111011 1
b11 *
02
1%
1$
#61100000
0!
0%
#61120000
b11011 D
0N
b0 M
0F
1E
b110 *
1%
0$
#61140000
1!
0%
#61160000
12
1F
0E
1N
03
b111100 1
b101 *
1%
1$
#61180000
0!
0%
#61200000
b11100 D
0N
0F
b10 *
02
1%
0$
#61220000
0%
#61240000
1F
1E
1N
1"
19
13
b111101 1
b100 *
12
1%
1$
#61260000
1!
0%
#61280000
b11101 D
0N
0F
b1 *
1%
0$
#61300000
0%
#61320000
02
1F
0E
1N
03
b111110 1
b11 *
1%
1$
#61340000
0!
0%
#61360000
b11110 D
0N
0F
b110 *
12
1%
0$
#61380000
0%
#61400000
1F
1E
1N
0"
09
13
b111111 1
b100 *
02
1%
1$
#61420000
1!
0%
#61440000
b11111 D
0N
0F
b1 *
1%
0$
#61460000
0%
#61480000
12
1F
0E
1N
03
14
b0 1
b11 *
1%
1$
#61500000
0!
0%
#61520000
b1100 J
0K
b0 D
b100111 7
b1101 :
1#
b1010101010101010 8
b101010101010101000000000000 ,
b101010101010101 0
b1000111 6
04
0N
0F
b110 *
02
1%
0$
#61540000
0%
#61560000
b11001100110011000000 P
b1100110011001100000 O
0S
b11011 W
b11001100110011000000 T
b1100110011001100 Q
b110011001100110 ;
b1100110011001100 <
1E
b10 L
b1010101010101010000 M
1N
1"
19
13
b1 1
b0 5
0#
b11001100110011000110011001100110 )
b11001100110011000110011001100110 +
b1110111011101110 '
b111011101110111 &
b100 *
b0 Z
12
1%
1$
#61580000
1!
0%
#61600000
b1 D
0N
b1100110011001100000 M
b1 *
1%
0$
#61620000
0%
#61640000
1N
03
b10 1
b11 *
b1 Y
1%
1$
#61660000
0%
#61680000
b10 D
0N
b111 *
1%
0$
#61700000
0%
#61720000
02
0E
1N
13
b11 1
b10 Y
1%
1$
#61740000
0!
0%
#61760000
b11 D
0N
b110 *
12
1%
0$
#61780000
0%
#61800000
1N
0"
09
03
b100 1
b100 *
b11 Y
02
1%
1$
#61820000
0%
#61840000
b100 D
0N
b0 *
1%
0$
#61860000
0%
#61880000
1F
1E
1N
13
b101 1
1%
1$
#61900000
1!
0%
#61920000
b101 D
0N
b11001100110011000000 M
0F
b1 *
1%
0$
#61940000
0%
#61960000
12
1F
0E
1N
03
b110 1
b11 *
1%
1$
#61980000
0!
0%
#62000000
b110 D
0N
b110011001100110000000 M
0F
b110 *
02
1%
0$
#62020000
0%
#62040000
1F
1E
1N
1"
19
13
b111 1
b100 *
02
1%
1$
#62060000
1!
0%
#62080000
b111 D
0N
b1100110011001100000000 M
0F
b1 *
12
1%
0$
#62100000
0%
#62120000
1F
0E
1N
0"
09
03
b1000 1
b11 *
12
1%
1$
#62140000
0!
0%
#62160000
b1000 D
0N
b11001100110011000000000 M
0F
b110 *
02
1%
0$
#62180000
0%
#62200000
1F
1E
1N
1"
19
13
b1001 1
b100 *
12
1%
1$
#62220000
1!
0%
#62240000
b1001 D
0N
b110011001100110000000000 M
0F
b1 *
1%
0$
#62260000
0%
#62280000
02
1F
0E
1N
03
b1010 1
b11 *
1%
1$
#62300000
0!
0%
#62320000
b1010 D
0N
b1100110011001100000000000 M
0F
b110 *
12
1%
0$
#62340000
0%
#62360000
1F
1E
1N
0"
09
13
b1011 1
b100 *
02
1%
1$
#62380000
1!
0%
#62400000
b1011 D
0N
b11001100110011000000000000 M
0F
b1 *
1%
0$
#62420000
0%
#62440000
12
1F
0E
1N
03
b1100 1
b11 *
1%
1$
#62460000
0!
0%
#62480000
b1100 D
0N
b110011001100110000000000000 M
0F
b110 *
02
1%
0$
#62500000
0%
#62520000
1F
1E
1N
1"
19
13
b1101 1
b100 *
12
1%
1$
#62540000
1!
0%
#62560000
b1101 D
0N
b1100110011001100000000000000 M
0F
b1 *
1%
0$
#62580000
0%
#62600000
02
1F
0E
1N
03
b1110 1
b11 *
1%
1$
#62620000
0!
0%
#62640000
b1110 D
0N
b1001100110011000000000000000 M
0F
1E
b110 *
12
1%
0$
#62660000
1!
0%
#62680000
1F
0E
1N
0"
09
13
b1111 1
b101 *
02
1%
1$
#62700000
0!
0%
#62720000
b1111 D
0N
b11001100110000000000000000 M
0F
1E
b10 *
1%
0$
#62740000
1!
0%
#62760000
12
1F
0E
1N
03
b10000 1
b101 *
1%
1$
#62780000
0!
0%
#62800000
b10000 D
0N
b110011001100000000000000000 M
0F
b10 *
02
1%
0$
#62820000
0%
#62840000
1F
1E
1N
1"
19
13
b10001 1
b100 *
12
1%
1$
#62860000
1!
0%
#62880000
b10001 D
0N
b1100110011000000000000000000 M
0F
b1 *
1%
0$
#62900000
0%
#62920000
02
1F
0E
1N
03
b10010 1
b11 *
1%
1$
#62940000
0!
0%
#62960000
b10010 D
0N
b1001100110000000000000000000 M
0F
1E
b110 *
12
1%
0$
#62980000
1!
0%
#63000000
1F
0E
1N
0"
09
13
b10011 1
b101 *
02
1%
1$
#63020000
0!
0%
#63040000
b10011 D
0N
b11001100000000000000000000 M
0F
1E
b10 *
1%
0$
#63060000
1!
0%
#63080000
12
1F
0E
1N
03
b10100 1
b101 *
1%
1$
#63100000
0!
0%
#63120000
b10100 D
0N
b110011000000000000000000000 M
0F
b10 *
02
1%
0$
#63140000
0%
#63160000
1F
1E
1N
1"
19
13
b10101 1
b100 *
12
1%
1$
#63180000
1!
0%
#63200000
b10101 D
0N
b1100110000000000000000000000 M
0F
b1 *
1%
0$
#63220000
0%
#63240000
02
1F
0E
1N
03
b10110 1
b11 *
1%
1$
#63260000
0!
0%
#63280000
b10110 D
0N
b1001100000000000000000000000 M
0F
1E
b110 *
12
1%
0$
#63300000
1!
0%
#63320000
1F
0E
1N
0"
09
13
b10111 1
b101 *
02
1%
1$
#63340000
0!
0%
#63360000
b10111 D
0N
b11000000000000000000000000 M
0F
1E
b10 *
1%
0$
#63380000
1!
0%
#63400000
12
1F
0E
1N
03
b11000 1
b101 *
1%
1$
#63420000
0!
0%
#63440000
b11000 D
0N
b110000000000000000000000000 M
0F
b10 *
02
1%
0$
#63460000
0%
#63480000
1F
1E
1N
1"
19
13
b11001 1
b1 5
b100 *
02
1%
1$
#63500000
1!
0%
#63520000
b11001 D
0N
b1100000000000000000000000000 M
0F
b1 *
12
1%
0$
#63540000
0%
#63560000
1F
0E
1N
0"
09
03
b11010 1
b11 *
12
1%
1$
#63580000
0!
0%
#63600000
b11010 D
0N
b1000000000000000000000000000 M
0F
1E
b110 *
02
1%
0$
#63620000
1!
0%
#63640000
1F
0E
1N
1"
19
13
b11011 1
b101 *
12
1%
1$
#63660000
0!
0%
#63680000
b11011 D
0N
b0 M
0F
1E
b10 *
1%
0$
#63700000
1!
0%
#63720000
02
1F
0E
1N
03
b11100 1
b101 *
1%
1$
#63740000
0!
0%
#63760000
b11100 D
0N
0F
b10 *
12
1%
0$
#63780000
0%
#63800000
1F
1E
1N
0"
09
13
b11101 1
b10 5
b100 *
12
1%
1$
#63820000
1!
0%
#63840000
b11101 D
0N
0F
b1 *
02
1%
0$
#63860000
0%
#63880000
1F
0E
1N
1"
19
03
b11110 1
b11 *
02
1%
1$
#63900000
0!
0%
#63920000
b11110 D
0N
0F
b110 *
12
1%
0$
#63940000
0%
#63960000
1F
1E
1N
0"
09
13
b11111 1
b100 *
02
1%
1$
#63980000
1!
0%
#64000000
b11111 D
0N
0F
b1 *
1%
0$
#64020000
0%
#64040000
12
1F
0E
1N
03
b100000 1
b11 *
1%
1$
#64060000
0!
0%
#64080000
1K
b0 D
0N
0F
b110 *
02
1%
0$
#64100000
0%
#64120000
1E
b11 L
b11001100110011000000 M
1N
1"
19
13
b100001 1
b11 5
b100 *
b0 Y
02
1%
1$
#64140000
1!
0%
#64160000
b1 D
0N
b1 *
12
1%
0$
#64180000
0%
#64200000
0E
1N
0"
09
03
b100010 1
b11 *
b1 Z
12
1%
1$
#64220000
0!
0%
#64240000
b10 D
0N
b110 *
02
1%
0$
#64260000
0%
#64280000
1N
1"
19
13
b100011 1
b100 *
b10 Z
12
1%
1$
#64300000
0%
#64320000
b11 D
0N
b0 *
1%
0$
#64340000
0%
#64360000
02
1N
03
b100100 1
b11 Z
1%
1$
#64380000
0%
#64400000
b100 D
0N
12
1%
0$
#64420000
0%
#64440000
1F
1E
1N
0"
09
13
b100101 1
b100 5
12
1%
1$
#64460000
1!
0%
#64480000
b101 D
0N
b110011001100110000000 M
0F
b1 *
02
1%
0$
#64500000
0%
#64520000
1F
0E
1N
1"
19
03
b100110 1
b11 *
02
1%
1$
#64540000
0!
0%
#64560000
b110 D
0N
b1100110011001100000000 M
0F
b110 *
12
1%
0$
#64580000
0%
#64600000
1F
1E
1N
0"
09
13
b100111 1
b100 *
02
1%
1$
#64620000
1!
0%
#64640000
b111 D
0N
b11001100110011000000000 M
0F
b1 *
1%
0$
#64660000
0%
#64680000
12
1F
0E
1N
03
b101000 1
b11 *
1%
1$
#64700000
0!
0%
#64720000
b1000 D
0N
b110011001100110000000000 M
0F
b110 *
02
1%
0$
#64740000
0%
#64760000
1F
1E
1N
1"
19
13
b101001 1
b101 5
b100 *
02
1%
1$
#64780000
1!
0%
#64800000
b1001 D
0N
b1100110011001100000000000 M
0F
b1 *
12
1%
0$
#64820000
0%
#64840000
1F
0E
1N
0"
09
03
b101010 1
b11 *
12
1%
1$
#64860000
0!
0%
#64880000
b1010 D
0N
b11001100110011000000000000 M
0F
b110 *
02
1%
0$
#64900000
0%
#64920000
1F
1E
1N
1"
19
13
b101011 1
b100 *
12
1%
1$
#64940000
1!
0%
#64960000
b1011 D
0N
b110011001100110000000000000 M
0F
b1 *
1%
0$
#64980000
0%
#65000000
02
1F
0E
1N
03
b101100 1
b11 *
1%
1$
#65020000
0!
0%
#65040000
b1100 D
0N
b1100110011001100000000000000 M
0F
b110 *
12
1%
0$
#65060000
0%
#65080000
1F
1E
1N
0"
09
13
b101101 1
b110 5
b100 *
12
1%
1$
#65100000
1!
0%
#65120000
b1101 D
0N
b1001100110011000000000000000 M
0F
0E
b1 *
02
1%
0$
#65140000
0!
0%
#65160000
1F
1E
1N
1"
19
03
b101110 1
b10 *
02
1%
1$
#65180000
1!
0%
#65200000
b1110 D
0N
b11001100110000000000000000 M
0F
0E
b101 *
12
1%
0$
#65220000
0!
0%
#65240000
1F
1E
1N
0"
09
13
b101111 1
b10 *
02
1%
1$
#65260000
1!
0%
#65280000
b1111 D
0N
b110011001100000000000000000 M
0F
b101 *
1%
0$
#65300000
0%
#65320000
12
1F
0E
1N
03
b110000 1
b11 *
1%
1$
#65340000
0!
0%
#65360000
b10000 D
0N
b1100110011000000000000000000 M
0F
b110 *
02
1%
0$
#65380000
0%
#65400000
1F
1E
1N
1"
19
13
b110001 1
b111 5
b100 *
02
1%
1$
#65420000
1!
0%
#65440000
b10001 D
0N
b1001100110000000000000000000 M
0F
0E
b1 *
12
1%
0$
#65460000
0!
0%
#65480000
1F
1E
1N
0"
09
03
b110010 1
b10 *
12
1%
1$
#65500000
1!
0%
#65520000
b10010 D
0N
b11001100000000000000000000 M
0F
0E
b101 *
02
1%
0$
#65540000
0!
0%
#65560000
1F
1E
1N
1"
19
13
b110011 1
b10 *
12
1%
1$
#65580000
1!
0%
#65600000
b10011 D
0N
b110011000000000000000000000 M
0F
b101 *
1%
0$
#65620000
0%
#65640000
02
1F
0E
1N
03
b110100 1
b11 *
1%
1$
#65660000
0!
0%
#65680000
b10100 D
0N
b1100110000000000000000000000 M
0F
b110 *
12
1%
0$
#65700000
0%
#65720000
1F
1E
1N
0"
09
13
b110101 1
b1000 5
b100 *
12
1%
1$
#65740000
1!
0%
#65760000
b10101 D
0N
b1001100000000000000000000000 M
0F
0E
b1 *
02
1%
0$
#65780000
0!
0%
#65800000
1F
1E
1N
1"
19
03
b110110 1
b10 *
02
1%
1$
#65820000
1!
0%
#65840000
b10110 D
0N
b11000000000000000000000000 M
0F
0E
b101 *
12
1%
0$
#65860000
0!
0%
#65880000
1F
1E
1N
0"
09
13
b110111 1
b10 *
02
1%
1$
#65900000
1!
0%
#65920000
b10111 D
0N
b110000000000000000000000000 M
0F
b101 *
1%
0$
#65940000
0%
#65960000
12
1F
0E
1N
03
b111000 1
b11 *
1%
1$
#65980000
0!
0%
#66000000
b11000 D
0N
b1100000000000000000000000000 M
0F
b110 *
02
1%
0$
#66020000
0%
#66040000
1F
1E
1N
1"
19
13
b111001 1
b100 *
12
1%
1$
#66060000
1!
0%
#66080000
b11001 D
0N
b1000000000000000000000000000 M
0F
0E
b1 *
1%
0$
#66100000
0!
0%
#66120000
02
1F
1E
1N
03
b111010 1
b10 *
1%
1$
#66140000
1!
0%
#66160000
b11010 D
0N
b0 M
0F
0E
b101 *
12
1%
0$
#66180000
0!
0%
#66200000
1F
1E
1N
0"
09
13
b111011 1
b10 *
02
1%
1$
#66220000
1!
0%
#66240000
b11011 D
0N
0F
b101 *
1%
0$
#66260000
0%
#66280000
12
1F
0E
1N
03
b111100 1
b11 *
1%
1$
#66300000
0!
0%
#66320000
b11100 D
0N
0F
b110 *
02
1%
0$
#66340000
0%
#66360000
1F
1E
1N
1"
19
13
b111101 1
b100 *
12
1%
1$
#66380000
1!
0%
#66400000
b11101 D
0N
0F
b1 *
1%
0$
#66420000
0%
#66440000
02
1F
0E
1N
03
b111110 1
b11 *
1%
1$
#66460000
0!
0%
#66480000
b11110 D
0N
0F
b110 *
12
1%
0$
#66500000
0%
#66520000
1F
1E
1N
0"
09
13
b111111 1
b100 *
02
1%
1$
#66540000
1!
0%
#66560000
b11111 D
0N
0F
b1 *
1%
0$
#66580000
0%
#66600000
12
1F
0E
1N
03
14
b0 1
b11 *
1%
1$
#66620000
0!
0%
#66640000
b1101 J
0K
b0 D
b1000111 7
b1110 :
b1010101010101010000000000000 ,
b1010101010101010 0
b100111 6
04
0N
0F
b110 *
02
1%
0$
#66660000
0%
#66680000
1E
b10 L
b1100110011001100000 M
1N
1"
19
13
b1 1
b0 5
b100 *
b0 Z
12
1%
1$
#66700000
1!
0%
#66720000
b1 D
0N
b1 *
1%
0$
#66740000
0%
#66760000
1N
03
b10 1
b11 *
b1 Y
1%
1$
#66780000
0%
#66800000
b10 D
0N
b111 *
1%
0$
#66820000
0%
#66840000
02
0E
1N
13
b11 1
b10 Y
1%
1$
#66860000
0!
0%
#66880000
b11 D
0N
b110 *
12
1%
0$
#66900000
0%
#66920000
1N
0"
09
03
b100 1
b100 *
b11 Y
02
1%
1$
#66940000
0%
#66960000
b100 D
0N
b0 *
1%
0$
#66980000
0%
#67000000
12
1F
1E
1N
13
b101 1
1%
1$
#67020000
1!
0%
#67040000
b101 D
0N
b11001100110011000000 M
0F
b1 *
02
1%
0$
#67060000
0%
#67080000
1F
0E
1N
1"
19
03
b110 1
b11 *
02
1%
1$
#67100000
0!
0%
#67120000
b110 D
0N
b110011001100110000000 M
0F
b110 *
12
1%
0$
#67140000
0%
#67160000
1F
1E
1N
0"
09
13
b111 1
b100 *
02
1%
1$
#67180000
1!
0%
#67200000
b111 D
0N
b1100110011001100000000 M
0F
b1 *
1%
0$
#67220000
0%
#67240000
12
1F
0E
1N
03
b1000 1
b11 *
1%
1$
#67260000
0!
0%
#67280000
b1000 D
0N
b11001100110011000000000 M
0F
b110 *
02
1%
0$
#67300000
0%
#67320000
1F
1E
1N
1"
19
13
b1001 1
b100 *
12
1%
1$
#67340000
1!
0%
#67360000
b1001 D
0N
b110011001100110000000000 M
0F
b1 *
1%
0$
#67380000
0%
#67400000
02
1F
0E
1N
03
b1010 1
b11 *
1%
1$
#67420000
0!
0%
#67440000
b1010 D
0N
b1100110011001100000000000 M
0F
b110 *
12
1%
0$
#67460000
0%
#67480000
1F
1E
1N
0"
09
13
b1011 1
b100 *
02
1%
1$
#67500000
1!
0%
#67520000
b1011 D
0N
b11001100110011000000000000 M
0F
b1 *
1%
0$
#67540000
0%
#67560000
12
1F
0E
1N
03
b1100 1
b11 *
1%
1$
#67580000
0!
0%
#67600000
b1100 D
0N
b110011001100110000000000000 M
0F
b110 *
02
1%
0$
#67620000
0%
#67640000
1F
1E
1N
1"
19
13
b1101 1
b100 *
12
1%
1$
#67660000
1!
0%
#67680000
b1101 D
0N
b1100110011001100000000000000 M
0F
b1 *
1%
0$
#67700000
0%
#67720000
02
1F
0E
1N
03
b1110 1
b11 *
1%
1$
#67740000
0!
0%
#67760000
b1110 D
0N
b1001100110011000000000000000 M
0F
1E
b110 *
12
1%
0$
#67780000
1!
0%
#67800000
1F
0E
1N
0"
09
13
b1111 1
b101 *
02
1%
1$
#67820000
0!
0%
#67840000
b1111 D
0N
b11001100110000000000000000 M
0F
1E
b10 *
1%
0$
#67860000
1!
0%
#67880000
12
1F
0E
1N
03
b10000 1
b101 *
1%
1$
#67900000
0!
0%
#67920000
b10000 D
0N
b110011001100000000000000000 M
0F
b10 *
02
1%
0$
#67940000
0%
#67960000
1F
1E
1N
1"
19
13
b10001 1
b100 *
12
1%
1$
#67980000
1!
0%
#68000000
b10001 D
0N
b1100110011000000000000000000 M
0F
b1 *
1%
0$
#68020000
0%
#68040000
02
1F
0E
1N
03
b10010 1
b11 *
1%
1$
#68060000
0!
0%
#68080000
b10010 D
0N
b1001100110000000000000000000 M
0F
1E
b110 *
12
1%
0$
#68100000
1!
0%
#68120000
1F
0E
1N
0"
09
13
b10011 1
b101 *
02
1%
1$
#68140000
0!
0%
#68160000
b10011 D
0N
b11001100000000000000000000 M
0F
1E
b10 *
1%
0$
#68180000
1!
0%
#68200000
12
1F
0E
1N
03
b10100 1
b101 *
1%
1$
#68220000
0!
0%
#68240000
b10100 D
0N
b110011000000000000000000000 M
0F
b10 *
02
1%
0$
#68260000
0%
#68280000
1F
1E
1N
1"
19
13
b10101 1
b100 *
12
1%
1$
#68300000
1!
0%
#68320000
b10101 D
0N
b1100110000000000000000000000 M
0F
b1 *
1%
0$
#68340000
0%
#68360000
02
1F
0E
1N
03
b10110 1
b11 *
1%
1$
#68380000
0!
0%
#68400000
b10110 D
0N
b1001100000000000000000000000 M
0F
1E
b110 *
12
1%
0$
#68420000
1!
0%
#68440000
1F
0E
1N
0"
09
13
b10111 1
b101 *
02
1%
1$
#68460000
0!
0%
#68480000
b10111 D
0N
b11000000000000000000000000 M
0F
1E
b10 *
1%
0$
#68500000
1!
0%
#68520000
12
1F
0E
1N
03
b11000 1
b101 *
1%
1$
#68540000
0!
0%
#68560000
b11000 D
0N
b110000000000000000000000000 M
0F
b10 *
02
1%
0$
#68580000
0%
#68600000
1F
1E
1N
1"
19
13
b11001 1
b100 *
12
1%
1$
#68620000
1!
0%
#68640000
b11001 D
0N
b1100000000000000000000000000 M
0F
b1 *
1%
0$
#68660000
0%
#68680000
02
1F
0E
1N
03
b11010 1
b11 *
1%
1$
#68700000
0!
0%
#68720000
b11010 D
0N
b1000000000000000000000000000 M
0F
1E
b110 *
12
1%
0$
#68740000
1!
0%
#68760000
1F
0E
1N
0"
09
13
b11011 1
b1 5
b101 *
12
1%
1$
#68780000
0!
0%
#68800000
b11011 D
0N
b0 M
0F
1E
b10 *
02
1%
0$
#68820000
1!
0%
#68840000
1F
0E
1N
1"
19
03
b11100 1
b101 *
02
1%
1$
#68860000
0!
0%
#68880000
b11100 D
0N
0F
b10 *
12
1%
0$
#68900000
0%
#68920000
1F
1E
1N
0"
09
13
b11101 1
b100 *
02
1%
1$
#68940000
1!
0%
#68960000
b11101 D
0N
0F
b1 *
1%
0$
#68980000
0%
#69000000
12
1F
0E
1N
03
b11110 1
b11 *
1%
1$
#69020000
0!
0%
#69040000
b11110 D
0N
0F
b110 *
02
1%
0$
#69060000
0%
#69080000
1F
1E
1N
1"
19
13
b11111 1
b10 5
b100 *
02
1%
1$
#69100000
1!
0%
#69120000
b11111 D
0N
0F
b1 *
12
1%
0$
#69140000
0%
#69160000
1F
0E
1N
0"
09
03
b100000 1
b11 *
12
1%
1$
#69180000
0!
0%
#69200000
1K
b0 D
0N
0F
b110 *
02
1%
0$
#69220000
0%
#69240000
1E
b11 L
b11001100110011000000 M
1N
1"
19
13
b100001 1
b100 *
b0 Y
12
1%
1$
#69260000
1!
0%
#69280000
b1 D
0N
b1 *
1%
0$
#69300000
0%
#69320000
02
0E
1N
03
b100010 1
b11 *
b1 Z
1%
1$
#69340000
0!
0%
#69360000
b10 D
0N
b110 *
12
1%
0$
#69380000
0%
#69400000
1N
0"
09
13
b100011 1
b11 5
b100 *
b10 Z
12
1%
1$
#69420000
0%
#69440000
b11 D
0N
b0 *
02
1%
0$
#69460000
0%
#69480000
1N
1"
19
03
b100100 1
b11 Z
02
1%
1$
#69500000
0%
#69520000
b100 D
0N
12
1%
0$
#69540000
0%
#69560000
1F
1E
1N
0"
09
13
b100101 1
02
1%
1$
#69580000
1!
0%
#69600000
b101 D
0N
b110011001100110000000 M
0F
b1 *
1%
0$
#69620000
0%
#69640000
12
1F
0E
1N
03
b100110 1
b11 *
1%
1$
#69660000
0!
0%
#69680000
b110 D
0N
b1100110011001100000000 M
0F
b110 *
02
1%
0$
#69700000
0%
#69720000
1F
1E
1N
1"
19
13
b100111 1
b100 5
b100 *
02
1%
1$
#69740000
1!
0%
#69760000
b111 D
0N
b11001100110011000000000 M
0F
b1 *
12
1%
0$
#69780000
0%
#69800000
1F
0E
1N
0"
09
03
b101000 1
b11 *
12
1%
1$
#69820000
0!
0%
#69840000
b1000 D
0N
b110011001100110000000000 M
0F
b110 *
02
1%
0$
#69860000
0%
#69880000
1F
1E
1N
1"
19
13
b101001 1
b100 *
12
1%
1$
#69900000
1!
0%
#69920000
b1001 D
0N
b1100110011001100000000000 M
0F
b1 *
1%
0$
#69940000
0%
#69960000
02
1F
0E
1N
03
b101010 1
b11 *
1%
1$
#69980000
0!
0%
#70000000
b1010 D
0N
b11001100110011000000000000 M
0F
b110 *
12
1%
0$
#70020000
0%
#70040000
1F
1E
1N
0"
09
13
b101011 1
b101 5
b100 *
12
1%
1$
#70060000
1!
0%
#70080000
b1011 D
0N
b110011001100110000000000000 M
0F
b1 *
02
1%
0$
#70100000
0%
#70120000
1F
0E
1N
1"
19
03
b101100 1
b11 *
02
1%
1$
#70140000
0!
0%
#70160000
b1100 D
0N
b1100110011001100000000000000 M
0F
b110 *
12
1%
0$
#70180000
0%
#70200000
1F
1E
1N
0"
09
13
b101101 1
b100 *
02
1%
1$
#70220000
1!
0%
#70240000
b1101 D
0N
b1001100110011000000000000000 M
0F
0E
b1 *
1%
0$
#70260000
0!
0%
#70280000
12
1F
1E
1N
03
b101110 1
b10 *
1%
1$
#70300000
1!
0%
#70320000
b1110 D
0N
b11001100110000000000000000 M
0F
0E
b101 *
02
1%
0$
#70340000
0!
0%
#70360000
1F
1E
1N
1"
19
13
b101111 1
b110 5
b10 *
02
1%
1$
#70380000
1!
0%
#70400000
b1111 D
0N
b110011001100000000000000000 M
0F
b101 *
12
1%
0$
#70420000
0%
#70440000
1F
0E
1N
0"
09
03
b110000 1
b11 *
12
1%
1$
#70460000
0!
0%
#70480000
b10000 D
0N
b1100110011000000000000000000 M
0F
b110 *
02
1%
0$
#70500000
0%
#70520000
1F
1E
1N
1"
19
13
b110001 1
b100 *
12
1%
1$
#70540000
1!
0%
#70560000
b10001 D
0N
b1001100110000000000000000000 M
0F
0E
b1 *
1%
0$
#70580000
0!
0%
#70600000
02
1F
1E
1N
03
b110010 1
b10 *
1%
1$
#70620000
1!
0%
#70640000
b10010 D
0N
b11001100000000000000000000 M
0F
0E
b101 *
12
1%
0$
#70660000
0!
0%
#70680000
1F
1E
1N
0"
09
13
b110011 1
b111 5
b10 *
12
1%
1$
#70700000
1!
0%
#70720000
b10011 D
0N
b110011000000000000000000000 M
0F
b101 *
02
1%
0$
#70740000
0%
#70760000
1F
0E
1N
1"
19
03
b110100 1
b11 *
02
1%
1$
#70780000
0!
0%
#70800000
b10100 D
0N
b1100110000000000000000000000 M
0F
b110 *
12
1%
0$
#70820000
0%
#70840000
1F
1E
1N
0"
09
13
b110101 1
b100 *
02
1%
1$
#70860000
1!
0%
#70880000
b10101 D
0N
b1001100000000000000000000000 M
0F
0E
b1 *
1%
0$
#70900000
0!
0%
#70920000
12
1F
1E
1N
03
b110110 1
b10 *
1%
1$
#70940000
1!
0%
#70960000
b10110 D
0N
b11000000000000000000000000 M
0F
0E
b101 *
02
1%
0$
#70980000
0!
0%
#71000000
1F
1E
1N
1"
19
13
b110111 1
b1000 5
b10 *
02
1%
1$
#71020000
1!
0%
#71040000
b10111 D
0N
b110000000000000000000000000 M
0F
b101 *
12
1%
0$
#71060000
0%
#71080000
1F
0E
1N
0"
09
03
b111000 1
b11 *
12
1%
1$
#71100000
0!
0%
#71120000
b11000 D
0N
b1100000000000000000000000000 M
0F
b110 *
02
1%
0$
#71140000
0%
#71160000
1F
1E
1N
1"
19
13
b111001 1
b100 *
12
1%
1$
#71180000
1!
0%
#71200000
b11001 D
0N
b1000000000000000000000000000 M
0F
0E
b1 *
1%
0$
#71220000
0!
0%
#71240000
02
1F
1E
1N
03
b111010 1
b10 *
1%
1$
#71260000
1!
0%
#71280000
b11010 D
0N
b0 M
0F
0E
b101 *
12
1%
0$
#71300000
0!
0%
#71320000
1F
1E
1N
0"
09
13
b111011 1
b10 *
02
1%
1$
#71340000
1!
0%
#71360000
b11011 D
0N
0F
b101 *
1%
0$
#71380000
0%
#71400000
12
1F
0E
1N
03
b111100 1
b11 *
1%
1$
#71420000
0!
0%
#71440000
b11100 D
0N
0F
b110 *
02
1%
0$
#71460000
0%
#71480000
1F
1E
1N
1"
19
13
b111101 1
b100 *
12
1%
1$
#71500000
1!
0%
#71520000
b11101 D
0N
0F
b1 *
1%
0$
#71540000
0%
#71560000
02
1F
0E
1N
03
b111110 1
b11 *
1%
1$
#71580000
0!
0%
#71600000
b11110 D
0N
0F
b110 *
12
1%
0$
#71620000
0%
#71640000
1F
1E
1N
0"
09
13
b111111 1
b100 *
02
1%
1$
#71660000
1!
0%
#71680000
b11111 D
0N
0F
b1 *
1%
0$
#71700000
0%
#71720000
12
1F
0E
1N
03
14
b0 1
b11 *
1%
1$
#71740000
0!
0%
#71760000
b1110 J
0K
b0 D
b100111 7
b1111 :
1#
b1100110011001100 8
b110011001100110000000000000 ,
b110011001100110 0
b1000111 6
04
0N
0F
b110 *
02
1%
0$
#71780000
0%
#71800000
b11101110111011100000 P
b1110111011101110000 O
0S
b11011 W
b11101110111011100000 T
b1110111011101110 Q
b111011101110111 ;
b1110111011101110 <
1E
b10 L
b1100110011001100000 M
1N
1"
19
13
b1 1
b0 5
0#
b11101110111011100111011101110111 )
b11101110111011100111011101110111 +
b10001000100010000 '
b1000100010001000 &
b100 *
b0 Z
12
1%
1$
#71820000
1!
0%
#71840000
b1 D
0N
b1110111011101110000 M
b1 *
1%
0$
#71860000
0%
#71880000
1N
03
b10 1
b11 *
b1 Y
1%
1$
#71900000
0%
#71920000
b10 D
0N
b111 *
1%
0$
#71940000
0%
#71960000
02
0E
1N
13
b11 1
b10 Y
1%
1$
#71980000
0!
0%
#72000000
b11 D
0N
b110 *
12
1%
0$
#72020000
0%
#72040000
1N
0"
09
03
b100 1
b100 *
b11 Y
02
1%
1$
#72060000
0%
#72080000
b100 D
0N
b0 *
1%
0$
#72100000
0%
#72120000
1F
1E
1N
13
b101 1
1%
1$
#72140000
1!
0%
#72160000
b101 D
0N
b11101110111011100000 M
0F
b1 *
1%
0$
#72180000
0%
#72200000
12
1F
0E
1N
03
b110 1
b11 *
1%
1$
#72220000
0!
0%
#72240000
b110 D
0N
b111011101110111000000 M
0F
b110 *
02
1%
0$
#72260000
0%
#72280000
1F
1E
1N
1"
19
13
b111 1
b100 *
02
1%
1$
#72300000
1!
0%
#72320000
b111 D
0N
b1110111011101110000000 M
0F
b1 *
12
1%
0$
#72340000
0%
#72360000
1F
0E
1N
0"
09
03
b1000 1
b11 *
12
1%
1$
#72380000
0!
0%
#72400000
b1000 D
0N
b11101110111011100000000 M
0F
b110 *
02
1%
0$
#72420000
0%
#72440000
1F
1E
1N
1"
19
13
b1001 1
b100 *
12
1%
1$
#72460000
1!
0%
#72480000
b1001 D
0N
b111011101110111000000000 M
0F
b1 *
1%
0$
#72500000
0%
#72520000
02
1F
0E
1N
03
b1010 1
b11 *
1%
1$
#72540000
0!
0%
#72560000
b1010 D
0N
b1110111011101110000000000 M
0F
b110 *
12
1%
0$
#72580000
0%
#72600000
1F
1E
1N
0"
09
13
b1011 1
b100 *
02
1%
1$
#72620000
1!
0%
#72640000
b1011 D
0N
b11101110111011100000000000 M
0F
b1 *
1%
0$
#72660000
0%
#72680000
12
1F
0E
1N
03
b1100 1
b11 *
1%
1$
#72700000
0!
0%
#72720000
b1100 D
0N
b111011101110111000000000000 M
0F
b110 *
02
1%
0$
#72740000
0%
#72760000
1F
1E
1N
1"
19
13
b1101 1
b100 *
12
1%
1$
#72780000
1!
0%
#72800000
b1101 D
0N
b1110111011101110000000000000 M
0F
b1 *
1%
0$
#72820000
0%
#72840000
02
1F
0E
1N
03
b1110 1
b11 *
1%
1$
#72860000
0!
0%
#72880000
b1110 D
0N
b1101110111011100000000000000 M
0F
1E
b110 *
12
1%
0$
#72900000
1!
0%
#72920000
1F
0E
1N
0"
09
13
b1111 1
b101 *
02
1%
1$
#72940000
0!
0%
#72960000
b1111 D
0N
b1011101110111000000000000000 M
0F
1E
b10 *
1%
0$
#72980000
1!
0%
#73000000
12
1F
0E
1N
03
b10000 1
b101 *
1%
1$
#73020000
0!
0%
#73040000
b10000 D
0N
b111011101110000000000000000 M
0F
1E
b10 *
02
1%
0$
#73060000
1!
0%
#73080000
1F
0E
1N
1"
19
13
b10001 1
b101 *
12
1%
1$
#73100000
0!
0%
#73120000
b10001 D
0N
b1110111011100000000000000000 M
0F
b10 *
1%
0$
#73140000
0%
#73160000
02
1F
1E
1N
03
b10010 1
b100 *
1%
1$
#73180000
1!
0%
#73200000
b10010 D
0N
b1101110111000000000000000000 M
0F
0E
b1 *
12
1%
0$
#73220000
0!
0%
#73240000
1F
1E
1N
0"
09
13
b10011 1
b10 *
02
1%
1$
#73260000
1!
0%
#73280000
b10011 D
0N
b1011101110000000000000000000 M
0F
0E
b101 *
1%
0$
#73300000
0!
0%
#73320000
12
1F
1E
1N
03
b10100 1
b10 *
1%
1$
#73340000
1!
0%
#73360000
b10100 D
0N
b111011100000000000000000000 M
0F
0E
b101 *
02
1%
0$
#73380000
0!
0%
#73400000
1F
1E
1N
1"
19
13
b10101 1
b10 *
12
1%
1$
#73420000
1!
0%
#73440000
b10101 D
0N
b1110111000000000000000000000 M
0F
b101 *
1%
0$
#73460000
0%
#73480000
02
1F
0E
1N
03
b10110 1
b11 *
1%
1$
#73500000
0!
0%
#73520000
b10110 D
0N
b1101110000000000000000000000 M
0F
1E
b110 *
12
1%
0$
#73540000
1!
0%
#73560000
1F
0E
1N
0"
09
13
b10111 1
b101 *
02
1%
1$
#73580000
0!
0%
#73600000
b10111 D
0N
b1011100000000000000000000000 M
0F
1E
b10 *
1%
0$
#73620000
1!
0%
#73640000
12
1F
0E
1N
03
b11000 1
b101 *
1%
1$
#73660000
0!
0%
#73680000
b11000 D
0N
b111000000000000000000000000 M
0F
1E
b10 *
02
1%
0$
#73700000
1!
0%
#73720000
1F
0E
1N
1"
19
13
b11001 1
b101 *
12
1%
1$
#73740000
0!
0%
#73760000
b11001 D
0N
b1110000000000000000000000000 M
0F
b10 *
1%
0$
#73780000
0%
#73800000
02
1F
1E
1N
03
b11010 1
b100 *
1%
1$
#73820000
1!
0%
#73840000
b11010 D
0N
b1100000000000000000000000000 M
0F
0E
b1 *
12
1%
0$
#73860000
0!
0%
#73880000
1F
1E
1N
0"
09
13
b11011 1
b1 5
b10 *
12
1%
1$
#73900000
1!
0%
#73920000
b11011 D
0N
b1000000000000000000000000000 M
0F
0E
b101 *
02
1%
0$
#73940000
0!
0%
#73960000
1F
1E
1N
1"
19
03
b11100 1
b10 *
02
1%
1$
#73980000
1!
0%
#74000000
b11100 D
0N
b0 M
0F
0E
b101 *
12
1%
0$
#74020000
0!
0%
#74040000
1F
1E
1N
0"
09
13
b11101 1
b10 5
b10 *
12
1%
1$
#74060000
1!
0%
#74080000
b11101 D
0N
0F
b101 *
02
1%
0$
#74100000
0%
#74120000
1F
0E
1N
1"
19
03
b11110 1
b11 *
02
1%
1$
#74140000
0!
0%
#74160000
b11110 D
0N
0F
b110 *
12
1%
0$
#74180000
0%
#74200000
1F
1E
1N
0"
09
13
b11111 1
b100 *
02
1%
1$
#74220000
1!
0%
#74240000
b11111 D
0N
0F
b1 *
1%
0$
#74260000
0%
#74280000
12
1F
0E
1N
03
b100000 1
b11 *
1%
1$
#74300000
0!
0%
#74320000
1K
b0 D
0N
0F
b110 *
02
1%
0$
#74340000
0%
#74360000
1E
b11 L
b11101110111011100000 M
1N
1"
19
13
b100001 1
b100 *
b0 Y
12
1%
1$
#74380000
1!
0%
#74400000
b1 D
0N
b1 *
1%
0$
#74420000
0%
#74440000
02
0E
1N
03
b100010 1
b11 *
b1 Z
1%
1$
#74460000
0!
0%
#74480000
b10 D
0N
b110 *
12
1%
0$
#74500000
0%
#74520000
1N
0"
09
13
b100011 1
b11 5
b100 *
b10 Z
12
1%
1$
#74540000
0%
#74560000
b11 D
0N
b0 *
02
1%
0$
#74580000
0%
#74600000
1N
1"
19
03
b100100 1
b11 Z
02
1%
1$
#74620000
0%
#74640000
b100 D
0N
12
1%
0$
#74660000
0%
#74680000
1F
1E
1N
0"
09
13
b100101 1
b100 5
12
1%
1$
#74700000
1!
0%
#74720000
b101 D
0N
b111011101110111000000 M
0F
b1 *
02
1%
0$
#74740000
0%
#74760000
1F
0E
1N
1"
19
03
b100110 1
b11 *
02
1%
1$
#74780000
0!
0%
#74800000
b110 D
0N
b1110111011101110000000 M
0F
b110 *
12
1%
0$
#74820000
0%
#74840000
1F
1E
1N
0"
09
13
b100111 1
b100 *
02
1%
1$
#74860000
1!
0%
#74880000
b111 D
0N
b11101110111011100000000 M
0F
b1 *
1%
0$
#74900000
0%
#74920000
12
1F
0E
1N
03
b101000 1
b11 *
1%
1$
#74940000
0!
0%
#74960000
b1000 D
0N
b111011101110111000000000 M
0F
b110 *
02
1%
0$
#74980000
0%
#75000000
1F
1E
1N
1"
19
13
b101001 1
b100 *
12
1%
1$
#75020000
1!
0%
#75040000
b1001 D
0N
b1110111011101110000000000 M
0F
b1 *
1%
0$
#75060000
0%
#75080000
02
1F
0E
1N
03
b101010 1
b11 *
1%
1$
#75100000
0!
0%
#75120000
b1010 D
0N
b11101110111011100000000000 M
0F
b110 *
12
1%
0$
#75140000
0%
#75160000
1F
1E
1N
0"
09
13
b101011 1
b101 5
b100 *
12
1%
1$
#75180000
1!
0%
#75200000
b1011 D
0N
b111011101110111000000000000 M
0F
b1 *
02
1%
0$
#75220000
0%
#75240000
1F
0E
1N
1"
19
03
b101100 1
b11 *
02
1%
1$
#75260000
0!
0%
#75280000
b1100 D
0N
b1110111011101110000000000000 M
0F
b110 *
12
1%
0$
#75300000
0%
#75320000
1F
1E
1N
0"
09
13
b101101 1
b110 5
b100 *
12
1%
1$
#75340000
1!
0%
#75360000
b1101 D
0N
b1101110111011100000000000000 M
0F
0E
b1 *
02
1%
0$
#75380000
0!
0%
#75400000
1F
1E
1N
1"
19
03
b101110 1
b10 *
02
1%
1$
#75420000
1!
0%
#75440000
b1110 D
0N
b1011101110111000000000000000 M
0F
0E
b101 *
12
1%
0$
#75460000
0!
0%
#75480000
1F
1E
1N
0"
09
13
b101111 1
b10 *
02
1%
1$
#75500000
1!
0%
#75520000
b1111 D
0N
b111011101110000000000000000 M
0F
0E
b101 *
1%
0$
#75540000
0!
0%
#75560000
12
1F
1E
1N
03
b110000 1
b10 *
1%
1$
#75580000
1!
0%
#75600000
b10000 D
0N
b1110111011100000000000000000 M
0F
b101 *
02
1%
0$
#75620000
0%
#75640000
1F
0E
1N
1"
19
13
b110001 1
b11 *
12
1%
1$
#75660000
0!
0%
#75680000
b10001 D
0N
b1101110111000000000000000000 M
0F
1E
b110 *
1%
0$
#75700000
1!
0%
#75720000
02
1F
0E
1N
03
b110010 1
b101 *
1%
1$
#75740000
0!
0%
#75760000
b10010 D
0N
b1011101110000000000000000000 M
0F
1E
b10 *
12
1%
0$
#75780000
1!
0%
#75800000
1F
0E
1N
0"
09
13
b110011 1
b111 5
b101 *
12
1%
1$
#75820000
0!
0%
#75840000
b10011 D
0N
b111011100000000000000000000 M
0F
1E
b10 *
02
1%
0$
#75860000
1!
0%
#75880000
1F
0E
1N
1"
19
03
b110100 1
b101 *
02
1%
1$
#75900000
0!
0%
#75920000
b10100 D
0N
b1110111000000000000000000000 M
0F
b10 *
12
1%
0$
#75940000
0%
#75960000
1F
1E
1N
0"
09
13
b110101 1
b1000 5
b100 *
12
1%
1$
#75980000
1!
0%
#76000000
b10101 D
0N
b1101110000000000000000000000 M
0F
0E
b1 *
02
1%
0$
#76020000
0!
0%
#76040000
1F
1E
1N
1"
19
03
b110110 1
b10 *
02
1%
1$
#76060000
1!
0%
#76080000
b10110 D
0N
b1011100000000000000000000000 M
0F
0E
b101 *
12
1%
0$
#76100000
0!
0%
#76120000
1F
1E
1N
0"
09
13
b110111 1
b10 *
02
1%
1$
#76140000
1!
0%
#76160000
b10111 D
0N
b111000000000000000000000000 M
0F
0E
b101 *
1%
0$
#76180000
0!
0%
#76200000
12
1F
1E
1N
03
b111000 1
b10 *
1%
1$
#76220000
1!
0%
#76240000
b11000 D
0N
b1110000000000000000000000000 M
0F
b101 *
02
1%
0$
#76260000
0%
#76280000
1F
0E
1N
1"
19
13
b111001 1
b11 *
12
1%
1$
#76300000
0!
0%
#76320000
b11001 D
0N
b1100000000000000000000000000 M
0F
1E
b110 *
1%
0$
#76340000
1!
0%
#76360000
02
1F
0E
1N
03
b111010 1
b101 *
1%
1$
#76380000
0!
0%
#76400000
b11010 D
0N
b1000000000000000000000000000 M
0F
1E
b10 *
12
1%
0$
#76420000
1!
0%
#76440000
1F
0E
1N
0"
09
13
b111011 1
b101 *
02
1%
1$
#76460000
0!
0%
#76480000
b11011 D
0N
b0 M
0F
1E
b10 *
1%
0$
#76500000
1!
0%
#76520000
12
1F
0E
1N
03
b111100 1
b101 *
1%
1$
#76540000
0!
0%
#76560000
b11100 D
0N
0F
b10 *
02
1%
0$
#76580000
0%
#76600000
1F
1E
1N
1"
19
13
b111101 1
b100 *
12
1%
1$
#76620000
1!
0%
#76640000
b11101 D
0N
0F
b1 *
1%
0$
#76660000
0%
#76680000
02
1F
0E
1N
03
b111110 1
b11 *
1%
1$
#76700000
0!
0%
#76720000
b11110 D
0N
0F
b110 *
12
1%
0$
#76740000
0%
#76760000
1F
1E
1N
0"
09
13
b111111 1
b100 *
02
1%
1$
#76780000
1!
0%
#76800000
b11111 D
0N
0F
b1 *
1%
0$
#76820000
0%
#76840000
12
1F
0E
1N
03
14
b0 1
b11 *
1%
1$
#76860000
0!
0%
#76880000
b1111 J
0K
b0 D
b1000111 7
b10000 :
b1100110011001100000000000000 ,
b1100110011001100 0
b100111 6
04
0N
0F
b110 *
02
1%
0$
#76900000
0%
#76920000
1E
b10 L
b1110111011101110000 M
1N
1"
19
13
b1 1
b0 5
b100 *
b0 Z
12
1%
1$
#76940000
1!
0%
#76960000
b1 D
0N
b1 *
1%
0$
#76980000
0%
#77000000
1N
03
b10 1
b11 *
b1 Y
1%
1$
#77020000
0%
#77040000
b10 D
0N
b111 *
1%
0$
#77060000
0%
#77080000
02
0E
1N
13
b11 1
b10 Y
1%
1$
#77100000
0!
0%
#77120000
b11 D
0N
b110 *
12
1%
0$
#77140000
0%
#77160000
1N
0"
09
03
b100 1
b100 *
b11 Y
02
1%
1$
#77180000
0%
#77200000
b100 D
0N
b0 *
1%
0$
#77220000
0%
#77240000
12
1F
1E
1N
13
b101 1
1%
1$
#77260000
1!
0%
#77280000
b101 D
0N
b11101110111011100000 M
0F
b1 *
02
1%
0$
#77300000
0%
#77320000
1F
0E
1N
1"
19
03
b110 1
b11 *
02
1%
1$
#77340000
0!
0%
#77360000
b110 D
0N
b111011101110111000000 M
0F
b110 *
12
1%
0$
#77380000
0%
#77400000
1F
1E
1N
0"
09
13
b111 1
b100 *
02
1%
1$
#77420000
1!
0%
#77440000
b111 D
0N
b1110111011101110000000 M
0F
b1 *
1%
0$
#77460000
0%
#77480000
12
1F
0E
1N
03
b1000 1
b11 *
1%
1$
#77500000
0!
0%
#77520000
b1000 D
0N
b11101110111011100000000 M
0F
b110 *
02
1%
0$
#77540000
0%
#77560000
1F
1E
1N
1"
19
13
b1001 1
b100 *
12
1%
1$
#77580000
1!
0%
#77600000
b1001 D
0N
b111011101110111000000000 M
0F
b1 *
1%
0$
#77620000
0%
#77640000
02
1F
0E
1N
03
b1010 1
b11 *
1%
1$
#77660000
0!
0%
#77680000
b1010 D
0N
b1110111011101110000000000 M
0F
b110 *
12
1%
0$
#77700000
0%
#77720000
1F
1E
1N
0"
09
13
b1011 1
b100 *
02
1%
1$
#77740000
1!
0%
#77760000
b1011 D
0N
b11101110111011100000000000 M
0F
b1 *
1%
0$
#77780000
0%
#77800000
12
1F
0E
1N
03
b1100 1
b11 *
1%
1$
#77820000
0!
0%
#77840000
b1100 D
0N
b111011101110111000000000000 M
0F
b110 *
02
1%
0$
#77860000
0%
#77880000
1F
1E
1N
1"
19
13
b1101 1
b100 *
12
1%
1$
#77900000
1!
0%
#77920000
b1101 D
0N
b1110111011101110000000000000 M
0F
b1 *
1%
0$
#77940000
0%
#77960000
02
1F
0E
1N
03
b1110 1
b11 *
1%
1$
#77980000
0!
0%
#78000000
b1110 D
0N
b1101110111011100000000000000 M
0F
1E
b110 *
12
1%
0$
#78020000
1!
0%
#78040000
1F
0E
1N
0"
09
13
b1111 1
b101 *
02
1%
1$
#78060000
0!
0%
#78080000
b1111 D
0N
b1011101110111000000000000000 M
0F
1E
b10 *
1%
0$
#78100000
1!
0%
#78120000
12
1F
0E
1N
03
b10000 1
b101 *
1%
1$
#78140000
0!
0%
#78160000
b10000 D
0N
b111011101110000000000000000 M
0F
1E
b10 *
02
1%
0$
#78180000
1!
0%
#78200000
1F
0E
1N
1"
19
13
b10001 1
b101 *
12
1%
1$
#78220000
0!
0%
#78240000
b10001 D
0N
b1110111011100000000000000000 M
0F
b10 *
1%
0$
#78260000
0%
#78280000
02
1F
1E
1N
03
b10010 1
b100 *
1%
1$
#78300000
1!
0%
#78320000
b10010 D
0N
b1101110111000000000000000000 M
0F
0E
b1 *
12
1%
0$
#78340000
0!
0%
#78360000
1F
1E
1N
0"
09
13
b10011 1
b10 *
02
1%
1$
#78380000
1!
0%
#78400000
b10011 D
0N
b1011101110000000000000000000 M
0F
0E
b101 *
1%
0$
#78420000
0!
0%
#78440000
12
1F
1E
1N
03
b10100 1
b10 *
1%
1$
#78460000
1!
0%
#78480000
b10100 D
0N
b111011100000000000000000000 M
0F
0E
b101 *
02
1%
0$
#78500000
0!
0%
#78520000
1F
1E
1N
1"
19
13
b10101 1
b10 *
12
1%
1$
#78540000
1!
0%
#78560000
b10101 D
0N
b1110111000000000000000000000 M
0F
b101 *
1%
0$
#78580000
0%
#78600000
02
1F
0E
1N
03
b10110 1
b11 *
1%
1$
#78620000
0!
0%
#78640000
b10110 D
0N
b1101110000000000000000000000 M
0F
1E
b110 *
12
1%
0$
#78660000
1!
0%
#78680000
1F
0E
1N
0"
09
13
b10111 1
b101 *
02
1%
1$
#78700000
0!
0%
#78720000
b10111 D
0N
b1011100000000000000000000000 M
0F
1E
b10 *
1%
0$
#78740000
1!
0%
#78760000
12
1F
0E
1N
03
b11000 1
b101 *
1%
1$
#78780000
0!
0%
#78800000
b11000 D
0N
b111000000000000000000000000 M
0F
1E
b10 *
02
1%
0$
#78820000
1!
0%
#78840000
1F
0E
1N
1"
19
13
b11001 1
b101 *
12
1%
1$
#78860000
0!
0%
#78880000
b11001 D
0N
b1110000000000000000000000000 M
0F
b10 *
1%
0$
#78900000
0%
#78920000
02
1F
1E
1N
03
b11010 1
b100 *
1%
1$
#78940000
1!
0%
#78960000
b11010 D
0N
b1100000000000000000000000000 M
0F
0E
b1 *
12
1%
0$
#78980000
0!
0%
#79000000
1F
1E
1N
0"
09
13
b11011 1
b10 *
02
1%
1$
#79020000
1!
0%
#79040000
b11011 D
0N
b1000000000000000000000000000 M
0F
0E
b101 *
1%
0$
#79060000
0!
0%
#79080000
12
1F
1E
1N
03
b11100 1
b10 *
1%
1$
#79100000
1!
0%
#79120000
b11100 D
0N
b0 M
0F
0E
b101 *
02
1%
0$
#79140000
0!
0%
#79160000
1F
1E
1N
1"
19
13
b11101 1
b1 5
b10 *
02
1%
1$
#79180000
1!
0%
#79200000
b11101 D
0N
0F
b101 *
12
1%
0$
#79220000
0%
#79240000
1F
0E
1N
0"
09
03
b11110 1
b11 *
12
1%
1$
#79260000
0!
0%
#79280000
b11110 D
0N
0F
b110 *
02
1%
0$
#79300000
0%
#79320000
1F
1E
1N
1"
19
13
b11111 1
b10 5
b100 *
02
1%
1$
#79340000
1!
0%
#79360000
b11111 D
0N
0F
b1 *
12
1%
0$
#79380000
0%
#79400000
1F
0E
1N
0"
09
03
b100000 1
b11 *
12
1%
1$
#79420000
0!
0%
#79440000
1K
b0 D
0N
0F
b110 *
02
1%
0$
#79460000
0%
#79480000
1E
b11 L
b11101110111011100000 M
1N
1"
19
13
b100001 1
b100 *
b0 Y
12
1%
1$
#79500000
1!
0%
#79520000
b1 D
0N
b1 *
1%
0$
#79540000
0%
#79560000
02
0E
1N
03
b100010 1
b11 *
b1 Z
1%
1$
#79580000
0!
0%
#79600000
b10 D
0N
b110 *
12
1%
0$
#79620000
0%
#79640000
1N
0"
09
13
b100011 1
b100 *
b10 Z
02
1%
1$
#79660000
0%
#79680000
b11 D
0N
b0 *
1%
0$
#79700000
0%
#79720000
12
1N
03
b100100 1
b11 Z
1%
1$
#79740000
0%
#79760000
b100 D
0N
02
1%
0$
#79780000
0%
#79800000
1F
1E
1N
1"
19
13
b100101 1
b11 5
02
1%
1$
#79820000
1!
0%
#79840000
b101 D
0N
b111011101110111000000 M
0F
b1 *
12
1%
0$
#79860000
0%
#79880000
1F
0E
1N
0"
09
03
b100110 1
b11 *
12
1%
1$
#79900000
0!
0%
#79920000
b110 D
0N
b1110111011101110000000 M
0F
b110 *
02
1%
0$
#79940000
0%
#79960000
1F
1E
1N
1"
19
13
b100111 1
b100 5
b100 *
02
1%
1$
#79980000
1!
0%
#80000000
b111 D
0N
b11101110111011100000000 M
0F
b1 *
12
1%
0$
#80020000
0%
#80040000
1F
0E
1N
0"
09
03
b101000 1
b11 *
12
1%
1$
#80060000
0!
0%
#80080000
b1000 D
0N
b111011101110111000000000 M
0F
b110 *
02
1%
0$
#80100000
0%
#80120000
1F
1E
1N
1"
19
13
b101001 1
b100 *
12
1%
1$
#80140000
1!
0%
#80160000
b1001 D
0N
b1110111011101110000000000 M
0F
b1 *
1%
0$
#80180000
0%
#80200000
02
1F
0E
1N
03
b101010 1
b11 *
1%
1$
#80220000
0!
0%
#80240000
b1010 D
0N
b11101110111011100000000000 M
0F
b110 *
12
1%
0$
#80260000
0%
#80280000
1F
1E
1N
0"
09
13
b101011 1
b100 *
02
1%
1$
#80300000
1!
0%
#80320000
b1011 D
0N
b111011101110111000000000000 M
0F
b1 *
1%
0$
#80340000
0%
#80360000
12
1F
0E
1N
03
b101100 1
b11 *
1%
1$
#80380000
0!
0%
#80400000
b1100 D
0N
b1110111011101110000000000000 M
0F
b110 *
02
1%
0$
#80420000
0%
#80440000
1F
1E
1N
1"
19
13
b101101 1
b101 5
b100 *
02
1%
1$
#80460000
1!
0%
#80480000
b1101 D
0N
b1101110111011100000000000000 M
0F
0E
b1 *
12
1%
0$
#80500000
0!
0%
#80520000
1F
1E
1N
0"
09
03
b101110 1
b10 *
12
1%
1$
#80540000
1!
0%
#80560000
b1110 D
0N
b1011101110111000000000000000 M
0F
0E
b101 *
02
1%
0$
#80580000
0!
0%
#80600000
1F
1E
1N
1"
19
13
b101111 1
b110 5
b10 *
02
1%
1$
#80620000
1!
0%
#80640000
b1111 D
0N
b111011101110000000000000000 M
0F
0E
b101 *
12
1%
0$
#80660000
0!
0%
#80680000
1F
1E
1N
0"
09
03
b110000 1
b10 *
12
1%
1$
#80700000
1!
0%
#80720000
b10000 D
0N
b1110111011100000000000000000 M
0F
b101 *
02
1%
0$
#80740000
0%
#80760000
1F
0E
1N
1"
19
13
b110001 1
b11 *
12
1%
1$
#80780000
0!
0%
#80800000
b10001 D
0N
b1101110111000000000000000000 M
0F
1E
b110 *
1%
0$
#80820000
1!
0%
#80840000
02
1F
0E
1N
03
b110010 1
b101 *
1%
1$
#80860000
0!
0%
#80880000
b10010 D
0N
b1011101110000000000000000000 M
0F
1E
b10 *
12
1%
0$
#80900000
1!
0%
#80920000
1F
0E
1N
0"
09
13
b110011 1
b101 *
02
1%
1$
#80940000
0!
0%
#80960000
b10011 D
0N
b111011100000000000000000000 M
0F
1E
b10 *
1%
0$
#80980000
1!
0%
#81000000
12
1F
0E
1N
03
b110100 1
b101 *
1%
1$
#81020000
0!
0%
#81040000
b10100 D
0N
b1110111000000000000000000000 M
0F
b10 *
02
1%
0$
#81060000
0%
#81080000
1F
1E
1N
1"
19
13
b110101 1
b111 5
b100 *
02
1%
1$
#81100000
1!
0%
#81120000
b10101 D
0N
b1101110000000000000000000000 M
0F
0E
b1 *
12
1%
0$
#81140000
0!
0%
#81160000
1F
1E
1N
0"
09
03
b110110 1
b10 *
12
1%
1$
#81180000
1!
0%
#81200000
b10110 D
0N
b1011100000000000000000000000 M
0F
0E
b101 *
02
1%
0$
#81220000
0!
0%
#81240000
1F
1E
1N
1"
19
13
b110111 1
b1000 5
b10 *
02
1%
1$
#81260000
1!
0%
#81280000
b10111 D
0N
b111000000000000000000000000 M
0F
0E
b101 *
12
1%
0$
#81300000
0!
0%
#81320000
1F
1E
1N
0"
09
03
b111000 1
b10 *
12
1%
1$
#81340000
1!
0%
#81360000
b11000 D
0N
b1110000000000000000000000000 M
0F
b101 *
02
1%
0$
#81380000
0%
#81400000
1F
0E
1N
1"
19
13
b111001 1
b11 *
12
1%
1$
#81420000
0!
0%
#81440000
b11001 D
0N
b1100000000000000000000000000 M
0F
1E
b110 *
1%
0$
#81460000
1!
0%
#81480000
02
1F
0E
1N
03
b111010 1
b101 *
1%
1$
#81500000
0!
0%
#81520000
b11010 D
0N
b1000000000000000000000000000 M
0F
1E
b10 *
12
1%
0$
#81540000
1!
0%
#81560000
1F
0E
1N
0"
09
13
b111011 1
b101 *
02
1%
1$
#81580000
0!
0%
#81600000
b11011 D
0N
b0 M
0F
1E
b10 *
1%
0$
#81620000
1!
0%
#81640000
12
1F
0E
1N
03
b111100 1
b101 *
1%
1$
#81660000
0!
0%
#81680000
b11100 D
0N
0F
b10 *
02
1%
0$
#81700000
0%
#81720000
1F
1E
1N
1"
19
13
b111101 1
b100 *
12
1%
1$
#81740000
1!
0%
#81760000
b11101 D
0N
0F
b1 *
1%
0$
#81780000
0%
#81800000
02
1F
0E
1N
03
b111110 1
b11 *
1%
1$
#81820000
0!
0%
#81840000
b11110 D
0N
0F
b110 *
12
1%
0$
#81860000
0%
#81880000
1F
1E
1N
0"
09
13
b111111 1
b100 *
02
1%
1$
#81900000
1!
0%
#81920000
b11111 D
0N
0F
b1 *
1%
0$
#81940000
0%
#81960000
12
1F
0E
1N
03
14
b0 1
b11 *
1%
1$
#81980000
0!
0%
#82000000
b10000 J
0K
b0 D
b100111 7
b10001 :
1#
b1110111011101110 8
b111011101110111000000000000 ,
b111011101110111 0
b1000111 6
04
0N
0F
b110 *
02
1%
0$
#82020000
0%
#82040000
b10001000100000001 P
b10001000100010000000 O
1S
b11011 W
b10001000100000001 T
b1000100010000 Q
b1000100010001000 ;
b1000100010000 <
1E
b10 L
b1110111011101110000 M
1N
1"
19
13
b1 1
b0 5
0#
b10001000100001000100010001000 )
b10001000100001000100010001000 +
b10011001100110010 '
b1001100110011001 &
b100 *
b0 Z
12
1%
1$
#82060000
1!
0%
#82080000
b1 D
0N
b10001000100010000000 M
b1 *
1%
0$
#82100000
0%
#82120000
1N
03
b10 1
b11 *
b1 Y
1%
1$
#82140000
0%
#82160000
b10 D
0N
b111 *
1%
0$
#82180000
0%
#82200000
02
0E
1N
13
b11 1
b10 Y
1%
1$
#82220000
0!
0%
#82240000
b11 D
0N
b110 *
12
1%
0$
#82260000
0%
#82280000
1N
0"
09
03
b100 1
b100 *
b11 Y
02
1%
1$
#82300000
0%
#82320000
b100 D
0N
b0 *
1%
0$
#82340000
0%
#82360000
1F
1E
1N
13
b101 1
1%
1$
#82380000
1!
0%
#82400000
b101 D
0N
b100010001000100000000 M
0F
b1 *
1%
0$
#82420000
0%
#82440000
12
1F
0E
1N
03
b110 1
b11 *
1%
1$
#82460000
0!
0%
#82480000
b110 D
0N
b1000100010001000000000 M
0F
b110 *
02
1%
0$
#82500000
0%
#82520000
1F
1E
1N
1"
19
13
b111 1
b100 *
02
1%
1$
#82540000
1!
0%
#82560000
b111 D
0N
b10001000100010000000000 M
0F
b1 *
12
1%
0$
#82580000
0%
#82600000
1F
0E
1N
0"
09
03
b1000 1
b11 *
12
1%
1$
#82620000
0!
0%
#82640000
b1000 D
0N
b100010001000100000000000 M
0F
b110 *
02
1%
0$
#82660000
0%
#82680000
1F
1E
1N
1"
19
13
b1001 1
b100 *
12
1%
1$
#82700000
1!
0%
#82720000
b1001 D
0N
b1000100010001000000000000 M
0F
b1 *
1%
0$
#82740000
0%
#82760000
02
1F
0E
1N
03
b1010 1
b11 *
1%
1$
#82780000
0!
0%
#82800000
b1010 D
0N
b10001000100010000000000000 M
0F
b110 *
12
1%
0$
#82820000
0%
#82840000
1F
1E
1N
0"
09
13
b1011 1
b100 *
02
1%
1$
#82860000
1!
0%
#82880000
b1011 D
0N
b100010001000100000000000000 M
0F
b1 *
1%
0$
#82900000
0%
#82920000
12
1F
0E
1N
03
b1100 1
b11 *
1%
1$
#82940000
0!
0%
#82960000
b1100 D
0N
b1000100010001000000000000000 M
0F
b110 *
02
1%
0$
#82980000
0%
#83000000
1F
1E
1N
1"
19
13
b1101 1
b100 *
12
1%
1$
#83020000
1!
0%
#83040000
b1101 D
0N
b1000100010000000000000000 M
0F
0E
b1 *
1%
0$
#83060000
0!
0%
#83080000
02
1F
1E
1N
03
b1110 1
b10 *
1%
1$
#83100000
1!
0%
#83120000
b1110 D
0N
b10001000100000000000000000 M
0F
b101 *
12
1%
0$
#83140000
0%
#83160000
1F
0E
1N
0"
09
13
b1111 1
b11 *
02
1%
1$
#83180000
0!
0%
#83200000
b1111 D
0N
b100010001000000000000000000 M
0F
b110 *
1%
0$
#83220000
0%
#83240000
12
1F
1E
1N
03
b10000 1
b100 *
1%
1$
#83260000
1!
0%
#83280000
b10000 D
0N
b1000100010000000000000000000 M
0F
b1 *
02
1%
0$
#83300000
0%
#83320000
1F
0E
1N
1"
19
13
b10001 1
b11 *
12
1%
1$
#83340000
0!
0%
#83360000
b10001 D
0N
b1000100000000000000000000 M
0F
1E
b110 *
1%
0$
#83380000
1!
0%
#83400000
02
1F
0E
1N
03
b10010 1
b101 *
1%
1$
#83420000
0!
0%
#83440000
b10010 D
0N
b10001000000000000000000000 M
0F
b10 *
12
1%
0$
#83460000
0%
#83480000
1F
1E
1N
0"
09
13
b10011 1
b100 *
02
1%
1$
#83500000
1!
0%
#83520000
b10011 D
0N
b100010000000000000000000000 M
0F
b1 *
1%
0$
#83540000
0%
#83560000
12
1F
0E
1N
03
b10100 1
b11 *
1%
1$
#83580000
0!
0%
#83600000
b10100 D
0N
b1000100000000000000000000000 M
0F
b110 *
02
1%
0$
#83620000
0%
#83640000
1F
1E
1N
1"
19
13
b10101 1
b100 *
12
1%
1$
#83660000
1!
0%
#83680000
b10101 D
0N
b1000000000000000000000000 M
0F
0E
b1 *
1%
0$
#83700000
0!
0%
#83720000
02
1F
1E
1N
03
b10110 1
b10 *
1%
1$
#83740000
1!
0%
#83760000
b10110 D
0N
b10000000000000000000000000 M
0F
b101 *
12
1%
0$
#83780000
0%
#83800000
1F
0E
1N
0"
09
13
b10111 1
b11 *
02
1%
1$
#83820000
0!
0%
#83840000
b10111 D
0N
b100000000000000000000000000 M
0F
b110 *
1%
0$
#83860000
0%
#83880000
12
1F
1E
1N
03
b11000 1
b100 *
1%
1$
#83900000
1!
0%
#83920000
b11000 D
0N
b1000000000000000000000000000 M
0F
b1 *
02
1%
0$
#83940000
0%
#83960000
1F
0E
1N
1"
19
13
b11001 1
b1 5
b11 *
02
1%
1$
#83980000
0!
0%
#84000000
b11001 D
0N
b0 M
0F
1E
b110 *
12
1%
0$
#84020000
1!
0%
#84040000
1F
0E
1N
0"
09
03
b11010 1
b101 *
12
1%
1$
#84060000
0!
0%
#84080000
b11010 D
0N
0F
b10 *
02
1%
0$
#84100000
0%
#84120000
1F
1E
1N
1"
19
13
b11011 1
b10 5
b100 *
02
1%
1$
#84140000
1!
0%
#84160000
b11011 D
0N
0F
b1 *
12
1%
0$
#84180000
0%
#84200000
1F
0E
1N
0"
09
03
b11100 1
b11 *
12
1%
1$
#84220000
0!
0%
#84240000
b11100 D
0N
0F
b110 *
02
1%
0$
#84260000
0%
#84280000
1F
1E
1N
1"
19
13
b11101 1
b11 5
b100 *
02
1%
1$
#84300000
1!
0%
#84320000
b11101 D
0N
0F
b1 *
12
1%
0$
#84340000
0%
#84360000
1F
0E
1N
0"
09
03
b11110 1
b11 *
12
1%
1$
#84380000
0!
0%
#84400000
b11110 D
0N
0F
b110 *
02
1%
0$
#84420000
0%
#84440000
1F
1E
1N
1"
19
13
b11111 1
b100 *
12
1%
1$
#84460000
1!
0%
#84480000
b11111 D
0N
0F
b1 *
1%
0$
#84500000
0%
#84520000
02
1F
0E
1N
03
b100000 1
b11 *
1%
1$
#84540000
0!
0%
#84560000
1K
b0 D
0N
0F
b110 *
12
1%
0$
#84580000
0%
#84600000
1E
b11 L
b10001000100000001 M
1N
0"
09
13
b100001 1
b100 5
b100 *
b0 Y
12
1%
1$
#84620000
1!
0%
#84640000
b1 D
0N
b1 *
02
1%
0$
#84660000
0%
#84680000
0E
1N
1"
19
03
b100010 1
b11 *
b1 Z
02
1%
1$
#84700000
0!
0%
#84720000
b10 D
0N
b110 *
12
1%
0$
#84740000
0%
#84760000
1N
0"
09
13
b100011 1
b101 5
b100 *
b10 Z
12
1%
1$
#84780000
0%
#84800000
b11 D
0N
b0 *
02
1%
0$
#84820000
0%
#84840000
1N
1"
19
03
b100100 1
b11 Z
02
1%
1$
#84860000
0%
#84880000
b100 D
0N
12
1%
0$
#84900000
0%
#84920000
1F
1E
1N
0"
09
13
b100101 1
b110 5
12
1%
1$
#84940000
1!
0%
#84960000
b101 D
0N
b100010001000000010 M
0F
b1 *
02
1%
0$
#84980000
0%
#85000000
1F
0E
1N
1"
19
03
b100110 1
b11 *
02
1%
1$
#85020000
0!
0%
#85040000
b110 D
0N
b1000100010000000100 M
0F
b110 *
12
1%
0$
#85060000
0%
#85080000
1F
1E
1N
0"
09
13
b100111 1
b100 *
02
1%
1$
#85100000
1!
0%
#85120000
b111 D
0N
b10001000100000001000 M
0F
b1 *
1%
0$
#85140000
0%
#85160000
12
1F
0E
1N
03
b101000 1
b11 *
1%
1$
#85180000
0!
0%
#85200000
b1000 D
0N
b100010001000000010000 M
0F
b110 *
02
1%
0$
#85220000
0%
#85240000
1F
1E
1N
1"
19
13
b101001 1
b111 5
b100 *
02
1%
1$
#85260000
1!
0%
#85280000
b1001 D
0N
b1000100010000000100000 M
0F
b1 *
12
1%
0$
#85300000
0%
#85320000
1F
0E
1N
0"
09
03
b101010 1
b11 *
12
1%
1$
#85340000
0!
0%
#85360000
b1010 D
0N
b10001000100000001000000 M
0F
b110 *
02
1%
0$
#85380000
0%
#85400000
1F
1E
1N
1"
19
13
b101011 1
b1000 5
b100 *
02
1%
1$
#85420000
1!
0%
#85440000
b1011 D
0N
b100010001000000010000000 M
0F
b1 *
12
1%
0$
#85460000
0%
#85480000
1F
0E
1N
0"
09
03
b101100 1
b11 *
12
1%
1$
#85500000
0!
0%
#85520000
b1100 D
0N
b1000100010000000100000000 M
0F
b110 *
02
1%
0$
#85540000
0%
#85560000
1F
1E
1N
1"
19
13
b101101 1
b1001 5
b100 *
02
1%
1$
#85580000
1!
0%
#85600000
b1101 D
0N
b10001000100000001000000000 M
0F
b1 *
12
1%
0$
#85620000
0%
#85640000
1F
0E
1N
0"
09
03
b101110 1
b11 *
12
1%
1$
#85660000
0!
0%
#85680000
b1110 D
0N
b100010001000000010000000000 M
0F
b110 *
02
1%
0$
#85700000
0%
#85720000
1F
1E
1N
1"
19
13
b101111 1
b100 *
12
1%
1$
#85740000
1!
0%
#85760000
b1111 D
0N
b1000100010000000100000000000 M
0F
b1 *
1%
0$
#85780000
0%
#85800000
02
1F
0E
1N
03
b110000 1
b11 *
1%
1$
#85820000
0!
0%
#85840000
b10000 D
0N
b1000100000001000000000000 M
0F
1E
b110 *
12
1%
0$
#85860000
1!
0%
#85880000
1F
0E
1N
0"
09
13
b110001 1
b1010 5
b101 *
12
1%
1$
#85900000
0!
0%
#85920000
b10001 D
0N
b10001000000010000000000000 M
0F
b10 *
02
1%
0$
#85940000
0%
#85960000
1F
1E
1N
1"
19
03
b110010 1
b100 *
02
1%
1$
#85980000
1!
0%
#86000000
b10010 D
0N
b100010000000100000000000000 M
0F
b1 *
12
1%
0$
#86020000
0%
#86040000
1F
0E
1N
0"
09
13
b110011 1
b1011 5
b11 *
12
1%
1$
#86060000
0!
0%
#86080000
b10011 D
0N
b1000100000001000000000000000 M
0F
b110 *
02
1%
0$
#86100000
0%
#86120000
1F
1E
1N
1"
19
03
b110100 1
b100 *
02
1%
1$
#86140000
1!
0%
#86160000
b10100 D
0N
b1000000010000000000000000 M
0F
0E
b1 *
12
1%
0$
#86180000
0!
0%
#86200000
1F
1E
1N
0"
09
13
b110101 1
b1100 5
b10 *
12
1%
1$
#86220000
1!
0%
#86240000
b10101 D
0N
b10000000100000000000000000 M
0F
b101 *
02
1%
0$
#86260000
0%
#86280000
1F
0E
1N
1"
19
03
b110110 1
b11 *
02
1%
1$
#86300000
0!
0%
#86320000
b10110 D
0N
b100000001000000000000000000 M
0F
b110 *
12
1%
0$
#86340000
0%
#86360000
1F
1E
1N
0"
09
13
b110111 1
b100 *
02
1%
1$
#86380000
1!
0%
#86400000
b10111 D
0N
b1000000010000000000000000000 M
0F
b1 *
1%
0$
#86420000
0%
#86440000
12
1F
0E
1N
03
b111000 1
b11 *
1%
1$
#86460000
0!
0%
#86480000
b11000 D
0N
b100000000000000000000 M
0F
1E
b110 *
02
1%
0$
#86500000
1!
0%
#86520000
1F
0E
1N
1"
19
13
b111001 1
b101 *
12
1%
1$
#86540000
0!
0%
#86560000
b11001 D
0N
b1000000000000000000000 M
0F
b10 *
1%
0$
#86580000
0%
#86600000
02
1F
1E
1N
03
b111010 1
b100 *
1%
1$
#86620000
1!
0%
#86640000
b11010 D
0N
b10000000000000000000000 M
0F
b1 *
12
1%
0$
#86660000
0%
#86680000
1F
0E
1N
0"
09
13
b111011 1
b11 *
02
1%
1$
#86700000
0!
0%
#86720000
b11011 D
0N
b100000000000000000000000 M
0F
b110 *
1%
0$
#86740000
0%
#86760000
12
1F
1E
1N
03
b111100 1
b100 *
1%
1$
#86780000
1!
0%
#86800000
b11100 D
0N
b1000000000000000000000000 M
0F
b1 *
02
1%
0$
#86820000
0%
#86840000
1F
0E
1N
1"
19
13
b111101 1
b11 *
12
1%
1$
#86860000
0!
0%
#86880000
b11101 D
0N
b10000000000000000000000000 M
0F
b110 *
1%
0$
#86900000
0%
#86920000
02
1F
1E
1N
03
b111110 1
b100 *
1%
1$
#86940000
1!
0%
#86960000
b11110 D
0N
b100000000000000000000000000 M
0F
b1 *
12
1%
0$
#86980000
0%
#87000000
1F
0E
1N
0"
09
13
b111111 1
b11 *
02
1%
1$
#87020000
0!
0%
#87040000
b11111 D
0N
b1000000000000000000000000000 M
0F
b110 *
1%
0$
#87060000
0%
#87080000
12
1F
1E
1N
03
14
b0 1
b100 *
1%
1$
#87100000
1!
0%
#87120000
b10001 J
0K
b0 D
b1000111 7
b10010 :
b1110111011101110000000000000 ,
b1110111011101110 0
b100111 6
04
0N
b0 M
0F
0E
b1 *
02
1%
0$
#87140000
0!
0%
#87160000
1E
b10 L
b10001000100010000000 M
1N
1"
19
13
b1 1
b0 5
b10 *
b0 Z
12
1%
1$
#87180000
1!
0%
#87200000
b1 D
0N
b101 *
1%
0$
#87220000
0%
#87240000
1N
03
b10 1
b11 *
b1 Y
1%
1$
#87260000
0%
#87280000
b10 D
0N
b111 *
1%
0$
#87300000
0%
#87320000
02
0E
1N
13
b11 1
b10 Y
1%
1$
#87340000
0!
0%
#87360000
b11 D
0N
b110 *
12
1%
0$
#87380000
0%
#87400000
1N
0"
09
03
b100 1
b100 *
b11 Y
02
1%
1$
#87420000
0%
#87440000
b100 D
0N
b0 *
1%
0$
#87460000
0%
#87480000
12
1F
1E
1N
13
b101 1
1%
1$
#87500000
1!
0%
#87520000
b101 D
0N
b100010001000100000000 M
0F
b1 *
02
1%
0$
#87540000
0%
#87560000
1F
0E
1N
1"
19
03
b110 1
b11 *
02
1%
1$
#87580000
0!
0%
#87600000
b110 D
0N
b1000100010001000000000 M
0F
b110 *
12
1%
0$
#87620000
0%
#87640000
1F
1E
1N
0"
09
13
b111 1
b100 *
02
1%
1$
#87660000
1!
0%
#87680000
b111 D
0N
b10001000100010000000000 M
0F
b1 *
1%
0$
#87700000
0%
#87720000
12
1F
0E
1N
03
b1000 1
b11 *
1%
1$
#87740000
0!
0%
#87760000
b1000 D
0N
b100010001000100000000000 M
0F
b110 *
02
1%
0$
#87780000
0%
#87800000
1F
1E
1N
1"
19
13
b1001 1
b100 *
12
1%
1$
#87820000
1!
0%
#87840000
b1001 D
0N
b1000100010001000000000000 M
0F
b1 *
1%
0$
#87860000
0%
#87880000
02
1F
0E
1N
03
b1010 1
b11 *
1%
1$
#87900000
0!
0%
#87920000
b1010 D
0N
b10001000100010000000000000 M
0F
b110 *
12
1%
0$
#87940000
0%
#87960000
1F
1E
1N
0"
09
13
b1011 1
b100 *
02
1%
1$
#87980000
1!
0%
#88000000
b1011 D
0N
b100010001000100000000000000 M
0F
b1 *
1%
0$
#88020000
0%
#88040000
12
1F
0E
1N
03
b1100 1
b11 *
1%
1$
#88060000
0!
0%
#88080000
b1100 D
0N
b1000100010001000000000000000 M
0F
b110 *
02
1%
0$
#88100000
0%
#88120000
1F
1E
1N
1"
19
13
b1101 1
b100 *
12
1%
1$
#88140000
1!
0%
#88160000
b1101 D
0N
b1000100010000000000000000 M
0F
0E
b1 *
1%
0$
#88180000
0!
0%
#88200000
02
1F
1E
1N
03
b1110 1
b10 *
1%
1$
#88220000
1!
0%
#88240000
b1110 D
0N
b10001000100000000000000000 M
0F
b101 *
12
1%
0$
#88260000
0%
#88280000
1F
0E
1N
0"
09
13
b1111 1
b11 *
02
1%
1$
#88300000
0!
0%
#88320000
b1111 D
0N
b100010001000000000000000000 M
0F
b110 *
1%
0$
#88340000
0%
#88360000
12
1F
1E
1N
03
b10000 1
b100 *
1%
1$
#88380000
1!
0%
#88400000
b10000 D
0N
b1000100010000000000000000000 M
0F
b1 *
02
1%
0$
#88420000
0%
#88440000
1F
0E
1N
1"
19
13
b10001 1
b11 *
12
1%
1$
#88460000
0!
0%
#88480000
b10001 D
0N
b1000100000000000000000000 M
0F
1E
b110 *
1%
0$
#88500000
1!
0%
#88520000
02
1F
0E
1N
03
b10010 1
b101 *
1%
1$
#88540000
0!
0%
#88560000
b10010 D
0N
b10001000000000000000000000 M
0F
b10 *
12
1%
0$
#88580000
0%
#88600000
1F
1E
1N
0"
09
13
b10011 1
b100 *
02
1%
1$
#88620000
1!
0%
#88640000
b10011 D
0N
b100010000000000000000000000 M
0F
b1 *
1%
0$
#88660000
0%
#88680000
12
1F
0E
1N
03
b10100 1
b11 *
1%
1$
#88700000
0!
0%
#88720000
b10100 D
0N
b1000100000000000000000000000 M
0F
b110 *
02
1%
0$
#88740000
0%
#88760000
1F
1E
1N
1"
19
13
b10101 1
b100 *
12
1%
1$
#88780000
1!
0%
#88800000
b10101 D
0N
b1000000000000000000000000 M
0F
0E
b1 *
1%
0$
#88820000
0!
0%
#88840000
02
1F
1E
1N
03
b10110 1
b10 *
1%
1$
#88860000
1!
0%
#88880000
b10110 D
0N
b10000000000000000000000000 M
0F
b101 *
12
1%
0$
#88900000
0%
#88920000
1F
0E
1N
0"
09
13
b10111 1
b11 *
02
1%
1$
#88940000
0!
0%
#88960000
b10111 D
0N
b100000000000000000000000000 M
0F
b110 *
1%
0$
#88980000
0%
#89000000
12
1F
1E
1N
03
b11000 1
b100 *
1%
1$
#89020000
1!
0%
#89040000
b11000 D
0N
b1000000000000000000000000000 M
0F
b1 *
02
1%
0$
#89060000
0%
#89080000
1F
0E
1N
1"
19
13
b11001 1
b11 *
12
1%
1$
#89100000
0!
0%
#89120000
b11001 D
0N
b0 M
0F
1E
b110 *
1%
0$
#89140000
1!
0%
#89160000
02
1F
0E
1N
03
b11010 1
b101 *
1%
1$
#89180000
0!
0%
#89200000
b11010 D
0N
0F
b10 *
12
1%
0$
#89220000
0%
#89240000
1F
1E
1N
0"
09
13
b11011 1
b1 5
b100 *
12
1%
1$
#89260000
1!
0%
#89280000
b11011 D
0N
0F
b1 *
02
1%
0$
#89300000
0%
#89320000
1F
0E
1N
1"
19
03
b11100 1
b11 *
02
1%
1$
#89340000
0!
0%
#89360000
b11100 D
0N
0F
b110 *
12
1%
0$
#89380000
0%
#89400000
1F
1E
1N
0"
09
13
b11101 1
b10 5
b100 *
12
1%
1$
#89420000
1!
0%
#89440000
b11101 D
0N
0F
b1 *
02
1%
0$
#89460000
0%
#89480000
1F
0E
1N
1"
19
03
b11110 1
b11 *
02
1%
1$
#89500000
0!
0%
#89520000
b11110 D
0N
0F
b110 *
12
1%
0$
#89540000
0%
#89560000
1F
1E
1N
0"
09
13
b11111 1
b11 5
b100 *
12
1%
1$
#89580000
1!
0%
#89600000
b11111 D
0N
0F
b1 *
02
1%
0$
#89620000
0%
#89640000
1F
0E
1N
1"
19
03
b100000 1
b11 *
02
1%
1$
#89660000
0!
0%
#89680000
1K
b0 D
0N
0F
b110 *
12
1%
0$
#89700000
0%
#89720000
1E
b11 L
b10001000100000001 M
1N
0"
09
13
b100001 1
b100 *
b0 Y
02
1%
1$
#89740000
1!
0%
#89760000
b1 D
0N
b1 *
1%
0$
#89780000
0%
#89800000
12
0E
1N
03
b100010 1
b11 *
b1 Z
1%
1$
#89820000
0!
0%
#89840000
b10 D
0N
b110 *
02
1%
0$
#89860000
0%
#89880000
1N
1"
19
13
b100011 1
b100 5
b100 *
b10 Z
02
1%
1$
#89900000
0%
#89920000
b11 D
0N
b0 *
12
1%
0$
#89940000
0%
#89960000
1N
0"
09
03
b100100 1
b11 Z
12
1%
1$
#89980000
0%
#90000000
b100 D
0N
02
1%
0$
#90020000
0%
#90040000
1F
1E
1N
1"
19
13
b100101 1
b101 5
02
1%
1$
#90060000
1!
0%
#90080000
b101 D
0N
b100010001000000010 M
0F
b1 *
12
1%
0$
#90100000
0%
#90120000
1F
0E
1N
0"
09
03
b100110 1
b11 *
12
1%
1$
#90140000
0!
0%
#90160000
b110 D
0N
b1000100010000000100 M
0F
b110 *
02
1%
0$
#90180000
0%
#90200000
1F
1E
1N
1"
19
13
b100111 1
b110 5
b100 *
02
1%
1$
#90220000
1!
0%
#90240000
b111 D
0N
b10001000100000001000 M
0F
b1 *
12
1%
0$
#90260000
0%
#90280000
1F
0E
1N
0"
09
03
b101000 1
b11 *
12
1%
1$
#90300000
0!
0%
#90320000
b1000 D
0N
b100010001000000010000 M
0F
b110 *
02
1%
0$
#90340000
0%
#90360000
1F
1E
1N
1"
19
13
b101001 1
b100 *
12
1%
1$
#90380000
1!
0%
#90400000
b1001 D
0N
b1000100010000000100000 M
0F
b1 *
1%
0$
#90420000
0%
#90440000
02
1F
0E
1N
03
b101010 1
b11 *
1%
1$
#90460000
0!
0%
#90480000
b1010 D
0N
b10001000100000001000000 M
0F
b110 *
12
1%
0$
#90500000
0%
#90520000
1F
1E
1N
0"
09
13
b101011 1
b111 5
b100 *
12
1%
1$
#90540000
1!
0%
#90560000
b1011 D
0N
b100010001000000010000000 M
0F
b1 *
02
1%
0$
#90580000
0%
#90600000
1F
0E
1N
1"
19
03
b101100 1
b11 *
02
1%
1$
#90620000
0!
0%
#90640000
b1100 D
0N
b1000100010000000100000000 M
0F
b110 *
12
1%
0$
#90660000
0%
#90680000
1F
1E
1N
0"
09
13
b101101 1
b1000 5
b100 *
12
1%
1$
#90700000
1!
0%
#90720000
b1101 D
0N
b10001000100000001000000000 M
0F
b1 *
02
1%
0$
#90740000
0%
#90760000
1F
0E
1N
1"
19
03
b101110 1
b11 *
02
1%
1$
#90780000
0!
0%
#90800000
b1110 D
0N
b100010001000000010000000000 M
0F
b110 *
12
1%
0$
#90820000
0%
#90840000
1F
1E
1N
0"
09
13
b101111 1
b1001 5
b100 *
12
1%
1$
#90860000
1!
0%
#90880000
b1111 D
0N
b1000100010000000100000000000 M
0F
b1 *
02
1%
0$
#90900000
0%
#90920000
1F
0E
1N
1"
19
03
b110000 1
b11 *
02
1%
1$
#90940000
0!
0%
#90960000
b10000 D
0N
b1000100000001000000000000 M
0F
1E
b110 *
12
1%
0$
#90980000
1!
0%
#91000000
1F
0E
1N
0"
09
13
b110001 1
b101 *
02
1%
1$
#91020000
0!
0%
#91040000
b10001 D
0N
b10001000000010000000000000 M
0F
b10 *
1%
0$
#91060000
0%
#91080000
12
1F
1E
1N
03
b110010 1
b100 *
1%
1$
#91100000
1!
0%
#91120000
b10010 D
0N
b100010000000100000000000000 M
0F
b1 *
02
1%
0$
#91140000
0%
#91160000
1F
0E
1N
1"
19
13
b110011 1
b1010 5
b11 *
02
1%
1$
#91180000
0!
0%
#91200000
b10011 D
0N
b1000100000001000000000000000 M
0F
b110 *
12
1%
0$
#91220000
0%
#91240000
1F
1E
1N
0"
09
03
b110100 1
b100 *
12
1%
1$
#91260000
1!
0%
#91280000
b10100 D
0N
b1000000010000000000000000 M
0F
0E
b1 *
02
1%
0$
#91300000
0!
0%
#91320000
1F
1E
1N
1"
19
13
b110101 1
b1011 5
b10 *
02
1%
1$
#91340000
1!
0%
#91360000
b10101 D
0N
b10000000100000000000000000 M
0F
b101 *
12
1%
0$
#91380000
0%
#91400000
1F
0E
1N
0"
09
03
b110110 1
b11 *
12
1%
1$
#91420000
0!
0%
#91440000
b10110 D
0N
b100000001000000000000000000 M
0F
b110 *
02
1%
0$
#91460000
0%
#91480000
1F
1E
1N
1"
19
13
b110111 1
b1100 5
b100 *
02
1%
1$
#91500000
1!
0%
#91520000
b10111 D
0N
b1000000010000000000000000000 M
0F
b1 *
12
1%
0$
#91540000
0%
#91560000
1F
0E
1N
0"
09
03
b111000 1
b11 *
12
1%
1$
#91580000
0!
0%
#91600000
b11000 D
0N
b100000000000000000000 M
0F
1E
b110 *
02
1%
0$
#91620000
1!
0%
#91640000
1F
0E
1N
1"
19
13
b111001 1
b101 *
12
1%
1$
#91660000
0!
0%
#91680000
b11001 D
0N
b1000000000000000000000 M
0F
b10 *
1%
0$
#91700000
0%
#91720000
02
1F
1E
1N
03
b111010 1
b100 *
1%
1$
#91740000
1!
0%
#91760000
b11010 D
0N
b10000000000000000000000 M
0F
b1 *
12
1%
0$
#91780000
0%
#91800000
1F
0E
1N
0"
09
13
b111011 1
b11 *
02
1%
1$
#91820000
0!
0%
#91840000
b11011 D
0N
b100000000000000000000000 M
0F
b110 *
1%
0$
#91860000
0%
#91880000
12
1F
1E
1N
03
b111100 1
b100 *
1%
1$
#91900000
1!
0%
#91920000
b11100 D
0N
b1000000000000000000000000 M
0F
b1 *
02
1%
0$
#91940000
0%
#91960000
1F
0E
1N
1"
19
13
b111101 1
b11 *
12
1%
1$
#91980000
0!
0%
#92000000
b11101 D
0N
b10000000000000000000000000 M
0F
b110 *
1%
0$
#92020000
0%
#92040000
02
1F
1E
1N
03
b111110 1
b100 *
1%
1$
#92060000
1!
0%
#92080000
b11110 D
0N
b100000000000000000000000000 M
0F
b1 *
12
1%
0$
#92100000
0%
#92120000
1F
0E
1N
0"
09
13
b111111 1
b11 *
02
1%
1$
#92140000
0!
0%
#92160000
b11111 D
0N
b1000000000000000000000000000 M
0F
b110 *
1%
0$
#92180000
0%
#92200000
12
1F
1E
1N
03
14
b0 1
b100 *
1%
1$
#92220000
1!
0%
#92240000
b10010 J
0K
b0 D
b100111 7
b10011 :
1#
b1000100010000 8
b1000100010001000000000000000 ,
b1000100010001000 0
b1000111 6
04
0N
b0 M
0F
0E
b1 *
02
1%
0$
#92260000
0!
0%
#92280000
b110011001100100001 P
b10011001100110010000 O
b11011 W
1S
b110011001100100001 T
b11001100110010 Q
b1001100110011001 ;
b11001100110010 <
1E
b10 L
b10001000100010000000 M
1N
1"
19
13
b1 1
b0 5
0#
b110011001100101001100110011001 )
b110011001100101001100110011001 +
b10101010101010100 '
b1010101010101010 &
b10 *
b0 Z
12
1%
1$
#92300000
1!
0%
#92320000
b1 D
0N
b10011001100110010000 M
b101 *
1%
0$
#92340000
0%
#92360000
1N
03
b10 1
b11 *
b1 Y
1%
1$
#92380000
0%
#92400000
b10 D
0N
b111 *
1%
0$
#92420000
0%
#92440000
02
0E
1N
13
b11 1
b10 Y
1%
1$
#92460000
0!
0%
#92480000
b11 D
0N
b110 *
12
1%
0$
#92500000
0%
#92520000
1N
0"
09
03
b100 1
b100 *
b11 Y
02
1%
1$
#92540000
0%
#92560000
b100 D
0N
b0 *
1%
0$
#92580000
0%
#92600000
1F
1E
1N
13
b101 1
1%
1$
#92620000
1!
0%
#92640000
b101 D
0N
b100110011001100100000 M
0F
b1 *
1%
0$
#92660000
0%
#92680000
12
1F
0E
1N
03
b110 1
b11 *
1%
1$
#92700000
0!
0%
#92720000
b110 D
0N
b1001100110011001000000 M
0F
b110 *
02
1%
0$
#92740000
0%
#92760000
1F
1E
1N
1"
19
13
b111 1
b100 *
02
1%
1$
#92780000
1!
0%
#92800000
b111 D
0N
b10011001100110010000000 M
0F
b1 *
12
1%
0$
#92820000
0%
#92840000
1F
0E
1N
0"
09
03
b1000 1
b11 *
12
1%
1$
#92860000
0!
0%
#92880000
b1000 D
0N
b100110011001100100000000 M
0F
b110 *
02
1%
0$
#92900000
0%
#92920000
1F
1E
1N
1"
19
13
b1001 1
b100 *
12
1%
1$
#92940000
1!
0%
#92960000
b1001 D
0N
b1001100110011001000000000 M
0F
b1 *
1%
0$
#92980000
0%
#93000000
02
1F
0E
1N
03
b1010 1
b11 *
1%
1$
#93020000
0!
0%
#93040000
b1010 D
0N
b10011001100110010000000000 M
0F
b110 *
12
1%
0$
#93060000
0%
#93080000
1F
1E
1N
0"
09
13
b1011 1
b100 *
02
1%
1$
#93100000
1!
0%
#93120000
b1011 D
0N
b100110011001100100000000000 M
0F
b1 *
1%
0$
#93140000
0%
#93160000
12
1F
0E
1N
03
b1100 1
b11 *
1%
1$
#93180000
0!
0%
#93200000
b1100 D
0N
b1001100110011001000000000000 M
0F
b110 *
02
1%
0$
#93220000
0%
#93240000
1F
1E
1N
1"
19
13
b1101 1
b100 *
12
1%
1$
#93260000
1!
0%
#93280000
b1101 D
0N
b11001100110010000000000000 M
0F
0E
b1 *
1%
0$
#93300000
0!
0%
#93320000
02
1F
1E
1N
03
b1110 1
b10 *
1%
1$
#93340000
1!
0%
#93360000
b1110 D
0N
b110011001100100000000000000 M
0F
b101 *
12
1%
0$
#93380000
0%
#93400000
1F
0E
1N
0"
09
13
b1111 1
b11 *
02
1%
1$
#93420000
0!
0%
#93440000
b1111 D
0N
b1100110011001000000000000000 M
0F
b110 *
1%
0$
#93460000
0%
#93480000
12
1F
1E
1N
03
b10000 1
b100 *
1%
1$
#93500000
1!
0%
#93520000
b10000 D
0N
b1001100110010000000000000000 M
0F
0E
b1 *
02
1%
0$
#93540000
0!
0%
#93560000
1F
1E
1N
1"
19
13
b10001 1
b10 *
12
1%
1$
#93580000
1!
0%
#93600000
b10001 D
0N
b11001100100000000000000000 M
0F
0E
b101 *
1%
0$
#93620000
0!
0%
#93640000
02
1F
1E
1N
03
b10010 1
b10 *
1%
1$
#93660000
1!
0%
#93680000
b10010 D
0N
b110011001000000000000000000 M
0F
b101 *
12
1%
0$
#93700000
0%
#93720000
1F
0E
1N
0"
09
13
b10011 1
b11 *
02
1%
1$
#93740000
0!
0%
#93760000
b10011 D
0N
b1100110010000000000000000000 M
0F
b110 *
1%
0$
#93780000
0%
#93800000
12
1F
1E
1N
03
b10100 1
b100 *
1%
1$
#93820000
1!
0%
#93840000
b10100 D
0N
b1001100100000000000000000000 M
0F
0E
b1 *
02
1%
0$
#93860000
0!
0%
#93880000
1F
1E
1N
1"
19
13
b10101 1
b10 *
12
1%
1$
#93900000
1!
0%
#93920000
b10101 D
0N
b11001000000000000000000000 M
0F
0E
b101 *
1%
0$
#93940000
0!
0%
#93960000
02
1F
1E
1N
03
b10110 1
b10 *
1%
1$
#93980000
1!
0%
#94000000
b10110 D
0N
b110010000000000000000000000 M
0F
b101 *
12
1%
0$
#94020000
0%
#94040000
1F
0E
1N
0"
09
13
b10111 1
b11 *
02
1%
1$
#94060000
0!
0%
#94080000
b10111 D
0N
b1100100000000000000000000000 M
0F
b110 *
1%
0$
#94100000
0%
#94120000
12
1F
1E
1N
03
b11000 1
b100 *
1%
1$
#94140000
1!
0%
#94160000
b11000 D
0N
b1001000000000000000000000000 M
0F
0E
b1 *
02
1%
0$
#94180000
0!
0%
#94200000
1F
1E
1N
1"
19
13
b11001 1
b10 *
12
1%
1$
#94220000
1!
0%
#94240000
b11001 D
0N
b10000000000000000000000000 M
0F
0E
b101 *
1%
0$
#94260000
0!
0%
#94280000
02
1F
1E
1N
03
b11010 1
b10 *
1%
1$
#94300000
1!
0%
#94320000
b11010 D
0N
b100000000000000000000000000 M
0F
b101 *
12
1%
0$
#94340000
0%
#94360000
1F
0E
1N
0"
09
13
b11011 1
b11 *
02
1%
1$
#94380000
0!
0%
#94400000
b11011 D
0N
b1000000000000000000000000000 M
0F
b110 *
1%
0$
#94420000
0%
#94440000
12
1F
1E
1N
03
b11100 1
b100 *
1%
1$
#94460000
1!
0%
#94480000
b11100 D
0N
b0 M
0F
0E
b1 *
02
1%
0$
#94500000
0!
0%
#94520000
1F
1E
1N
1"
19
13
b11101 1
b10 *
12
1%
1$
#94540000
1!
0%
#94560000
b11101 D
0N
0F
b101 *
1%
0$
#94580000
0%
#94600000
02
1F
0E
1N
03
b11110 1
b11 *
1%
1$
#94620000
0!
0%
#94640000
b11110 D
0N
0F
b110 *
12
1%
0$
#94660000
0%
#94680000
1F
1E
1N
0"
09
13
b11111 1
b1 5
b100 *
12
1%
1$
#94700000
1!
0%
#94720000
b11111 D
0N
0F
b1 *
02
1%
0$
#94740000
0%
#94760000
1F
0E
1N
1"
19
03
b100000 1
b11 *
02
1%
1$
#94780000
0!
0%
#94800000
1K
b0 D
0N
0F
b110 *
12
1%
0$
#94820000
0%
#94840000
1E
b11 L
b110011001100100001 M
1N
0"
09
13
b100001 1
b100 *
b0 Y
02
1%
1$
#94860000
1!
0%
#94880000
b1 D
0N
b1 *
1%
0$
#94900000
0%
#94920000
12
0E
1N
03
b100010 1
b11 *
b1 Z
1%
1$
#94940000
0!
0%
#94960000
b10 D
0N
b110 *
02
1%
0$
#94980000
0%
#95000000
1N
1"
19
13
b100011 1
b100 *
b10 Z
12
1%
1$
#95020000
0%
#95040000
b11 D
0N
b0 *
1%
0$
#95060000
0%
#95080000
02
1N
03
b100100 1
b11 Z
1%
1$
#95100000
0%
#95120000
b100 D
0N
12
1%
0$
#95140000
0%
#95160000
1F
1E
1N
0"
09
13
b100101 1
02
1%
1$
#95180000
1!
0%
#95200000
b101 D
0N
b1100110011001000010 M
0F
b1 *
1%
0$
#95220000
0%
#95240000
12
1F
0E
1N
03
b100110 1
b11 *
1%
1$
#95260000
0!
0%
#95280000
b110 D
0N
b11001100110010000100 M
0F
b110 *
02
1%
0$
#95300000
0%
#95320000
1F
1E
1N
1"
19
13
b100111 1
b10 5
b100 *
02
1%
1$
#95340000
1!
0%
#95360000
b111 D
0N
b110011001100100001000 M
0F
b1 *
12
1%
0$
#95380000
0%
#95400000
1F
0E
1N
0"
09
03
b101000 1
b11 *
12
1%
1$
#95420000
0!
0%
#95440000
b1000 D
0N
b1100110011001000010000 M
0F
b110 *
02
1%
0$
#95460000
0%
#95480000
1F
1E
1N
1"
19
13
b101001 1
b100 *
12
1%
1$
#95500000
1!
0%
#95520000
b1001 D
0N
b11001100110010000100000 M
0F
b1 *
1%
0$
#95540000
0%
#95560000
02
1F
0E
1N
03
b101010 1
b11 *
1%
1$
#95580000
0!
0%
#95600000
b1010 D
0N
b110011001100100001000000 M
0F
b110 *
12
1%
0$
#95620000
0%
#95640000
1F
1E
1N
0"
09
13
b101011 1
b100 *
02
1%
1$
#95660000
1!
0%
#95680000
b1011 D
0N
b1100110011001000010000000 M
0F
b1 *
1%
0$
#95700000
0%
#95720000
12
1F
0E
1N
03
b101100 1
b11 *
1%
1$
#95740000
0!
0%
#95760000
b1100 D
0N
b11001100110010000100000000 M
0F
b110 *
02
1%
0$
#95780000
0%
#95800000
1F
1E
1N
1"
19
13
b101101 1
b100 *
12
1%
1$
#95820000
1!
0%
#95840000
b1101 D
0N
b110011001100100001000000000 M
0F
b1 *
1%
0$
#95860000
0%
#95880000
02
1F
0E
1N
03
b101110 1
b11 *
1%
1$
#95900000
0!
0%
#95920000
b1110 D
0N
b1100110011001000010000000000 M
0F
b110 *
12
1%
0$
#95940000
0%
#95960000
1F
1E
1N
0"
09
13
b101111 1
b11 5
b100 *
12
1%
1$
#95980000
1!
0%
#96000000
b1111 D
0N
b1001100110010000100000000000 M
0F
0E
b1 *
02
1%
0$
#96020000
0!
0%
#96040000
1F
1E
1N
1"
19
03
b110000 1
b10 *
02
1%
1$
#96060000
1!
0%
#96080000
b10000 D
0N
b11001100100001000000000000 M
0F
0E
b101 *
12
1%
0$
#96100000
0!
0%
#96120000
1F
1E
1N
0"
09
13
b110001 1
b10 *
02
1%
1$
#96140000
1!
0%
#96160000
b10001 D
0N
b110011001000010000000000000 M
0F
b101 *
1%
0$
#96180000
0%
#96200000
12
1F
0E
1N
03
b110010 1
b11 *
1%
1$
#96220000
0!
0%
#96240000
b10010 D
0N
b1100110010000100000000000000 M
0F
b110 *
02
1%
0$
#96260000
0%
#96280000
1F
1E
1N
1"
19
13
b110011 1
b100 *
12
1%
1$
#96300000
1!
0%
#96320000
b10011 D
0N
b1001100100001000000000000000 M
0F
0E
b1 *
1%
0$
#96340000
0!
0%
#96360000
02
1F
1E
1N
03
b110100 1
b10 *
1%
1$
#96380000
1!
0%
#96400000
b10100 D
0N
b11001000010000000000000000 M
0F
0E
b101 *
12
1%
0$
#96420000
0!
0%
#96440000
1F
1E
1N
0"
09
13
b110101 1
b10 *
02
1%
1$
#96460000
1!
0%
#96480000
b10101 D
0N
b110010000100000000000000000 M
0F
b101 *
1%
0$
#96500000
0%
#96520000
12
1F
0E
1N
03
b110110 1
b11 *
1%
1$
#96540000
0!
0%
#96560000
b10110 D
0N
b1100100001000000000000000000 M
0F
b110 *
02
1%
0$
#96580000
0%
#96600000
1F
1E
1N
1"
19
13
b110111 1
b100 5
b100 *
02
1%
1$
#96620000
1!
0%
#96640000
b10111 D
0N
b1001000010000000000000000000 M
0F
0E
b1 *
12
1%
0$
#96660000
0!
0%
#96680000
1F
1E
1N
0"
09
03
b111000 1
b10 *
12
1%
1$
#96700000
1!
0%
#96720000
b11000 D
0N
b10000100000000000000000000 M
0F
0E
b101 *
02
1%
0$
#96740000
0!
0%
#96760000
1F
1E
1N
1"
19
13
b111001 1
b10 *
12
1%
1$
#96780000
1!
0%
#96800000
b11001 D
0N
b100001000000000000000000000 M
0F
b101 *
1%
0$
#96820000
0%
#96840000
02
1F
0E
1N
03
b111010 1
b11 *
1%
1$
#96860000
0!
0%
#96880000
b11010 D
0N
b1000010000000000000000000000 M
0F
b110 *
12
1%
0$
#96900000
0%
#96920000
1F
1E
1N
0"
09
13
b111011 1
b100 *
02
1%
1$
#96940000
1!
0%
#96960000
b11011 D
0N
b100000000000000000000000 M
0F
0E
b1 *
1%
0$
#96980000
0!
0%
#97000000
12
1F
1E
1N
03
b111100 1
b10 *
1%
1$
#97020000
1!
0%
#97040000
b11100 D
0N
b1000000000000000000000000 M
0F
b101 *
02
1%
0$
#97060000
0%
#97080000
1F
0E
1N
1"
19
13
b111101 1
b11 *
12
1%
1$
#97100000
0!
0%
#97120000
b11101 D
0N
b10000000000000000000000000 M
0F
b110 *
1%
0$
#97140000
0%
#97160000
02
1F
1E
1N
03
b111110 1
b100 *
1%
1$
#97180000
1!
0%
#97200000
b11110 D
0N
b100000000000000000000000000 M
0F
b1 *
12
1%
0$
#97220000
0%
#97240000
1F
0E
1N
0"
09
13
b111111 1
b11 *
02
1%
1$
#97260000
0!
0%
#97280000
b11111 D
0N
b1000000000000000000000000000 M
0F
b110 *
1%
0$
#97300000
0%
#97320000
12
1F
1E
1N
03
14
b0 1
b100 *
1%
1$
#97340000
1!
0%
#97360000
b10011 J
0K
b0 D
b1000111 7
b10100 :
b1000100010000000000000000 ,
b1000100010000 0
b100111 6
04
0N
b0 M
0F
0E
b1 *
02
1%
0$
#97380000
0!
0%
#97400000
1E
b10 L
b10011001100110010000 M
1N
1"
19
13
b1 1
b0 5
b10 *
b0 Z
12
1%
1$
#97420000
1!
0%
#97440000
b1 D
0N
b101 *
1%
0$
#97460000
0%
#97480000
1N
03
b10 1
b11 *
b1 Y
1%
1$
#97500000
0%
#97520000
b10 D
0N
b111 *
1%
0$
#97540000
0%
#97560000
02
0E
1N
13
b11 1
b10 Y
1%
1$
#97580000
0!
0%
#97600000
b11 D
0N
b110 *
12
1%
0$
#97620000
0%
#97640000
1N
0"
09
03
b100 1
b100 *
b11 Y
02
1%
1$
#97660000
0%
#97680000
b100 D
0N
b0 *
1%
0$
#97700000
0%
#97720000
12
1F
1E
1N
13
b101 1
1%
1$
#97740000
1!
0%
#97760000
b101 D
0N
b100110011001100100000 M
0F
b1 *
02
1%
0$
#97780000
0%
#97800000
1F
0E
1N
1"
19
03
b110 1
b11 *
02
1%
1$
#97820000
0!
0%
#97840000
b110 D
0N
b1001100110011001000000 M
0F
b110 *
12
1%
0$
#97860000
0%
#97880000
1F
1E
1N
0"
09
13
b111 1
b100 *
02
1%
1$
#97900000
1!
0%
#97920000
b111 D
0N
b10011001100110010000000 M
0F
b1 *
1%
0$
#97940000
0%
#97960000
12
1F
0E
1N
03
b1000 1
b11 *
1%
1$
#97980000
0!
0%
#98000000
b1000 D
0N
b100110011001100100000000 M
0F
b110 *
02
1%
0$
#98020000
0%
#98040000
1F
1E
1N
1"
19
13
b1001 1
b100 *
12
1%
1$
#98060000
1!
0%
#98080000
b1001 D
0N
b1001100110011001000000000 M
0F
b1 *
1%
0$
#98100000
0%
#98120000
02
1F
0E
1N
03
b1010 1
b11 *
1%
1$
#98140000
0!
0%
#98160000
b1010 D
0N
b10011001100110010000000000 M
0F
b110 *
12
1%
0$
#98180000
0%
#98200000
1F
1E
1N
0"
09
13
b1011 1
b100 *
02
1%
1$
#98220000
1!
0%
#98240000
b1011 D
0N
b100110011001100100000000000 M
0F
b1 *
1%
0$
#98260000
0%
#98280000
12
1F
0E
1N
03
b1100 1
b11 *
1%
1$
#98300000
0!
0%
#98320000
b1100 D
0N
b1001100110011001000000000000 M
0F
b110 *
02
1%
0$
#98340000
0%
#98360000
1F
1E
1N
1"
19
13
b1101 1
b100 *
12
1%
1$
#98380000
1!
0%
#98400000
b1101 D
0N
b11001100110010000000000000 M
0F
0E
b1 *
1%
0$
#98420000
0!
0%
#98440000
02
1F
1E
1N
03
b1110 1
b10 *
1%
1$
#98460000
1!
0%
#98480000
b1110 D
0N
b110011001100100000000000000 M
0F
b101 *
12
1%
0$
#98500000
0%
#98520000
1F
0E
1N
0"
09
13
b1111 1
b11 *
02
1%
1$
#98540000
0!
0%
#98560000
b1111 D
0N
b1100110011001000000000000000 M
0F
b110 *
1%
0$
#98580000
0%
#98600000
12
1F
1E
1N
03
b10000 1
b100 *
1%
1$
#98620000
1!
0%
#98640000
b10000 D
0N
b1001100110010000000000000000 M
0F
0E
b1 *
02
1%
0$
#98660000
0!
0%
#98680000
1F
1E
1N
1"
19
13
b10001 1
b10 *
12
1%
1$
#98700000
1!
0%
#98720000
b10001 D
0N
b11001100100000000000000000 M
0F
0E
b101 *
1%
0$
#98740000
0!
0%
#98760000
02
1F
1E
1N
03
b10010 1
b10 *
1%
1$
#98780000
1!
0%
#98800000
b10010 D
0N
b110011001000000000000000000 M
0F
b101 *
12
1%
0$
#98820000
0%
#98840000
1F
0E
1N
0"
09
13
b10011 1
b11 *
02
1%
1$
#98860000
0!
0%
#98880000
b10011 D
0N
b1100110010000000000000000000 M
0F
b110 *
1%
0$
#98900000
0%
#98920000
12
1F
1E
1N
03
b10100 1
b100 *
1%
1$
#98940000
1!
0%
#98960000
b10100 D
0N
b1001100100000000000000000000 M
0F
0E
b1 *
02
1%
0$
#98980000
0!
0%
#99000000
1F
1E
1N
1"
19
13
b10101 1
b10 *
12
1%
1$
#99020000
1!
0%
#99040000
b10101 D
0N
b11001000000000000000000000 M
0F
0E
b101 *
1%
0$
#99060000
0!
0%
#99080000
02
1F
1E
1N
03
b10110 1
b10 *
1%
1$
#99100000
1!
0%
#99120000
b10110 D
0N
b110010000000000000000000000 M
0F
b101 *
12
1%
0$
#99140000
0%
#99160000
1F
0E
1N
0"
09
13
b10111 1
b11 *
02
1%
1$
#99180000
0!
0%
#99200000
b10111 D
0N
b1100100000000000000000000000 M
0F
b110 *
1%
0$
#99220000
0%
#99240000
12
1F
1E
1N
03
b11000 1
b100 *
1%
1$
#99260000
1!
0%
#99280000
b11000 D
0N
b1001000000000000000000000000 M
0F
0E
b1 *
02
1%
0$
#99300000
0!
0%
#99320000
1F
1E
1N
1"
19
13
b11001 1
b10 *
12
1%
1$
#99340000
1!
0%
#99360000
b11001 D
0N
b10000000000000000000000000 M
0F
0E
b101 *
1%
0$
#99380000
0!
0%
#99400000
02
1F
1E
1N
03
b11010 1
b10 *
1%
1$
#99420000
1!
0%
#99440000
b11010 D
0N
b100000000000000000000000000 M
0F
b101 *
12
1%
0$
#99460000
0%
#99480000
1F
0E
1N
0"
09
13
b11011 1
b11 *
02
1%
1$
#99500000
0!
0%
#99520000
b11011 D
0N
b1000000000000000000000000000 M
0F
b110 *
1%
0$
#99540000
0%
#99560000
12
1F
1E
1N
03
b11100 1
b100 *
1%
1$
#99580000
1!
0%
#99600000
b11100 D
0N
b0 M
0F
0E
b1 *
02
1%
0$
#99620000
0!
0%
#99640000
1F
1E
1N
1"
19
13
b11101 1
b10 *
12
1%
1$
#99660000
1!
0%
#99680000
b11101 D
0N
0F
b101 *
1%
0$
#99700000
0%
#99720000
02
1F
0E
1N
03
b11110 1
b11 *
1%
1$
#99740000
0!
0%
#99760000
b11110 D
0N
0F
b110 *
12
1%
0$
#99780000
0%
#99800000
1F
1E
1N
0"
09
13
b11111 1
b100 *
02
1%
1$
#99820000
1!
0%
#99840000
b11111 D
0N
0F
b1 *
1%
0$
#99860000
0%
#99880000
12
1F
0E
1N
03
b100000 1
b11 *
1%
1$
#99900000
0!
0%
#99920000
1K
b0 D
0N
0F
b110 *
02
1%
0$
#99940000
0%
#99960000
1E
b11 L
b110011001100100001 M
1N
1"
19
13
b100001 1
b1 5
b100 *
b0 Y
02
1%
1$
#99980000
1!
0%
#100000000
b1 D
0N
b1 *
12
1%
0$
#100020000
0%
#100040000
0E
1N
0"
09
03
b100010 1
b11 *
b1 Z
12
1%
1$
#100060000
0!
0%
#100080000
b10 D
0N
b110 *
02
1%
0$
#100100000
0%
#100120000
1N
1"
19
13
b100011 1
b100 *
b10 Z
12
1%
1$
#100140000
0%
#100160000
b11 D
0N
b0 *
1%
0$
#100180000
0%
#100200000
02
1N
03
b100100 1
b11 Z
1%
1$
#100220000
0%
#100240000
b100 D
0N
12
1%
0$
#100260000
0%
#100280000
1F
1E
1N
0"
09
13
b100101 1
02
1%
1$
#100300000
1!
0%
#100320000
b101 D
0N
b1100110011001000010 M
0F
b1 *
1%
0$
#100340000
0%
#100360000
12
1F
0E
1N
03
b100110 1
b11 *
1%
1$
#100380000
0!
0%
#100400000
b110 D
0N
b11001100110010000100 M
0F
b110 *
02
1%
0$
#100420000
0%
#100440000
1F
1E
1N
1"
19
13
b100111 1
b100 *
12
1%
1$
#100460000
1!
0%
#100480000
b111 D
0N
b110011001100100001000 M
0F
b1 *
1%
0$
#100500000
0%
#100520000
02
1F
0E
1N
03
b101000 1
b11 *
1%
1$
#100540000
0!
0%
#100560000
b1000 D
0N
b1100110011001000010000 M
0F
b110 *
12
1%
0$
#100580000
0%
#100600000
1F
1E
1N
0"
09
13
b101001 1
b10 5
b100 *
12
1%
1$
#100620000
1!
0%
#100640000
b1001 D
0N
b11001100110010000100000 M
0F
b1 *
02
1%
0$
#100660000
0%
#100680000
1F
0E
1N
1"
19
03
b101010 1
b11 *
02
1%
1$
#100700000
0!
0%
#100720000
b1010 D
0N
b110011001100100001000000 M
0F
b110 *
12
1%
0$
#100740000
0%
#100760000
1F
1E
1N
0"
09
13
b101011 1
b100 *
02
1%
1$
#100780000
1!
0%
#100800000
b1011 D
0N
b1100110011001000010000000 M
0F
b1 *
1%
0$
#100820000
0%
#100840000
12
1F
0E
1N
03
b101100 1
b11 *
1%
1$
#100860000
0!
0%
#100880000
b1100 D
0N
b11001100110010000100000000 M
0F
b110 *
02
1%
0$
#100900000
0%
#100920000
1F
1E
1N
1"
19
13
b101101 1
b100 *
12
1%
1$
#100940000
1!
0%
#100960000
b1101 D
0N
b110011001100100001000000000 M
0F
b1 *
1%
0$
#100980000
0%
#101000000
02
1F
0E
1N
03
b101110 1
b11 *
1%
1$
#101020000
0!
0%
#101040000
b1110 D
0N
b1100110011001000010000000000 M
0F
b110 *
12
1%
0$
#101060000
0%
#101080000
1F
1E
1N
0"
09
13
b101111 1
b100 *
02
1%
1$
#101100000
1!
0%
#101120000
b1111 D
0N
b1001100110010000100000000000 M
0F
0E
b1 *
1%
0$
#101140000
0!
0%
#101160000
12
1F
1E
1N
03
b110000 1
b10 *
1%
1$
#101180000
1!
0%
#101200000
b10000 D
0N
b11001100100001000000000000 M
0F
0E
b101 *
02
1%
0$
#101220000
0!
0%
#101240000
1F
1E
1N
1"
19
13
b110001 1
b11 5
b10 *
02
1%
1$
#101260000
1!
0%
#101280000
b10001 D
0N
b110011001000010000000000000 M
0F
b101 *
12
1%
0$
#101300000
0%
#101320000
1F
0E
1N
0"
09
03
b110010 1
b11 *
12
1%
1$
#101340000
0!
0%
#101360000
b10010 D
0N
b1100110010000100000000000000 M
0F
b110 *
02
1%
0$
#101380000
0%
#101400000
1F
1E
1N
1"
19
13
b110011 1
b100 *
12
1%
1$
#101420000
1!
0%
#101440000
b10011 D
0N
b1001100100001000000000000000 M
0F
0E
b1 *
1%
0$
#101460000
0!
0%
#101480000
02
1F
1E
1N
03
b110100 1
b10 *
1%
1$
#101500000
1!
0%
#101520000
b10100 D
0N
b11001000010000000000000000 M
0F
0E
b101 *
12
1%
0$
#101540000
0!
0%
#101560000
1F
1E
1N
0"
09
13
b110101 1
b10 *
02
1%
1$
#101580000
1!
0%
#101600000
b10101 D
0N
b110010000100000000000000000 M
0F
b101 *
1%
0$
#101620000
0%
#101640000
12
1F
0E
1N
03
b110110 1
b11 *
1%
1$
#101660000
0!
0%
#101680000
b10110 D
0N
b1100100001000000000000000000 M
0F
b110 *
02
1%
0$
#101700000
0%
#101720000
1F
1E
1N
1"
19
13
b110111 1
b100 *
12
1%
1$
#101740000
1!
0%
#101760000
b10111 D
0N
b1001000010000000000000000000 M
0F
0E
b1 *
1%
0$
#101780000
0!
0%
#101800000
02
1F
1E
1N
03
b111000 1
b10 *
1%
1$
#101820000
1!
0%
#101840000
b11000 D
0N
b10000100000000000000000000 M
0F
0E
b101 *
12
1%
0$
#101860000
0!
0%
#101880000
1F
1E
1N
0"
09
13
b111001 1
b10 *
02
1%
1$
#101900000
1!
0%
#101920000
b11001 D
0N
b100001000000000000000000000 M
0F
b101 *
1%
0$
#101940000
0%
#101960000
12
1F
0E
1N
03
b111010 1
b11 *
1%
1$
#101980000
0!
0%
#102000000
b11010 D
0N
b1000010000000000000000000000 M
0F
b110 *
02
1%
0$
#102020000
0%
#102040000
1F
1E
1N
1"
19
13
b111011 1
b100 *
12
1%
1$
#102060000
1!
0%
#102080000
b11011 D
0N
b100000000000000000000000 M
0F
0E
b1 *
1%
0$
#102100000
0!
0%
#102120000
02
1F
1E
1N
03
b111100 1
b10 *
1%
1$
#102140000
1!
0%
#102160000
b11100 D
0N
b1000000000000000000000000 M
0F
b101 *
12
1%
0$
#102180000
0%
#102200000
1F
0E
1N
0"
09
13
b111101 1
b11 *
02
1%
1$
#102220000
0!
0%
#102240000
b11101 D
0N
b10000000000000000000000000 M
0F
b110 *
1%
0$
#102260000
0%
#102280000
12
1F
1E
1N
03
b111110 1
b100 *
1%
1$
#102300000
1!
0%
#102320000
b11110 D
0N
b100000000000000000000000000 M
0F
b1 *
02
1%
0$
#102340000
0%
#102360000
1F
0E
1N
1"
19
13
b111111 1
b11 *
02
1%
1$
#102380000
0!
0%
#102400000
b11111 D
0N
b1000000000000000000000000000 M
0F
b110 *
12
1%
0$
#102420000
0%
#102440000
1F
1E
1N
0"
09
03
14
b0 1
b100 *
12
1%
1$
#102460000
1!
0%
#102480000
b10100 J
0K
b0 D
b100111 7
b10101 :
1#
b11001100110010 8
b1001100110011001000000000000 ,
b1001100110011001 0
b1000111 6
04
0N
b0 M
0F
0E
b1 *
02
1%
0$
#102500000
0!
0%
#102520000
b1010101010101000001 P
b10101010101010100000 O
b11011 W
1S
b1010101010101000001 T
b101010101010100 Q
b1010101010101010 ;
b101010101010100 <
1E
b10 L
b10011001100110010000 M
1N
1"
19
13
b1 1
b0 5
0#
b1010101010101001010101010101010 )
b1010101010101001010101010101010 +
b10111011101110110 '
b1011101110111011 &
b10 *
b0 Z
12
1%
1$
#102540000
1!
0%
#102560000
b1 D
0N
b10101010101010100000 M
b101 *
1%
0$
#102580000
0%
#102600000
1N
03
b10 1
b11 *
b1 Y
1%
1$
#102620000
0%
#102640000
b10 D
0N
b111 *
1%
0$
#102660000
0%
#102680000
02
0E
1N
13
b11 1
b10 Y
1%
1$
#102700000
0!
0%
#102720000
b11 D
0N
b110 *
12
1%
0$
#102740000
0%
#102760000
1N
0"
09
03
b100 1
b100 *
b11 Y
02
1%
1$
#102780000
0%
#102800000
b100 D
0N
b0 *
1%
0$
#102820000
0%
#102840000
1F
1E
1N
13
b101 1
1%
1$
#102860000
1!
0%
#102880000
b101 D
0N
b101010101010101000000 M
0F
b1 *
1%
0$
#102900000
0%
#102920000
12
1F
0E
1N
03
b110 1
b11 *
1%
1$
#102940000
0!
0%
#102960000
b110 D
0N
b1010101010101010000000 M
0F
b110 *
02
1%
0$
#102980000
0%
#103000000
1F
1E
1N
1"
19
13
b111 1
b100 *
02
1%
1$
#103020000
1!
0%
#103040000
b111 D
0N
b10101010101010100000000 M
0F
b1 *
12
1%
0$
#103060000
0%
#103080000
1F
0E
1N
0"
09
03
b1000 1
b11 *
12
1%
1$
#103100000
0!
0%
#103120000
b1000 D
0N
b101010101010101000000000 M
0F
b110 *
02
1%
0$
#103140000
0%
#103160000
1F
1E
1N
1"
19
13
b1001 1
b100 *
12
1%
1$
#103180000
1!
0%
#103200000
b1001 D
0N
b1010101010101010000000000 M
0F
b1 *
1%
0$
#103220000
0%
#103240000
02
1F
0E
1N
03
b1010 1
b11 *
1%
1$
#103260000
0!
0%
#103280000
b1010 D
0N
b10101010101010100000000000 M
0F
b110 *
12
1%
0$
#103300000
0%
#103320000
1F
1E
1N
0"
09
13
b1011 1
b100 *
02
1%
1$
#103340000
1!
0%
#103360000
b1011 D
0N
b101010101010101000000000000 M
0F
b1 *
1%
0$
#103380000
0%
#103400000
12
1F
0E
1N
03
b1100 1
b11 *
1%
1$
#103420000
0!
0%
#103440000
b1100 D
0N
b1010101010101010000000000000 M
0F
b110 *
02
1%
0$
#103460000
0%
#103480000
1F
1E
1N
1"
19
13
b1101 1
b100 *
12
1%
1$
#103500000
1!
0%
#103520000
b1101 D
0N
b101010101010100000000000000 M
0F
0E
b1 *
1%
0$
#103540000
0!
0%
#103560000
02
1F
1E
1N
03
b1110 1
b10 *
1%
1$
#103580000
1!
0%
#103600000
b1110 D
0N
b1010101010101000000000000000 M
0F
b101 *
12
1%
0$
#103620000
0%
#103640000
1F
0E
1N
0"
09
13
b1111 1
b11 *
02
1%
1$
#103660000
0!
0%
#103680000
b1111 D
0N
b101010101010000000000000000 M
0F
1E
b110 *
1%
0$
#103700000
1!
0%
#103720000
12
1F
0E
1N
03
b10000 1
b101 *
1%
1$
#103740000
0!
0%
#103760000
b10000 D
0N
b1010101010100000000000000000 M
0F
b10 *
02
1%
0$
#103780000
0%
#103800000
1F
1E
1N
1"
19
13
b10001 1
b100 *
12
1%
1$
#103820000
1!
0%
#103840000
b10001 D
0N
b101010101000000000000000000 M
0F
0E
b1 *
1%
0$
#103860000
0!
0%
#103880000
02
1F
1E
1N
03
b10010 1
b10 *
1%
1$
#103900000
1!
0%
#103920000
b10010 D
0N
b1010101010000000000000000000 M
0F
b101 *
12
1%
0$
#103940000
0%
#103960000
1F
0E
1N
0"
09
13
b10011 1
b11 *
02
1%
1$
#103980000
0!
0%
#104000000
b10011 D
0N
b101010100000000000000000000 M
0F
1E
b110 *
1%
0$
#104020000
1!
0%
#104040000
12
1F
0E
1N
03
b10100 1
b101 *
1%
1$
#104060000
0!
0%
#104080000
b10100 D
0N
b1010101000000000000000000000 M
0F
b10 *
02
1%
0$
#104100000
0%
#104120000
1F
1E
1N
1"
19
13
b10101 1
b100 *
12
1%
1$
#104140000
1!
0%
#104160000
b10101 D
0N
b101010000000000000000000000 M
0F
0E
b1 *
1%
0$
#104180000
0!
0%
#104200000
02
1F
1E
1N
03
b10110 1
b10 *
1%
1$
#104220000
1!
0%
#104240000
b10110 D
0N
b1010100000000000000000000000 M
0F
b101 *
12
1%
0$
#104260000
0%
#104280000
1F
0E
1N
0"
09
13
b10111 1
b11 *
02
1%
1$
#104300000
0!
0%
#104320000
b10111 D
0N
b101000000000000000000000000 M
0F
1E
b110 *
1%
0$
#104340000
1!
0%
#104360000
12
1F
0E
1N
03
b11000 1
b101 *
1%
1$
#104380000
0!
0%
#104400000
b11000 D
0N
b1010000000000000000000000000 M
0F
b10 *
02
1%
0$
#104420000
0%
#104440000
1F
1E
1N
1"
19
13
b11001 1
b1 5
b100 *
02
1%
1$
#104460000
1!
0%
#104480000
b11001 D
0N
b100000000000000000000000000 M
0F
0E
b1 *
12
1%
0$
#104500000
0!
0%
#104520000
1F
1E
1N
0"
09
03
b11010 1
b10 *
12
1%
1$
#104540000
1!
0%
#104560000
b11010 D
0N
b1000000000000000000000000000 M
0F
b101 *
02
1%
0$
#104580000
0%
#104600000
1F
0E
1N
1"
19
13
b11011 1
b11 *
12
1%
1$
#104620000
0!
0%
#104640000
b11011 D
0N
b0 M
0F
1E
b110 *
1%
0$
#104660000
1!
0%
#104680000
02
1F
0E
1N
03
b11100 1
b101 *
1%
1$
#104700000
0!
0%
#104720000
b11100 D
0N
0F
b10 *
12
1%
0$
#104740000
0%
#104760000
1F
1E
1N
0"
09
13
b11101 1
b100 *
02
1%
1$
#104780000
1!
0%
#104800000
b11101 D
0N
0F
b1 *
1%
0$
#104820000
0%
#104840000
12
1F
0E
1N
03
b11110 1
b11 *
1%
1$
#104860000
0!
0%
#104880000
b11110 D
0N
0F
b110 *
02
1%
0$
#104900000
0%
#104920000
1F
1E
1N
1"
19
13
b11111 1
b10 5
b100 *
02
1%
1$
#104940000
1!
0%
#104960000
b11111 D
0N
0F
b1 *
12
1%
0$
#104980000
0%
#105000000
1F
0E
1N
0"
09
03
b100000 1
b11 *
12
1%
1$
#105020000
0!
0%
#105040000
1K
b0 D
0N
0F
b110 *
02
1%
0$
#105060000
0%
#105080000
1E
b11 L
b1010101010101000001 M
1N
1"
19
13
b100001 1
b11 5
b100 *
b0 Y
02
1%
1$
#105100000
1!
0%
#105120000
b1 D
0N
b1 *
12
1%
0$
#105140000
0%
#105160000
0E
1N
0"
09
03
b100010 1
b11 *
b1 Z
12
1%
1$
#105180000
0!
0%
#105200000
b10 D
0N
b110 *
02
1%
0$
#105220000
0%
#105240000
1N
1"
19
13
b100011 1
b100 *
b10 Z
12
1%
1$
#105260000
0%
#105280000
b11 D
0N
b0 *
1%
0$
#105300000
0%
#105320000
02
1N
03
b100100 1
b11 Z
1%
1$
#105340000
0%
#105360000
b100 D
0N
12
1%
0$
#105380000
0%
#105400000
1F
1E
1N
0"
09
13
b100101 1
02
1%
1$
#105420000
1!
0%
#105440000
b101 D
0N
b10101010101010000010 M
0F
b1 *
1%
0$
#105460000
0%
#105480000
12
1F
0E
1N
03
b100110 1
b11 *
1%
1$
#105500000
0!
0%
#105520000
b110 D
0N
b101010101010100000100 M
0F
b110 *
02
1%
0$
#105540000
0%
#105560000
1F
1E
1N
1"
19
13
b100111 1
b100 5
b100 *
02
1%
1$
#105580000
1!
0%
#105600000
b111 D
0N
b1010101010101000001000 M
0F
b1 *
12
1%
0$
#105620000
0%
#105640000
1F
0E
1N
0"
09
03
b101000 1
b11 *
12
1%
1$
#105660000
0!
0%
#105680000
b1000 D
0N
b10101010101010000010000 M
0F
b110 *
02
1%
0$
#105700000
0%
#105720000
1F
1E
1N
1"
19
13
b101001 1
b101 5
b100 *
02
1%
1$
#105740000
1!
0%
#105760000
b1001 D
0N
b101010101010100000100000 M
0F
b1 *
12
1%
0$
#105780000
0%
#105800000
1F
0E
1N
0"
09
03
b101010 1
b11 *
12
1%
1$
#105820000
0!
0%
#105840000
b1010 D
0N
b1010101010101000001000000 M
0F
b110 *
02
1%
0$
#105860000
0%
#105880000
1F
1E
1N
1"
19
13
b101011 1
b100 *
12
1%
1$
#105900000
1!
0%
#105920000
b1011 D
0N
b10101010101010000010000000 M
0F
b1 *
1%
0$
#105940000
0%
#105960000
02
1F
0E
1N
03
b101100 1
b11 *
1%
1$
#105980000
0!
0%
#106000000
b1100 D
0N
b101010101010100000100000000 M
0F
b110 *
12
1%
0$
#106020000
0%
#106040000
1F
1E
1N
0"
09
13
b101101 1
b100 *
02
1%
1$
#106060000
1!
0%
#106080000
b1101 D
0N
b1010101010101000001000000000 M
0F
b1 *
1%
0$
#106100000
0%
#106120000
12
1F
0E
1N
03
b101110 1
b11 *
1%
1$
#106140000
0!
0%
#106160000
b1110 D
0N
b101010101010000010000000000 M
0F
1E
b110 *
02
1%
0$
#106180000
1!
0%
#106200000
1F
0E
1N
1"
19
13
b101111 1
b110 5
b101 *
02
1%
1$
#106220000
0!
0%
#106240000
b1111 D
0N
b1010101010100000100000000000 M
0F
b10 *
12
1%
0$
#106260000
0%
#106280000
1F
1E
1N
0"
09
03
b110000 1
b100 *
12
1%
1$
#106300000
1!
0%
#106320000
b10000 D
0N
b101010101000001000000000000 M
0F
0E
b1 *
02
1%
0$
#106340000
0!
0%
#106360000
1F
1E
1N
1"
19
13
b110001 1
b111 5
b10 *
02
1%
1$
#106380000
1!
0%
#106400000
b10001 D
0N
b1010101010000010000000000000 M
0F
b101 *
12
1%
0$
#106420000
0%
#106440000
1F
0E
1N
0"
09
03
b110010 1
b11 *
12
1%
1$
#106460000
0!
0%
#106480000
b10010 D
0N
b101010100000100000000000000 M
0F
1E
b110 *
02
1%
0$
#106500000
1!
0%
#106520000
1F
0E
1N
1"
19
13
b110011 1
b101 *
12
1%
1$
#106540000
0!
0%
#106560000
b10011 D
0N
b1010101000001000000000000000 M
0F
b10 *
1%
0$
#106580000
0%
#106600000
02
1F
1E
1N
03
b110100 1
b100 *
1%
1$
#106620000
1!
0%
#106640000
b10100 D
0N
b101010000010000000000000000 M
0F
0E
b1 *
12
1%
0$
#106660000
0!
0%
#106680000
1F
1E
1N
0"
09
13
b110101 1
b10 *
02
1%
1$
#106700000
1!
0%
#106720000
b10101 D
0N
b1010100000100000000000000000 M
0F
b101 *
1%
0$
#106740000
0%
#106760000
12
1F
0E
1N
03
b110110 1
b11 *
1%
1$
#106780000
0!
0%
#106800000
b10110 D
0N
b101000001000000000000000000 M
0F
1E
b110 *
02
1%
0$
#106820000
1!
0%
#106840000
1F
0E
1N
1"
19
13
b110111 1
b1000 5
b101 *
02
1%
1$
#106860000
0!
0%
#106880000
b10111 D
0N
b1010000010000000000000000000 M
0F
b10 *
12
1%
0$
#106900000
0%
#106920000
1F
1E
1N
0"
09
03
b111000 1
b100 *
12
1%
1$
#106940000
1!
0%
#106960000
b11000 D
0N
b100000100000000000000000000 M
0F
0E
b1 *
02
1%
0$
#106980000
0!
0%
#107000000
1F
1E
1N
1"
19
13
b111001 1
b10 *
12
1%
1$
#107020000
1!
0%
#107040000
b11001 D
0N
b1000001000000000000000000000 M
0F
b101 *
1%
0$
#107060000
0%
#107080000
02
1F
0E
1N
03
b111010 1
b11 *
1%
1$
#107100000
0!
0%
#107120000
b11010 D
0N
b10000000000000000000000 M
0F
1E
b110 *
12
1%
0$
#107140000
1!
0%
#107160000
1F
0E
1N
0"
09
13
b111011 1
b101 *
02
1%
1$
#107180000
0!
0%
#107200000
b11011 D
0N
b100000000000000000000000 M
0F
b10 *
1%
0$
#107220000
0%
#107240000
12
1F
1E
1N
03
b111100 1
b100 *
1%
1$
#107260000
1!
0%
#107280000
b11100 D
0N
b1000000000000000000000000 M
0F
b1 *
02
1%
0$
#107300000
0%
#107320000
1F
0E
1N
1"
19
13
b111101 1
b11 *
12
1%
1$
#107340000
0!
0%
#107360000
b11101 D
0N
b10000000000000000000000000 M
0F
b110 *
1%
0$
#107380000
0%
#107400000
02
1F
1E
1N
03
b111110 1
b100 *
1%
1$
#107420000
1!
0%
#107440000
b11110 D
0N
b100000000000000000000000000 M
0F
b1 *
12
1%
0$
#107460000
0%
#107480000
1F
0E
1N
0"
09
13
b111111 1
b11 *
02
1%
1$
#107500000
0!
0%
#107520000
b11111 D
0N
b1000000000000000000000000000 M
0F
b110 *
1%
0$
#107540000
0%
#107560000
12
1F
1E
1N
03
14
b0 1
b100 *
1%
1$
#107580000
1!
0%
#107600000
b10101 J
0K
b0 D
b1000111 7
b10110 :
b11001100110010000000000000 ,
b11001100110010 0
b100111 6
04
0N
b0 M
0F
0E
b1 *
02
1%
0$
#107620000
0!
0%
#107640000
1E
b10 L
b10101010101010100000 M
1N
1"
19
13
b1 1
b0 5
b10 *
b0 Z
12
1%
1$
#107660000
1!
0%
#107680000
b1 D
0N
b101 *
1%
0$
#107700000
0%
#107720000
1N
03
b10 1
b11 *
b1 Y
1%
1$
#107740000
0%
#107760000
b10 D
0N
b111 *
1%
0$
#107780000
0%
#107800000
02
0E
1N
13
b11 1
b10 Y
1%
1$
#107820000
0!
0%
#107840000
b11 D
0N
b110 *
12
1%
0$
#107860000
0%
#107880000
1N
0"
09
03
b100 1
b100 *
b11 Y
02
1%
1$
#107900000
0%
#107920000
b100 D
0N
b0 *
1%
0$
#107940000
0%
#107960000
12
1F
1E
1N
13
b101 1
1%
1$
#107980000
1!
0%
#108000000
b101 D
0N
b101010101010101000000 M
0F
b1 *
02
1%
0$
#108020000
0%
#108040000
1F
0E
1N
1"
19
03
b110 1
b11 *
02
1%
1$
#108060000
0!
0%
#108080000
b110 D
0N
b1010101010101010000000 M
0F
b110 *
12
1%
0$
#108100000
0%
#108120000
1F
1E
1N
0"
09
13
b111 1
b100 *
02
1%
1$
#108140000
1!
0%
#108160000
b111 D
0N
b10101010101010100000000 M
0F
b1 *
1%
0$
#108180000
0%
#108200000
12
1F
0E
1N
03
b1000 1
b11 *
1%
1$
#108220000
0!
0%
#108240000
b1000 D
0N
b101010101010101000000000 M
0F
b110 *
02
1%
0$
#108260000
0%
#108280000
1F
1E
1N
1"
19
13
b1001 1
b100 *
12
1%
1$
#108300000
1!
0%
#108320000
b1001 D
0N
b1010101010101010000000000 M
0F
b1 *
1%
0$
#108340000
0%
#108360000
02
1F
0E
1N
03
b1010 1
b11 *
1%
1$
#108380000
0!
0%
#108400000
b1010 D
0N
b10101010101010100000000000 M
0F
b110 *
12
1%
0$
#108420000
0%
#108440000
1F
1E
1N
0"
09
13
b1011 1
b100 *
02
1%
1$
#108460000
1!
0%
#108480000
b1011 D
0N
b101010101010101000000000000 M
0F
b1 *
1%
0$
#108500000
0%
#108520000
12
1F
0E
1N
03
b1100 1
b11 *
1%
1$
#108540000
0!
0%
#108560000
b1100 D
0N
b1010101010101010000000000000 M
0F
b110 *
02
1%
0$
#108580000
0%
#108600000
1F
1E
1N
1"
19
13
b1101 1
b100 *
12
1%
1$
#108620000
1!
0%
#108640000
b1101 D
0N
b101010101010100000000000000 M
0F
0E
b1 *
1%
0$
#108660000
0!
0%
#108680000
02
1F
1E
1N
03
b1110 1
b10 *
1%
1$
#108700000
1!
0%
#108720000
b1110 D
0N
b1010101010101000000000000000 M
0F
b101 *
12
1%
0$
#108740000
0%
#108760000
1F
0E
1N
0"
09
13
b1111 1
b11 *
02
1%
1$
#108780000
0!
0%
#108800000
b1111 D
0N
b101010101010000000000000000 M
0F
1E
b110 *
1%
0$
#108820000
1!
0%
#108840000
12
1F
0E
1N
03
b10000 1
b101 *
1%
1$
#108860000
0!
0%
#108880000
b10000 D
0N
b1010101010100000000000000000 M
0F
b10 *
02
1%
0$
#108900000
0%
#108920000
1F
1E
1N
1"
19
13
b10001 1
b100 *
12
1%
1$
#108940000
1!
0%
#108960000
b10001 D
0N
b101010101000000000000000000 M
0F
0E
b1 *
1%
0$
#108980000
0!
0%
#109000000
02
1F
1E
1N
03
b10010 1
b10 *
1%
1$
#109020000
1!
0%
#109040000
b10010 D
0N
b1010101010000000000000000000 M
0F
b101 *
12
1%
0$
#109060000
0%
#109080000
1F
0E
1N
0"
09
13
b10011 1
b11 *
02
1%
1$
#109100000
0!
0%
#109120000
b10011 D
0N
b101010100000000000000000000 M
0F
1E
b110 *
1%
0$
#109140000
1!
0%
#109160000
12
1F
0E
1N
03
b10100 1
b101 *
1%
1$
#109180000
0!
0%
#109200000
b10100 D
0N
b1010101000000000000000000000 M
0F
b10 *
02
1%
0$
#109220000
0%
#109240000
1F
1E
1N
1"
19
13
b10101 1
b100 *
12
1%
1$
#109260000
1!
0%
#109280000
b10101 D
0N
b101010000000000000000000000 M
0F
0E
b1 *
1%
0$
#109300000
0!
0%
#109320000
02
1F
1E
1N
03
b10110 1
b10 *
1%
1$
#109340000
1!
0%
#109360000
b10110 D
0N
b1010100000000000000000000000 M
0F
b101 *
12
1%
0$
#109380000
0%
#109400000
1F
0E
1N
0"
09
13
b10111 1
b11 *
02
1%
1$
#109420000
0!
0%
#109440000
b10111 D
0N
b101000000000000000000000000 M
0F
1E
b110 *
1%
0$
#109460000
1!
0%
#109480000
12
1F
0E
1N
03
b11000 1
b101 *
1%
1$
#109500000
0!
0%
#109520000
b11000 D
0N
b1010000000000000000000000000 M
0F
b10 *
02
1%
0$
#109540000
0%
#109560000
1F
1E
1N
1"
19
13
b11001 1
b100 *
12
1%
1$
#109580000
1!
0%
#109600000
b11001 D
0N
b100000000000000000000000000 M
0F
0E
b1 *
1%
0$
#109620000
0!
0%
#109640000
02
1F
1E
1N
03
b11010 1
b10 *
1%
1$
#109660000
1!
0%
#109680000
b11010 D
0N
b1000000000000000000000000000 M
0F
b101 *
12
1%
0$
#109700000
0%
#109720000
1F
0E
1N
0"
09
13
b11011 1
b1 5
b11 *
12
1%
1$
#109740000
0!
0%
#109760000
b11011 D
0N
b0 M
0F
1E
b110 *
02
1%
0$
#109780000
1!
0%
#109800000
1F
0E
1N
1"
19
03
b11100 1
b101 *
02
1%
1$
#109820000
0!
0%
#109840000
b11100 D
0N
0F
b10 *
12
1%
0$
#109860000
0%
#109880000
1F
1E
1N
0"
09
13
b11101 1
b100 *
02
1%
1$
#109900000
1!
0%
#109920000
b11101 D
0N
0F
b1 *
1%
0$
#109940000
0%
#109960000
12
1F
0E
1N
03
b11110 1
b11 *
1%
1$
#109980000
0!
0%
#110000000
b11110 D
0N
0F
b110 *
02
1%
0$
#110020000
0%
#110040000
1F
1E
1N
1"
19
13
b11111 1
b100 *
12
1%
1$
#110060000
1!
0%
#110080000
b11111 D
0N
0F
b1 *
1%
0$
#110100000
0%
#110120000
02
1F
0E
1N
03
b100000 1
b11 *
1%
1$
#110140000
0!
0%
#110160000
1K
b0 D
0N
0F
b110 *
12
1%
0$
#110180000
0%
#110200000
1E
b11 L
b1010101010101000001 M
1N
0"
09
13
b100001 1
b10 5
b100 *
b0 Y
12
1%
1$
#110220000
1!
0%
#110240000
b1 D
0N
b1 *
02
1%
0$
#110260000
0%
#110280000
0E
1N
1"
19
03
b100010 1
b11 *
b1 Z
02
1%
1$
#110300000
0!
0%
#110320000
b10 D
0N
b110 *
12
1%
0$
#110340000
0%
#110360000
1N
0"
09
13
b100011 1
b11 5
b100 *
b10 Z
12
1%
1$
#110380000
0%
#110400000
b11 D
0N
b0 *
02
1%
0$
#110420000
0%
#110440000
1N
1"
19
03
b100100 1
b11 Z
02
1%
1$
#110460000
0%
#110480000
b100 D
0N
12
1%
0$
#110500000
0%
#110520000
1F
1E
1N
0"
09
13
b100101 1
02
1%
1$
#110540000
1!
0%
#110560000
b101 D
0N
b10101010101010000010 M
0F
b1 *
1%
0$
#110580000
0%
#110600000
12
1F
0E
1N
03
b100110 1
b11 *
1%
1$
#110620000
0!
0%
#110640000
b110 D
0N
b101010101010100000100 M
0F
b110 *
02
1%
0$
#110660000
0%
#110680000
1F
1E
1N
1"
19
13
b100111 1
b100 *
12
1%
1$
#110700000
1!
0%
#110720000
b111 D
0N
b1010101010101000001000 M
0F
b1 *
1%
0$
#110740000
0%
#110760000
02
1F
0E
1N
03
b101000 1
b11 *
1%
1$
#110780000
0!
0%
#110800000
b1000 D
0N
b10101010101010000010000 M
0F
b110 *
12
1%
0$
#110820000
0%
#110840000
1F
1E
1N
0"
09
13
b101001 1
b100 5
b100 *
12
1%
1$
#110860000
1!
0%
#110880000
b1001 D
0N
b101010101010100000100000 M
0F
b1 *
02
1%
0$
#110900000
0%
#110920000
1F
0E
1N
1"
19
03
b101010 1
b11 *
02
1%
1$
#110940000
0!
0%
#110960000
b1010 D
0N
b1010101010101000001000000 M
0F
b110 *
12
1%
0$
#110980000
0%
#111000000
1F
1E
1N
0"
09
13
b101011 1
b101 5
b100 *
12
1%
1$
#111020000
1!
0%
#111040000
b1011 D
0N
b10101010101010000010000000 M
0F
b1 *
02
1%
0$
#111060000
0%
#111080000
1F
0E
1N
1"
19
03
b101100 1
b11 *
02
1%
1$
#111100000
0!
0%
#111120000
b1100 D
0N
b101010101010100000100000000 M
0F
b110 *
12
1%
0$
#111140000
0%
#111160000
1F
1E
1N
0"
09
13
b101101 1
b100 *
02
1%
1$
#111180000
1!
0%
#111200000
b1101 D
0N
b1010101010101000001000000000 M
0F
b1 *
1%
0$
#111220000
0%
#111240000
12
1F
0E
1N
03
b101110 1
b11 *
1%
1$
#111260000
0!
0%
#111280000
b1110 D
0N
b101010101010000010000000000 M
0F
1E
b110 *
02
1%
0$
#111300000
1!
0%
#111320000
1F
0E
1N
1"
19
13
b101111 1
b101 *
12
1%
1$
#111340000
0!
0%
#111360000
b1111 D
0N
b1010101010100000100000000000 M
0F
b10 *
1%
0$
#111380000
0%
#111400000
02
1F
1E
1N
03
b110000 1
b100 *
1%
1$
#111420000
1!
0%
#111440000
b10000 D
0N
b101010101000001000000000000 M
0F
0E
b1 *
12
1%
0$
#111460000
0!
0%
#111480000
1F
1E
1N
0"
09
13
b110001 1
b110 5
b10 *
12
1%
1$
#111500000
1!
0%
#111520000
b10001 D
0N
b1010101010000010000000000000 M
0F
b101 *
02
1%
0$
#111540000
0%
#111560000
1F
0E
1N
1"
19
03
b110010 1
b11 *
02
1%
1$
#111580000
0!
0%
#111600000
b10010 D
0N
b101010100000100000000000000 M
0F
1E
b110 *
12
1%
0$
#111620000
1!
0%
#111640000
1F
0E
1N
0"
09
13
b110011 1
b111 5
b101 *
12
1%
1$
#111660000
0!
0%
#111680000
b10011 D
0N
b1010101000001000000000000000 M
0F
b10 *
02
1%
0$
#111700000
0%
#111720000
1F
1E
1N
1"
19
03
b110100 1
b100 *
02
1%
1$
#111740000
1!
0%
#111760000
b10100 D
0N
b101010000010000000000000000 M
0F
0E
b1 *
12
1%
0$
#111780000
0!
0%
#111800000
1F
1E
1N
0"
09
13
b110101 1
b10 *
02
1%
1$
#111820000
1!
0%
#111840000
b10101 D
0N
b1010100000100000000000000000 M
0F
b101 *
1%
0$
#111860000
0%
#111880000
12
1F
0E
1N
03
b110110 1
b11 *
1%
1$
#111900000
0!
0%
#111920000
b10110 D
0N
b101000001000000000000000000 M
0F
1E
b110 *
02
1%
0$
#111940000
1!
0%
#111960000
1F
0E
1N
1"
19
13
b110111 1
b101 *
12
1%
1$
#111980000
0!
0%
#112000000
b10111 D
0N
b1010000010000000000000000000 M
0F
b10 *
1%
0$
#112020000
0%
#112040000
02
1F
1E
1N
03
b111000 1
b100 *
1%
1$
#112060000
1!
0%
#112080000
b11000 D
0N
b100000100000000000000000000 M
0F
0E
b1 *
12
1%
0$
#112100000
0!
0%
#112120000
1F
1E
1N
0"
09
13
b111001 1
b10 *
02
1%
1$
#112140000
1!
0%
#112160000
b11001 D
0N
b1000001000000000000000000000 M
0F
b101 *
1%
0$
#112180000
0%
#112200000
12
1F
0E
1N
03
b111010 1
b11 *
1%
1$
#112220000
0!
0%
#112240000
b11010 D
0N
b10000000000000000000000 M
0F
1E
b110 *
02
1%
0$
#112260000
1!
0%
#112280000
1F
0E
1N
1"
19
13
b111011 1
b101 *
12
1%
1$
#112300000
0!
0%
#112320000
b11011 D
0N
b100000000000000000000000 M
0F
b10 *
1%
0$
#112340000
0%
#112360000
02
1F
1E
1N
03
b111100 1
b100 *
1%
1$
#112380000
1!
0%
#112400000
b11100 D
0N
b1000000000000000000000000 M
0F
b1 *
12
1%
0$
#112420000
0%
#112440000
1F
0E
1N
0"
09
13
b111101 1
b11 *
02
1%
1$
#112460000
0!
0%
#112480000
b11101 D
0N
b10000000000000000000000000 M
0F
b110 *
1%
0$
#112500000
0%
#112520000
12
1F
1E
1N
03
b111110 1
b100 *
1%
1$
#112540000
1!
0%
#112560000
b11110 D
0N
b100000000000000000000000000 M
0F
b1 *
02
1%
0$
#112580000
0%
#112600000
1F
0E
1N
1"
19
13
b111111 1
b11 *
02
1%
1$
#112620000
0!
0%
#112640000
b11111 D
0N
b1000000000000000000000000000 M
0F
b110 *
12
1%
0$
#112660000
0%
#112680000
1F
1E
1N
0"
09
03
14
b0 1
b100 *
12
1%
1$
#112700000
1!
0%
#112720000
b10110 J
0K
b0 D
b100111 7
b10111 :
1#
b101010101010100 8
b1010101010101010000000000000 ,
b1010101010101010 0
b1000111 6
04
0N
b0 M
0F
0E
b1 *
02
1%
0$
#112740000
0!
0%
#112760000
b1110111011101100001 P
b10111011101110110000 O
b11011 W
1S
b1110111011101100001 T
b111011101110110 Q
b1011101110111011 ;
b111011101110110 <
1E
b10 L
b10101010101010100000 M
1N
1"
19
13
b1 1
b0 5
0#
b1110111011101101011101110111011 )
b1110111011101101011101110111011 +
b11001100110011000 '
b1100110011001100 &
b10 *
b0 Z
12
1%
1$
#112780000
1!
0%
#112800000
b1 D
0N
b10111011101110110000 M
b101 *
1%
0$
#112820000
0%
#112840000
1N
03
b10 1
b11 *
b1 Y
1%
1$
#112860000
0%
#112880000
b10 D
0N
b111 *
1%
0$
#112900000
0%
#112920000
02
0E
1N
13
b11 1
b10 Y
1%
1$
#112940000
0!
0%
#112960000
b11 D
0N
b110 *
12
1%
0$
#112980000
0%
#113000000
1N
0"
09
03
b100 1
b100 *
b11 Y
02
1%
1$
#113020000
0%
#113040000
b100 D
0N
b0 *
1%
0$
#113060000
0%
#113080000
1F
1E
1N
13
b101 1
1%
1$
#113100000
1!
0%
#113120000
b101 D
0N
b101110111011101100000 M
0F
b1 *
1%
0$
#113140000
0%
#113160000
12
1F
0E
1N
03
b110 1
b11 *
1%
1$
#113180000
0!
0%
#113200000
b110 D
0N
b1011101110111011000000 M
0F
b110 *
02
1%
0$
#113220000
0%
#113240000
1F
1E
1N
1"
19
13
b111 1
b100 *
02
1%
1$
#113260000
1!
0%
#113280000
b111 D
0N
b10111011101110110000000 M
0F
b1 *
12
1%
0$
#113300000
0%
#113320000
1F
0E
1N
0"
09
03
b1000 1
b11 *
12
1%
1$
#113340000
0!
0%
#113360000
b1000 D
0N
b101110111011101100000000 M
0F
b110 *
02
1%
0$
#113380000
0%
#113400000
1F
1E
1N
1"
19
13
b1001 1
b100 *
12
1%
1$
#113420000
1!
0%
#113440000
b1001 D
0N
b1011101110111011000000000 M
0F
b1 *
1%
0$
#113460000
0%
#113480000
02
1F
0E
1N
03
b1010 1
b11 *
1%
1$
#113500000
0!
0%
#113520000
b1010 D
0N
b10111011101110110000000000 M
0F
b110 *
12
1%
0$
#113540000
0%
#113560000
1F
1E
1N
0"
09
13
b1011 1
b100 *
02
1%
1$
#113580000
1!
0%
#113600000
b1011 D
0N
b101110111011101100000000000 M
0F
b1 *
1%
0$
#113620000
0%
#113640000
12
1F
0E
1N
03
b1100 1
b11 *
1%
1$
#113660000
0!
0%
#113680000
b1100 D
0N
b1011101110111011000000000000 M
0F
b110 *
02
1%
0$
#113700000
0%
#113720000
1F
1E
1N
1"
19
13
b1101 1
b100 *
12
1%
1$
#113740000
1!
0%
#113760000
b1101 D
0N
b111011101110110000000000000 M
0F
0E
b1 *
1%
0$
#113780000
0!
0%
#113800000
02
1F
1E
1N
03
b1110 1
b10 *
1%
1$
#113820000
1!
0%
#113840000
b1110 D
0N
b1110111011101100000000000000 M
0F
b101 *
12
1%
0$
#113860000
0%
#113880000
1F
0E
1N
0"
09
13
b1111 1
b11 *
02
1%
1$
#113900000
0!
0%
#113920000
b1111 D
0N
b1101110111011000000000000000 M
0F
1E
b110 *
1%
0$
#113940000
1!
0%
#113960000
12
1F
0E
1N
03
b10000 1
b101 *
1%
1$
#113980000
0!
0%
#114000000
b10000 D
0N
b1011101110110000000000000000 M
0F
1E
b10 *
02
1%
0$
#114020000
1!
0%
#114040000
1F
0E
1N
1"
19
13
b10001 1
b101 *
12
1%
1$
#114060000
0!
0%
#114080000
b10001 D
0N
b111011101100000000000000000 M
0F
1E
b10 *
1%
0$
#114100000
1!
0%
#114120000
02
1F
0E
1N
03
b10010 1
b101 *
1%
1$
#114140000
0!
0%
#114160000
b10010 D
0N
b1110111011000000000000000000 M
0F
b10 *
12
1%
0$
#114180000
0%
#114200000
1F
1E
1N
0"
09
13
b10011 1
b100 *
02
1%
1$
#114220000
1!
0%
#114240000
b10011 D
0N
b1101110110000000000000000000 M
0F
0E
b1 *
1%
0$
#114260000
0!
0%
#114280000
12
1F
1E
1N
03
b10100 1
b10 *
1%
1$
#114300000
1!
0%
#114320000
b10100 D
0N
b1011101100000000000000000000 M
0F
0E
b101 *
02
1%
0$
#114340000
0!
0%
#114360000
1F
1E
1N
1"
19
13
b10101 1
b10 *
12
1%
1$
#114380000
1!
0%
#114400000
b10101 D
0N
b111011000000000000000000000 M
0F
0E
b101 *
1%
0$
#114420000
0!
0%
#114440000
02
1F
1E
1N
03
b10110 1
b10 *
1%
1$
#114460000
1!
0%
#114480000
b10110 D
0N
b1110110000000000000000000000 M
0F
b101 *
12
1%
0$
#114500000
0%
#114520000
1F
0E
1N
0"
09
13
b10111 1
b11 *
02
1%
1$
#114540000
0!
0%
#114560000
b10111 D
0N
b1101100000000000000000000000 M
0F
1E
b110 *
1%
0$
#114580000
1!
0%
#114600000
12
1F
0E
1N
03
b11000 1
b101 *
1%
1$
#114620000
0!
0%
#114640000
b11000 D
0N
b1011000000000000000000000000 M
0F
1E
b10 *
02
1%
0$
#114660000
1!
0%
#114680000
1F
0E
1N
1"
19
13
b11001 1
b101 *
12
1%
1$
#114700000
0!
0%
#114720000
b11001 D
0N
b110000000000000000000000000 M
0F
1E
b10 *
1%
0$
#114740000
1!
0%
#114760000
02
1F
0E
1N
03
b11010 1
b101 *
1%
1$
#114780000
0!
0%
#114800000
b11010 D
0N
b1100000000000000000000000000 M
0F
b10 *
12
1%
0$
#114820000
0%
#114840000
1F
1E
1N
0"
09
13
b11011 1
b1 5
b100 *
12
1%
1$
#114860000
1!
0%
#114880000
b11011 D
0N
b1000000000000000000000000000 M
0F
0E
b1 *
02
1%
0$
#114900000
0!
0%
#114920000
1F
1E
1N
1"
19
03
b11100 1
b10 *
02
1%
1$
#114940000
1!
0%
#114960000
b11100 D
0N
b0 M
0F
0E
b101 *
12
1%
0$
#114980000
0!
0%
#115000000
1F
1E
1N
0"
09
13
b11101 1
b10 *
02
1%
1$
#115020000
1!
0%
#115040000
b11101 D
0N
0F
b101 *
1%
0$
#115060000
0%
#115080000
12
1F
0E
1N
03
b11110 1
b11 *
1%
1$
#115100000
0!
0%
#115120000
b11110 D
0N
0F
b110 *
02
1%
0$
#115140000
0%
#115160000
1F
1E
1N
1"
19
13
b11111 1
b10 5
b100 *
02
1%
1$
#115180000
1!
0%
#115200000
b11111 D
0N
0F
b1 *
12
1%
0$
#115220000
0%
#115240000
1F
0E
1N
0"
09
03
b100000 1
b11 *
12
1%
1$
#115260000
0!
0%
#115280000
1K
b0 D
0N
0F
b110 *
02
1%
0$
#115300000
0%
#115320000
1E
b11 L
b1110111011101100001 M
1N
1"
19
13
b100001 1
b100 *
b0 Y
12
1%
1$
#115340000
1!
0%
#115360000
b1 D
0N
b1 *
1%
0$
#115380000
0%
#115400000
02
0E
1N
03
b100010 1
b11 *
b1 Z
1%
1$
#115420000
0!
0%
#115440000
b10 D
0N
b110 *
12
1%
0$
#115460000
0%
#115480000
1N
0"
09
13
b100011 1
b11 5
b100 *
b10 Z
12
1%
1$
#115500000
0%
#115520000
b11 D
0N
b0 *
02
1%
0$
#115540000
0%
#115560000
1N
1"
19
03
b100100 1
b11 Z
02
1%
1$
#115580000
0%
#115600000
b100 D
0N
12
1%
0$
#115620000
0%
#115640000
1F
1E
1N
0"
09
13
b100101 1
02
1%
1$
#115660000
1!
0%
#115680000
b101 D
0N
b11101110111011000010 M
0F
b1 *
1%
0$
#115700000
0%
#115720000
12
1F
0E
1N
03
b100110 1
b11 *
1%
1$
#115740000
0!
0%
#115760000
b110 D
0N
b111011101110110000100 M
0F
b110 *
02
1%
0$
#115780000
0%
#115800000
1F
1E
1N
1"
19
13
b100111 1
b100 5
b100 *
02
1%
1$
#115820000
1!
0%
#115840000
b111 D
0N
b1110111011101100001000 M
0F
b1 *
12
1%
0$
#115860000
0%
#115880000
1F
0E
1N
0"
09
03
b101000 1
b11 *
12
1%
1$
#115900000
0!
0%
#115920000
b1000 D
0N
b11101110111011000010000 M
0F
b110 *
02
1%
0$
#115940000
0%
#115960000
1F
1E
1N
1"
19
13
b101001 1
b100 *
12
1%
1$
#115980000
1!
0%
#116000000
b1001 D
0N
b111011101110110000100000 M
0F
b1 *
1%
0$
#116020000
0%
#116040000
02
1F
0E
1N
03
b101010 1
b11 *
1%
1$
#116060000
0!
0%
#116080000
b1010 D
0N
b1110111011101100001000000 M
0F
b110 *
12
1%
0$
#116100000
0%
#116120000
1F
1E
1N
0"
09
13
b101011 1
b101 5
b100 *
12
1%
1$
#116140000
1!
0%
#116160000
b1011 D
0N
b11101110111011000010000000 M
0F
b1 *
02
1%
0$
#116180000
0%
#116200000
1F
0E
1N
1"
19
03
b101100 1
b11 *
02
1%
1$
#116220000
0!
0%
#116240000
b1100 D
0N
b111011101110110000100000000 M
0F
b110 *
12
1%
0$
#116260000
0%
#116280000
1F
1E
1N
0"
09
13
b101101 1
b100 *
02
1%
1$
#116300000
1!
0%
#116320000
b1101 D
0N
b1110111011101100001000000000 M
0F
b1 *
1%
0$
#116340000
0%
#116360000
12
1F
0E
1N
03
b101110 1
b11 *
1%
1$
#116380000
0!
0%
#116400000
b1110 D
0N
b1101110111011000010000000000 M
0F
1E
b110 *
02
1%
0$
#116420000
1!
0%
#116440000
1F
0E
1N
1"
19
13
b101111 1
b110 5
b101 *
02
1%
1$
#116460000
0!
0%
#116480000
b1111 D
0N
b1011101110110000100000000000 M
0F
1E
b10 *
12
1%
0$
#116500000
1!
0%
#116520000
1F
0E
1N
0"
09
03
b110000 1
b101 *
12
1%
1$
#116540000
0!
0%
#116560000
b10000 D
0N
b111011101100001000000000000 M
0F
1E
b10 *
02
1%
0$
#116580000
1!
0%
#116600000
1F
0E
1N
1"
19
13
b110001 1
b101 *
12
1%
1$
#116620000
0!
0%
#116640000
b10001 D
0N
b1110111011000010000000000000 M
0F
b10 *
1%
0$
#116660000
0%
#116680000
02
1F
1E
1N
03
b110010 1
b100 *
1%
1$
#116700000
1!
0%
#116720000
b10010 D
0N
b1101110110000100000000000000 M
0F
0E
b1 *
12
1%
0$
#116740000
0!
0%
#116760000
1F
1E
1N
0"
09
13
b110011 1
b111 5
b10 *
12
1%
1$
#116780000
1!
0%
#116800000
b10011 D
0N
b1011101100001000000000000000 M
0F
0E
b101 *
02
1%
0$
#116820000
0!
0%
#116840000
1F
1E
1N
1"
19
03
b110100 1
b10 *
02
1%
1$
#116860000
1!
0%
#116880000
b10100 D
0N
b111011000010000000000000000 M
0F
0E
b101 *
12
1%
0$
#116900000
0!
0%
#116920000
1F
1E
1N
0"
09
13
b110101 1
b10 *
02
1%
1$
#116940000
1!
0%
#116960000
b10101 D
0N
b1110110000100000000000000000 M
0F
b101 *
1%
0$
#116980000
0%
#117000000
12
1F
0E
1N
03
b110110 1
b11 *
1%
1$
#117020000
0!
0%
#117040000
b10110 D
0N
b1101100001000000000000000000 M
0F
1E
b110 *
02
1%
0$
#117060000
1!
0%
#117080000
1F
0E
1N
1"
19
13
b110111 1
b1000 5
b101 *
02
1%
1$
#117100000
0!
0%
#117120000
b10111 D
0N
b1011000010000000000000000000 M
0F
1E
b10 *
12
1%
0$
#117140000
1!
0%
#117160000
1F
0E
1N
0"
09
03
b111000 1
b101 *
12
1%
1$
#117180000
0!
0%
#117200000
b11000 D
0N
b110000100000000000000000000 M
0F
1E
b10 *
02
1%
0$
#117220000
1!
0%
#117240000
1F
0E
1N
1"
19
13
b111001 1
b101 *
12
1%
1$
#117260000
0!
0%
#117280000
b11001 D
0N
b1100001000000000000000000000 M
0F
b10 *
1%
0$
#117300000
0%
#117320000
02
1F
1E
1N
03
b111010 1
b100 *
1%
1$
#117340000
1!
0%
#117360000
b11010 D
0N
b1000010000000000000000000000 M
0F
0E
b1 *
12
1%
0$
#117380000
0!
0%
#117400000
1F
1E
1N
0"
09
13
b111011 1
b10 *
02
1%
1$
#117420000
1!
0%
#117440000
b11011 D
0N
b100000000000000000000000 M
0F
0E
b101 *
1%
0$
#117460000
0!
0%
#117480000
12
1F
1E
1N
03
b111100 1
b10 *
1%
1$
#117500000
1!
0%
#117520000
b11100 D
0N
b1000000000000000000000000 M
0F
b101 *
02
1%
0$
#117540000
0%
#117560000
1F
0E
1N
1"
19
13
b111101 1
b11 *
12
1%
1$
#117580000
0!
0%
#117600000
b11101 D
0N
b10000000000000000000000000 M
0F
b110 *
1%
0$
#117620000
0%
#117640000
02
1F
1E
1N
03
b111110 1
b100 *
1%
1$
#117660000
1!
0%
#117680000
b11110 D
0N
b100000000000000000000000000 M
0F
b1 *
12
1%
0$
#117700000
0%
#117720000
1F
0E
1N
0"
09
13
b111111 1
b11 *
02
1%
1$
#117740000
0!
0%
#117760000
b11111 D
0N
b1000000000000000000000000000 M
0F
b110 *
1%
0$
#117780000
0%
#117800000
12
1F
1E
1N
03
14
b0 1
b100 *
1%
1$
#117820000
1!
0%
#117840000
b10111 J
0K
b0 D
b1000111 7
b11000 :
b101010101010100000000000000 ,
b101010101010100 0
b100111 6
04
0N
b0 M
0F
0E
b1 *
02
1%
0$
#117860000
0!
0%
#117880000
1E
b10 L
b10111011101110110000 M
1N
1"
19
13
b1 1
b0 5
b10 *
b0 Z
12
1%
1$
#117900000
1!
0%
#117920000
b1 D
0N
b101 *
1%
0$
#117940000
0%
#117960000
1N
03
b10 1
b11 *
b1 Y
1%
1$
#117980000
0%
#118000000
b10 D
0N
b111 *
1%
0$
#118020000
0%
#118040000
02
0E
1N
13
b11 1
b10 Y
1%
1$
#118060000
0!
0%
#118080000
b11 D
0N
b110 *
12
1%
0$
#118100000
0%
#118120000
1N
0"
09
03
b100 1
b100 *
b11 Y
02
1%
1$
#118140000
0%
#118160000
b100 D
0N
b0 *
1%
0$
#118180000
0%
#118200000
12
1F
1E
1N
13
b101 1
1%
1$
#118220000
1!
0%
#118240000
b101 D
0N
b101110111011101100000 M
0F
b1 *
02
1%
0$
#118260000
0%
#118280000
1F
0E
1N
1"
19
03
b110 1
b11 *
02
1%
1$
#118300000
0!
0%
#118320000
b110 D
0N
b1011101110111011000000 M
0F
b110 *
12
1%
0$
#118340000
0%
#118360000
1F
1E
1N
0"
09
13
b111 1
b100 *
02
1%
1$
#118380000
1!
0%
#118400000
b111 D
0N
b10111011101110110000000 M
0F
b1 *
1%
0$
#118420000
0%
#118440000
12
1F
0E
1N
03
b1000 1
b11 *
1%
1$
#118460000
0!
0%
#118480000
b1000 D
0N
b101110111011101100000000 M
0F
b110 *
02
1%
0$
#118500000
0%
#118520000
1F
1E
1N
1"
19
13
b1001 1
b100 *
12
1%
1$
#118540000
1!
0%
#118560000
b1001 D
0N
b1011101110111011000000000 M
0F
b1 *
1%
0$
#118580000
0%
#118600000
02
1F
0E
1N
03
b1010 1
b11 *
1%
1$
#118620000
0!
0%
#118640000
b1010 D
0N
b10111011101110110000000000 M
0F
b110 *
12
1%
0$
#118660000
0%
#118680000
1F
1E
1N
0"
09
13
b1011 1
b100 *
02
1%
1$
#118700000
1!
0%
#118720000
b1011 D
0N
b101110111011101100000000000 M
0F
b1 *
1%
0$
#118740000
0%
#118760000
12
1F
0E
1N
03
b1100 1
b11 *
1%
1$
#118780000
0!
0%
#118800000
b1100 D
0N
b1011101110111011000000000000 M
0F
b110 *
02
1%
0$
#118820000
0%
#118840000
1F
1E
1N
1"
19
13
b1101 1
b100 *
12
1%
1$
#118860000
1!
0%
#118880000
b1101 D
0N
b111011101110110000000000000 M
0F
0E
b1 *
1%
0$
#118900000
0!
0%
#118920000
02
1F
1E
1N
03
b1110 1
b10 *
1%
1$
#118940000
1!
0%
#118960000
b1110 D
0N
b1110111011101100000000000000 M
0F
b101 *
12
1%
0$
#118980000
0%
#119000000
1F
0E
1N
0"
09
13
b1111 1
b11 *
02
1%
1$
#119020000
0!
0%
#119040000
b1111 D
0N
b1101110111011000000000000000 M
0F
1E
b110 *
1%
0$
#119060000
1!
0%
#119080000
12
1F
0E
1N
03
b10000 1
b101 *
1%
1$
#119100000
0!
0%
#119120000
b10000 D
0N
b1011101110110000000000000000 M
0F
1E
b10 *
02
1%
0$
#119140000
1!
0%
#119160000
1F
0E
1N
1"
19
13
b10001 1
b101 *
12
1%
1$
#119180000
0!
0%
#119200000
b10001 D
0N
b111011101100000000000000000 M
0F
1E
b10 *
1%
0$
#119220000
1!
0%
#119240000
02
1F
0E
1N
03
b10010 1
b101 *
1%
1$
#119260000
0!
0%
#119280000
b10010 D
0N
b1110111011000000000000000000 M
0F
b10 *
12
1%
0$
#119300000
0%
#119320000
1F
1E
1N
0"
09
13
b10011 1
b100 *
02
1%
1$
#119340000
1!
0%
#119360000
b10011 D
0N
b1101110110000000000000000000 M
0F
0E
b1 *
1%
0$
#119380000
0!
0%
#119400000
12
1F
1E
1N
03
b10100 1
b10 *
1%
1$
#119420000
1!
0%
#119440000
b10100 D
0N
b1011101100000000000000000000 M
0F
0E
b101 *
02
1%
0$
#119460000
0!
0%
#119480000
1F
1E
1N
1"
19
13
b10101 1
b10 *
12
1%
1$
#119500000
1!
0%
#119520000
b10101 D
0N
b111011000000000000000000000 M
0F
0E
b101 *
1%
0$
#119540000
0!
0%
#119560000
02
1F
1E
1N
03
b10110 1
b10 *
1%
1$
#119580000
1!
0%
#119600000
b10110 D
0N
b1110110000000000000000000000 M
0F
b101 *
12
1%
0$
#119620000
0%
#119640000
1F
0E
1N
0"
09
13
b10111 1
b11 *
02
1%
1$
#119660000
0!
0%
#119680000
b10111 D
0N
b1101100000000000000000000000 M
0F
1E
b110 *
1%
0$
#119700000
1!
0%
#119720000
12
1F
0E
1N
03
b11000 1
b101 *
1%
1$
#119740000
0!
0%
#119760000
b11000 D
0N
b1011000000000000000000000000 M
0F
1E
b10 *
02
1%
0$
#119780000
1!
0%
#119800000
1F
0E
1N
1"
19
13
b11001 1
b101 *
12
1%
1$
#119820000
0!
0%
#119840000
b11001 D
0N
b110000000000000000000000000 M
0F
1E
b10 *
1%
0$
#119860000
1!
0%
#119880000
02
1F
0E
1N
03
b11010 1
b101 *
1%
1$
#119900000
0!
0%
#119920000
b11010 D
0N
b1100000000000000000000000000 M
0F
b10 *
12
1%
0$
#119940000
0%
#119960000
1F
1E
1N
0"
09
13
b11011 1
b100 *
02
1%
1$
#119980000
1!
0%
#120000000
b11011 D
0N
b1000000000000000000000000000 M
0F
0E
b1 *
1%
0$
#120020000
0!
0%
#120040000
12
1F
1E
1N
03
b11100 1
b10 *
1%
1$
#120060000
1!
0%
#120080000
b11100 D
0N
b0 M
0F
0E
b101 *
02
1%
0$
#120100000
0!
0%
#120120000
1F
1E
1N
1"
19
13
b11101 1
b1 5
b10 *
02
1%
1$
#120140000
1!
0%
#120160000
b11101 D
0N
0F
b101 *
12
1%
0$
#120180000
0%
#120200000
1F
0E
1N
0"
09
03
b11110 1
b11 *
12
1%
1$
#120220000
0!
0%
#120240000
b11110 D
0N
0F
b110 *
02
1%
0$
#120260000
0%
#120280000
1F
1E
1N
1"
19
13
b11111 1
b100 *
12
1%
1$
#120300000
1!
0%
#120320000
b11111 D
0N
0F
b1 *
1%
0$
#120340000
0%
#120360000
02
1F
0E
1N
03
b100000 1
b11 *
1%
1$
#120380000
0!
0%
#120400000
1K
b0 D
0N
0F
b110 *
12
1%
0$
#120420000
0%
#120440000
1E
b11 L
b1110111011101100001 M
1N
0"
09
13
b100001 1
b10 5
b100 *
b0 Y
12
1%
1$
#120460000
1!
0%
#120480000
b1 D
0N
b1 *
02
1%
0$
#120500000
0%
#120520000
0E
1N
1"
19
03
b100010 1
b11 *
b1 Z
02
1%
1$
#120540000
0!
0%
#120560000
b10 D
0N
b110 *
12
1%
0$
#120580000
0%
#120600000
1N
0"
09
13
b100011 1
b100 *
b10 Z
02
1%
1$
#120620000
0%
#120640000
b11 D
0N
b0 *
1%
0$
#120660000
0%
#120680000
12
1N
03
b100100 1
b11 Z
1%
1$
#120700000
0%
#120720000
b100 D
0N
02
1%
0$
#120740000
0%
#120760000
1F
1E
1N
1"
19
13
b100101 1
b11 5
02
1%
1$
#120780000
1!
0%
#120800000
b101 D
0N
b11101110111011000010 M
0F
b1 *
12
1%
0$
#120820000
0%
#120840000
1F
0E
1N
0"
09
03
b100110 1
b11 *
12
1%
1$
#120860000
0!
0%
#120880000
b110 D
0N
b111011101110110000100 M
0F
b110 *
02
1%
0$
#120900000
0%
#120920000
1F
1E
1N
1"
19
13
b100111 1
b100 *
12
1%
1$
#120940000
1!
0%
#120960000
b111 D
0N
b1110111011101100001000 M
0F
b1 *
1%
0$
#120980000
0%
#121000000
02
1F
0E
1N
03
b101000 1
b11 *
1%
1$
#121020000
0!
0%
#121040000
b1000 D
0N
b11101110111011000010000 M
0F
b110 *
12
1%
0$
#121060000
0%
#121080000
1F
1E
1N
0"
09
13
b101001 1
b100 5
b100 *
12
1%
1$
#121100000
1!
0%
#121120000
b1001 D
0N
b111011101110110000100000 M
0F
b1 *
02
1%
0$
#121140000
0%
#121160000
1F
0E
1N
1"
19
03
b101010 1
b11 *
02
1%
1$
#121180000
0!
0%
#121200000
b1010 D
0N
b1110111011101100001000000 M
0F
b110 *
12
1%
0$
#121220000
0%
#121240000
1F
1E
1N
0"
09
13
b101011 1
b100 *
02
1%
1$
#121260000
1!
0%
#121280000
b1011 D
0N
b11101110111011000010000000 M
0F
b1 *
1%
0$
#121300000
0%
#121320000
12
1F
0E
1N
03
b101100 1
b11 *
1%
1$
#121340000
0!
0%
#121360000
b1100 D
0N
b111011101110110000100000000 M
0F
b110 *
02
1%
0$
#121380000
0%
#121400000
1F
1E
1N
1"
19
13
b101101 1
b101 5
b100 *
02
1%
1$
#121420000
1!
0%
#121440000
b1101 D
0N
b1110111011101100001000000000 M
0F
b1 *
12
1%
0$
#121460000
0%
#121480000
1F
0E
1N
0"
09
03
b101110 1
b11 *
12
1%
1$
#121500000
0!
0%
#121520000
b1110 D
0N
b1101110111011000010000000000 M
0F
1E
b110 *
02
1%
0$
#121540000
1!
0%
#121560000
1F
0E
1N
1"
19
13
b101111 1
b101 *
12
1%
1$
#121580000
0!
0%
#121600000
b1111 D
0N
b1011101110110000100000000000 M
0F
1E
b10 *
1%
0$
#121620000
1!
0%
#121640000
02
1F
0E
1N
03
b110000 1
b101 *
1%
1$
#121660000
0!
0%
#121680000
b10000 D
0N
b111011101100001000000000000 M
0F
1E
b10 *
12
1%
0$
#121700000
1!
0%
#121720000
1F
0E
1N
0"
09
13
b110001 1
b110 5
b101 *
12
1%
1$
#121740000
0!
0%
#121760000
b10001 D
0N
b1110111011000010000000000000 M
0F
b10 *
02
1%
0$
#121780000
0%
#121800000
1F
1E
1N
1"
19
03
b110010 1
b100 *
02
1%
1$
#121820000
1!
0%
#121840000
b10010 D
0N
b1101110110000100000000000000 M
0F
0E
b1 *
12
1%
0$
#121860000
0!
0%
#121880000
1F
1E
1N
0"
09
13
b110011 1
b10 *
02
1%
1$
#121900000
1!
0%
#121920000
b10011 D
0N
b1011101100001000000000000000 M
0F
0E
b101 *
1%
0$
#121940000
0!
0%
#121960000
12
1F
1E
1N
03
b110100 1
b10 *
1%
1$
#121980000
1!
0%
#122000000
b10100 D
0N
b111011000010000000000000000 M
0F
0E
b101 *
02
1%
0$
#122020000
0!
0%
#122040000
1F
1E
1N
1"
19
13
b110101 1
b111 5
b10 *
02
1%
1$
#122060000
1!
0%
#122080000
b10101 D
0N
b1110110000100000000000000000 M
0F
b101 *
12
1%
0$
#122100000
0%
#122120000
1F
0E
1N
0"
09
03
b110110 1
b11 *
12
1%
1$
#122140000
0!
0%
#122160000
b10110 D
0N
b1101100001000000000000000000 M
0F
1E
b110 *
02
1%
0$
#122180000
1!
0%
#122200000
1F
0E
1N
1"
19
13
b110111 1
b101 *
12
1%
1$
#122220000
0!
0%
#122240000
b10111 D
0N
b1011000010000000000000000000 M
0F
1E
b10 *
1%
0$
#122260000
1!
0%
#122280000
02
1F
0E
1N
03
b111000 1
b101 *
1%
1$
#122300000
0!
0%
#122320000
b11000 D
0N
b110000100000000000000000000 M
0F
1E
b10 *
12
1%
0$
#122340000
1!
0%
#122360000
1F
0E
1N
0"
09
13
b111001 1
b101 *
02
1%
1$
#122380000
0!
0%
#122400000
b11001 D
0N
b1100001000000000000000000000 M
0F
b10 *
1%
0$
#122420000
0%
#122440000
12
1F
1E
1N
03
b111010 1
b100 *
1%
1$
#122460000
1!
0%
#122480000
b11010 D
0N
b1000010000000000000000000000 M
0F
0E
b1 *
02
1%
0$
#122500000
0!
0%
#122520000
1F
1E
1N
1"
19
13
b111011 1
b10 *
12
1%
1$
#122540000
1!
0%
#122560000
b11011 D
0N
b100000000000000000000000 M
0F
0E
b101 *
1%
0$
#122580000
0!
0%
#122600000
02
1F
1E
1N
03
b111100 1
b10 *
1%
1$
#122620000
1!
0%
#122640000
b11100 D
0N
b1000000000000000000000000 M
0F
b101 *
12
1%
0$
#122660000
0%
#122680000
1F
0E
1N
0"
09
13
b111101 1
b11 *
02
1%
1$
#122700000
0!
0%
#122720000
b11101 D
0N
b10000000000000000000000000 M
0F
b110 *
1%
0$
#122740000
0%
#122760000
12
1F
1E
1N
03
b111110 1
b100 *
1%
1$
#122780000
1!
0%
#122800000
b11110 D
0N
b100000000000000000000000000 M
0F
b1 *
02
1%
0$
#122820000
0%
#122840000
1F
0E
1N
1"
19
13
b111111 1
b11 *
02
1%
1$
#122860000
0!
0%
#122880000
b11111 D
0N
b1000000000000000000000000000 M
0F
b110 *
12
1%
0$
#122900000
0%
#122920000
1F
1E
1N
0"
09
03
14
b0 1
b100 *
12
1%
1$
#122940000
1!
0%
#122960000
b11000 J
0K
b0 D
b100111 7
b11001 :
1#
b111011101110110 8
b1011101110111011000000000000 ,
b1011101110111011 0
b1000111 6
04
0N
b0 M
0F
0E
b1 *
02
1%
0$
#122980000
0!
0%
#123000000
b10011001100110000001 P
b11001100110011000000 O
b11011 W
1S
b10011001100110000001 T
b1001100110011000 Q
b1100110011001100 ;
b1001100110011000 <
1E
b10 L
b10111011101110110000 M
1N
1"
19
13
b1 1
b0 5
0#
b10011001100110001100110011001100 )
b10011001100110001100110011001100 +
b11011101110111010 '
b1101110111011101 &
b10 *
b0 Z
12
1%
1$
#123020000
1!
0%
#123040000
b1 D
0N
b11001100110011000000 M
b101 *
1%
0$
#123060000
0%
#123080000
1N
03
b10 1
b11 *
b1 Y
1%
1$
#123100000
0%
#123120000
b10 D
0N
b111 *
1%
0$
#123140000
0%
#123160000
02
0E
1N
13
b11 1
b10 Y
1%
1$
#123180000
0!
0%
#123200000
b11 D
0N
b110 *
12
1%
0$
#123220000
0%
#123240000
1N
0"
09
03
b100 1
b100 *
b11 Y
02
1%
1$
#123260000
0%
#123280000
b100 D
0N
b0 *
1%
0$
#123300000
0%
#123320000
1F
1E
1N
13
b101 1
1%
1$
#123340000
1!
0%
#123360000
b101 D
0N
b110011001100110000000 M
0F
b1 *
1%
0$
#123380000
0%
#123400000
12
1F
0E
1N
03
b110 1
b11 *
1%
1$
#123420000
0!
0%
#123440000
b110 D
0N
b1100110011001100000000 M
0F
b110 *
02
1%
0$
#123460000
0%
#123480000
1F
1E
1N
1"
19
13
b111 1
b100 *
02
1%
1$
#123500000
1!
0%
#123520000
b111 D
0N
b11001100110011000000000 M
0F
b1 *
12
1%
0$
#123540000
0%
#123560000
1F
0E
1N
0"
09
03
b1000 1
b11 *
12
1%
1$
#123580000
0!
0%
#123600000
b1000 D
0N
b110011001100110000000000 M
0F
b110 *
02
1%
0$
#123620000
0%
#123640000
1F
1E
1N
1"
19
13
b1001 1
b100 *
12
1%
1$
#123660000
1!
0%
#123680000
b1001 D
0N
b1100110011001100000000000 M
0F
b1 *
1%
0$
#123700000
0%
#123720000
02
1F
0E
1N
03
b1010 1
b11 *
1%
1$
#123740000
0!
0%
#123760000
b1010 D
0N
b11001100110011000000000000 M
0F
b110 *
12
1%
0$
#123780000
0%
#123800000
1F
1E
1N
0"
09
13
b1011 1
b100 *
02
1%
1$
#123820000
1!
0%
#123840000
b1011 D
0N
b110011001100110000000000000 M
0F
b1 *
1%
0$
#123860000
0%
#123880000
12
1F
0E
1N
03
b1100 1
b11 *
1%
1$
#123900000
0!
0%
#123920000
b1100 D
0N
b1100110011001100000000000000 M
0F
b110 *
02
1%
0$
#123940000
0%
#123960000
1F
1E
1N
1"
19
13
b1101 1
b100 *
12
1%
1$
#123980000
1!
0%
#124000000
b1101 D
0N
b1001100110011000000000000000 M
0F
0E
b1 *
1%
0$
#124020000
0!
0%
#124040000
02
1F
1E
1N
03
b1110 1
b10 *
1%
1$
#124060000
1!
0%
#124080000
b1110 D
0N
b11001100110000000000000000 M
0F
0E
b101 *
12
1%
0$
#124100000
0!
0%
#124120000
1F
1E
1N
0"
09
13
b1111 1
b10 *
02
1%
1$
#124140000
1!
0%
#124160000
b1111 D
0N
b110011001100000000000000000 M
0F
b101 *
1%
0$
#124180000
0%
#124200000
12
1F
0E
1N
03
b10000 1
b11 *
1%
1$
#124220000
0!
0%
#124240000
b10000 D
0N
b1100110011000000000000000000 M
0F
b110 *
02
1%
0$
#124260000
0%
#124280000
1F
1E
1N
1"
19
13
b10001 1
b100 *
12
1%
1$
#124300000
1!
0%
#124320000
b10001 D
0N
b1001100110000000000000000000 M
0F
0E
b1 *
1%
0$
#124340000
0!
0%
#124360000
02
1F
1E
1N
03
b10010 1
b10 *
1%
1$
#124380000
1!
0%
#124400000
b10010 D
0N
b11001100000000000000000000 M
0F
0E
b101 *
12
1%
0$
#124420000
0!
0%
#124440000
1F
1E
1N
0"
09
13
b10011 1
b10 *
02
1%
1$
#124460000
1!
0%
#124480000
b10011 D
0N
b110011000000000000000000000 M
0F
b101 *
1%
0$
#124500000
0%
#124520000
12
1F
0E
1N
03
b10100 1
b11 *
1%
1$
#124540000
0!
0%
#124560000
b10100 D
0N
b1100110000000000000000000000 M
0F
b110 *
02
1%
0$
#124580000
0%
#124600000
1F
1E
1N
1"
19
13
b10101 1
b100 *
12
1%
1$
#124620000
1!
0%
#124640000
b10101 D
0N
b1001100000000000000000000000 M
0F
0E
b1 *
1%
0$
#124660000
0!
0%
#124680000
02
1F
1E
1N
03
b10110 1
b10 *
1%
1$
#124700000
1!
0%
#124720000
b10110 D
0N
b11000000000000000000000000 M
0F
0E
b101 *
12
1%
0$
#124740000
0!
0%
#124760000
1F
1E
1N
0"
09
13
b10111 1
b10 *
02
1%
1$
#124780000
1!
0%
#124800000
b10111 D
0N
b110000000000000000000000000 M
0F
b101 *
1%
0$
#124820000
0%
#124840000
12
1F
0E
1N
03
b11000 1
b11 *
1%
1$
#124860000
0!
0%
#124880000
b11000 D
0N
b1100000000000000000000000000 M
0F
b110 *
02
1%
0$
#124900000
0%
#124920000
1F
1E
1N
1"
19
13
b11001 1
b1 5
b100 *
02
1%
1$
#124940000
1!
0%
#124960000
b11001 D
0N
b1000000000000000000000000000 M
0F
0E
b1 *
12
1%
0$
#124980000
0!
0%
#125000000
1F
1E
1N
0"
09
03
b11010 1
b10 *
12
1%
1$
#125020000
1!
0%
#125040000
b11010 D
0N
b0 M
0F
0E
b101 *
02
1%
0$
#125060000
0!
0%
#125080000
1F
1E
1N
1"
19
13
b11011 1
b10 5
b10 *
02
1%
1$
#125100000
1!
0%
#125120000
b11011 D
0N
0F
b101 *
12
1%
0$
#125140000
0%
#125160000
1F
0E
1N
0"
09
03
b11100 1
b11 *
12
1%
1$
#125180000
0!
0%
#125200000
b11100 D
0N
0F
b110 *
02
1%
0$
#125220000
0%
#125240000
1F
1E
1N
1"
19
13
b11101 1
b100 *
12
1%
1$
#125260000
1!
0%
#125280000
b11101 D
0N
0F
b1 *
1%
0$
#125300000
0%
#125320000
02
1F
0E
1N
03
b11110 1
b11 *
1%
1$
#125340000
0!
0%
#125360000
b11110 D
0N
0F
b110 *
12
1%
0$
#125380000
0%
#125400000
1F
1E
1N
0"
09
13
b11111 1
b11 5
b100 *
12
1%
1$
#125420000
1!
0%
#125440000
b11111 D
0N
0F
b1 *
02
1%
0$
#125460000
0%
#125480000
1F
0E
1N
1"
19
03
b100000 1
b11 *
02
1%
1$
#125500000
0!
0%
#125520000
1K
b0 D
0N
0F
b110 *
12
1%
0$
#125540000
0%
#125560000
1E
b11 L
b10011001100110000001 M
1N
0"
09
13
b100001 1
b100 5
b100 *
b0 Y
12
1%
1$
#125580000
1!
0%
#125600000
b1 D
0N
b1 *
02
1%
0$
#125620000
0%
#125640000
0E
1N
1"
19
03
b100010 1
b11 *
b1 Z
02
1%
1$
#125660000
0!
0%
#125680000
b10 D
0N
b110 *
12
1%
0$
#125700000
0%
#125720000
1N
0"
09
13
b100011 1
b101 5
b100 *
b10 Z
12
1%
1$
#125740000
0%
#125760000
b11 D
0N
b0 *
02
1%
0$
#125780000
0%
#125800000
1N
1"
19
03
b100100 1
b11 Z
02
1%
1$
#125820000
0%
#125840000
b100 D
0N
12
1%
0$
#125860000
0%
#125880000
1F
1E
1N
0"
09
13
b100101 1
02
1%
1$
#125900000
1!
0%
#125920000
b101 D
0N
b100110011001100000010 M
0F
b1 *
1%
0$
#125940000
0%
#125960000
12
1F
0E
1N
03
b100110 1
b11 *
1%
1$
#125980000
0!
0%
#126000000
b110 D
0N
b1001100110011000000100 M
0F
b110 *
02
1%
0$
#126020000
0%
#126040000
1F
1E
1N
1"
19
13
b100111 1
b110 5
b100 *
02
1%
1$
#126060000
1!
0%
#126080000
b111 D
0N
b10011001100110000001000 M
0F
b1 *
12
1%
0$
#126100000
0%
#126120000
1F
0E
1N
0"
09
03
b101000 1
b11 *
12
1%
1$
#126140000
0!
0%
#126160000
b1000 D
0N
b100110011001100000010000 M
0F
b110 *
02
1%
0$
#126180000
0%
#126200000
1F
1E
1N
1"
19
13
b101001 1
b111 5
b100 *
02
1%
1$
#126220000
1!
0%
#126240000
b1001 D
0N
b1001100110011000000100000 M
0F
b1 *
12
1%
0$
#126260000
0%
#126280000
1F
0E
1N
0"
09
03
b101010 1
b11 *
12
1%
1$
#126300000
0!
0%
#126320000
b1010 D
0N
b10011001100110000001000000 M
0F
b110 *
02
1%
0$
#126340000
0%
#126360000
1F
1E
1N
1"
19
13
b101011 1
b1000 5
b100 *
02
1%
1$
#126380000
1!
0%
#126400000
b1011 D
0N
b100110011001100000010000000 M
0F
b1 *
12
1%
0$
#126420000
0%
#126440000
1F
0E
1N
0"
09
03
b101100 1
b11 *
12
1%
1$
#126460000
0!
0%
#126480000
b1100 D
0N
b1001100110011000000100000000 M
0F
b110 *
02
1%
0$
#126500000
0%
#126520000
1F
1E
1N
1"
19
13
b101101 1
b100 *
12
1%
1$
#126540000
1!
0%
#126560000
b1101 D
0N
b11001100110000001000000000 M
0F
0E
b1 *
1%
0$
#126580000
0!
0%
#126600000
02
1F
1E
1N
03
b101110 1
b10 *
1%
1$
#126620000
1!
0%
#126640000
b1110 D
0N
b110011001100000010000000000 M
0F
b101 *
12
1%
0$
#126660000
0%
#126680000
1F
0E
1N
0"
09
13
b101111 1
b1001 5
b11 *
12
1%
1$
#126700000
0!
0%
#126720000
b1111 D
0N
b1100110011000000100000000000 M
0F
b110 *
02
1%
0$
#126740000
0%
#126760000
1F
1E
1N
1"
19
03
b110000 1
b100 *
02
1%
1$
#126780000
1!
0%
#126800000
b10000 D
0N
b1001100110000001000000000000 M
0F
0E
b1 *
12
1%
0$
#126820000
0!
0%
#126840000
1F
1E
1N
0"
09
13
b110001 1
b1010 5
b10 *
12
1%
1$
#126860000
1!
0%
#126880000
b10001 D
0N
b11001100000010000000000000 M
0F
0E
b101 *
02
1%
0$
#126900000
0!
0%
#126920000
1F
1E
1N
1"
19
03
b110010 1
b10 *
02
1%
1$
#126940000
1!
0%
#126960000
b10010 D
0N
b110011000000100000000000000 M
0F
b101 *
12
1%
0$
#126980000
0%
#127000000
1F
0E
1N
0"
09
13
b110011 1
b1011 5
b11 *
12
1%
1$
#127020000
0!
0%
#127040000
b10011 D
0N
b1100110000001000000000000000 M
0F
b110 *
02
1%
0$
#127060000
0%
#127080000
1F
1E
1N
1"
19
03
b110100 1
b100 *
02
1%
1$
#127100000
1!
0%
#127120000
b10100 D
0N
b1001100000010000000000000000 M
0F
0E
b1 *
12
1%
0$
#127140000
0!
0%
#127160000
1F
1E
1N
0"
09
13
b110101 1
b10 *
02
1%
1$
#127180000
1!
0%
#127200000
b10101 D
0N
b11000000100000000000000000 M
0F
0E
b101 *
1%
0$
#127220000
0!
0%
#127240000
12
1F
1E
1N
03
b110110 1
b10 *
1%
1$
#127260000
1!
0%
#127280000
b10110 D
0N
b110000001000000000000000000 M
0F
b101 *
02
1%
0$
#127300000
0%
#127320000
1F
0E
1N
1"
19
13
b110111 1
b1100 5
b11 *
02
1%
1$
#127340000
0!
0%
#127360000
b10111 D
0N
b1100000010000000000000000000 M
0F
b110 *
12
1%
0$
#127380000
0%
#127400000
1F
1E
1N
0"
09
03
b111000 1
b100 *
12
1%
1$
#127420000
1!
0%
#127440000
b11000 D
0N
b1000000100000000000000000000 M
0F
0E
b1 *
02
1%
0$
#127460000
0!
0%
#127480000
1F
1E
1N
1"
19
13
b111001 1
b10 *
12
1%
1$
#127500000
1!
0%
#127520000
b11001 D
0N
b1000000000000000000000 M
0F
0E
b101 *
1%
0$
#127540000
0!
0%
#127560000
02
1F
1E
1N
03
b111010 1
b10 *
1%
1$
#127580000
1!
0%
#127600000
b11010 D
0N
b10000000000000000000000 M
0F
b101 *
12
1%
0$
#127620000
0%
#127640000
1F
0E
1N
0"
09
13
b111011 1
b11 *
02
1%
1$
#127660000
0!
0%
#127680000
b11011 D
0N
b100000000000000000000000 M
0F
b110 *
1%
0$
#127700000
0%
#127720000
12
1F
1E
1N
03
b111100 1
b100 *
1%
1$
#127740000
1!
0%
#127760000
b11100 D
0N
b1000000000000000000000000 M
0F
b1 *
02
1%
0$
#127780000
0%
#127800000
1F
0E
1N
1"
19
13
b111101 1
b11 *
12
1%
1$
#127820000
0!
0%
#127840000
b11101 D
0N
b10000000000000000000000000 M
0F
b110 *
1%
0$
#127860000
0%
#127880000
02
1F
1E
1N
03
b111110 1
b100 *
1%
1$
#127900000
1!
0%
#127920000
b11110 D
0N
b100000000000000000000000000 M
0F
b1 *
12
1%
0$
#127940000
0%
#127960000
1F
0E
1N
0"
09
13
b111111 1
b11 *
02
1%
1$
#127980000
0!
0%
#128000000
b11111 D
0N
b1000000000000000000000000000 M
0F
b110 *
1%
0$
#128020000
0%
#128040000
12
1F
1E
1N
03
14
b0 1
b100 *
1%
1$
#128060000
1!
0%
#128080000
b11001 J
0K
b0 D
b1000111 7
b11010 :
b111011101110110000000000000 ,
b111011101110110 0
b100111 6
04
0N
b0 M
0F
0E
b1 *
02
1%
0$
#128100000
0!
0%
#128120000
1E
b10 L
b11001100110011000000 M
1N
1"
19
13
b1 1
b0 5
b10 *
b0 Z
12
1%
1$
#128140000
1!
0%
#128160000
b1 D
0N
b101 *
1%
0$
#128180000
0%
#128200000
1N
03
b10 1
b11 *
b1 Y
1%
1$
#128220000
0%
#128240000
b10 D
0N
b111 *
1%
0$
#128260000
0%
#128280000
02
0E
1N
13
b11 1
b10 Y
1%
1$
#128300000
0!
0%
#128320000
b11 D
0N
b110 *
12
1%
0$
#128340000
0%
#128360000
1N
0"
09
03
b100 1
b100 *
b11 Y
02
1%
1$
#128380000
0%
#128400000
b100 D
0N
b0 *
1%
0$
#128420000
0%
#128440000
12
1F
1E
1N
13
b101 1
1%
1$
#128460000
1!
0%
#128480000
b101 D
0N
b110011001100110000000 M
0F
b1 *
02
1%
0$
#128500000
0%
#128520000
1F
0E
1N
1"
19
03
b110 1
b11 *
02
1%
1$
#128540000
0!
0%
#128560000
b110 D
0N
b1100110011001100000000 M
0F
b110 *
12
1%
0$
#128580000
0%
#128600000
1F
1E
1N
0"
09
13
b111 1
b100 *
02
1%
1$
#128620000
1!
0%
#128640000
b111 D
0N
b11001100110011000000000 M
0F
b1 *
1%
0$
#128660000
0%
#128680000
12
1F
0E
1N
03
b1000 1
b11 *
1%
1$
#128700000
0!
0%
#128720000
b1000 D
0N
b110011001100110000000000 M
0F
b110 *
02
1%
0$
#128740000
0%
#128760000
1F
1E
1N
1"
19
13
b1001 1
b100 *
12
1%
1$
#128780000
1!
0%
#128800000
b1001 D
0N
b1100110011001100000000000 M
0F
b1 *
1%
0$
#128820000
0%
#128840000
02
1F
0E
1N
03
b1010 1
b11 *
1%
1$
#128860000
0!
0%
#128880000
b1010 D
0N
b11001100110011000000000000 M
0F
b110 *
12
1%
0$
#128900000
0%
#128920000
1F
1E
1N
0"
09
13
b1011 1
b100 *
02
1%
1$
#128940000
1!
0%
#128960000
b1011 D
0N
b110011001100110000000000000 M
0F
b1 *
1%
0$
#128980000
0%
#129000000
12
1F
0E
1N
03
b1100 1
b11 *
1%
1$
#129020000
0!
0%
#129040000
b1100 D
0N
b1100110011001100000000000000 M
0F
b110 *
02
1%
0$
#129060000
0%
#129080000
1F
1E
1N
1"
19
13
b1101 1
b100 *
12
1%
1$
#129100000
1!
0%
#129120000
b1101 D
0N
b1001100110011000000000000000 M
0F
0E
b1 *
1%
0$
#129140000
0!
0%
#129160000
02
1F
1E
1N
03
b1110 1
b10 *
1%
1$
#129180000
1!
0%
#129200000
b1110 D
0N
b11001100110000000000000000 M
0F
0E
b101 *
12
1%
0$
#129220000
0!
0%
#129240000
1F
1E
1N
0"
09
13
b1111 1
b10 *
02
1%
1$
#129260000
1!
0%
#129280000
b1111 D
0N
b110011001100000000000000000 M
0F
b101 *
1%
0$
#129300000
0%
#129320000
12
1F
0E
1N
03
b10000 1
b11 *
1%
1$
#129340000
0!
0%
#129360000
b10000 D
0N
b1100110011000000000000000000 M
0F
b110 *
02
1%
0$
#129380000
0%
#129400000
1F
1E
1N
1"
19
13
b10001 1
b100 *
12
1%
1$
#129420000
1!
0%
#129440000
b10001 D
0N
b1001100110000000000000000000 M
0F
0E
b1 *
1%
0$
#129460000
0!
0%
#129480000
02
1F
1E
1N
03
b10010 1
b10 *
1%
1$
#129500000
1!
0%
#129520000
b10010 D
0N
b11001100000000000000000000 M
0F
0E
b101 *
12
1%
0$
#129540000
0!
0%
#129560000
1F
1E
1N
0"
09
13
b10011 1
b10 *
02
1%
1$
#129580000
1!
0%
#129600000
b10011 D
0N
b110011000000000000000000000 M
0F
b101 *
1%
0$
#129620000
0%
#129640000
12
1F
0E
1N
03
b10100 1
b11 *
1%
1$
#129660000
0!
0%
#129680000
b10100 D
0N
b1100110000000000000000000000 M
0F
b110 *
02
1%
0$
#129700000
0%
#129720000
1F
1E
1N
1"
19
13
b10101 1
b100 *
12
1%
1$
#129740000
1!
0%
#129760000
b10101 D
0N
b1001100000000000000000000000 M
0F
0E
b1 *
1%
0$
#129780000
0!
0%
#129800000
02
1F
1E
1N
03
b10110 1
b10 *
1%
1$
#129820000
1!
0%
#129840000
b10110 D
0N
b11000000000000000000000000 M
0F
0E
b101 *
12
1%
0$
#129860000
0!
0%
#129880000
1F
1E
1N
0"
09
13
b10111 1
b10 *
02
1%
1$
#129900000
1!
0%
#129920000
b10111 D
0N
b110000000000000000000000000 M
0F
b101 *
1%
0$
#129940000
0%
#129960000
12
1F
0E
1N
03
b11000 1
b11 *
1%
1$
#129980000
0!
0%
#130000000
b11000 D
0N
b1100000000000000000000000000 M
0F
b110 *
02
1%
0$
#130020000
0%
#130040000
1F
1E
1N
1"
19
13
b11001 1
b100 *
12
1%
1$
#130060000
1!
0%
#130080000
b11001 D
0N
b1000000000000000000000000000 M
0F
0E
b1 *
1%
0$
#130100000
0!
0%
#130120000
02
1F
1E
1N
03
b11010 1
b10 *
1%
1$
#130140000
1!
0%
#130160000
b11010 D
0N
b0 M
0F
0E
b101 *
12
1%
0$
#130180000
0!
0%
#130200000
1F
1E
1N
0"
09
13
b11011 1
b1 5
b10 *
12
1%
1$
#130220000
1!
0%
#130240000
b11011 D
0N
0F
b101 *
02
1%
0$
#130260000
0%
#130280000
1F
0E
1N
1"
19
03
b11100 1
b11 *
02
1%
1$
#130300000
0!
0%
#130320000
b11100 D
0N
0F
b110 *
12
1%
0$
#130340000
0%
#130360000
1F
1E
1N
0"
09
13
b11101 1
b10 5
b100 *
12
1%
1$
#130380000
1!
0%
#130400000
b11101 D
0N
0F
b1 *
02
1%
0$
#130420000
0%
#130440000
1F
0E
1N
1"
19
03
b11110 1
b11 *
02
1%
1$
#130460000
0!
0%
#130480000
b11110 D
0N
0F
b110 *
12
1%
0$
#130500000
0%
#130520000
1F
1E
1N
0"
09
13
b11111 1
b100 *
02
1%
1$
#130540000
1!
0%
#130560000
b11111 D
0N
0F
b1 *
1%
0$
#130580000
0%
#130600000
12
1F
0E
1N
03
b100000 1
b11 *
1%
1$
#130620000
0!
0%
#130640000
1K
b0 D
0N
0F
b110 *
02
1%
0$
#130660000
0%
#130680000
1E
b11 L
b10011001100110000001 M
1N
1"
19
13
b100001 1
b11 5
b100 *
b0 Y
02
1%
1$
#130700000
1!
0%
#130720000
b1 D
0N
b1 *
12
1%
0$
#130740000
0%
#130760000
0E
1N
0"
09
03
b100010 1
b11 *
b1 Z
12
1%
1$
#130780000
0!
0%
#130800000
b10 D
0N
b110 *
02
1%
0$
#130820000
0%
#130840000
1N
1"
19
13
b100011 1
b100 5
b100 *
b10 Z
02
1%
1$
#130860000
0%
#130880000
b11 D
0N
b0 *
12
1%
0$
#130900000
0%
#130920000
1N
0"
09
03
b100100 1
b11 Z
12
1%
1$
#130940000
0%
#130960000
b100 D
0N
02
1%
0$
#130980000
0%
#131000000
1F
1E
1N
1"
19
13
b100101 1
b101 5
02
1%
1$
#131020000
1!
0%
#131040000
b101 D
0N
b100110011001100000010 M
0F
b1 *
12
1%
0$
#131060000
0%
#131080000
1F
0E
1N
0"
09
03
b100110 1
b11 *
12
1%
1$
#131100000
0!
0%
#131120000
b110 D
0N
b1001100110011000000100 M
0F
b110 *
02
1%
0$
#131140000
0%
#131160000
1F
1E
1N
1"
19
13
b100111 1
b100 *
12
1%
1$
#131180000
1!
0%
#131200000
b111 D
0N
b10011001100110000001000 M
0F
b1 *
1%
0$
#131220000
0%
#131240000
02
1F
0E
1N
03
b101000 1
b11 *
1%
1$
#131260000
0!
0%
#131280000
b1000 D
0N
b100110011001100000010000 M
0F
b110 *
12
1%
0$
#131300000
0%
#131320000
1F
1E
1N
0"
09
13
b101001 1
b110 5
b100 *
12
1%
1$
#131340000
1!
0%
#131360000
b1001 D
0N
b1001100110011000000100000 M
0F
b1 *
02
1%
0$
#131380000
0%
#131400000
1F
0E
1N
1"
19
03
b101010 1
b11 *
02
1%
1$
#131420000
0!
0%
#131440000
b1010 D
0N
b10011001100110000001000000 M
0F
b110 *
12
1%
0$
#131460000
0%
#131480000
1F
1E
1N
0"
09
13
b101011 1
b111 5
b100 *
12
1%
1$
#131500000
1!
0%
#131520000
b1011 D
0N
b100110011001100000010000000 M
0F
b1 *
02
1%
0$
#131540000
0%
#131560000
1F
0E
1N
1"
19
03
b101100 1
b11 *
02
1%
1$
#131580000
0!
0%
#131600000
b1100 D
0N
b1001100110011000000100000000 M
0F
b110 *
12
1%
0$
#131620000
0%
#131640000
1F
1E
1N
0"
09
13
b101101 1
b1000 5
b100 *
12
1%
1$
#131660000
1!
0%
#131680000
b1101 D
0N
b11001100110000001000000000 M
0F
0E
b1 *
02
1%
0$
#131700000
0!
0%
#131720000
1F
1E
1N
1"
19
03
b101110 1
b10 *
02
1%
1$
#131740000
1!
0%
#131760000
b1110 D
0N
b110011001100000010000000000 M
0F
b101 *
12
1%
0$
#131780000
0%
#131800000
1F
0E
1N
0"
09
13
b101111 1
b11 *
02
1%
1$
#131820000
0!
0%
#131840000
b1111 D
0N
b1100110011000000100000000000 M
0F
b110 *
1%
0$
#131860000
0%
#131880000
12
1F
1E
1N
03
b110000 1
b100 *
1%
1$
#131900000
1!
0%
#131920000
b10000 D
0N
b1001100110000001000000000000 M
0F
0E
b1 *
02
1%
0$
#131940000
0!
0%
#131960000
1F
1E
1N
1"
19
13
b110001 1
b1001 5
b10 *
02
1%
1$
#131980000
1!
0%
#132000000
b10001 D
0N
b11001100000010000000000000 M
0F
0E
b101 *
12
1%
0$
#132020000
0!
0%
#132040000
1F
1E
1N
0"
09
03
b110010 1
b10 *
12
1%
1$
#132060000
1!
0%
#132080000
b10010 D
0N
b110011000000100000000000000 M
0F
b101 *
02
1%
0$
#132100000
0%
#132120000
1F
0E
1N
1"
19
13
b110011 1
b1010 5
b11 *
02
1%
1$
#132140000
0!
0%
#132160000
b10011 D
0N
b1100110000001000000000000000 M
0F
b110 *
12
1%
0$
#132180000
0%
#132200000
1F
1E
1N
0"
09
03
b110100 1
b100 *
12
1%
1$
#132220000
1!
0%
#132240000
b10100 D
0N
b1001100000010000000000000000 M
0F
0E
b1 *
02
1%
0$
#132260000
0!
0%
#132280000
1F
1E
1N
1"
19
13
b110101 1
b1011 5
b10 *
02
1%
1$
#132300000
1!
0%
#132320000
b10101 D
0N
b11000000100000000000000000 M
0F
0E
b101 *
12
1%
0$
#132340000
0!
0%
#132360000
1F
1E
1N
0"
09
03
b110110 1
b10 *
12
1%
1$
#132380000
1!
0%
#132400000
b10110 D
0N
b110000001000000000000000000 M
0F
b101 *
02
1%
0$
#132420000
0%
#132440000
1F
0E
1N
1"
19
13
b110111 1
b11 *
12
1%
1$
#132460000
0!
0%
#132480000
b10111 D
0N
b1100000010000000000000000000 M
0F
b110 *
1%
0$
#132500000
0%
#132520000
02
1F
1E
1N
03
b111000 1
b100 *
1%
1$
#132540000
1!
0%
#132560000
b11000 D
0N
b1000000100000000000000000000 M
0F
0E
b1 *
12
1%
0$
#132580000
0!
0%
#132600000
1F
1E
1N
0"
09
13
b111001 1
b10 *
02
1%
1$
#132620000
1!
0%
#132640000
b11001 D
0N
b1000000000000000000000 M
0F
0E
b101 *
1%
0$
#132660000
0!
0%
#132680000
12
1F
1E
1N
03
b111010 1
b10 *
1%
1$
#132700000
1!
0%
#132720000
b11010 D
0N
b10000000000000000000000 M
0F
b101 *
02
1%
0$
#132740000
0%
#132760000
1F
0E
1N
1"
19
13
b111011 1
b11 *
12
1%
1$
#132780000
0!
0%
#132800000
b11011 D
0N
b100000000000000000000000 M
0F
b110 *
1%
0$
#132820000
0%
#132840000
02
1F
1E
1N
03
b111100 1
b100 *
1%
1$
#132860000
1!
0%
#132880000
b11100 D
0N
b1000000000000000000000000 M
0F
b1 *
12
1%
0$
#132900000
0%
#132920000
1F
0E
1N
0"
09
13
b111101 1
b11 *
02
1%
1$
#132940000
0!
0%
#132960000
b11101 D
0N
b10000000000000000000000000 M
0F
b110 *
1%
0$
#132980000
0%
#133000000
12
1F
1E
1N
03
b111110 1
b100 *
1%
1$
#133020000
1!
0%
#133040000
b11110 D
0N
b100000000000000000000000000 M
0F
b1 *
02
1%
0$
#133060000
0%
#133080000
1F
0E
1N
1"
19
13
b111111 1
b11 *
02
1%
1$
#133100000
0!
0%
#133120000
b11111 D
0N
b1000000000000000000000000000 M
0F
b110 *
12
1%
0$
#133140000
0%
#133160000
1F
1E
1N
0"
09
03
14
b0 1
b100 *
12
1%
1$
#133180000
1!
0%
#133200000
b11010 J
0K
b0 D
b100111 7
b11011 :
1#
b1001100110011000 8
b1100110011001100000000000000 ,
b1100110011001100 0
b1000111 6
04
0N
b0 M
0F
0E
b1 *
02
1%
0$
#133220000
0!
0%
#133240000
b10111011101110100001 P
b11011101110111010000 O
b11011 W
1S
b10111011101110100001 T
b1011101110111010 Q
b1101110111011101 ;
b1011101110111010 <
1E
b10 L
b11001100110011000000 M
1N
1"
19
13
b1 1
b0 5
0#
b10111011101110101101110111011101 )
b10111011101110101101110111011101 +
b11101110111011100 '
b1110111011101110 &
b10 *
b0 Z
12
1%
1$
#133260000
1!
0%
#133280000
b1 D
0N
b11011101110111010000 M
b101 *
1%
0$
#133300000
0%
#133320000
1N
03
b10 1
b11 *
b1 Y
1%
1$
#133340000
0%
#133360000
b10 D
0N
b111 *
1%
0$
#133380000
0%
#133400000
02
0E
1N
13
b11 1
b10 Y
1%
1$
#133420000
0!
0%
#133440000
b11 D
0N
b110 *
12
1%
0$
#133460000
0%
#133480000
1N
0"
09
03
b100 1
b100 *
b11 Y
02
1%
1$
#133500000
0%
#133520000
b100 D
0N
b0 *
1%
0$
#133540000
0%
#133560000
1F
1E
1N
13
b101 1
1%
1$
#133580000
1!
0%
#133600000
b101 D
0N
b110111011101110100000 M
0F
b1 *
1%
0$
#133620000
0%
#133640000
12
1F
0E
1N
03
b110 1
b11 *
1%
1$
#133660000
0!
0%
#133680000
b110 D
0N
b1101110111011101000000 M
0F
b110 *
02
1%
0$
#133700000
0%
#133720000
1F
1E
1N
1"
19
13
b111 1
b100 *
02
1%
1$
#133740000
1!
0%
#133760000
b111 D
0N
b11011101110111010000000 M
0F
b1 *
12
1%
0$
#133780000
0%
#133800000
1F
0E
1N
0"
09
03
b1000 1
b11 *
12
1%
1$
#133820000
0!
0%
#133840000
b1000 D
0N
b110111011101110100000000 M
0F
b110 *
02
1%
0$
#133860000
0%
#133880000
1F
1E
1N
1"
19
13
b1001 1
b100 *
12
1%
1$
#133900000
1!
0%
#133920000
b1001 D
0N
b1101110111011101000000000 M
0F
b1 *
1%
0$
#133940000
0%
#133960000
02
1F
0E
1N
03
b1010 1
b11 *
1%
1$
#133980000
0!
0%
#134000000
b1010 D
0N
b11011101110111010000000000 M
0F
b110 *
12
1%
0$
#134020000
0%
#134040000
1F
1E
1N
0"
09
13
b1011 1
b100 *
02
1%
1$
#134060000
1!
0%
#134080000
b1011 D
0N
b110111011101110100000000000 M
0F
b1 *
1%
0$
#134100000
0%
#134120000
12
1F
0E
1N
03
b1100 1
b11 *
1%
1$
#134140000
0!
0%
#134160000
b1100 D
0N
b1101110111011101000000000000 M
0F
b110 *
02
1%
0$
#134180000
0%
#134200000
1F
1E
1N
1"
19
13
b1101 1
b100 *
12
1%
1$
#134220000
1!
0%
#134240000
b1101 D
0N
b1011101110111010000000000000 M
0F
0E
b1 *
1%
0$
#134260000
0!
0%
#134280000
02
1F
1E
1N
03
b1110 1
b10 *
1%
1$
#134300000
1!
0%
#134320000
b1110 D
0N
b111011101110100000000000000 M
0F
0E
b101 *
12
1%
0$
#134340000
0!
0%
#134360000
1F
1E
1N
0"
09
13
b1111 1
b10 *
02
1%
1$
#134380000
1!
0%
#134400000
b1111 D
0N
b1110111011101000000000000000 M
0F
b101 *
1%
0$
#134420000
0%
#134440000
12
1F
0E
1N
03
b10000 1
b11 *
1%
1$
#134460000
0!
0%
#134480000
b10000 D
0N
b1101110111010000000000000000 M
0F
1E
b110 *
02
1%
0$
#134500000
1!
0%
#134520000
1F
0E
1N
1"
19
13
b10001 1
b101 *
12
1%
1$
#134540000
0!
0%
#134560000
b10001 D
0N
b1011101110100000000000000000 M
0F
1E
b10 *
1%
0$
#134580000
1!
0%
#134600000
02
1F
0E
1N
03
b10010 1
b101 *
1%
1$
#134620000
0!
0%
#134640000
b10010 D
0N
b111011101000000000000000000 M
0F
1E
b10 *
12
1%
0$
#134660000
1!
0%
#134680000
1F
0E
1N
0"
09
13
b10011 1
b101 *
02
1%
1$
#134700000
0!
0%
#134720000
b10011 D
0N
b1110111010000000000000000000 M
0F
b10 *
1%
0$
#134740000
0%
#134760000
12
1F
1E
1N
03
b10100 1
b100 *
1%
1$
#134780000
1!
0%
#134800000
b10100 D
0N
b1101110100000000000000000000 M
0F
0E
b1 *
02
1%
0$
#134820000
0!
0%
#134840000
1F
1E
1N
1"
19
13
b10101 1
b10 *
12
1%
1$
#134860000
1!
0%
#134880000
b10101 D
0N
b1011101000000000000000000000 M
0F
0E
b101 *
1%
0$
#134900000
0!
0%
#134920000
02
1F
1E
1N
03
b10110 1
b10 *
1%
1$
#134940000
1!
0%
#134960000
b10110 D
0N
b111010000000000000000000000 M
0F
0E
b101 *
12
1%
0$
#134980000
0!
0%
#135000000
1F
1E
1N
0"
09
13
b10111 1
b10 *
02
1%
1$
#135020000
1!
0%
#135040000
b10111 D
0N
b1110100000000000000000000000 M
0F
b101 *
1%
0$
#135060000
0%
#135080000
12
1F
0E
1N
03
b11000 1
b11 *
1%
1$
#135100000
0!
0%
#135120000
b11000 D
0N
b1101000000000000000000000000 M
0F
1E
b110 *
02
1%
0$
#135140000
1!
0%
#135160000
1F
0E
1N
1"
19
13
b11001 1
b101 *
12
1%
1$
#135180000
0!
0%
#135200000
b11001 D
0N
b1010000000000000000000000000 M
0F
1E
b10 *
1%
0$
#135220000
1!
0%
#135240000
02
1F
0E
1N
03
b11010 1
b101 *
1%
1$
#135260000
0!
0%
#135280000
b11010 D
0N
b100000000000000000000000000 M
0F
1E
b10 *
12
1%
0$
#135300000
1!
0%
#135320000
1F
0E
1N
0"
09
13
b11011 1
b101 *
02
1%
1$
#135340000
0!
0%
#135360000
b11011 D
0N
b1000000000000000000000000000 M
0F
b10 *
1%
0$
#135380000
0%
#135400000
12
1F
1E
1N
03
b11100 1
b100 *
1%
1$
#135420000
1!
0%
#135440000
b11100 D
0N
b0 M
0F
0E
b1 *
02
1%
0$
#135460000
0!
0%
#135480000
1F
1E
1N
1"
19
13
b11101 1
b1 5
b10 *
02
1%
1$
#135500000
1!
0%
#135520000
b11101 D
0N
0F
b101 *
12
1%
0$
#135540000
0%
#135560000
1F
0E
1N
0"
09
03
b11110 1
b11 *
12
1%
1$
#135580000
0!
0%
#135600000
b11110 D
0N
0F
b110 *
02
1%
0$
#135620000
0%
#135640000
1F
1E
1N
1"
19
13
b11111 1
b10 5
b100 *
02
1%
1$
#135660000
1!
0%
#135680000
b11111 D
0N
0F
b1 *
12
1%
0$
#135700000
0%
#135720000
1F
0E
1N
0"
09
03
b100000 1
b11 *
12
1%
1$
#135740000
0!
0%
#135760000
1K
b0 D
0N
0F
b110 *
02
1%
0$
#135780000
0%
#135800000
1E
b11 L
b10111011101110100001 M
1N
1"
19
13
b100001 1
b100 *
b0 Y
12
1%
1$
#135820000
1!
0%
#135840000
b1 D
0N
b1 *
1%
0$
#135860000
0%
#135880000
02
0E
1N
03
b100010 1
b11 *
b1 Z
1%
1$
#135900000
0!
0%
#135920000
b10 D
0N
b110 *
12
1%
0$
#135940000
0%
#135960000
1N
0"
09
13
b100011 1
b100 *
b10 Z
02
1%
1$
#135980000
0%
#136000000
b11 D
0N
b0 *
1%
0$
#136020000
0%
#136040000
12
1N
03
b100100 1
b11 Z
1%
1$
#136060000
0%
#136080000
b100 D
0N
02
1%
0$
#136100000
0%
#136120000
1F
1E
1N
1"
19
13
b100101 1
b11 5
02
1%
1$
#136140000
1!
0%
#136160000
b101 D
0N
b101110111011101000010 M
0F
b1 *
12
1%
0$
#136180000
0%
#136200000
1F
0E
1N
0"
09
03
b100110 1
b11 *
12
1%
1$
#136220000
0!
0%
#136240000
b110 D
0N
b1011101110111010000100 M
0F
b110 *
02
1%
0$
#136260000
0%
#136280000
1F
1E
1N
1"
19
13
b100111 1
b100 5
b100 *
02
1%
1$
#136300000
1!
0%
#136320000
b111 D
0N
b10111011101110100001000 M
0F
b1 *
12
1%
0$
#136340000
0%
#136360000
1F
0E
1N
0"
09
03
b101000 1
b11 *
12
1%
1$
#136380000
0!
0%
#136400000
b1000 D
0N
b101110111011101000010000 M
0F
b110 *
02
1%
0$
#136420000
0%
#136440000
1F
1E
1N
1"
19
13
b101001 1
b100 *
12
1%
1$
#136460000
1!
0%
#136480000
b1001 D
0N
b1011101110111010000100000 M
0F
b1 *
1%
0$
#136500000
0%
#136520000
02
1F
0E
1N
03
b101010 1
b11 *
1%
1$
#136540000
0!
0%
#136560000
b1010 D
0N
b10111011101110100001000000 M
0F
b110 *
12
1%
0$
#136580000
0%
#136600000
1F
1E
1N
0"
09
13
b101011 1
b100 *
02
1%
1$
#136620000
1!
0%
#136640000
b1011 D
0N
b101110111011101000010000000 M
0F
b1 *
1%
0$
#136660000
0%
#136680000
12
1F
0E
1N
03
b101100 1
b11 *
1%
1$
#136700000
0!
0%
#136720000
b1100 D
0N
b1011101110111010000100000000 M
0F
b110 *
02
1%
0$
#136740000
0%
#136760000
1F
1E
1N
1"
19
13
b101101 1
b101 5
b100 *
02
1%
1$
#136780000
1!
0%
#136800000
b1101 D
0N
b111011101110100001000000000 M
0F
0E
b1 *
12
1%
0$
#136820000
0!
0%
#136840000
1F
1E
1N
0"
09
03
b101110 1
b10 *
12
1%
1$
#136860000
1!
0%
#136880000
b1110 D
0N
b1110111011101000010000000000 M
0F
b101 *
02
1%
0$
#136900000
0%
#136920000
1F
0E
1N
1"
19
13
b101111 1
b110 5
b11 *
02
1%
1$
#136940000
0!
0%
#136960000
b1111 D
0N
b1101110111010000100000000000 M
0F
1E
b110 *
12
1%
0$
#136980000
1!
0%
#137000000
1F
0E
1N
0"
09
03
b110000 1
b101 *
12
1%
1$
#137020000
0!
0%
#137040000
b10000 D
0N
b1011101110100001000000000000 M
0F
1E
b10 *
02
1%
0$
#137060000
1!
0%
#137080000
1F
0E
1N
1"
19
13
b110001 1
b101 *
12
1%
1$
#137100000
0!
0%
#137120000
b10001 D
0N
b111011101000010000000000000 M
0F
1E
b10 *
1%
0$
#137140000
1!
0%
#137160000
02
1F
0E
1N
03
b110010 1
b101 *
1%
1$
#137180000
0!
0%
#137200000
b10010 D
0N
b1110111010000100000000000000 M
0F
b10 *
12
1%
0$
#137220000
0%
#137240000
1F
1E
1N
0"
09
13
b110011 1
b100 *
02
1%
1$
#137260000
1!
0%
#137280000
b10011 D
0N
b1101110100001000000000000000 M
0F
0E
b1 *
1%
0$
#137300000
0!
0%
#137320000
12
1F
1E
1N
03
b110100 1
b10 *
1%
1$
#137340000
1!
0%
#137360000
b10100 D
0N
b1011101000010000000000000000 M
0F
0E
b101 *
02
1%
0$
#137380000
0!
0%
#137400000
1F
1E
1N
1"
19
13
b110101 1
b111 5
b10 *
02
1%
1$
#137420000
1!
0%
#137440000
b10101 D
0N
b111010000100000000000000000 M
0F
0E
b101 *
12
1%
0$
#137460000
0!
0%
#137480000
1F
1E
1N
0"
09
03
b110110 1
b10 *
12
1%
1$
#137500000
1!
0%
#137520000
b10110 D
0N
b1110100001000000000000000000 M
0F
b101 *
02
1%
0$
#137540000
0%
#137560000
1F
0E
1N
1"
19
13
b110111 1
b1000 5
b11 *
02
1%
1$
#137580000
0!
0%
#137600000
b10111 D
0N
b1101000010000000000000000000 M
0F
1E
b110 *
12
1%
0$
#137620000
1!
0%
#137640000
1F
0E
1N
0"
09
03
b111000 1
b101 *
12
1%
1$
#137660000
0!
0%
#137680000
b11000 D
0N
b1010000100000000000000000000 M
0F
1E
b10 *
02
1%
0$
#137700000
1!
0%
#137720000
1F
0E
1N
1"
19
13
b111001 1
b101 *
12
1%
1$
#137740000
0!
0%
#137760000
b11001 D
0N
b100001000000000000000000000 M
0F
1E
b10 *
1%
0$
#137780000
1!
0%
#137800000
02
1F
0E
1N
03
b111010 1
b101 *
1%
1$
#137820000
0!
0%
#137840000
b11010 D
0N
b1000010000000000000000000000 M
0F
b10 *
12
1%
0$
#137860000
0%
#137880000
1F
1E
1N
0"
09
13
b111011 1
b100 *
02
1%
1$
#137900000
1!
0%
#137920000
b11011 D
0N
b100000000000000000000000 M
0F
0E
b1 *
1%
0$
#137940000
0!
0%
#137960000
12
1F
1E
1N
03
b111100 1
b10 *
1%
1$
#137980000
1!
0%
#138000000
b11100 D
0N
b1000000000000000000000000 M
0F
b101 *
02
1%
0$
#138020000
0%
#138040000
1F
0E
1N
1"
19
13
b111101 1
b11 *
12
1%
1$
#138060000
0!
0%
#138080000
b11101 D
0N
b10000000000000000000000000 M
0F
b110 *
1%
0$
#138100000
0%
#138120000
02
1F
1E
1N
03
b111110 1
b100 *
1%
1$
#138140000
1!
0%
#138160000
b11110 D
0N
b100000000000000000000000000 M
0F
b1 *
12
1%
0$
#138180000
0%
#138200000
1F
0E
1N
0"
09
13
b111111 1
b11 *
02
1%
1$
#138220000
0!
0%
#138240000
b11111 D
0N
b1000000000000000000000000000 M
0F
b110 *
1%
0$
#138260000
0%
#138280000
12
1F
1E
1N
03
14
b0 1
b100 *
1%
1$
#138300000
1!
0%
#138320000
b11011 J
0K
b0 D
b1000111 7
b11100 :
b1001100110011000000000000000 ,
b1001100110011000 0
b100111 6
04
0N
b0 M
0F
0E
b1 *
02
1%
0$
#138340000
0!
0%
#138360000
1E
b10 L
b11011101110111010000 M
1N
1"
19
13
b1 1
b0 5
b10 *
b0 Z
12
1%
1$
#138380000
1!
0%
#138400000
b1 D
0N
b101 *
1%
0$
#138420000
0%
#138440000
1N
03
b10 1
b11 *
b1 Y
1%
1$
#138460000
0%
#138480000
b10 D
0N
b111 *
1%
0$
#138500000
0%
#138520000
02
0E
1N
13
b11 1
b10 Y
1%
1$
#138540000
0!
0%
#138560000
b11 D
0N
b110 *
12
1%
0$
#138580000
0%
#138600000
1N
0"
09
03
b100 1
b100 *
b11 Y
02
1%
1$
#138620000
0%
#138640000
b100 D
0N
b0 *
1%
0$
#138660000
0%
#138680000
12
1F
1E
1N
13
b101 1
1%
1$
#138700000
1!
0%
#138720000
b101 D
0N
b110111011101110100000 M
0F
b1 *
02
1%
0$
#138740000
0%
#138760000
1F
0E
1N
1"
19
03
b110 1
b11 *
02
1%
1$
#138780000
0!
0%
#138800000
b110 D
0N
b1101110111011101000000 M
0F
b110 *
12
1%
0$
#138820000
0%
#138840000
1F
1E
1N
0"
09
13
b111 1
b100 *
02
1%
1$
#138860000
1!
0%
#138880000
b111 D
0N
b11011101110111010000000 M
0F
b1 *
1%
0$
#138900000
0%
#138920000
12
1F
0E
1N
03
b1000 1
b11 *
1%
1$
#138940000
0!
0%
#138960000
b1000 D
0N
b110111011101110100000000 M
0F
b110 *
02
1%
0$
#138980000
0%
#139000000
1F
1E
1N
1"
19
13
b1001 1
b100 *
12
1%
1$
#139020000
1!
0%
#139040000
b1001 D
0N
b1101110111011101000000000 M
0F
b1 *
1%
0$
#139060000
0%
#139080000
02
1F
0E
1N
03
b1010 1
b11 *
1%
1$
#139100000
0!
0%
#139120000
b1010 D
0N
b11011101110111010000000000 M
0F
b110 *
12
1%
0$
#139140000
0%
#139160000
1F
1E
1N
0"
09
13
b1011 1
b100 *
02
1%
1$
#139180000
1!
0%
#139200000
b1011 D
0N
b110111011101110100000000000 M
0F
b1 *
1%
0$
#139220000
0%
#139240000
12
1F
0E
1N
03
b1100 1
b11 *
1%
1$
#139260000
0!
0%
#139280000
b1100 D
0N
b1101110111011101000000000000 M
0F
b110 *
02
1%
0$
#139300000
0%
#139320000
1F
1E
1N
1"
19
13
b1101 1
b100 *
12
1%
1$
#139340000
1!
0%
#139360000
b1101 D
0N
b1011101110111010000000000000 M
0F
0E
b1 *
1%
0$
#139380000
0!
0%
#139400000
02
1F
1E
1N
03
b1110 1
b10 *
1%
1$
#139420000
1!
0%
#139440000
b1110 D
0N
b111011101110100000000000000 M
0F
0E
b101 *
12
1%
0$
#139460000
0!
0%
#139480000
1F
1E
1N
0"
09
13
b1111 1
b10 *
02
1%
1$
#139500000
1!
0%
#139520000
b1111 D
0N
b1110111011101000000000000000 M
0F
b101 *
1%
0$
#139540000
0%
#139560000
12
1F
0E
1N
03
b10000 1
b11 *
1%
1$
#139580000
0!
0%
#139600000
b10000 D
0N
b1101110111010000000000000000 M
0F
1E
b110 *
02
1%
0$
#139620000
1!
0%
#139640000
1F
0E
1N
1"
19
13
b10001 1
b101 *
12
1%
1$
#139660000
0!
0%
#139680000
b10001 D
0N
b1011101110100000000000000000 M
0F
1E
b10 *
1%
0$
#139700000
1!
0%
#139720000
02
1F
0E
1N
03
b10010 1
b101 *
1%
1$
#139740000
0!
0%
#139760000
b10010 D
0N
b111011101000000000000000000 M
0F
1E
b10 *
12
1%
0$
#139780000
1!
0%
#139800000
1F
0E
1N
0"
09
13
b10011 1
b101 *
02
1%
1$
#139820000
0!
0%
#139840000
b10011 D
0N
b1110111010000000000000000000 M
0F
b10 *
1%
0$
#139860000
0%
#139880000
12
1F
1E
1N
03
b10100 1
b100 *
1%
1$
#139900000
1!
0%
#139920000
b10100 D
0N
b1101110100000000000000000000 M
0F
0E
b1 *
02
1%
0$
#139940000
0!
0%
#139960000
1F
1E
1N
1"
19
13
b10101 1
b10 *
12
1%
1$
#139980000
1!
0%
#140000000
b10101 D
0N
b1011101000000000000000000000 M
0F
0E
b101 *
1%
0$
#140020000
0!
0%
#140040000
02
1F
1E
1N
03
b10110 1
b10 *
1%
1$
#140060000
1!
0%
#140080000
b10110 D
0N
b111010000000000000000000000 M
0F
0E
b101 *
12
1%
0$
#140100000
0!
0%
#140120000
1F
1E
1N
0"
09
13
b10111 1
b10 *
02
1%
1$
#140140000
1!
0%
#140160000
b10111 D
0N
b1110100000000000000000000000 M
0F
b101 *
1%
0$
#140180000
0%
#140200000
12
1F
0E
1N
03
b11000 1
b11 *
1%
1$
#140220000
0!
0%
#140240000
b11000 D
0N
b1101000000000000000000000000 M
0F
1E
b110 *
02
1%
0$
#140260000
1!
0%
#140280000
1F
0E
1N
1"
19
13
b11001 1
b101 *
12
1%
1$
#140300000
0!
0%
#140320000
b11001 D
0N
b1010000000000000000000000000 M
0F
1E
b10 *
1%
0$
#140340000
1!
0%
#140360000
02
1F
0E
1N
03
b11010 1
b101 *
1%
1$
#140380000
0!
0%
#140400000
b11010 D
0N
b100000000000000000000000000 M
0F
1E
b10 *
12
1%
0$
#140420000
1!
0%
#140440000
1F
0E
1N
0"
09
13
b11011 1
b101 *
02
1%
1$
#140460000
0!
0%
#140480000
b11011 D
0N
b1000000000000000000000000000 M
0F
b10 *
1%
0$
#140500000
0%
#140520000
12
1F
1E
1N
03
b11100 1
b100 *
1%
1$
#140540000
1!
0%
#140560000
b11100 D
0N
b0 M
0F
0E
b1 *
02
1%
0$
#140580000
0!
0%
#140600000
1F
1E
1N
1"
19
13
b11101 1
b10 *
12
1%
1$
#140620000
1!
0%
#140640000
b11101 D
0N
0F
b101 *
1%
0$
#140660000
0%
#140680000
02
1F
0E
1N
03
b11110 1
b11 *
1%
1$
#140700000
0!
0%
#140720000
b11110 D
0N
0F
b110 *
12
1%
0$
#140740000
0%
#140760000
1F
1E
1N
0"
09
13
b11111 1
b1 5
b100 *
12
1%
1$
#140780000
1!
0%
#140800000
b11111 D
0N
0F
b1 *
02
1%
0$
#140820000
0%
#140840000
1F
0E
1N
1"
19
03
b100000 1
b11 *
02
1%
1$
#140860000
0!
0%
#140880000
1K
b0 D
0N
0F
b110 *
12
1%
0$
#140900000
0%
#140920000
1E
b11 L
b10111011101110100001 M
1N
0"
09
13
b100001 1
b10 5
b100 *
b0 Y
12
1%
1$
#140940000
1!
0%
#140960000
b1 D
0N
b1 *
02
1%
0$
#140980000
0%
#141000000
0E
1N
1"
19
03
b100010 1
b11 *
b1 Z
02
1%
1$
#141020000
0!
0%
#141040000
b10 D
0N
b110 *
12
1%
0$
#141060000
0%
#141080000
1N
0"
09
13
b100011 1
b100 *
b10 Z
02
1%
1$
#141100000
0%
#141120000
b11 D
0N
b0 *
1%
0$
#141140000
0%
#141160000
12
1N
03
b100100 1
b11 Z
1%
1$
#141180000
0%
#141200000
b100 D
0N
02
1%
0$
#141220000
0%
#141240000
1F
1E
1N
1"
19
13
b100101 1
12
1%
1$
#141260000
1!
0%
#141280000
b101 D
0N
b101110111011101000010 M
0F
b1 *
1%
0$
#141300000
0%
#141320000
02
1F
0E
1N
03
b100110 1
b11 *
1%
1$
#141340000
0!
0%
#141360000
b110 D
0N
b1011101110111010000100 M
0F
b110 *
12
1%
0$
#141380000
0%
#141400000
1F
1E
1N
0"
09
13
b100111 1
b11 5
b100 *
12
1%
1$
#141420000
1!
0%
#141440000
b111 D
0N
b10111011101110100001000 M
0F
b1 *
02
1%
0$
#141460000
0%
#141480000
1F
0E
1N
1"
19
03
b101000 1
b11 *
02
1%
1$
#141500000
0!
0%
#141520000
b1000 D
0N
b101110111011101000010000 M
0F
b110 *
12
1%
0$
#141540000
0%
#141560000
1F
1E
1N
0"
09
13
b101001 1
b100 5
b100 *
12
1%
1$
#141580000
1!
0%
#141600000
b1001 D
0N
b1011101110111010000100000 M
0F
b1 *
02
1%
0$
#141620000
0%
#141640000
1F
0E
1N
1"
19
03
b101010 1
b11 *
02
1%
1$
#141660000
0!
0%
#141680000
b1010 D
0N
b10111011101110100001000000 M
0F
b110 *
12
1%
0$
#141700000
0%
#141720000
1F
1E
1N
0"
09
13
b101011 1
b100 *
02
1%
1$
#141740000
1!
0%
#141760000
b1011 D
0N
b101110111011101000010000000 M
0F
b1 *
1%
0$
#141780000
0%
#141800000
12
1F
0E
1N
03
b101100 1
b11 *
1%
1$
#141820000
0!
0%
#141840000
b1100 D
0N
b1011101110111010000100000000 M
0F
b110 *
02
1%
0$
#141860000
0%
#141880000
1F
1E
1N
1"
19
13
b101101 1
b100 *
12
1%
1$
#141900000
1!
0%
#141920000
b1101 D
0N
b111011101110100001000000000 M
0F
0E
b1 *
1%
0$
#141940000
0!
0%
#141960000
02
1F
1E
1N
03
b101110 1
b10 *
1%
1$
#141980000
1!
0%
#142000000
b1110 D
0N
b1110111011101000010000000000 M
0F
b101 *
12
1%
0$
#142020000
0%
#142040000
1F
0E
1N
0"
09
13
b101111 1
b101 5
b11 *
12
1%
1$
#142060000
0!
0%
#142080000
b1111 D
0N
b1101110111010000100000000000 M
0F
1E
b110 *
02
1%
0$
#142100000
1!
0%
#142120000
1F
0E
1N
1"
19
03
b110000 1
b101 *
02
1%
1$
#142140000
0!
0%
#142160000
b10000 D
0N
b1011101110100001000000000000 M
0F
1E
b10 *
12
1%
0$
#142180000
1!
0%
#142200000
1F
0E
1N
0"
09
13
b110001 1
b110 5
b101 *
12
1%
1$
#142220000
0!
0%
#142240000
b10001 D
0N
b111011101000010000000000000 M
0F
1E
b10 *
02
1%
0$
#142260000
1!
0%
#142280000
1F
0E
1N
1"
19
03
b110010 1
b101 *
02
1%
1$
#142300000
0!
0%
#142320000
b10010 D
0N
b1110111010000100000000000000 M
0F
b10 *
12
1%
0$
#142340000
0%
#142360000
1F
1E
1N
0"
09
13
b110011 1
b100 *
02
1%
1$
#142380000
1!
0%
#142400000
b10011 D
0N
b1101110100001000000000000000 M
0F
0E
b1 *
1%
0$
#142420000
0!
0%
#142440000
12
1F
1E
1N
03
b110100 1
b10 *
1%
1$
#142460000
1!
0%
#142480000
b10100 D
0N
b1011101000010000000000000000 M
0F
0E
b101 *
02
1%
0$
#142500000
0!
0%
#142520000
1F
1E
1N
1"
19
13
b110101 1
b10 *
12
1%
1$
#142540000
1!
0%
#142560000
b10101 D
0N
b111010000100000000000000000 M
0F
0E
b101 *
1%
0$
#142580000
0!
0%
#142600000
02
1F
1E
1N
03
b110110 1
b10 *
1%
1$
#142620000
1!
0%
#142640000
b10110 D
0N
b1110100001000000000000000000 M
0F
b101 *
12
1%
0$
#142660000
0%
#142680000
1F
0E
1N
0"
09
13
b110111 1
b111 5
b11 *
12
1%
1$
#142700000
0!
0%
#142720000
b10111 D
0N
b1101000010000000000000000000 M
0F
1E
b110 *
02
1%
0$
#142740000
1!
0%
#142760000
1F
0E
1N
1"
19
03
b111000 1
b101 *
02
1%
1$
#142780000
0!
0%
#142800000
b11000 D
0N
b1010000100000000000000000000 M
0F
1E
b10 *
12
1%
0$
#142820000
1!
0%
#142840000
1F
0E
1N
0"
09
13
b111001 1
b101 *
02
1%
1$
#142860000
0!
0%
#142880000
b11001 D
0N
b100001000000000000000000000 M
0F
1E
b10 *
1%
0$
#142900000
1!
0%
#142920000
12
1F
0E
1N
03
b111010 1
b101 *
1%
1$
#142940000
0!
0%
#142960000
b11010 D
0N
b1000010000000000000000000000 M
0F
b10 *
02
1%
0$
#142980000
0%
#143000000
1F
1E
1N
1"
19
13
b111011 1
b100 *
12
1%
1$
#143020000
1!
0%
#143040000
b11011 D
0N
b100000000000000000000000 M
0F
0E
b1 *
1%
0$
#143060000
0!
0%
#143080000
02
1F
1E
1N
03
b111100 1
b10 *
1%
1$
#143100000
1!
0%
#143120000
b11100 D
0N
b1000000000000000000000000 M
0F
b101 *
12
1%
0$
#143140000
0%
#143160000
1F
0E
1N
0"
09
13
b111101 1
b11 *
02
1%
1$
#143180000
0!
0%
#143200000
b11101 D
0N
b10000000000000000000000000 M
0F
b110 *
1%
0$
#143220000
0%
#143240000
12
1F
1E
1N
03
b111110 1
b100 *
1%
1$
#143260000
1!
0%
#143280000
b11110 D
0N
b100000000000000000000000000 M
0F
b1 *
02
1%
0$
#143300000
0%
#143320000
1F
0E
1N
1"
19
13
b111111 1
b11 *
02
1%
1$
#143340000
0!
0%
#143360000
b11111 D
0N
b1000000000000000000000000000 M
0F
b110 *
12
1%
0$
#143380000
0%
#143400000
1F
1E
1N
0"
09
03
14
b0 1
b100 *
12
1%
1$
#143420000
1!
0%
#143440000
b11100 J
0K
b0 D
b100111 7
b11101 :
1#
b1011101110111010 8
b1101110111011101000000000000 ,
b1101110111011101 0
b1000111 6
04
0N
b0 M
0F
0E
b1 *
02
1%
0$
#143460000
0!
0%
#143480000
b11011101110111000001 P
b11101110111011100000 O
b11011 W
1S
b11011101110111000001 T
b1101110111011100 Q
b1110111011101110 ;
b1101110111011100 <
1E
b10 L
b11011101110111010000 M
1N
1"
19
13
b1 1
b0 5
0#
b11011101110111001110111011101110 )
b11011101110111001110111011101110 +
b11111111111111110 '
b1111111111111111 &
b10 *
b0 Z
12
1%
1$
#143500000
1!
0%
#143520000
b1 D
0N
b11101110111011100000 M
b101 *
1%
0$
#143540000
0%
#143560000
1N
03
b10 1
b11 *
b1 Y
1%
1$
#143580000
0%
#143600000
b10 D
0N
b111 *
1%
0$
#143620000
0%
#143640000
02
0E
1N
13
b11 1
b10 Y
1%
1$
#143660000
0!
0%
#143680000
b11 D
0N
b110 *
12
1%
0$
#143700000
0%
#143720000
1N
0"
09
03
b100 1
b100 *
b11 Y
02
1%
1$
#143740000
0%
#143760000
b100 D
0N
b0 *
1%
0$
#143780000
0%
#143800000
1F
1E
1N
13
b101 1
1%
1$
#143820000
1!
0%
#143840000
b101 D
0N
b111011101110111000000 M
0F
b1 *
1%
0$
#143860000
0%
#143880000
12
1F
0E
1N
03
b110 1
b11 *
1%
1$
#143900000
0!
0%
#143920000
b110 D
0N
b1110111011101110000000 M
0F
b110 *
02
1%
0$
#143940000
0%
#143960000
1F
1E
1N
1"
19
13
b111 1
b100 *
02
1%
1$
#143980000
1!
0%
#144000000
b111 D
0N
b11101110111011100000000 M
0F
b1 *
12
1%
0$
#144020000
0%
#144040000
1F
0E
1N
0"
09
03
b1000 1
b11 *
12
1%
1$
#144060000
0!
0%
#144080000
b1000 D
0N
b111011101110111000000000 M
0F
b110 *
02
1%
0$
#144100000
0%
#144120000
1F
1E
1N
1"
19
13
b1001 1
b100 *
12
1%
1$
#144140000
1!
0%
#144160000
b1001 D
0N
b1110111011101110000000000 M
0F
b1 *
1%
0$
#144180000
0%
#144200000
02
1F
0E
1N
03
b1010 1
b11 *
1%
1$
#144220000
0!
0%
#144240000
b1010 D
0N
b11101110111011100000000000 M
0F
b110 *
12
1%
0$
#144260000
0%
#144280000
1F
1E
1N
0"
09
13
b1011 1
b100 *
02
1%
1$
#144300000
1!
0%
#144320000
b1011 D
0N
b111011101110111000000000000 M
0F
b1 *
1%
0$
#144340000
0%
#144360000
12
1F
0E
1N
03
b1100 1
b11 *
1%
1$
#144380000
0!
0%
#144400000
b1100 D
0N
b1110111011101110000000000000 M
0F
b110 *
02
1%
0$
#144420000
0%
#144440000
1F
1E
1N
1"
19
13
b1101 1
b100 *
12
1%
1$
#144460000
1!
0%
#144480000
b1101 D
0N
b1101110111011100000000000000 M
0F
0E
b1 *
1%
0$
#144500000
0!
0%
#144520000
02
1F
1E
1N
03
b1110 1
b10 *
1%
1$
#144540000
1!
0%
#144560000
b1110 D
0N
b1011101110111000000000000000 M
0F
0E
b101 *
12
1%
0$
#144580000
0!
0%
#144600000
1F
1E
1N
0"
09
13
b1111 1
b10 *
02
1%
1$
#144620000
1!
0%
#144640000
b1111 D
0N
b111011101110000000000000000 M
0F
0E
b101 *
1%
0$
#144660000
0!
0%
#144680000
12
1F
1E
1N
03
b10000 1
b10 *
1%
1$
#144700000
1!
0%
#144720000
b10000 D
0N
b1110111011100000000000000000 M
0F
b101 *
02
1%
0$
#144740000
0%
#144760000
1F
0E
1N
1"
19
13
b10001 1
b11 *
12
1%
1$
#144780000
0!
0%
#144800000
b10001 D
0N
b1101110111000000000000000000 M
0F
1E
b110 *
1%
0$
#144820000
1!
0%
#144840000
02
1F
0E
1N
03
b10010 1
b101 *
1%
1$
#144860000
0!
0%
#144880000
b10010 D
0N
b1011101110000000000000000000 M
0F
1E
b10 *
12
1%
0$
#144900000
1!
0%
#144920000
1F
0E
1N
0"
09
13
b10011 1
b101 *
02
1%
1$
#144940000
0!
0%
#144960000
b10011 D
0N
b111011100000000000000000000 M
0F
1E
b10 *
1%
0$
#144980000
1!
0%
#145000000
12
1F
0E
1N
03
b10100 1
b101 *
1%
1$
#145020000
0!
0%
#145040000
b10100 D
0N
b1110111000000000000000000000 M
0F
b10 *
02
1%
0$
#145060000
0%
#145080000
1F
1E
1N
1"
19
13
b10101 1
b100 *
12
1%
1$
#145100000
1!
0%
#145120000
b10101 D
0N
b1101110000000000000000000000 M
0F
0E
b1 *
1%
0$
#145140000
0!
0%
#145160000
02
1F
1E
1N
03
b10110 1
b10 *
1%
1$
#145180000
1!
0%
#145200000
b10110 D
0N
b1011100000000000000000000000 M
0F
0E
b101 *
12
1%
0$
#145220000
0!
0%
#145240000
1F
1E
1N
0"
09
13
b10111 1
b10 *
02
1%
1$
#145260000
1!
0%
#145280000
b10111 D
0N
b111000000000000000000000000 M
0F
0E
b101 *
1%
0$
#145300000
0!
0%
#145320000
12
1F
1E
1N
03
b11000 1
b10 *
1%
1$
#145340000
1!
0%
#145360000
b11000 D
0N
b1110000000000000000000000000 M
0F
b101 *
02
1%
0$
#145380000
0%
#145400000
1F
0E
1N
1"
19
13
b11001 1
b1 5
b11 *
02
1%
1$
#145420000
0!
0%
#145440000
b11001 D
0N
b1100000000000000000000000000 M
0F
1E
b110 *
12
1%
0$
#145460000
1!
0%
#145480000
1F
0E
1N
0"
09
03
b11010 1
b101 *
12
1%
1$
#145500000
0!
0%
#145520000
b11010 D
0N
b1000000000000000000000000000 M
0F
1E
b10 *
02
1%
0$
#145540000
1!
0%
#145560000
1F
0E
1N
1"
19
13
b11011 1
b101 *
12
1%
1$
#145580000
0!
0%
#145600000
b11011 D
0N
b0 M
0F
1E
b10 *
1%
0$
#145620000
1!
0%
#145640000
02
1F
0E
1N
03
b11100 1
b101 *
1%
1$
#145660000
0!
0%
#145680000
b11100 D
0N
0F
b10 *
12
1%
0$
#145700000
0%
#145720000
1F
1E
1N
0"
09
13
b11101 1
b10 5
b100 *
12
1%
1$
#145740000
1!
0%
#145760000
b11101 D
0N
0F
b1 *
02
1%
0$
#145780000
0%
#145800000
1F
0E
1N
1"
19
03
b11110 1
b11 *
02
1%
1$
#145820000
0!
0%
#145840000
b11110 D
0N
0F
b110 *
12
1%
0$
#145860000
0%
#145880000
1F
1E
1N
0"
09
13
b11111 1
b11 5
b100 *
12
1%
1$
#145900000
1!
0%
#145920000
b11111 D
0N
0F
b1 *
02
1%
0$
#145940000
0%
#145960000
1F
0E
1N
1"
19
03
b100000 1
b11 *
02
1%
1$
#145980000
0!
0%
#146000000
1K
b0 D
0N
0F
b110 *
12
1%
0$
#146020000
0%
#146040000
1E
b11 L
b11011101110111000001 M
1N
0"
09
13
b100001 1
b100 5
b100 *
b0 Y
12
1%
1$
#146060000
1!
0%
#146080000
b1 D
0N
b1 *
02
1%
0$
#146100000
0%
#146120000
0E
1N
1"
19
03
b100010 1
b11 *
b1 Z
02
1%
1$
#146140000
0!
0%
#146160000
b10 D
0N
b110 *
12
1%
0$
#146180000
0%
#146200000
1N
0"
09
13
b100011 1
b100 *
b10 Z
02
1%
1$
#146220000
0%
#146240000
b11 D
0N
b0 *
1%
0$
#146260000
0%
#146280000
12
1N
03
b100100 1
b11 Z
1%
1$
#146300000
0%
#146320000
b100 D
0N
02
1%
0$
#146340000
0%
#146360000
1F
1E
1N
1"
19
13
b100101 1
b101 5
02
1%
1$
#146380000
1!
0%
#146400000
b101 D
0N
b110111011101110000010 M
0F
b1 *
12
1%
0$
#146420000
0%
#146440000
1F
0E
1N
0"
09
03
b100110 1
b11 *
12
1%
1$
#146460000
0!
0%
#146480000
b110 D
0N
b1101110111011100000100 M
0F
b110 *
02
1%
0$
#146500000
0%
#146520000
1F
1E
1N
1"
19
13
b100111 1
b110 5
b100 *
02
1%
1$
#146540000
1!
0%
#146560000
b111 D
0N
b11011101110111000001000 M
0F
b1 *
12
1%
0$
#146580000
0%
#146600000
1F
0E
1N
0"
09
03
b101000 1
b11 *
12
1%
1$
#146620000
0!
0%
#146640000
b1000 D
0N
b110111011101110000010000 M
0F
b110 *
02
1%
0$
#146660000
0%
#146680000
1F
1E
1N
1"
19
13
b101001 1
b111 5
b100 *
02
1%
1$
#146700000
1!
0%
#146720000
b1001 D
0N
b1101110111011100000100000 M
0F
b1 *
12
1%
0$
#146740000
0%
#146760000
1F
0E
1N
0"
09
03
b101010 1
b11 *
12
1%
1$
#146780000
0!
0%
#146800000
b1010 D
0N
b11011101110111000001000000 M
0F
b110 *
02
1%
0$
#146820000
0%
#146840000
1F
1E
1N
1"
19
13
b101011 1
b100 *
12
1%
1$
#146860000
1!
0%
#146880000
b1011 D
0N
b110111011101110000010000000 M
0F
b1 *
1%
0$
#146900000
0%
#146920000
02
1F
0E
1N
03
b101100 1
b11 *
1%
1$
#146940000
0!
0%
#146960000
b1100 D
0N
b1101110111011100000100000000 M
0F
b110 *
12
1%
0$
#146980000
0%
#147000000
1F
1E
1N
0"
09
13
b101101 1
b1000 5
b100 *
12
1%
1$
#147020000
1!
0%
#147040000
b1101 D
0N
b1011101110111000001000000000 M
0F
0E
b1 *
02
1%
0$
#147060000
0!
0%
#147080000
1F
1E
1N
1"
19
03
b101110 1
b10 *
02
1%
1$
#147100000
1!
0%
#147120000
b1110 D
0N
b111011101110000010000000000 M
0F
0E
b101 *
12
1%
0$
#147140000
0!
0%
#147160000
1F
1E
1N
0"
09
13
b101111 1
b1001 5
b10 *
12
1%
1$
#147180000
1!
0%
#147200000
b1111 D
0N
b1110111011100000100000000000 M
0F
b101 *
02
1%
0$
#147220000
0%
#147240000
1F
0E
1N
1"
19
03
b110000 1
b11 *
02
1%
1$
#147260000
0!
0%
#147280000
b10000 D
0N
b1101110111000001000000000000 M
0F
1E
b110 *
12
1%
0$
#147300000
1!
0%
#147320000
1F
0E
1N
0"
09
13
b110001 1
b1010 5
b101 *
12
1%
1$
#147340000
0!
0%
#147360000
b10001 D
0N
b1011101110000010000000000000 M
0F
1E
b10 *
02
1%
0$
#147380000
1!
0%
#147400000
1F
0E
1N
1"
19
03
b110010 1
b101 *
02
1%
1$
#147420000
0!
0%
#147440000
b10010 D
0N
b111011100000100000000000000 M
0F
1E
b10 *
12
1%
0$
#147460000
1!
0%
#147480000
1F
0E
1N
0"
09
13
b110011 1
b101 *
02
1%
1$
#147500000
0!
0%
#147520000
b10011 D
0N
b1110111000001000000000000000 M
0F
b10 *
1%
0$
#147540000
0%
#147560000
12
1F
1E
1N
03
b110100 1
b100 *
1%
1$
#147580000
1!
0%
#147600000
b10100 D
0N
b1101110000010000000000000000 M
0F
0E
b1 *
02
1%
0$
#147620000
0!
0%
#147640000
1F
1E
1N
1"
19
13
b110101 1
b1011 5
b10 *
02
1%
1$
#147660000
1!
0%
#147680000
b10101 D
0N
b1011100000100000000000000000 M
0F
0E
b101 *
12
1%
0$
#147700000
0!
0%
#147720000
1F
1E
1N
0"
09
03
b110110 1
b10 *
12
1%
1$
#147740000
1!
0%
#147760000
b10110 D
0N
b111000001000000000000000000 M
0F
0E
b101 *
02
1%
0$
#147780000
0!
0%
#147800000
1F
1E
1N
1"
19
13
b110111 1
b1100 5
b10 *
02
1%
1$
#147820000
1!
0%
#147840000
b10111 D
0N
b1110000010000000000000000000 M
0F
b101 *
12
1%
0$
#147860000
0%
#147880000
1F
0E
1N
0"
09
03
b111000 1
b11 *
12
1%
1$
#147900000
0!
0%
#147920000
b11000 D
0N
b1100000100000000000000000000 M
0F
1E
b110 *
02
1%
0$
#147940000
1!
0%
#147960000
1F
0E
1N
1"
19
13
b111001 1
b101 *
12
1%
1$
#147980000
0!
0%
#148000000
b11001 D
0N
b1000001000000000000000000000 M
0F
1E
b10 *
1%
0$
#148020000
1!
0%
#148040000
02
1F
0E
1N
03
b111010 1
b101 *
1%
1$
#148060000
0!
0%
#148080000
b11010 D
0N
b10000000000000000000000 M
0F
1E
b10 *
12
1%
0$
#148100000
1!
0%
#148120000
1F
0E
1N
0"
09
13
b111011 1
b101 *
02
1%
1$
#148140000
0!
0%
#148160000
b11011 D
0N
b100000000000000000000000 M
0F
b10 *
1%
0$
#148180000
0%
#148200000
12
1F
1E
1N
03
b111100 1
b100 *
1%
1$
#148220000
1!
0%
#148240000
b11100 D
0N
b1000000000000000000000000 M
0F
b1 *
02
1%
0$
#148260000
0%
#148280000
1F
0E
1N
1"
19
13
b111101 1
b11 *
12
1%
1$
#148300000
0!
0%
#148320000
b11101 D
0N
b10000000000000000000000000 M
0F
b110 *
1%
0$
#148340000
0%
#148360000
02
1F
1E
1N
03
b111110 1
b100 *
1%
1$
#148380000
1!
0%
#148400000
b11110 D
0N
b100000000000000000000000000 M
0F
b1 *
12
1%
0$
#148420000
0%
#148440000
1F
0E
1N
0"
09
13
b111111 1
b11 *
02
1%
1$
#148460000
0!
0%
#148480000
b11111 D
0N
b1000000000000000000000000000 M
0F
b110 *
1%
0$
#148500000
0%
#148520000
12
1F
1E
1N
03
14
b0 1
b100 *
1%
1$
#148540000
1!
0%
#148560000
b11101 J
0K
b0 D
b1000111 7
b11110 :
b1011101110111010000000000000 ,
b1011101110111010 0
b100111 6
04
0N
b0 M
0F
0E
b1 *
02
1%
0$
#148580000
0!
0%
#148600000
1E
b10 L
b11101110111011100000 M
1N
1"
19
13
b1 1
b0 5
b10 *
b0 Z
12
1%
1$
#148620000
1!
0%
#148640000
b1 D
0N
b101 *
1%
0$
#148660000
0%
#148680000
1N
03
b10 1
b11 *
b1 Y
1%
1$
#148700000
0%
#148720000
b10 D
0N
b111 *
1%
0$
#148740000
0%
#148760000
02
0E
1N
13
b11 1
b10 Y
1%
1$
#148780000
0!
0%
#148800000
b11 D
0N
b110 *
12
1%
0$
#148820000
0%
#148840000
1N
0"
09
03
b100 1
b100 *
b11 Y
02
1%
1$
#148860000
0%
#148880000
b100 D
0N
b0 *
1%
0$
#148900000
0%
#148920000
12
1F
1E
1N
13
b101 1
1%
1$
#148940000
1!
0%
#148960000
b101 D
0N
b111011101110111000000 M
0F
b1 *
02
1%
0$
#148980000
0%
#149000000
1F
0E
1N
1"
19
03
b110 1
b11 *
02
1%
1$
#149020000
0!
0%
#149040000
b110 D
0N
b1110111011101110000000 M
0F
b110 *
12
1%
0$
#149060000
0%
#149080000
1F
1E
1N
0"
09
13
b111 1
b100 *
02
1%
1$
#149100000
1!
0%
#149120000
b111 D
0N
b11101110111011100000000 M
0F
b1 *
1%
0$
#149140000
0%
#149160000
12
1F
0E
1N
03
b1000 1
b11 *
1%
1$
#149180000
0!
0%
#149200000
b1000 D
0N
b111011101110111000000000 M
0F
b110 *
02
1%
0$
#149220000
0%
#149240000
1F
1E
1N
1"
19
13
b1001 1
b100 *
12
1%
1$
#149260000
1!
0%
#149280000
b1001 D
0N
b1110111011101110000000000 M
0F
b1 *
1%
0$
#149300000
0%
#149320000
02
1F
0E
1N
03
b1010 1
b11 *
1%
1$
#149340000
0!
0%
#149360000
b1010 D
0N
b11101110111011100000000000 M
0F
b110 *
12
1%
0$
#149380000
0%
#149400000
1F
1E
1N
0"
09
13
b1011 1
b100 *
02
1%
1$
#149420000
1!
0%
#149440000
b1011 D
0N
b111011101110111000000000000 M
0F
b1 *
1%
0$
#149460000
0%
#149480000
12
1F
0E
1N
03
b1100 1
b11 *
1%
1$
#149500000
0!
0%
#149520000
b1100 D
0N
b1110111011101110000000000000 M
0F
b110 *
02
1%
0$
#149540000
0%
#149560000
1F
1E
1N
1"
19
13
b1101 1
b100 *
12
1%
1$
#149580000
1!
0%
#149600000
b1101 D
0N
b1101110111011100000000000000 M
0F
0E
b1 *
1%
0$
#149620000
0!
0%
#149640000
02
1F
1E
1N
03
b1110 1
b10 *
1%
1$
#149660000
1!
0%
#149680000
b1110 D
0N
b1011101110111000000000000000 M
0F
0E
b101 *
12
1%
0$
#149700000
0!
0%
#149720000
1F
1E
1N
0"
09
13
b1111 1
b10 *
02
1%
1$
#149740000
1!
0%
#149760000
b1111 D
0N
b111011101110000000000000000 M
0F
0E
b101 *
1%
0$
#149780000
0!
0%
#149800000
12
1F
1E
1N
03
b10000 1
b10 *
1%
1$
#149820000
1!
0%
#149840000
b10000 D
0N
b1110111011100000000000000000 M
0F
b101 *
02
1%
0$
#149860000
0%
#149880000
1F
0E
1N
1"
19
13
b10001 1
b11 *
12
1%
1$
#149900000
0!
0%
#149920000
b10001 D
0N
b1101110111000000000000000000 M
0F
1E
b110 *
1%
0$
#149940000
1!
0%
#149960000
02
1F
0E
1N
03
b10010 1
b101 *
1%
1$
#149980000
0!
0%
#150000000
b10010 D
0N
b1011101110000000000000000000 M
0F
1E
b10 *
12
1%
0$
#150020000
1!
0%
#150040000
1F
0E
1N
0"
09
13
b10011 1
b101 *
02
1%
1$
#150060000
0!
0%
#150080000
b10011 D
0N
b111011100000000000000000000 M
0F
1E
b10 *
1%
0$
#150100000
1!
0%
#150120000
12
1F
0E
1N
03
b10100 1
b101 *
1%
1$
#150140000
0!
0%
#150160000
b10100 D
0N
b1110111000000000000000000000 M
0F
b10 *
02
1%
0$
#150180000
0%
#150200000
1F
1E
1N
1"
19
13
b10101 1
b100 *
12
1%
1$
#150220000
1!
0%
#150240000
b10101 D
0N
b1101110000000000000000000000 M
0F
0E
b1 *
1%
0$
#150260000
0!
0%
#150280000
02
1F
1E
1N
03
b10110 1
b10 *
1%
1$
#150300000
1!
0%
#150320000
b10110 D
0N
b1011100000000000000000000000 M
0F
0E
b101 *
12
1%
0$
#150340000
0!
0%
#150360000
1F
1E
1N
0"
09
13
b10111 1
b10 *
02
1%
1$
#150380000
1!
0%
#150400000
b10111 D
0N
b111000000000000000000000000 M
0F
0E
b101 *
1%
0$
#150420000
0!
0%
#150440000
12
1F
1E
1N
03
b11000 1
b10 *
1%
1$
#150460000
1!
0%
#150480000
b11000 D
0N
b1110000000000000000000000000 M
0F
b101 *
02
1%
0$
#150500000
0%
#150520000
1F
0E
1N
1"
19
13
b11001 1
b11 *
12
1%
1$
#150540000
0!
0%
#150560000
b11001 D
0N
b1100000000000000000000000000 M
0F
1E
b110 *
1%
0$
#150580000
1!
0%
#150600000
02
1F
0E
1N
03
b11010 1
b101 *
1%
1$
#150620000
0!
0%
#150640000
b11010 D
0N
b1000000000000000000000000000 M
0F
1E
b10 *
12
1%
0$
#150660000
1!
0%
#150680000
1F
0E
1N
0"
09
13
b11011 1
b1 5
b101 *
12
1%
1$
#150700000
0!
0%
#150720000
b11011 D
0N
b0 M
0F
1E
b10 *
02
1%
0$
#150740000
1!
0%
#150760000
1F
0E
1N
1"
19
03
b11100 1
b101 *
02
1%
1$
#150780000
0!
0%
#150800000
b11100 D
0N
0F
b10 *
12
1%
0$
#150820000
0%
#150840000
1F
1E
1N
0"
09
13
b11101 1
b100 *
02
1%
1$
#150860000
1!
0%
#150880000
b11101 D
0N
0F
b1 *
1%
0$
#150900000
0%
#150920000
12
1F
0E
1N
03
b11110 1
b11 *
1%
1$
#150940000
0!
0%
#150960000
b11110 D
0N
0F
b110 *
02
1%
0$
#150980000
0%
#151000000
1F
1E
1N
1"
19
13
b11111 1
b10 5
b100 *
02
1%
1$
#151020000
1!
0%
#151040000
b11111 D
0N
0F
b1 *
12
1%
0$
#151060000
0%
#151080000
1F
0E
1N
0"
09
03
b100000 1
b11 *
12
1%
1$
#151100000
0!
0%
#151120000
1K
b0 D
0N
0F
b110 *
02
1%
0$
#151140000
0%
#151160000
1E
b11 L
b11011101110111000001 M
1N
1"
19
13
b100001 1
b11 5
b100 *
b0 Y
02
1%
1$
#151180000
1!
0%
#151200000
b1 D
0N
b1 *
12
1%
0$
#151220000
0%
#151240000
0E
1N
0"
09
03
b100010 1
b11 *
b1 Z
12
1%
1$
#151260000
0!
0%
#151280000
b10 D
0N
b110 *
02
1%
0$
#151300000
0%
#151320000
1N
1"
19
13
b100011 1
b100 5
b100 *
b10 Z
02
1%
1$
#151340000
0%
#151360000
b11 D
0N
b0 *
12
1%
0$
#151380000
0%
#151400000
1N
0"
09
03
b100100 1
b11 Z
12
1%
1$
#151420000
0%
#151440000
b100 D
0N
02
1%
0$
#151460000
0%
#151480000
1F
1E
1N
1"
19
13
b100101 1
12
1%
1$
#151500000
1!
0%
#151520000
b101 D
0N
b110111011101110000010 M
0F
b1 *
1%
0$
#151540000
0%
#151560000
02
1F
0E
1N
03
b100110 1
b11 *
1%
1$
#151580000
0!
0%
#151600000
b110 D
0N
b1101110111011100000100 M
0F
b110 *
12
1%
0$
#151620000
0%
#151640000
1F
1E
1N
0"
09
13
b100111 1
b101 5
b100 *
12
1%
1$
#151660000
1!
0%
#151680000
b111 D
0N
b11011101110111000001000 M
0F
b1 *
02
1%
0$
#151700000
0%
#151720000
1F
0E
1N
1"
19
03
b101000 1
b11 *
02
1%
1$
#151740000
0!
0%
#151760000
b1000 D
0N
b110111011101110000010000 M
0F
b110 *
12
1%
0$
#151780000
0%
#151800000
1F
1E
1N
0"
09
13
b101001 1
b110 5
b100 *
12
1%
1$
#151820000
1!
0%
#151840000
b1001 D
0N
b1101110111011100000100000 M
0F
b1 *
02
1%
0$
#151860000
0%
#151880000
1F
0E
1N
1"
19
03
b101010 1
b11 *
02
1%
1$
#151900000
0!
0%
#151920000
b1010 D
0N
b11011101110111000001000000 M
0F
b110 *
12
1%
0$
#151940000
0%
#151960000
1F
1E
1N
0"
09
13
b101011 1
b111 5
b100 *
12
1%
1$
#151980000
1!
0%
#152000000
b1011 D
0N
b110111011101110000010000000 M
0F
b1 *
02
1%
0$
#152020000
0%
#152040000
1F
0E
1N
1"
19
03
b101100 1
b11 *
02
1%
1$
#152060000
0!
0%
#152080000
b1100 D
0N
b1101110111011100000100000000 M
0F
b110 *
12
1%
0$
#152100000
0%
#152120000
1F
1E
1N
0"
09
13
b101101 1
b100 *
02
1%
1$
#152140000
1!
0%
#152160000
b1101 D
0N
b1011101110111000001000000000 M
0F
0E
b1 *
1%
0$
#152180000
0!
0%
#152200000
12
1F
1E
1N
03
b101110 1
b10 *
1%
1$
#152220000
1!
0%
#152240000
b1110 D
0N
b111011101110000010000000000 M
0F
0E
b101 *
02
1%
0$
#152260000
0!
0%
#152280000
1F
1E
1N
1"
19
13
b101111 1
b1000 5
b10 *
02
1%
1$
#152300000
1!
0%
#152320000
b1111 D
0N
b1110111011100000100000000000 M
0F
b101 *
12
1%
0$
#152340000
0%
#152360000
1F
0E
1N
0"
09
03
b110000 1
b11 *
12
1%
1$
#152380000
0!
0%
#152400000
b10000 D
0N
b1101110111000001000000000000 M
0F
1E
b110 *
02
1%
0$
#152420000
1!
0%
#152440000
1F
0E
1N
1"
19
13
b110001 1
b1001 5
b101 *
02
1%
1$
#152460000
0!
0%
#152480000
b10001 D
0N
b1011101110000010000000000000 M
0F
1E
b10 *
12
1%
0$
#152500000
1!
0%
#152520000
1F
0E
1N
0"
09
03
b110010 1
b101 *
12
1%
1$
#152540000
0!
0%
#152560000
b10010 D
0N
b111011100000100000000000000 M
0F
1E
b10 *
02
1%
0$
#152580000
1!
0%
#152600000
1F
0E
1N
1"
19
13
b110011 1
b1010 5
b101 *
02
1%
1$
#152620000
0!
0%
#152640000
b10011 D
0N
b1110111000001000000000000000 M
0F
b10 *
12
1%
0$
#152660000
0%
#152680000
1F
1E
1N
0"
09
03
b110100 1
b100 *
12
1%
1$
#152700000
1!
0%
#152720000
b10100 D
0N
b1101110000010000000000000000 M
0F
0E
b1 *
02
1%
0$
#152740000
0!
0%
#152760000
1F
1E
1N
1"
19
13
b110101 1
b10 *
12
1%
1$
#152780000
1!
0%
#152800000
b10101 D
0N
b1011100000100000000000000000 M
0F
0E
b101 *
1%
0$
#152820000
0!
0%
#152840000
02
1F
1E
1N
03
b110110 1
b10 *
1%
1$
#152860000
1!
0%
#152880000
b10110 D
0N
b111000001000000000000000000 M
0F
0E
b101 *
12
1%
0$
#152900000
0!
0%
#152920000
1F
1E
1N
0"
09
13
b110111 1
b1011 5
b10 *
12
1%
1$
#152940000
1!
0%
#152960000
b10111 D
0N
b1110000010000000000000000000 M
0F
b101 *
02
1%
0$
#152980000
0%
#153000000
1F
0E
1N
1"
19
03
b111000 1
b11 *
02
1%
1$
#153020000
0!
0%
#153040000
b11000 D
0N
b1100000100000000000000000000 M
0F
1E
b110 *
12
1%
0$
#153060000
1!
0%
#153080000
1F
0E
1N
0"
09
13
b111001 1
b101 *
02
1%
1$
#153100000
0!
0%
#153120000
b11001 D
0N
b1000001000000000000000000000 M
0F
1E
b10 *
1%
0$
#153140000
1!
0%
#153160000
12
1F
0E
1N
03
b111010 1
b101 *
1%
1$
#153180000
0!
0%
#153200000
b11010 D
0N
b10000000000000000000000 M
0F
1E
b10 *
02
1%
0$
#153220000
1!
0%
#153240000
1F
0E
1N
1"
19
13
b111011 1
b101 *
12
1%
1$
#153260000
0!
0%
#153280000
b11011 D
0N
b100000000000000000000000 M
0F
b10 *
1%
0$
#153300000
0%
#153320000
02
1F
1E
1N
03
b111100 1
b100 *
1%
1$
#153340000
1!
0%
#153360000
b11100 D
0N
b1000000000000000000000000 M
0F
b1 *
12
1%
0$
#153380000
0%
#153400000
1F
0E
1N
0"
09
13
b111101 1
b11 *
02
1%
1$
#153420000
0!
0%
#153440000
b11101 D
0N
b10000000000000000000000000 M
0F
b110 *
1%
0$
#153460000
0%
#153480000
12
1F
1E
1N
03
b111110 1
b100 *
1%
1$
#153500000
1!
0%
#153520000
b11110 D
0N
b100000000000000000000000000 M
0F
b1 *
02
1%
0$
#153540000
0%
#153560000
1F
0E
1N
1"
19
13
b111111 1
b11 *
02
1%
1$
#153580000
0!
0%
#153600000
b11111 D
0N
b1000000000000000000000000000 M
0F
b110 *
12
1%
0$
#153620000
0%
#153640000
1F
1E
1N
0"
09
03
14
b0 1
b100 *
12
1%
1$
#153660000
1!
0%
#153680000
b11110 J
0K
b0 D
b100111 7
b11111 :
1#
b1101110111011100 8
b1110111011101110000000000000 ,
b1110111011101110 0
b1000111 6
04
0N
b0 M
0F
0E
b1 *
02
1%
0$
#153700000
0!
0%
#153720000
b11111111111111100001 P
b11111111111111110000 O
b11011 W
1S
b11111111111111100001 T
b1111111111111110 Q
b1111111111111111 ;
b1111111111111110 <
1E
b10 L
b11101110111011100000 M
1N
1"
19
13
b1 1
b0 5
0#
b11111111111111101111111111111111 )
b11111111111111101111111111111111 +
b100010001000100000 '
b10001000100010000 &
b10 *
b0 Z
12
1%
1$
#153740000
1!
0%
#153760000
b1 D
0N
b11111111111111110000 M
b101 *
1%
0$
#153780000
0%
#153800000
1N
03
b10 1
b11 *
b1 Y
1%
1$
#153820000
0%
#153840000
b10 D
0N
b111 *
1%
0$
#153860000
0%
#153880000
02
0E
1N
13
b11 1
b10 Y
1%
1$
#153900000
0!
0%
#153920000
b11 D
0N
b110 *
12
1%
0$
#153940000
0%
#153960000
1N
0"
09
03
b100 1
b100 *
b11 Y
02
1%
1$
#153980000
0%
#154000000
b100 D
0N
b0 *
1%
0$
#154020000
0%
#154040000
1F
1E
1N
13
b101 1
1%
1$
#154060000
1!
0%
#154080000
b101 D
0N
b111111111111111100000 M
0F
b1 *
1%
0$
#154100000
0%
#154120000
12
1F
0E
1N
03
b110 1
b11 *
1%
1$
#154140000
0!
0%
#154160000
b110 D
0N
b1111111111111111000000 M
0F
b110 *
02
1%
0$
#154180000
0%
#154200000
1F
1E
1N
1"
19
13
b111 1
b100 *
02
1%
1$
#154220000
1!
0%
#154240000
b111 D
0N
b11111111111111110000000 M
0F
b1 *
12
1%
0$
#154260000
0%
#154280000
1F
0E
1N
0"
09
03
b1000 1
b11 *
12
1%
1$
#154300000
0!
0%
#154320000
b1000 D
0N
b111111111111111100000000 M
0F
b110 *
02
1%
0$
#154340000
0%
#154360000
1F
1E
1N
1"
19
13
b1001 1
b100 *
12
1%
1$
#154380000
1!
0%
#154400000
b1001 D
0N
b1111111111111111000000000 M
0F
b1 *
1%
0$
#154420000
0%
#154440000
02
1F
0E
1N
03
b1010 1
b11 *
1%
1$
#154460000
0!
0%
#154480000
b1010 D
0N
b11111111111111110000000000 M
0F
b110 *
12
1%
0$
#154500000
0%
#154520000
1F
1E
1N
0"
09
13
b1011 1
b100 *
02
1%
1$
#154540000
1!
0%
#154560000
b1011 D
0N
b111111111111111100000000000 M
0F
b1 *
1%
0$
#154580000
0%
#154600000
12
1F
0E
1N
03
b1100 1
b11 *
1%
1$
#154620000
0!
0%
#154640000
b1100 D
0N
b1111111111111111000000000000 M
0F
b110 *
02
1%
0$
#154660000
0%
#154680000
1F
1E
1N
1"
19
13
b1101 1
b100 *
12
1%
1$
#154700000
1!
0%
#154720000
b1101 D
0N
b1111111111111110000000000000 M
0F
0E
b1 *
1%
0$
#154740000
0!
0%
#154760000
02
1F
1E
1N
03
b1110 1
b10 *
1%
1$
#154780000
1!
0%
#154800000
b1110 D
0N
b1111111111111100000000000000 M
0F
0E
b101 *
12
1%
0$
#154820000
0!
0%
#154840000
1F
1E
1N
0"
09
13
b1111 1
b10 *
02
1%
1$
#154860000
1!
0%
#154880000
b1111 D
0N
b1111111111111000000000000000 M
0F
0E
b101 *
1%
0$
#154900000
0!
0%
#154920000
12
1F
1E
1N
03
b10000 1
b10 *
1%
1$
#154940000
1!
0%
#154960000
b10000 D
0N
b1111111111110000000000000000 M
0F
0E
b101 *
02
1%
0$
#154980000
0!
0%
#155000000
1F
1E
1N
1"
19
13
b10001 1
b10 *
12
1%
1$
#155020000
1!
0%
#155040000
b10001 D
0N
b1111111111100000000000000000 M
0F
0E
b101 *
1%
0$
#155060000
0!
0%
#155080000
02
1F
1E
1N
03
b10010 1
b10 *
1%
1$
#155100000
1!
0%
#155120000
b10010 D
0N
b1111111111000000000000000000 M
0F
0E
b101 *
12
1%
0$
#155140000
0!
0%
#155160000
1F
1E
1N
0"
09
13
b10011 1
b10 *
02
1%
1$
#155180000
1!
0%
#155200000
b10011 D
0N
b1111111110000000000000000000 M
0F
0E
b101 *
1%
0$
#155220000
0!
0%
#155240000
12
1F
1E
1N
03
b10100 1
b10 *
1%
1$
#155260000
1!
0%
#155280000
b10100 D
0N
b1111111100000000000000000000 M
0F
0E
b101 *
02
1%
0$
#155300000
0!
0%
#155320000
1F
1E
1N
1"
19
13
b10101 1
b10 *
12
1%
1$
#155340000
1!
0%
#155360000
b10101 D
0N
b1111111000000000000000000000 M
0F
0E
b101 *
1%
0$
#155380000
0!
0%
#155400000
02
1F
1E
1N
03
b10110 1
b10 *
1%
1$
#155420000
1!
0%
#155440000
b10110 D
0N
b1111110000000000000000000000 M
0F
0E
b101 *
12
1%
0$
#155460000
0!
0%
#155480000
1F
1E
1N
0"
09
13
b10111 1
b10 *
02
1%
1$
#155500000
1!
0%
#155520000
b10111 D
0N
b1111100000000000000000000000 M
0F
0E
b101 *
1%
0$
#155540000
0!
0%
#155560000
12
1F
1E
1N
03
b11000 1
b10 *
1%
1$
#155580000
1!
0%
#155600000
b11000 D
0N
b1111000000000000000000000000 M
0F
0E
b101 *
02
1%
0$
#155620000
0!
0%
#155640000
1F
1E
1N
1"
19
13
b11001 1
b10 *
12
1%
1$
#155660000
1!
0%
#155680000
b11001 D
0N
b1110000000000000000000000000 M
0F
0E
b101 *
1%
0$
#155700000
0!
0%
#155720000
02
1F
1E
1N
03
b11010 1
b10 *
1%
1$
#155740000
1!
0%
#155760000
b11010 D
0N
b1100000000000000000000000000 M
0F
0E
b101 *
12
1%
0$
#155780000
0!
0%
#155800000
1F
1E
1N
0"
09
13
b11011 1
b1 5
b10 *
12
1%
1$
#155820000
1!
0%
#155840000
b11011 D
0N
b1000000000000000000000000000 M
0F
0E
b101 *
02
1%
0$
#155860000
0!
0%
#155880000
1F
1E
1N
1"
19
03
b11100 1
b10 *
02
1%
1$
#155900000
1!
0%
#155920000
b11100 D
0N
b0 M
0F
0E
b101 *
12
1%
0$
#155940000
0!
0%
#155960000
1F
1E
1N
0"
09
13
b11101 1
b10 5
b10 *
12
1%
1$
#155980000
1!
0%
#156000000
b11101 D
0N
0F
b101 *
02
1%
0$
#156020000
0%
#156040000
1F
0E
1N
1"
19
03
b11110 1
b11 *
02
1%
1$
#156060000
0!
0%
#156080000
b11110 D
0N
0F
b110 *
12
1%
0$
#156100000
0%
#156120000
1F
1E
1N
0"
09
13
b11111 1
b11 5
b100 *
12
1%
1$
#156140000
1!
0%
#156160000
b11111 D
0N
0F
b1 *
02
1%
0$
#156180000
0%
#156200000
1F
0E
1N
1"
19
03
b100000 1
b11 *
02
1%
1$
#156220000
0!
0%
#156240000
1K
b0 D
0N
0F
b110 *
12
1%
0$
#156260000
0%
#156280000
1E
b11 L
b11111111111111100001 M
1N
0"
09
13
b100001 1
b100 *
b0 Y
02
1%
1$
#156300000
1!
0%
#156320000
b1 D
0N
b1 *
1%
0$
#156340000
0%
#156360000
12
0E
1N
03
b100010 1
b11 *
b1 Z
1%
1$
#156380000
0!
0%
#156400000
b10 D
0N
b110 *
02
1%
0$
#156420000
0%
#156440000
1N
1"
19
13
b100011 1
b100 5
b100 *
b10 Z
02
1%
1$
#156460000
0%
#156480000
b11 D
0N
b0 *
12
1%
0$
#156500000
0%
#156520000
1N
0"
09
03
b100100 1
b11 Z
12
1%
1$
#156540000
0%
#156560000
b100 D
0N
02
1%
0$
#156580000
0%
#156600000
1F
1E
1N
1"
19
13
b100101 1
b101 5
02
1%
1$
#156620000
1!
0%
#156640000
b101 D
0N
b111111111111111000010 M
0F
b1 *
12
1%
0$
#156660000
0%
#156680000
1F
0E
1N
0"
09
03
b100110 1
b11 *
12
1%
1$
#156700000
0!
0%
#156720000
b110 D
0N
b1111111111111110000100 M
0F
b110 *
02
1%
0$
#156740000
0%
#156760000
1F
1E
1N
1"
19
13
b100111 1
b110 5
b100 *
02
1%
1$
#156780000
1!
0%
#156800000
b111 D
0N
b11111111111111100001000 M
0F
b1 *
12
1%
0$
#156820000
0%
#156840000
1F
0E
1N
0"
09
03
b101000 1
b11 *
12
1%
1$
#156860000
0!
0%
#156880000
b1000 D
0N
b111111111111111000010000 M
0F
b110 *
02
1%
0$
#156900000
0%
#156920000
1F
1E
1N
1"
19
13
b101001 1
b100 *
12
1%
1$
#156940000
1!
0%
#156960000
b1001 D
0N
b1111111111111110000100000 M
0F
b1 *
1%
0$
#156980000
0%
#157000000
02
1F
0E
1N
03
b101010 1
b11 *
1%
1$
#157020000
0!
0%
#157040000
b1010 D
0N
b11111111111111100001000000 M
0F
b110 *
12
1%
0$
#157060000
0%
#157080000
1F
1E
1N
0"
09
13
b101011 1
b111 5
b100 *
12
1%
1$
#157100000
1!
0%
#157120000
b1011 D
0N
b111111111111111000010000000 M
0F
b1 *
02
1%
0$
#157140000
0%
#157160000
1F
0E
1N
1"
19
03
b101100 1
b11 *
02
1%
1$
#157180000
0!
0%
#157200000
b1100 D
0N
b1111111111111110000100000000 M
0F
b110 *
12
1%
0$
#157220000
0%
#157240000
1F
1E
1N
0"
09
13
b101101 1
b1000 5
b100 *
12
1%
1$
#157260000
1!
0%
#157280000
b1101 D
0N
b1111111111111100001000000000 M
0F
0E
b1 *
02
1%
0$
#157300000
0!
0%
#157320000
1F
1E
1N
1"
19
03
b101110 1
b10 *
02
1%
1$
#157340000
1!
0%
#157360000
b1110 D
0N
b1111111111111000010000000000 M
0F
0E
b101 *
12
1%
0$
#157380000
0!
0%
#157400000
1F
1E
1N
0"
09
13
b101111 1
b1001 5
b10 *
12
1%
1$
#157420000
1!
0%
#157440000
b1111 D
0N
b1111111111110000100000000000 M
0F
0E
b101 *
02
1%
0$
#157460000
0!
0%
#157480000
1F
1E
1N
1"
19
03
b110000 1
b10 *
02
1%
1$
#157500000
1!
0%
#157520000
b10000 D
0N
b1111111111100001000000000000 M
0F
0E
b101 *
12
1%
0$
#157540000
0!
0%
#157560000
1F
1E
1N
0"
09
13
b110001 1
b10 *
02
1%
1$
#157580000
1!
0%
#157600000
b10001 D
0N
b1111111111000010000000000000 M
0F
0E
b101 *
1%
0$
#157620000
0!
0%
#157640000
12
1F
1E
1N
03
b110010 1
b10 *
1%
1$
#157660000
1!
0%
#157680000
b10010 D
0N
b1111111110000100000000000000 M
0F
0E
b101 *
02
1%
0$
#157700000
0!
0%
#157720000
1F
1E
1N
1"
19
13
b110011 1
b1010 5
b10 *
02
1%
1$
#157740000
1!
0%
#157760000
b10011 D
0N
b1111111100001000000000000000 M
0F
0E
b101 *
12
1%
0$
#157780000
0!
0%
#157800000
1F
1E
1N
0"
09
03
b110100 1
b10 *
12
1%
1$
#157820000
1!
0%
#157840000
b10100 D
0N
b1111111000010000000000000000 M
0F
0E
b101 *
02
1%
0$
#157860000
0!
0%
#157880000
1F
1E
1N
1"
19
13
b110101 1
b1011 5
b10 *
02
1%
1$
#157900000
1!
0%
#157920000
b10101 D
0N
b1111110000100000000000000000 M
0F
0E
b101 *
12
1%
0$
#157940000
0!
0%
#157960000
1F
1E
1N
0"
09
03
b110110 1
b10 *
12
1%
1$
#157980000
1!
0%
#158000000
b10110 D
0N
b1111100001000000000000000000 M
0F
0E
b101 *
02
1%
0$
#158020000
0!
0%
#158040000
1F
1E
1N
1"
19
13
b110111 1
b1100 5
b10 *
02
1%
1$
#158060000
1!
0%
#158080000
b10111 D
0N
b1111000010000000000000000000 M
0F
0E
b101 *
12
1%
0$
#158100000
0!
0%
#158120000
1F
1E
1N
0"
09
03
b111000 1
b10 *
12
1%
1$
#158140000
1!
0%
#158160000
b11000 D
0N
b1110000100000000000000000000 M
0F
0E
b101 *
02
1%
0$
#158180000
0!
0%
#158200000
1F
1E
1N
1"
19
13
b111001 1
b10 *
12
1%
1$
#158220000
1!
0%
#158240000
b11001 D
0N
b1100001000000000000000000000 M
0F
0E
b101 *
1%
0$
#158260000
0!
0%
#158280000
02
1F
1E
1N
03
b111010 1
b10 *
1%
1$
#158300000
1!
0%
#158320000
b11010 D
0N
b1000010000000000000000000000 M
0F
0E
b101 *
12
1%
0$
#158340000
0!
0%
#158360000
1F
1E
1N
0"
09
13
b111011 1
b10 *
02
1%
1$
#158380000
1!
0%
#158400000
b11011 D
0N
b100000000000000000000000 M
0F
0E
b101 *
1%
0$
#158420000
0!
0%
#158440000
12
1F
1E
1N
03
b111100 1
b10 *
1%
1$
#158460000
1!
0%
#158480000
b11100 D
0N
b1000000000000000000000000 M
0F
b101 *
02
1%
0$
#158500000
0%
#158520000
1F
0E
1N
1"
19
13
b111101 1
b11 *
12
1%
1$
#158540000
0!
0%
#158560000
b11101 D
0N
b10000000000000000000000000 M
0F
b110 *
1%
0$
#158580000
0%
#158600000
02
1F
1E
1N
03
b111110 1
b100 *
1%
1$
#158620000
1!
0%
#158640000
b11110 D
0N
b100000000000000000000000000 M
0F
b1 *
12
1%
0$
#158660000
0%
#158680000
1F
0E
1N
0"
09
13
b111111 1
b11 *
02
1%
1$
#158700000
0!
0%
#158720000
b11111 D
0N
b1000000000000000000000000000 M
0F
b110 *
1%
0$
#158740000
0%
#158760000
12
1F
1E
1N
03
14
b0 1
b100 *
1%
1$
#158780000
1!
0%
#158800000
b11111 J
0K
b0 D
b1000111 7
b100000 :
b1101110111011100000000000000 ,
b1101110111011100 0
b100111 6
04
0N
b0 M
0F
0E
b1 *
02
1%
0$
#158820000
0!
0%
#158840000
1E
b10 L
b11111111111111110000 M
1N
1"
19
13
b1 1
b0 5
b10 *
b0 Z
12
1%
1$
#158860000
1!
0%
#158880000
b1 D
0N
b101 *
1%
0$
#158900000
0%
#158920000
1N
03
b10 1
b11 *
b1 Y
1%
1$
#158940000
0%
#158960000
b10 D
0N
b111 *
1%
0$
#158980000
0%
#159000000
02
0E
1N
13
b11 1
b10 Y
1%
1$
#159020000
0!
0%
#159040000
b11 D
0N
b110 *
12
1%
0$
#159060000
0%
#159080000
1N
0"
09
03
b100 1
b100 *
b11 Y
02
1%
1$
#159100000
0%
#159120000
b100 D
0N
b0 *
1%
0$
#159140000
0%
#159160000
12
1F
1E
1N
13
b101 1
1%
1$
#159180000
1!
0%
#159200000
b101 D
0N
b111111111111111100000 M
0F
b1 *
02
1%
0$
#159220000
0%
#159240000
1F
0E
1N
1"
19
03
b110 1
b11 *
02
1%
1$
#159260000
0!
0%
#159280000
b110 D
0N
b1111111111111111000000 M
0F
b110 *
12
1%
0$
#159300000
0%
#159320000
1F
1E
1N
0"
09
13
b111 1
b100 *
02
1%
1$
#159340000
1!
0%
#159360000
b111 D
0N
b11111111111111110000000 M
0F
b1 *
1%
0$
#159380000
0%
#159400000
12
1F
0E
1N
03
b1000 1
b11 *
1%
1$
#159420000
0!
0%
#159440000
b1000 D
0N
b111111111111111100000000 M
0F
b110 *
02
1%
0$
#159460000
0%
#159480000
1F
1E
1N
1"
19
13
b1001 1
b100 *
12
1%
1$
#159500000
1!
0%
#159520000
b1001 D
0N
b1111111111111111000000000 M
0F
b1 *
1%
0$
#159540000
0%
#159560000
02
1F
0E
1N
03
b1010 1
b11 *
1%
1$
#159580000
0!
0%
#159600000
b1010 D
0N
b11111111111111110000000000 M
0F
b110 *
12
1%
0$
#159620000
0%
#159640000
1F
1E
1N
0"
09
13
b1011 1
b100 *
02
1%
1$
#159660000
1!
0%
#159680000
b1011 D
0N
b111111111111111100000000000 M
0F
b1 *
1%
0$
#159700000
0%
#159720000
12
1F
0E
1N
03
b1100 1
b11 *
1%
1$
#159740000
0!
0%
#159760000
b1100 D
0N
b1111111111111111000000000000 M
0F
b110 *
02
1%
0$
#159780000
0%
#159800000
1F
1E
1N
1"
19
13
b1101 1
b100 *
12
1%
1$
#159820000
1!
0%
#159840000
b1101 D
0N
b1111111111111110000000000000 M
0F
0E
b1 *
1%
0$
#159860000
0!
0%
#159880000
02
1F
1E
1N
03
b1110 1
b10 *
1%
1$
#159900000
1!
0%
#159920000
b1110 D
0N
b1111111111111100000000000000 M
0F
0E
b101 *
12
1%
0$
#159940000
0!
0%
#159960000
1F
1E
1N
0"
09
13
b1111 1
b10 *
02
1%
1$
#159980000
1!
0%
#160000000
b1111 D
0N
b1111111111111000000000000000 M
0F
0E
b101 *
1%
0$
#160020000
0!
0%
#160040000
12
1F
1E
1N
03
b10000 1
b10 *
1%
1$
#160060000
1!
0%
#160080000
b10000 D
0N
b1111111111110000000000000000 M
0F
0E
b101 *
02
1%
0$
#160100000
0!
0%
#160120000
1F
1E
1N
1"
19
13
b10001 1
b10 *
12
1%
1$
#160140000
1!
0%
#160160000
b10001 D
0N
b1111111111100000000000000000 M
0F
0E
b101 *
1%
0$
#160180000
0!
0%
#160200000
02
1F
1E
1N
03
b10010 1
b10 *
1%
1$
#160220000
1!
0%
#160240000
b10010 D
0N
b1111111111000000000000000000 M
0F
0E
b101 *
12
1%
0$
#160260000
0!
0%
#160280000
1F
1E
1N
0"
09
13
b10011 1
b10 *
02
1%
1$
#160300000
1!
0%
#160320000
b10011 D
0N
b1111111110000000000000000000 M
0F
0E
b101 *
1%
0$
#160340000
0!
0%
#160360000
12
1F
1E
1N
03
b10100 1
b10 *
1%
1$
#160380000
1!
0%
#160400000
b10100 D
0N
b1111111100000000000000000000 M
0F
0E
b101 *
02
1%
0$
#160420000
0!
0%
#160440000
1F
1E
1N
1"
19
13
b10101 1
b10 *
12
1%
1$
#160460000
1!
0%
#160480000
b10101 D
0N
b1111111000000000000000000000 M
0F
0E
b101 *
1%
0$
#160500000
0!
0%
#160520000
02
1F
1E
1N
03
b10110 1
b10 *
1%
1$
#160540000
1!
0%
#160560000
b10110 D
0N
b1111110000000000000000000000 M
0F
0E
b101 *
12
1%
0$
#160580000
0!
0%
#160600000
1F
1E
1N
0"
09
13
b10111 1
b10 *
02
1%
1$
#160620000
1!
0%
#160640000
b10111 D
0N
b1111100000000000000000000000 M
0F
0E
b101 *
1%
0$
#160660000
0!
0%
#160680000
12
1F
1E
1N
03
b11000 1
b10 *
1%
1$
#160700000
1!
0%
#160720000
b11000 D
0N
b1111000000000000000000000000 M
0F
0E
b101 *
02
1%
0$
#160740000
0!
0%
#160760000
1F
1E
1N
1"
19
13
b11001 1
b10 *
12
1%
1$
#160780000
1!
0%
#160800000
b11001 D
0N
b1110000000000000000000000000 M
0F
0E
b101 *
1%
0$
#160820000
0!
0%
#160840000
02
1F
1E
1N
03
b11010 1
b10 *
1%
1$
#160860000
1!
0%
#160880000
b11010 D
0N
b1100000000000000000000000000 M
0F
0E
b101 *
12
1%
0$
#160900000
0!
0%
#160920000
1F
1E
1N
0"
09
13
b11011 1
b10 *
02
1%
1$
#160940000
1!
0%
#160960000
b11011 D
0N
b1000000000000000000000000000 M
0F
0E
b101 *
1%
0$
#160980000
0!
0%
#161000000
12
1F
1E
1N
03
b11100 1
b10 *
1%
1$
#161020000
1!
0%
#161040000
b11100 D
0N
b0 M
0F
0E
b101 *
02
1%
0$
#161060000
0!
0%
#161080000
1F
1E
1N
1"
19
13
b11101 1
b1 5
b10 *
02
1%
1$
#161100000
1!
0%
#161120000
b11101 D
0N
0F
b101 *
12
1%
0$
#161140000
0%
#161160000
1F
0E
1N
0"
09
03
b11110 1
b11 *
12
1%
1$
#161180000
0!
0%
#161200000
b11110 D
0N
0F
b110 *
02
1%
0$
#161220000
0%
#161240000
1F
1E
1N
1"
19
13
b11111 1
b10 5
b100 *
02
1%
1$
#161260000
1!
0%
#161280000
b11111 D
0N
0F
b1 *
12
1%
0$
#161300000
0%
#161320000
1F
0E
1N
0"
09
03
b100000 1
b11 *
12
1%
1$
#161340000
0!
0%
#161360000
1K
b0 D
0N
0F
b110 *
02
1%
0$
#161380000
0%
#161400000
1E
b11 L
b11111111111111100001 M
1N
1"
19
13
b100001 1
b11 5
b100 *
b0 Y
02
1%
1$
#161420000
1!
0%
#161440000
b1 D
0N
b1 *
12
1%
0$
#161460000
0%
#161480000
0E
1N
0"
09
03
b100010 1
b11 *
b1 Z
12
1%
1$
#161500000
0!
0%
#161520000
b10 D
0N
b110 *
02
1%
0$
#161540000
0%
#161560000
1N
1"
19
13
b100011 1
b100 *
b10 Z
12
1%
1$
#161580000
0%
#161600000
b11 D
0N
b0 *
1%
0$
#161620000
0%
#161640000
02
1N
03
b100100 1
b11 Z
1%
1$
#161660000
0%
#161680000
b100 D
0N
12
1%
0$
#161700000
0%
#161720000
1F
1E
1N
0"
09
13
b100101 1
b100 5
12
1%
1$
#161740000
1!
0%
#161760000
b101 D
0N
b111111111111111000010 M
0F
b1 *
02
1%
0$
#161780000
0%
#161800000
1F
0E
1N
1"
19
03
b100110 1
b11 *
02
1%
1$
#161820000
0!
0%
#161840000
b110 D
0N
b1111111111111110000100 M
0F
b110 *
12
1%
0$
#161860000
0%
#161880000
1F
1E
1N
0"
09
13
b100111 1
b101 5
b100 *
12
1%
1$
#161900000
1!
0%
#161920000
b111 D
0N
b11111111111111100001000 M
0F
b1 *
02
1%
0$
#161940000
0%
#161960000
1F
0E
1N
1"
19
03
b101000 1
b11 *
02
1%
1$
#161980000
0!
0%
#162000000
b1000 D
0N
b111111111111111000010000 M
0F
b110 *
12
1%
0$
#162020000
0%
#162040000
1F
1E
1N
0"
09
13
b101001 1
b110 5
b100 *
12
1%
1$
#162060000
1!
0%
#162080000
b1001 D
0N
b1111111111111110000100000 M
0F
b1 *
02
1%
0$
#162100000
0%
#162120000
1F
0E
1N
1"
19
03
b101010 1
b11 *
02
1%
1$
#162140000
0!
0%
#162160000
b1010 D
0N
b11111111111111100001000000 M
0F
b110 *
12
1%
0$
#162180000
0%
#162200000
1F
1E
1N
0"
09
13
b101011 1
b100 *
02
1%
1$
#162220000
1!
0%
#162240000
b1011 D
0N
b111111111111111000010000000 M
0F
b1 *
1%
0$
#162260000
0%
#162280000
12
1F
0E
1N
03
b101100 1
b11 *
1%
1$
#162300000
0!
0%
#162320000
b1100 D
0N
b1111111111111110000100000000 M
0F
b110 *
02
1%
0$
#162340000
0%
#162360000
1F
1E
1N
1"
19
13
b101101 1
b111 5
b100 *
02
1%
1$
#162380000
1!
0%
#162400000
b1101 D
0N
b1111111111111100001000000000 M
0F
0E
b1 *
12
1%
0$
#162420000
0!
0%
#162440000
1F
1E
1N
0"
09
03
b101110 1
b10 *
12
1%
1$
#162460000
1!
0%
#162480000
b1110 D
0N
b1111111111111000010000000000 M
0F
0E
b101 *
02
1%
0$
#162500000
0!
0%
#162520000
1F
1E
1N
1"
19
13
b101111 1
b1000 5
b10 *
02
1%
1$
#162540000
1!
0%
#162560000
b1111 D
0N
b1111111111110000100000000000 M
0F
0E
b101 *
12
1%
0$
#162580000
0!
0%
#162600000
1F
1E
1N
0"
09
03
b110000 1
b10 *
12
1%
1$
#162620000
1!
0%
#162640000
b10000 D
0N
b1111111111100001000000000000 M
0F
0E
b101 *
02
1%
0$
#162660000
0!
0%
#162680000
1F
1E
1N
1"
19
13
b110001 1
b1001 5
b10 *
02
1%
1$
#162700000
1!
0%
#162720000
b10001 D
0N
b1111111111000010000000000000 M
0F
0E
b101 *
12
1%
0$
#162740000
0!
0%
#162760000
1F
1E
1N
0"
09
03
b110010 1
b10 *
12
1%
1$
#162780000
1!
0%
#162800000
b10010 D
0N
b1111111110000100000000000000 M
0F
0E
b101 *
02
1%
0$
#162820000
0!
0%
#162840000
1F
1E
1N
1"
19
13
b110011 1
b10 *
12
1%
1$
#162860000
1!
0%
#162880000
b10011 D
0N
b1111111100001000000000000000 M
0F
0E
b101 *
1%
0$
#162900000
0!
0%
#162920000
02
1F
1E
1N
03
b110100 1
b10 *
1%
1$
#162940000
1!
0%
#162960000
b10100 D
0N
b1111111000010000000000000000 M
0F
0E
b101 *
12
1%
0$
#162980000
0!
0%
#163000000
1F
1E
1N
0"
09
13
b110101 1
b1010 5
b10 *
12
1%
1$
#163020000
1!
0%
#163040000
b10101 D
0N
b1111110000100000000000000000 M
0F
0E
b101 *
02
1%
0$
#163060000
0!
0%
#163080000
1F
1E
1N
1"
19
03
b110110 1
b10 *
02
1%
1$
#163100000
1!
0%
#163120000
b10110 D
0N
b1111100001000000000000000000 M
0F
0E
b101 *
12
1%
0$
#163140000
0!
0%
#163160000
1F
1E
1N
0"
09
13
b110111 1
b1011 5
b10 *
12
1%
1$
#163180000
1!
0%
#163200000
b10111 D
0N
b1111000010000000000000000000 M
0F
0E
b101 *
02
1%
0$
#163220000
0!
0%
#163240000
1F
1E
1N
1"
19
03
b111000 1
b10 *
02
1%
1$
#163260000
1!
0%
#163280000
b11000 D
0N
b1110000100000000000000000000 M
0F
0E
b101 *
12
1%
0$
#163300000
0!
0%
#163320000
1F
1E
1N
0"
09
13
b111001 1
b10 *
02
1%
1$
#163340000
1!
0%
#163360000
b11001 D
0N
b1100001000000000000000000000 M
0F
0E
b101 *
1%
0$
#163380000
0!
0%
#163400000
12
1F
1E
1N
03
b111010 1
b10 *
1%
1$
#163420000
1!
0%
#163440000
b11010 D
0N
b1000010000000000000000000000 M
0F
0E
b101 *
02
1%
0$
#163460000
0!
0%
#163480000
1F
1E
1N
1"
19
13
b111011 1
b10 *
12
1%
1$
#163500000
1!
0%
#163520000
b11011 D
0N
b100000000000000000000000 M
0F
0E
b101 *
1%
0$
#163540000
0!
0%
#163560000
02
1F
1E
1N
03
b111100 1
b10 *
1%
1$
#163580000
1!
0%
#163600000
b11100 D
0N
b1000000000000000000000000 M
0F
b101 *
12
1%
0$
#163620000
0%
#163640000
1F
0E
1N
0"
09
13
b111101 1
b11 *
02
1%
1$
#163660000
0!
0%
#163680000
b11101 D
0N
b10000000000000000000000000 M
0F
b110 *
1%
0$
#163700000
0%
#163720000
12
1F
1E
1N
03
b111110 1
b100 *
1%
1$
#163740000
1!
0%
#163760000
b11110 D
0N
b100000000000000000000000000 M
0F
b1 *
02
1%
0$
#163780000
0%
#163800000
1F
0E
1N
1"
19
13
b111111 1
b11 *
02
1%
1$
#163820000
0!
0%
#163840000
b11111 D
0N
b1000000000000000000000000000 M
0F
b110 *
12
1%
0$
#163860000
0%
#163880000
1F
1E
1N
0"
09
03
14
b0 1
b100 *
12
1%
1$
#163900000
1!
0%
#163920000
b100000 J
0K
b0 D
b100111 7
b100001 :
1#
b1111111111111110 8
b1111111111111111000000000000 ,
b1111111111111111 0
b1000111 6
04
0N
b0 M
0F
0E
b1 *
02
1%
0$
#163940000
0!
0%
#163960000
b100010001000000001 P
b10001000100000001 O
b11011 W
1S
b100010001000000001 T
b10001000100000 Q
b1000100010000 ;
b10001000100000 <
1E
b10 L
b11111111111111110000 M
1N
1"
19
13
b1 1
b0 5
0#
b100010001000000001000100010000 )
b100010001000000001000100010000 +
b100100010001000010 '
b10010001000100001 &
b10 *
b0 Z
12
1%
1$
#163980000
1!
0%
#164000000
b1 D
0N
b10001000100000001 M
b101 *
1%
0$
#164020000
0%
#164040000
1N
03
b10 1
b11 *
b1 Y
1%
1$
#164060000
0%
#164080000
b10 D
0N
b111 *
1%
0$
#164100000
0%
#164120000
02
0E
1N
13
b11 1
b10 Y
1%
1$
#164140000
0!
0%
#164160000
b11 D
0N
b110 *
12
1%
0$
#164180000
0%
#164200000
1N
0"
09
03
b100 1
b100 *
b11 Y
02
1%
1$
#164220000
0%
#164240000
b100 D
0N
b0 *
1%
0$
#164260000
0%
#164280000
1F
1E
1N
13
b101 1
1%
1$
#164300000
1!
0%
#164320000
b101 D
0N
b100010001000000010 M
0F
b1 *
1%
0$
#164340000
0%
#164360000
12
1F
0E
1N
03
b110 1
b11 *
1%
1$
#164380000
0!
0%
#164400000
b110 D
0N
b1000100010000000100 M
0F
b110 *
02
1%
0$
#164420000
0%
#164440000
1F
1E
1N
1"
19
13
b111 1
b100 *
02
1%
1$
#164460000
1!
0%
#164480000
b111 D
0N
b10001000100000001000 M
0F
b1 *
12
1%
0$
#164500000
0%
#164520000
1F
0E
1N
0"
09
03
b1000 1
b11 *
12
1%
1$
#164540000
0!
0%
#164560000
b1000 D
0N
b100010001000000010000 M
0F
b110 *
02
1%
0$
#164580000
0%
#164600000
1F
1E
1N
1"
19
13
b1001 1
b100 *
12
1%
1$
#164620000
1!
0%
#164640000
b1001 D
0N
b1000100010000000100000 M
0F
b1 *
1%
0$
#164660000
0%
#164680000
02
1F
0E
1N
03
b1010 1
b11 *
1%
1$
#164700000
0!
0%
#164720000
b1010 D
0N
b10001000100000001000000 M
0F
b110 *
12
1%
0$
#164740000
0%
#164760000
1F
1E
1N
0"
09
13
b1011 1
b100 *
02
1%
1$
#164780000
1!
0%
#164800000
b1011 D
0N
b100010001000000010000000 M
0F
b1 *
1%
0$
#164820000
0%
#164840000
12
1F
0E
1N
03
b1100 1
b11 *
1%
1$
#164860000
0!
0%
#164880000
b1100 D
0N
b1000100010000000100000000 M
0F
b110 *
02
1%
0$
#164900000
0%
#164920000
1F
1E
1N
1"
19
13
b1101 1
b100 *
12
1%
1$
#164940000
1!
0%
#164960000
b1101 D
0N
b10001000100000001000000000 M
0F
b1 *
1%
0$
#164980000
0%
#165000000
02
1F
0E
1N
03
b1110 1
b11 *
1%
1$
#165020000
0!
0%
#165040000
b1110 D
0N
b100010001000000010000000000 M
0F
b110 *
12
1%
0$
#165060000
0%
#165080000
1F
1E
1N
0"
09
13
b1111 1
b100 *
02
1%
1$
#165100000
1!
0%
#165120000
b1111 D
0N
b1000100010000000100000000000 M
0F
b1 *
1%
0$
#165140000
0%
#165160000
12
1F
0E
1N
03
b10000 1
b11 *
1%
1$
#165180000
0!
0%
#165200000
b10000 D
0N
b1000100000001000000000000 M
0F
1E
b110 *
02
1%
0$
#165220000
1!
0%
#165240000
1F
0E
1N
1"
19
13
b10001 1
b101 *
12
1%
1$
#165260000
0!
0%
#165280000
b10001 D
0N
b10001000000010000000000000 M
0F
b10 *
1%
0$
#165300000
0%
#165320000
02
1F
1E
1N
03
b10010 1
b100 *
1%
1$
#165340000
1!
0%
#165360000
b10010 D
0N
b100010000000100000000000000 M
0F
b1 *
12
1%
0$
#165380000
0%
#165400000
1F
0E
1N
0"
09
13
b10011 1
b11 *
02
1%
1$
#165420000
0!
0%
#165440000
b10011 D
0N
b1000100000001000000000000000 M
0F
b110 *
1%
0$
#165460000
0%
#165480000
12
1F
1E
1N
03
b10100 1
b100 *
1%
1$
#165500000
1!
0%
#165520000
b10100 D
0N
b1000000010000000000000000 M
0F
0E
b1 *
02
1%
0$
#165540000
0!
0%
#165560000
1F
1E
1N
1"
19
13
b10101 1
b10 *
12
1%
1$
#165580000
1!
0%
#165600000
b10101 D
0N
b10000000100000000000000000 M
0F
b101 *
1%
0$
#165620000
0%
#165640000
02
1F
0E
1N
03
b10110 1
b11 *
1%
1$
#165660000
0!
0%
#165680000
b10110 D
0N
b100000001000000000000000000 M
0F
b110 *
12
1%
0$
#165700000
0%
#165720000
1F
1E
1N
0"
09
13
b10111 1
b100 *
02
1%
1$
#165740000
1!
0%
#165760000
b10111 D
0N
b1000000010000000000000000000 M
0F
b1 *
1%
0$
#165780000
0%
#165800000
12
1F
0E
1N
03
b11000 1
b11 *
1%
1$
#165820000
0!
0%
#165840000
b11000 D
0N
b100000000000000000000 M
0F
1E
b110 *
02
1%
0$
#165860000
1!
0%
#165880000
1F
0E
1N
1"
19
13
b11001 1
b1 5
b101 *
02
1%
1$
#165900000
0!
0%
#165920000
b11001 D
0N
b1000000000000000000000 M
0F
b10 *
12
1%
0$
#165940000
0%
#165960000
1F
1E
1N
0"
09
03
b11010 1
b100 *
12
1%
1$
#165980000
1!
0%
#166000000
b11010 D
0N
b10000000000000000000000 M
0F
b1 *
02
1%
0$
#166020000
0%
#166040000
1F
0E
1N
1"
19
13
b11011 1
b10 5
b11 *
02
1%
1$
#166060000
0!
0%
#166080000
b11011 D
0N
b100000000000000000000000 M
0F
b110 *
12
1%
0$
#166100000
0%
#166120000
1F
1E
1N
0"
09
03
b11100 1
b100 *
12
1%
1$
#166140000
1!
0%
#166160000
b11100 D
0N
b1000000000000000000000000 M
0F
b1 *
02
1%
0$
#166180000
0%
#166200000
1F
0E
1N
1"
19
13
b11101 1
b11 5
b11 *
02
1%
1$
#166220000
0!
0%
#166240000
b11101 D
0N
b10000000000000000000000000 M
0F
b110 *
12
1%
0$
#166260000
0%
#166280000
1F
1E
1N
0"
09
03
b11110 1
b100 *
12
1%
1$
#166300000
1!
0%
#166320000
b11110 D
0N
b100000000000000000000000000 M
0F
b1 *
02
1%
0$
#166340000
0%
#166360000
1F
0E
1N
1"
19
13
b11111 1
b100 5
b11 *
02
1%
1$
#166380000
0!
0%
#166400000
b11111 D
0N
b1000000000000000000000000000 M
0F
b110 *
12
1%
0$
#166420000
0%
#166440000
1F
1E
1N
0"
09
03
b100000 1
b100 *
12
1%
1$
#166460000
1!
0%
#166480000
1K
b0 D
0N
b0 M
0F
0E
b1 *
02
1%
0$
#166500000
0!
0%
#166520000
1E
b11 L
b100010001000000001 M
1N
1"
19
13
b100001 1
b101 5
b10 *
b0 Y
02
1%
1$
#166540000
1!
0%
#166560000
b1 D
0N
b101 *
12
1%
0$
#166580000
0%
#166600000
0E
1N
0"
09
03
b100010 1
b11 *
b1 Z
12
1%
1$
#166620000
0!
0%
#166640000
b10 D
0N
b110 *
02
1%
0$
#166660000
0%
#166680000
1N
1"
19
13
b100011 1
b110 5
b100 *
b10 Z
02
1%
1$
#166700000
0%
#166720000
b11 D
0N
b0 *
12
1%
0$
#166740000
0%
#166760000
1N
0"
09
03
b100100 1
b11 Z
12
1%
1$
#166780000
0%
#166800000
b100 D
0N
02
1%
0$
#166820000
0%
#166840000
1F
1E
1N
1"
19
13
b100101 1
b111 5
02
1%
1$
#166860000
1!
0%
#166880000
b101 D
0N
b1000100010000000010 M
0F
b1 *
12
1%
0$
#166900000
0%
#166920000
1F
0E
1N
0"
09
03
b100110 1
b11 *
12
1%
1$
#166940000
0!
0%
#166960000
b110 D
0N
b10001000100000000100 M
0F
b110 *
02
1%
0$
#166980000
0%
#167000000
1F
1E
1N
1"
19
13
b100111 1
b1000 5
b100 *
02
1%
1$
#167020000
1!
0%
#167040000
b111 D
0N
b100010001000000001000 M
0F
b1 *
12
1%
0$
#167060000
0%
#167080000
1F
0E
1N
0"
09
03
b101000 1
b11 *
12
1%
1$
#167100000
0!
0%
#167120000
b1000 D
0N
b1000100010000000010000 M
0F
b110 *
02
1%
0$
#167140000
0%
#167160000
1F
1E
1N
1"
19
13
b101001 1
b1001 5
b100 *
02
1%
1$
#167180000
1!
0%
#167200000
b1001 D
0N
b10001000100000000100000 M
0F
b1 *
12
1%
0$
#167220000
0%
#167240000
1F
0E
1N
0"
09
03
b101010 1
b11 *
12
1%
1$
#167260000
0!
0%
#167280000
b1010 D
0N
b100010001000000001000000 M
0F
b110 *
02
1%
0$
#167300000
0%
#167320000
1F
1E
1N
1"
19
13
b101011 1
b1010 5
b100 *
02
1%
1$
#167340000
1!
0%
#167360000
b1011 D
0N
b1000100010000000010000000 M
0F
b1 *
12
1%
0$
#167380000
0%
#167400000
1F
0E
1N
0"
09
03
b101100 1
b11 *
12
1%
1$
#167420000
0!
0%
#167440000
b1100 D
0N
b10001000100000000100000000 M
0F
b110 *
02
1%
0$
#167460000
0%
#167480000
1F
1E
1N
1"
19
13
b101101 1
b1011 5
b100 *
02
1%
1$
#167500000
1!
0%
#167520000
b1101 D
0N
b100010001000000001000000000 M
0F
b1 *
12
1%
0$
#167540000
0%
#167560000
1F
0E
1N
0"
09
03
b101110 1
b11 *
12
1%
1$
#167580000
0!
0%
#167600000
b1110 D
0N
b1000100010000000010000000000 M
0F
b110 *
02
1%
0$
#167620000
0%
#167640000
1F
1E
1N
1"
19
13
b101111 1
b1100 5
b100 *
02
1%
1$
#167660000
1!
0%
#167680000
b1111 D
0N
b1000100000000100000000000 M
0F
0E
b1 *
12
1%
0$
#167700000
0!
0%
#167720000
1F
1E
1N
0"
09
03
b110000 1
b10 *
12
1%
1$
#167740000
1!
0%
#167760000
b10000 D
0N
b10001000000001000000000000 M
0F
b101 *
02
1%
0$
#167780000
0%
#167800000
1F
0E
1N
1"
19
13
b110001 1
b1101 5
b11 *
02
1%
1$
#167820000
0!
0%
#167840000
b10001 D
0N
b100010000000010000000000000 M
0F
b110 *
12
1%
0$
#167860000
0%
#167880000
1F
1E
1N
0"
09
03
b110010 1
b100 *
12
1%
1$
#167900000
1!
0%
#167920000
b10010 D
0N
b1000100000000100000000000000 M
0F
b1 *
02
1%
0$
#167940000
0%
#167960000
1F
0E
1N
1"
19
13
b110011 1
b1110 5
b11 *
02
1%
1$
#167980000
0!
0%
#168000000
b10011 D
0N
b1000000001000000000000000 M
0F
1E
b110 *
12
1%
0$
#168020000
1!
0%
#168040000
1F
0E
1N
0"
09
03
b110100 1
b101 *
12
1%
1$
#168060000
0!
0%
#168080000
b10100 D
0N
b10000000010000000000000000 M
0F
b10 *
02
1%
0$
#168100000
0%
#168120000
1F
1E
1N
1"
19
13
b110101 1
b1111 5
b100 *
02
1%
1$
#168140000
1!
0%
#168160000
b10101 D
0N
b100000000100000000000000000 M
0F
b1 *
12
1%
0$
#168180000
0%
#168200000
1F
0E
1N
0"
09
03
b110110 1
b11 *
12
1%
1$
#168220000
0!
0%
#168240000
b10110 D
0N
b1000000001000000000000000000 M
0F
b110 *
02
1%
0$
#168260000
0%
#168280000
1F
1E
1N
1"
19
13
b110111 1
b10000 5
b100 *
02
1%
1$
#168300000
1!
0%
#168320000
b10111 D
0N
b10000000000000000000 M
0F
0E
b1 *
12
1%
0$
#168340000
0!
0%
#168360000
1F
1E
1N
0"
09
03
b111000 1
b10 *
12
1%
1$
#168380000
1!
0%
#168400000
b11000 D
0N
b100000000000000000000 M
0F
b101 *
02
1%
0$
#168420000
0%
#168440000
1F
0E
1N
1"
19
13
b111001 1
b11 *
12
1%
1$
#168460000
0!
0%
#168480000
b11001 D
0N
b1000000000000000000000 M
0F
b110 *
1%
0$
#168500000
0%
#168520000
02
1F
1E
1N
03
b111010 1
b100 *
1%
1$
#168540000
1!
0%
#168560000
b11010 D
0N
b10000000000000000000000 M
0F
b1 *
12
1%
0$
#168580000
0%
#168600000
1F
0E
1N
0"
09
13
b111011 1
b11 *
02
1%
1$
#168620000
0!
0%
#168640000
b11011 D
0N
b100000000000000000000000 M
0F
b110 *
1%
0$
#168660000
0%
#168680000
12
1F
1E
1N
03
b111100 1
b100 *
1%
1$
#168700000
1!
0%
#168720000
b11100 D
0N
b1000000000000000000000000 M
0F
b1 *
02
1%
0$
#168740000
0%
#168760000
1F
0E
1N
1"
19
13
b111101 1
b11 *
12
1%
1$
#168780000
0!
0%
#168800000
b11101 D
0N
b10000000000000000000000000 M
0F
b110 *
1%
0$
#168820000
0%
#168840000
02
1F
1E
1N
03
b111110 1
b100 *
1%
1$
#168860000
1!
0%
#168880000
b11110 D
0N
b100000000000000000000000000 M
0F
b1 *
12
1%
0$
#168900000
0%
#168920000
1F
0E
1N
0"
09
13
b111111 1
b11 *
02
1%
1$
#168940000
0!
0%
#168960000
b11111 D
0N
b1000000000000000000000000000 M
0F
b110 *
1%
0$
#168980000
0%
#169000000
12
1F
1E
1N
03
14
b0 1
b100 *
1%
1$
#169020000
1!
0%
#169040000
b100001 J
0K
b0 D
b1000111 7
b100010 :
b1111111111111110000000000000 ,
b1111111111111110 0
b100111 6
04
0N
b0 M
0F
0E
b1 *
02
1%
0$
#169060000
0!
0%
#169080000
1E
b10 L
b10001000100000001 M
1N
1"
19
13
b1 1
b0 5
b10 *
b0 Z
12
1%
1$
#169100000
1!
0%
#169120000
b1 D
0N
b101 *
1%
0$
#169140000
0%
#169160000
1N
03
b10 1
b11 *
b1 Y
1%
1$
#169180000
0%
#169200000
b10 D
0N
b111 *
1%
0$
#169220000
0%
#169240000
02
0E
1N
13
b11 1
b10 Y
1%
1$
#169260000
0!
0%
#169280000
b11 D
0N
b110 *
12
1%
0$
#169300000
0%
#169320000
1N
0"
09
03
b100 1
b100 *
b11 Y
02
1%
1$
#169340000
0%
#169360000
b100 D
0N
b0 *
1%
0$
#169380000
0%
#169400000
12
1F
1E
1N
13
b101 1
1%
1$
#169420000
1!
0%
#169440000
b101 D
0N
b100010001000000010 M
0F
b1 *
02
1%
0$
#169460000
0%
#169480000
1F
0E
1N
1"
19
03
b110 1
b11 *
02
1%
1$
#169500000
0!
0%
#169520000
b110 D
0N
b1000100010000000100 M
0F
b110 *
12
1%
0$
#169540000
0%
#169560000
1F
1E
1N
0"
09
13
b111 1
b100 *
02
1%
1$
#169580000
1!
0%
#169600000
b111 D
0N
b10001000100000001000 M
0F
b1 *
1%
0$
#169620000
0%
#169640000
12
1F
0E
1N
03
b1000 1
b11 *
1%
1$
#169660000
0!
0%
#169680000
b1000 D
0N
b100010001000000010000 M
0F
b110 *
02
1%
0$
#169700000
0%
#169720000
1F
1E
1N
1"
19
13
b1001 1
b100 *
12
1%
1$
#169740000
1!
0%
#169760000
b1001 D
0N
b1000100010000000100000 M
0F
b1 *
1%
0$
#169780000
0%
#169800000
02
1F
0E
1N
03
b1010 1
b11 *
1%
1$
#169820000
0!
0%
#169840000
b1010 D
0N
b10001000100000001000000 M
0F
b110 *
12
1%
0$
#169860000
0%
#169880000
1F
1E
1N
0"
09
13
b1011 1
b100 *
02
1%
1$
#169900000
1!
0%
#169920000
b1011 D
0N
b100010001000000010000000 M
0F
b1 *
1%
0$
#169940000
0%
#169960000
12
1F
0E
1N
03
b1100 1
b11 *
1%
1$
#169980000
0!
0%
#170000000
b1100 D
0N
b1000100010000000100000000 M
0F
b110 *
02
1%
0$
#170020000
0%
#170040000
1F
1E
1N
1"
19
13
b1101 1
b100 *
12
1%
1$
#170060000
1!
0%
#170080000
b1101 D
0N
b10001000100000001000000000 M
0F
b1 *
1%
0$
#170100000
0%
#170120000
02
1F
0E
1N
03
b1110 1
b11 *
1%
1$
#170140000
0!
0%
#170160000
b1110 D
0N
b100010001000000010000000000 M
0F
b110 *
12
1%
0$
#170180000
0%
#170200000
1F
1E
1N
0"
09
13
b1111 1
b100 *
02
1%
1$
#170220000
1!
0%
#170240000
b1111 D
0N
b1000100010000000100000000000 M
0F
b1 *
1%
0$
#170260000
0%
#170280000
12
1F
0E
1N
03
b10000 1
b11 *
1%
1$
#170300000
0!
0%
#170320000
b10000 D
0N
b1000100000001000000000000 M
0F
1E
b110 *
02
1%
0$
#170340000
1!
0%
#170360000
1F
0E
1N
1"
19
13
b10001 1
b101 *
12
1%
1$
#170380000
0!
0%
#170400000
b10001 D
0N
b10001000000010000000000000 M
0F
b10 *
1%
0$
#170420000
0%
#170440000
02
1F
1E
1N
03
b10010 1
b100 *
1%
1$
#170460000
1!
0%
#170480000
b10010 D
0N
b100010000000100000000000000 M
0F
b1 *
12
1%
0$
#170500000
0%
#170520000
1F
0E
1N
0"
09
13
b10011 1
b11 *
02
1%
1$
#170540000
0!
0%
#170560000
b10011 D
0N
b1000100000001000000000000000 M
0F
b110 *
1%
0$
#170580000
0%
#170600000
12
1F
1E
1N
03
b10100 1
b100 *
1%
1$
#170620000
1!
0%
#170640000
b10100 D
0N
b1000000010000000000000000 M
0F
0E
b1 *
02
1%
0$
#170660000
0!
0%
#170680000
1F
1E
1N
1"
19
13
b10101 1
b10 *
12
1%
1$
#170700000
1!
0%
#170720000
b10101 D
0N
b10000000100000000000000000 M
0F
b101 *
1%
0$
#170740000
0%
#170760000
02
1F
0E
1N
03
b10110 1
b11 *
1%
1$
#170780000
0!
0%
#170800000
b10110 D
0N
b100000001000000000000000000 M
0F
b110 *
12
1%
0$
#170820000
0%
#170840000
1F
1E
1N
0"
09
13
b10111 1
b100 *
02
1%
1$
#170860000
1!
0%
#170880000
b10111 D
0N
b1000000010000000000000000000 M
0F
b1 *
1%
0$
#170900000
0%
#170920000
12
1F
0E
1N
03
b11000 1
b11 *
1%
1$
#170940000
0!
0%
#170960000
b11000 D
0N
b100000000000000000000 M
0F
1E
b110 *
02
1%
0$
#170980000
1!
0%
#171000000
1F
0E
1N
1"
19
13
b11001 1
b101 *
12
1%
1$
#171020000
0!
0%
#171040000
b11001 D
0N
b1000000000000000000000 M
0F
b10 *
1%
0$
#171060000
0%
#171080000
02
1F
1E
1N
03
b11010 1
b100 *
1%
1$
#171100000
1!
0%
#171120000
b11010 D
0N
b10000000000000000000000 M
0F
b1 *
12
1%
0$
#171140000
0%
#171160000
1F
0E
1N
0"
09
13
b11011 1
b1 5
b11 *
12
1%
1$
#171180000
0!
0%
#171200000
b11011 D
0N
b100000000000000000000000 M
0F
b110 *
02
1%
0$
#171220000
0%
#171240000
1F
1E
1N
1"
19
03
b11100 1
b100 *
02
1%
1$
#171260000
1!
0%
#171280000
b11100 D
0N
b1000000000000000000000000 M
0F
b1 *
12
1%
0$
#171300000
0%
#171320000
1F
0E
1N
0"
09
13
b11101 1
b10 5
b11 *
12
1%
1$
#171340000
0!
0%
#171360000
b11101 D
0N
b10000000000000000000000000 M
0F
b110 *
02
1%
0$
#171380000
0%
#171400000
1F
1E
1N
1"
19
03
b11110 1
b100 *
02
1%
1$
#171420000
1!
0%
#171440000
b11110 D
0N
b100000000000000000000000000 M
0F
b1 *
12
1%
0$
#171460000
0%
#171480000
1F
0E
1N
0"
09
13
b11111 1
b11 5
b11 *
12
1%
1$
#171500000
0!
0%
#171520000
b11111 D
0N
b1000000000000000000000000000 M
0F
b110 *
02
1%
0$
#171540000
0%
#171560000
1F
1E
1N
1"
19
03
b100000 1
b100 *
02
1%
1$
#171580000
1!
0%
#171600000
1K
b0 D
0N
b0 M
0F
0E
b1 *
12
1%
0$
#171620000
0!
0%
#171640000
1E
b11 L
b100010001000000001 M
1N
0"
09
13
b100001 1
b100 5
b10 *
b0 Y
12
1%
1$
#171660000
1!
0%
#171680000
b1 D
0N
b101 *
02
1%
0$
#171700000
0%
#171720000
0E
1N
1"
19
03
b100010 1
b11 *
b1 Z
02
1%
1$
#171740000
0!
0%
#171760000
b10 D
0N
b110 *
12
1%
0$
#171780000
0%
#171800000
1N
0"
09
13
b100011 1
b101 5
b100 *
b10 Z
12
1%
1$
#171820000
0%
#171840000
b11 D
0N
b0 *
02
1%
0$
#171860000
0%
#171880000
1N
1"
19
03
b100100 1
b11 Z
02
1%
1$
#171900000
0%
#171920000
b100 D
0N
12
1%
0$
#171940000
0%
#171960000
1F
1E
1N
0"
09
13
b100101 1
b110 5
12
1%
1$
#171980000
1!
0%
#172000000
b101 D
0N
b1000100010000000010 M
0F
b1 *
02
1%
0$
#172020000
0%
#172040000
1F
0E
1N
1"
19
03
b100110 1
b11 *
02
1%
1$
#172060000
0!
0%
#172080000
b110 D
0N
b10001000100000000100 M
0F
b110 *
12
1%
0$
#172100000
0%
#172120000
1F
1E
1N
0"
09
13
b100111 1
b111 5
b100 *
12
1%
1$
#172140000
1!
0%
#172160000
b111 D
0N
b100010001000000001000 M
0F
b1 *
02
1%
0$
#172180000
0%
#172200000
1F
0E
1N
1"
19
03
b101000 1
b11 *
02
1%
1$
#172220000
0!
0%
#172240000
b1000 D
0N
b1000100010000000010000 M
0F
b110 *
12
1%
0$
#172260000
0%
#172280000
1F
1E
1N
0"
09
13
b101001 1
b1000 5
b100 *
12
1%
1$
#172300000
1!
0%
#172320000
b1001 D
0N
b10001000100000000100000 M
0F
b1 *
02
1%
0$
#172340000
0%
#172360000
1F
0E
1N
1"
19
03
b101010 1
b11 *
02
1%
1$
#172380000
0!
0%
#172400000
b1010 D
0N
b100010001000000001000000 M
0F
b110 *
12
1%
0$
#172420000
0%
#172440000
1F
1E
1N
0"
09
13
b101011 1
b1001 5
b100 *
12
1%
1$
#172460000
1!
0%
#172480000
b1011 D
0N
b1000100010000000010000000 M
0F
b1 *
02
1%
0$
#172500000
0%
#172520000
1F
0E
1N
1"
19
03
b101100 1
b11 *
02
1%
1$
#172540000
0!
0%
#172560000
b1100 D
0N
b10001000100000000100000000 M
0F
b110 *
12
1%
0$
#172580000
0%
#172600000
1F
1E
1N
0"
09
13
b101101 1
b1010 5
b100 *
12
1%
1$
#172620000
1!
0%
#172640000
b1101 D
0N
b100010001000000001000000000 M
0F
b1 *
02
1%
0$
#172660000
0%
#172680000
1F
0E
1N
1"
19
03
b101110 1
b11 *
02
1%
1$
#172700000
0!
0%
#172720000
b1110 D
0N
b1000100010000000010000000000 M
0F
b110 *
12
1%
0$
#172740000
0%
#172760000
1F
1E
1N
0"
09
13
b101111 1
b1011 5
b100 *
12
1%
1$
#172780000
1!
0%
#172800000
b1111 D
0N
b1000100000000100000000000 M
0F
0E
b1 *
02
1%
0$
#172820000
0!
0%
#172840000
1F
1E
1N
1"
19
03
b110000 1
b10 *
02
1%
1$
#172860000
1!
0%
#172880000
b10000 D
0N
b10001000000001000000000000 M
0F
b101 *
12
1%
0$
#172900000
0%
#172920000
1F
0E
1N
0"
09
13
b110001 1
b1100 5
b11 *
12
1%
1$
#172940000
0!
0%
#172960000
b10001 D
0N
b100010000000010000000000000 M
0F
b110 *
02
1%
0$
#172980000
0%
#173000000
1F
1E
1N
1"
19
03
b110010 1
b100 *
02
1%
1$
#173020000
1!
0%
#173040000
b10010 D
0N
b1000100000000100000000000000 M
0F
b1 *
12
1%
0$
#173060000
0%
#173080000
1F
0E
1N
0"
09
13
b110011 1
b1101 5
b11 *
12
1%
1$
#173100000
0!
0%
#173120000
b10011 D
0N
b1000000001000000000000000 M
0F
1E
b110 *
02
1%
0$
#173140000
1!
0%
#173160000
1F
0E
1N
1"
19
03
b110100 1
b101 *
02
1%
1$
#173180000
0!
0%
#173200000
b10100 D
0N
b10000000010000000000000000 M
0F
b10 *
12
1%
0$
#173220000
0%
#173240000
1F
1E
1N
0"
09
13
b110101 1
b1110 5
b100 *
12
1%
1$
#173260000
1!
0%
#173280000
b10101 D
0N
b100000000100000000000000000 M
0F
b1 *
02
1%
0$
#173300000
0%
#173320000
1F
0E
1N
1"
19
03
b110110 1
b11 *
02
1%
1$
#173340000
0!
0%
#173360000
b10110 D
0N
b1000000001000000000000000000 M
0F
b110 *
12
1%
0$
#173380000
0%
#173400000
1F
1E
1N
0"
09
13
b110111 1
b1111 5
b100 *
12
1%
1$
#173420000
1!
0%
#173440000
b10111 D
0N
b10000000000000000000 M
0F
0E
b1 *
02
1%
0$
#173460000
0!
0%
#173480000
1F
1E
1N
1"
19
03
b111000 1
b10 *
02
1%
1$
#173500000
1!
0%
#173520000
b11000 D
0N
b100000000000000000000 M
0F
b101 *
12
1%
0$
#173540000
0%
#173560000
1F
0E
1N
0"
09
13
b111001 1
b11 *
02
1%
1$
#173580000
0!
0%
#173600000
b11001 D
0N
b1000000000000000000000 M
0F
b110 *
1%
0$
#173620000
0%
#173640000
12
1F
1E
1N
03
b111010 1
b100 *
1%
1$
#173660000
1!
0%
#173680000
b11010 D
0N
b10000000000000000000000 M
0F
b1 *
02
1%
0$
#173700000
0%
#173720000
1F
0E
1N
1"
19
13
b111011 1
b11 *
12
1%
1$
#173740000
0!
0%
#173760000
b11011 D
0N
b100000000000000000000000 M
0F
b110 *
1%
0$
#173780000
0%
#173800000
02
1F
1E
1N
03
b111100 1
b100 *
1%
1$
#173820000
1!
0%
#173840000
b11100 D
0N
b1000000000000000000000000 M
0F
b1 *
12
1%
0$
#173860000
0%
#173880000
1F
0E
1N
0"
09
13
b111101 1
b11 *
02
1%
1$
#173900000
0!
0%
#173920000
b11101 D
0N
b10000000000000000000000000 M
0F
b110 *
1%
0$
#173940000
0%
#173960000
12
1F
1E
1N
03
b111110 1
b100 *
1%
1$
#173980000
1!
0%
#174000000
b11110 D
0N
b100000000000000000000000000 M
0F
b1 *
02
1%
0$
#174020000
0%
#174040000
1F
0E
1N
1"
19
13
b111111 1
b11 *
02
1%
1$
#174060000
0!
0%
#174080000
b11111 D
0N
b1000000000000000000000000000 M
0F
b110 *
12
1%
0$
#174100000
0%
#174120000
1F
1E
1N
0"
09
03
14
b0 1
b100 *
12
1%
1$
#174140000
1!
0%
#174160000
b100010 J
0K
b0 D
b100111 7
b100011 :
1#
b10001000100000 8
b1000100010000000000000000 ,
b1000100010000 0
b1000111 6
04
0N
b0 M
0F
0E
b1 *
02
1%
0$
#174180000
0!
0%
#174200000
b1000100010000100000 P
b100010001000010000 O
b11011 W
0S
b1000100010000100000 T
b100010001000010 Q
b10001000100001 ;
b100010001000010 <
1E
b10 L
b10001000100000001 M
1N
1"
19
13
b1 1
b0 5
0#
b1000100010000100010001000100001 )
b1000100010000100010001000100001 +
b100110011001100100 '
b10011001100110010 &
b10 *
b0 Z
12
1%
1$
#174220000
1!
0%
#174240000
b1 D
0N
b100010001000010000 M
b101 *
1%
0$
#174260000
0%
#174280000
1N
03
b10 1
b11 *
b1 Y
1%
1$
#174300000
0%
#174320000
b10 D
0N
b111 *
1%
0$
#174340000
0%
#174360000
02
0E
1N
13
b11 1
b10 Y
1%
1$
#174380000
0!
0%
#174400000
b11 D
0N
b110 *
12
1%
0$
#174420000
0%
#174440000
1N
0"
09
03
b100 1
b100 *
b11 Y
02
1%
1$
#174460000
0%
#174480000
b100 D
0N
b0 *
1%
0$
#174500000
0%
#174520000
1F
1E
1N
13
b101 1
1%
1$
#174540000
1!
0%
#174560000
b101 D
0N
b1000100010000100000 M
0F
b1 *
1%
0$
#174580000
0%
#174600000
12
1F
0E
1N
03
b110 1
b11 *
1%
1$
#174620000
0!
0%
#174640000
b110 D
0N
b10001000100001000000 M
0F
b110 *
02
1%
0$
#174660000
0%
#174680000
1F
1E
1N
1"
19
13
b111 1
b100 *
02
1%
1$
#174700000
1!
0%
#174720000
b111 D
0N
b100010001000010000000 M
0F
b1 *
12
1%
0$
#174740000
0%
#174760000
1F
0E
1N
0"
09
03
b1000 1
b11 *
12
1%
1$
#174780000
0!
0%
#174800000
b1000 D
0N
b1000100010000100000000 M
0F
b110 *
02
1%
0$
#174820000
0%
#174840000
1F
1E
1N
1"
19
13
b1001 1
b100 *
12
1%
1$
#174860000
1!
0%
#174880000
b1001 D
0N
b10001000100001000000000 M
0F
b1 *
1%
0$
#174900000
0%
#174920000
02
1F
0E
1N
03
b1010 1
b11 *
1%
1$
#174940000
0!
0%
#174960000
b1010 D
0N
b100010001000010000000000 M
0F
b110 *
12
1%
0$
#174980000
0%
#175000000
1F
1E
1N
0"
09
13
b1011 1
b100 *
02
1%
1$
#175020000
1!
0%
#175040000
b1011 D
0N
b1000100010000100000000000 M
0F
b1 *
1%
0$
#175060000
0%
#175080000
12
1F
0E
1N
03
b1100 1
b11 *
1%
1$
#175100000
0!
0%
#175120000
b1100 D
0N
b10001000100001000000000000 M
0F
b110 *
02
1%
0$
#175140000
0%
#175160000
1F
1E
1N
1"
19
13
b1101 1
b100 *
12
1%
1$
#175180000
1!
0%
#175200000
b1101 D
0N
b100010001000010000000000000 M
0F
b1 *
1%
0$
#175220000
0%
#175240000
02
1F
0E
1N
03
b1110 1
b11 *
1%
1$
#175260000
0!
0%
#175280000
b1110 D
0N
b1000100010000100000000000000 M
0F
b110 *
12
1%
0$
#175300000
0%
#175320000
1F
1E
1N
0"
09
13
b1111 1
b100 *
02
1%
1$
#175340000
1!
0%
#175360000
b1111 D
0N
b1000100001000000000000000 M
0F
0E
b1 *
1%
0$
#175380000
0!
0%
#175400000
12
1F
1E
1N
03
b10000 1
b10 *
1%
1$
#175420000
1!
0%
#175440000
b10000 D
0N
b10001000010000000000000000 M
0F
b101 *
02
1%
0$
#175460000
0%
#175480000
1F
0E
1N
1"
19
13
b10001 1
b11 *
12
1%
1$
#175500000
0!
0%
#175520000
b10001 D
0N
b100010000100000000000000000 M
0F
b110 *
1%
0$
#175540000
0%
#175560000
02
1F
1E
1N
03
b10010 1
b100 *
1%
1$
#175580000
1!
0%
#175600000
b10010 D
0N
b1000100001000000000000000000 M
0F
b1 *
12
1%
0$
#175620000
0%
#175640000
1F
0E
1N
0"
09
13
b10011 1
b11 *
02
1%
1$
#175660000
0!
0%
#175680000
b10011 D
0N
b1000010000000000000000000 M
0F
1E
b110 *
1%
0$
#175700000
1!
0%
#175720000
12
1F
0E
1N
03
b10100 1
b101 *
1%
1$
#175740000
0!
0%
#175760000
b10100 D
0N
b10000100000000000000000000 M
0F
b10 *
02
1%
0$
#175780000
0%
#175800000
1F
1E
1N
1"
19
13
b10101 1
b100 *
12
1%
1$
#175820000
1!
0%
#175840000
b10101 D
0N
b100001000000000000000000000 M
0F
b1 *
1%
0$
#175860000
0%
#175880000
02
1F
0E
1N
03
b10110 1
b11 *
1%
1$
#175900000
0!
0%
#175920000
b10110 D
0N
b1000010000000000000000000000 M
0F
b110 *
12
1%
0$
#175940000
0%
#175960000
1F
1E
1N
0"
09
13
b10111 1
b100 *
02
1%
1$
#175980000
1!
0%
#176000000
b10111 D
0N
b100000000000000000000000 M
0F
0E
b1 *
1%
0$
#176020000
0!
0%
#176040000
12
1F
1E
1N
03
b11000 1
b10 *
1%
1$
#176060000
1!
0%
#176080000
b11000 D
0N
b1000000000000000000000000 M
0F
b101 *
02
1%
0$
#176100000
0%
#176120000
1F
0E
1N
1"
19
13
b11001 1
b11 *
12
1%
1$
#176140000
0!
0%
#176160000
b11001 D
0N
b10000000000000000000000000 M
0F
b110 *
1%
0$
#176180000
0%
#176200000
02
1F
1E
1N
03
b11010 1
b100 *
1%
1$
#176220000
1!
0%
#176240000
b11010 D
0N
b100000000000000000000000000 M
0F
b1 *
12
1%
0$
#176260000
0%
#176280000
1F
0E
1N
0"
09
13
b11011 1
b11 *
02
1%
1$
#176300000
0!
0%
#176320000
b11011 D
0N
b1000000000000000000000000000 M
0F
b110 *
1%
0$
#176340000
0%
#176360000
12
1F
1E
1N
03
b11100 1
b100 *
1%
1$
#176380000
1!
0%
#176400000
b11100 D
0N
b0 M
0F
0E
b1 *
02
1%
0$
#176420000
0!
0%
#176440000
1F
1E
1N
1"
19
13
b11101 1
b10 *
12
1%
1$
#176460000
1!
0%
#176480000
b11101 D
0N
0F
b101 *
1%
0$
#176500000
0%
#176520000
02
1F
0E
1N
03
b11110 1
b11 *
1%
1$
#176540000
0!
0%
#176560000
b11110 D
0N
0F
b110 *
12
1%
0$
#176580000
0%
#176600000
1F
1E
1N
0"
09
13
b11111 1
b100 *
02
1%
1$
#176620000
1!
0%
#176640000
b11111 D
0N
0F
b1 *
1%
0$
#176660000
0%
#176680000
12
1F
0E
1N
03
b100000 1
b11 *
1%
1$
#176700000
0!
0%
#176720000
1K
b0 D
0N
0F
b110 *
02
1%
0$
#176740000
0%
#176760000
1E
b11 L
b1000100010000100000 M
1N
1"
19
13
b100001 1
b1 5
b100 *
b0 Y
02
1%
1$
#176780000
1!
0%
#176800000
b1 D
0N
b1 *
12
1%
0$
#176820000
0%
#176840000
0E
1N
0"
09
03
b100010 1
b11 *
b1 Z
12
1%
1$
#176860000
0!
0%
#176880000
b10 D
0N
b110 *
02
1%
0$
#176900000
0%
#176920000
1N
1"
19
13
b100011 1
b100 *
b10 Z
12
1%
1$
#176940000
0%
#176960000
b11 D
0N
b0 *
1%
0$
#176980000
0%
#177000000
02
1N
03
b100100 1
b11 Z
1%
1$
#177020000
0%
#177040000
b100 D
0N
12
1%
0$
#177060000
0%
#177080000
1F
1E
1N
0"
09
13
b100101 1
02
1%
1$
#177100000
1!
0%
#177120000
b101 D
0N
b10001000100001000000 M
0F
b1 *
1%
0$
#177140000
0%
#177160000
12
1F
0E
1N
03
b100110 1
b11 *
1%
1$
#177180000
0!
0%
#177200000
b110 D
0N
b100010001000010000000 M
0F
b110 *
02
1%
0$
#177220000
0%
#177240000
1F
1E
1N
1"
19
13
b100111 1
b100 *
12
1%
1$
#177260000
1!
0%
#177280000
b111 D
0N
b1000100010000100000000 M
0F
b1 *
1%
0$
#177300000
0%
#177320000
02
1F
0E
1N
03
b101000 1
b11 *
1%
1$
#177340000
0!
0%
#177360000
b1000 D
0N
b10001000100001000000000 M
0F
b110 *
12
1%
0$
#177380000
0%
#177400000
1F
1E
1N
0"
09
13
b101001 1
b10 5
b100 *
12
1%
1$
#177420000
1!
0%
#177440000
b1001 D
0N
b100010001000010000000000 M
0F
b1 *
02
1%
0$
#177460000
0%
#177480000
1F
0E
1N
1"
19
03
b101010 1
b11 *
02
1%
1$
#177500000
0!
0%
#177520000
b1010 D
0N
b1000100010000100000000000 M
0F
b110 *
12
1%
0$
#177540000
0%
#177560000
1F
1E
1N
0"
09
13
b101011 1
b100 *
02
1%
1$
#177580000
1!
0%
#177600000
b1011 D
0N
b10001000100001000000000000 M
0F
b1 *
1%
0$
#177620000
0%
#177640000
12
1F
0E
1N
03
b101100 1
b11 *
1%
1$
#177660000
0!
0%
#177680000
b1100 D
0N
b100010001000010000000000000 M
0F
b110 *
02
1%
0$
#177700000
0%
#177720000
1F
1E
1N
1"
19
13
b101101 1
b100 *
12
1%
1$
#177740000
1!
0%
#177760000
b1101 D
0N
b1000100010000100000000000000 M
0F
b1 *
1%
0$
#177780000
0%
#177800000
02
1F
0E
1N
03
b101110 1
b11 *
1%
1$
#177820000
0!
0%
#177840000
b1110 D
0N
b1000100001000000000000000 M
0F
1E
b110 *
12
1%
0$
#177860000
1!
0%
#177880000
1F
0E
1N
0"
09
13
b101111 1
b101 *
02
1%
1$
#177900000
0!
0%
#177920000
b1111 D
0N
b10001000010000000000000000 M
0F
b10 *
1%
0$
#177940000
0%
#177960000
12
1F
1E
1N
03
b110000 1
b100 *
1%
1$
#177980000
1!
0%
#178000000
b10000 D
0N
b100010000100000000000000000 M
0F
b1 *
02
1%
0$
#178020000
0%
#178040000
1F
0E
1N
1"
19
13
b110001 1
b11 5
b11 *
02
1%
1$
#178060000
0!
0%
#178080000
b10001 D
0N
b1000100001000000000000000000 M
0F
b110 *
12
1%
0$
#178100000
0%
#178120000
1F
1E
1N
0"
09
03
b110010 1
b100 *
12
1%
1$
#178140000
1!
0%
#178160000
b10010 D
0N
b1000010000000000000000000 M
0F
0E
b1 *
02
1%
0$
#178180000
0!
0%
#178200000
1F
1E
1N
1"
19
13
b110011 1
b10 *
12
1%
1$
#178220000
1!
0%
#178240000
b10011 D
0N
b10000100000000000000000000 M
0F
b101 *
1%
0$
#178260000
0%
#178280000
02
1F
0E
1N
03
b110100 1
b11 *
1%
1$
#178300000
0!
0%
#178320000
b10100 D
0N
b100001000000000000000000000 M
0F
b110 *
12
1%
0$
#178340000
0%
#178360000
1F
1E
1N
0"
09
13
b110101 1
b100 *
02
1%
1$
#178380000
1!
0%
#178400000
b10101 D
0N
b1000010000000000000000000000 M
0F
b1 *
1%
0$
#178420000
0%
#178440000
12
1F
0E
1N
03
b110110 1
b11 *
1%
1$
#178460000
0!
0%
#178480000
b10110 D
0N
b100000000000000000000000 M
0F
1E
b110 *
02
1%
0$
#178500000
1!
0%
#178520000
1F
0E
1N
1"
19
13
b110111 1
b101 *
12
1%
1$
#178540000
0!
0%
#178560000
b10111 D
0N
b1000000000000000000000000 M
0F
b10 *
1%
0$
#178580000
0%
#178600000
02
1F
1E
1N
03
b111000 1
b100 *
1%
1$
#178620000
1!
0%
#178640000
b11000 D
0N
b10000000000000000000000000 M
0F
b1 *
12
1%
0$
#178660000
0%
#178680000
1F
0E
1N
0"
09
13
b111001 1
b11 *
02
1%
1$
#178700000
0!
0%
#178720000
b11001 D
0N
b100000000000000000000000000 M
0F
b110 *
1%
0$
#178740000
0%
#178760000
12
1F
1E
1N
03
b111010 1
b100 *
1%
1$
#178780000
1!
0%
#178800000
b11010 D
0N
b1000000000000000000000000000 M
0F
b1 *
02
1%
0$
#178820000
0%
#178840000
1F
0E
1N
1"
19
13
b111011 1
b11 *
12
1%
1$
#178860000
0!
0%
#178880000
b11011 D
0N
b0 M
0F
1E
b110 *
1%
0$
#178900000
1!
0%
#178920000
02
1F
0E
1N
03
b111100 1
b101 *
1%
1$
#178940000
0!
0%
#178960000
b11100 D
0N
0F
b10 *
12
1%
0$
#178980000
0%
#179000000
1F
1E
1N
0"
09
13
b111101 1
b100 *
02
1%
1$
#179020000
1!
0%
#179040000
b11101 D
0N
0F
b1 *
1%
0$
#179060000
0%
#179080000
12
1F
0E
1N
03
b111110 1
b11 *
1%
1$
#179100000
0!
0%
#179120000
b11110 D
0N
0F
b110 *
02
1%
0$
#179140000
0%
#179160000
1F
1E
1N
1"
19
13
b111111 1
b100 *
02
1%
1$
#179180000
1!
0%
#179200000
b11111 D
0N
0F
b1 *
12
1%
0$
#179220000
0%
#179240000
1F
0E
1N
0"
09
03
14
b0 1
b11 *
12
1%
1$
#179260000
0!
0%
#179280000
b100011 J
0K
b0 D
b1000111 7
b100100 :
b10001000100000000000000000 ,
b10001000100000 0
b100111 6
04
0N
0F
b110 *
02
1%
0$
#179300000
0%
#179320000
1E
b10 L
b100010001000010000 M
1N
1"
19
13
b1 1
b0 5
b100 *
b0 Z
12
1%
1$
#179340000
1!
0%
#179360000
b1 D
0N
b1 *
1%
0$
#179380000
0%
#179400000
1N
03
b10 1
b11 *
b1 Y
1%
1$
#179420000
0%
#179440000
b10 D
0N
b111 *
1%
0$
#179460000
0%
#179480000
02
0E
1N
13
b11 1
b10 Y
1%
1$
#179500000
0!
0%
#179520000
b11 D
0N
b110 *
12
1%
0$
#179540000
0%
#179560000
1N
0"
09
03
b100 1
b100 *
b11 Y
02
1%
1$
#179580000
0%
#179600000
b100 D
0N
b0 *
1%
0$
#179620000
0%
#179640000
12
1F
1E
1N
13
b101 1
1%
1$
#179660000
1!
0%
#179680000
b101 D
0N
b1000100010000100000 M
0F
b1 *
02
1%
0$
#179700000
0%
#179720000
1F
0E
1N
1"
19
03
b110 1
b11 *
02
1%
1$
#179740000
0!
0%
#179760000
b110 D
0N
b10001000100001000000 M
0F
b110 *
12
1%
0$
#179780000
0%
#179800000
1F
1E
1N
0"
09
13
b111 1
b100 *
02
1%
1$
#179820000
1!
0%
#179840000
b111 D
0N
b100010001000010000000 M
0F
b1 *
1%
0$
#179860000
0%
#179880000
12
1F
0E
1N
03
b1000 1
b11 *
1%
1$
#179900000
0!
0%
#179920000
b1000 D
0N
b1000100010000100000000 M
0F
b110 *
02
1%
0$
#179940000
0%
#179960000
1F
1E
1N
1"
19
13
b1001 1
b100 *
12
1%
1$
#179980000
1!
0%
#180000000
b1001 D
0N
b10001000100001000000000 M
0F
b1 *
1%
0$
#180020000
0%
#180040000
02
1F
0E
1N
03
b1010 1
b11 *
1%
1$
#180060000
0!
0%
#180080000
b1010 D
0N
b100010001000010000000000 M
0F
b110 *
12
1%
0$
#180100000
0%
#180120000
1F
1E
1N
0"
09
13
b1011 1
b100 *
02
1%
1$
#180140000
1!
0%
#180160000
b1011 D
0N
b1000100010000100000000000 M
0F
b1 *
1%
0$
#180180000
0%
#180200000
12
1F
0E
1N
03
b1100 1
b11 *
1%
1$
#180220000
0!
0%
#180240000
b1100 D
0N
b10001000100001000000000000 M
0F
b110 *
02
1%
0$
#180260000
0%
#180280000
1F
1E
1N
1"
19
13
b1101 1
b100 *
12
1%
1$
#180300000
1!
0%
#180320000
b1101 D
0N
b100010001000010000000000000 M
0F
b1 *
1%
0$
#180340000
0%
#180360000
02
1F
0E
1N
03
b1110 1
b11 *
1%
1$
#180380000
0!
0%
#180400000
b1110 D
0N
b1000100010000100000000000000 M
0F
b110 *
12
1%
0$
#180420000
0%
#180440000
1F
1E
1N
0"
09
13
b1111 1
b100 *
02
1%
1$
#180460000
1!
0%
#180480000
b1111 D
0N
b1000100001000000000000000 M
0F
0E
b1 *
1%
0$
#180500000
0!
0%
#180520000
12
1F
1E
1N
03
b10000 1
b10 *
1%
1$
#180540000
1!
0%
#180560000
b10000 D
0N
b10001000010000000000000000 M
0F
b101 *
02
1%
0$
#180580000
0%
#180600000
1F
0E
1N
1"
19
13
b10001 1
b11 *
12
1%
1$
#180620000
0!
0%
#180640000
b10001 D
0N
b100010000100000000000000000 M
0F
b110 *
1%
0$
#180660000
0%
#180680000
02
1F
1E
1N
03
b10010 1
b100 *
1%
1$
#180700000
1!
0%
#180720000
b10010 D
0N
b1000100001000000000000000000 M
0F
b1 *
12
1%
0$
#180740000
0%
#180760000
1F
0E
1N
0"
09
13
b10011 1
b11 *
02
1%
1$
#180780000
0!
0%
#180800000
b10011 D
0N
b1000010000000000000000000 M
0F
1E
b110 *
1%
0$
#180820000
1!
0%
#180840000
12
1F
0E
1N
03
b10100 1
b101 *
1%
1$
#180860000
0!
0%
#180880000
b10100 D
0N
b10000100000000000000000000 M
0F
b10 *
02
1%
0$
#180900000
0%
#180920000
1F
1E
1N
1"
19
13
b10101 1
b100 *
12
1%
1$
#180940000
1!
0%
#180960000
b10101 D
0N
b100001000000000000000000000 M
0F
b1 *
1%
0$
#180980000
0%
#181000000
02
1F
0E
1N
03
b10110 1
b11 *
1%
1$
#181020000
0!
0%
#181040000
b10110 D
0N
b1000010000000000000000000000 M
0F
b110 *
12
1%
0$
#181060000
0%
#181080000
1F
1E
1N
0"
09
13
b10111 1
b100 *
02
1%
1$
#181100000
1!
0%
#181120000
b10111 D
0N
b100000000000000000000000 M
0F
0E
b1 *
1%
0$
#181140000
0!
0%
#181160000
12
1F
1E
1N
03
b11000 1
b10 *
1%
1$
#181180000
1!
0%
#181200000
b11000 D
0N
b1000000000000000000000000 M
0F
b101 *
02
1%
0$
#181220000
0%
#181240000
1F
0E
1N
1"
19
13
b11001 1
b11 *
12
1%
1$
#181260000
0!
0%
#181280000
b11001 D
0N
b10000000000000000000000000 M
0F
b110 *
1%
0$
#181300000
0%
#181320000
02
1F
1E
1N
03
b11010 1
b100 *
1%
1$
#181340000
1!
0%
#181360000
b11010 D
0N
b100000000000000000000000000 M
0F
b1 *
12
1%
0$
#181380000
0%
#181400000
1F
0E
1N
0"
09
13
b11011 1
b11 *
02
1%
1$
#181420000
0!
0%
#181440000
b11011 D
0N
b1000000000000000000000000000 M
0F
b110 *
1%
0$
#181460000
0%
#181480000
12
1F
1E
1N
03
b11100 1
b100 *
1%
1$
#181500000
1!
0%
#181520000
b11100 D
0N
b0 M
0F
0E
b1 *
02
1%
0$
#181540000
0!
0%
#181560000
1F
1E
1N
1"
19
13
b11101 1
b10 *
12
1%
1$
#181580000
1!
0%
#181600000
b11101 D
0N
0F
b101 *
1%
0$
#181620000
0%
#181640000
02
1F
0E
1N
03
b11110 1
b11 *
1%
1$
#181660000
0!
0%
#181680000
b11110 D
0N
0F
b110 *
12
1%
0$
#181700000
0%
#181720000
1F
1E
1N
0"
09
13
b11111 1
b100 *
02
1%
1$
#181740000
1!
0%
#181760000
b11111 D
0N
0F
b1 *
1%
0$
#181780000
0%
#181800000
12
1F
0E
1N
03
b100000 1
b11 *
1%
1$
#181820000
0!
0%
#181840000
1K
b0 D
0N
0F
b110 *
02
1%
0$
#181860000
0%
#181880000
1E
b11 L
b1000100010000100000 M
1N
1"
19
13
b100001 1
b100 *
b0 Y
12
1%
1$
#181900000
1!
0%
#181920000
b1 D
0N
b1 *
1%
0$
#181940000
0%
#181960000
02
0E
1N
03
b100010 1
b11 *
b1 Z
1%
1$
#181980000
0!
0%
#182000000
b10 D
0N
b110 *
12
1%
0$
#182020000
0%
#182040000
1N
0"
09
13
b100011 1
b1 5
b100 *
b10 Z
12
1%
1$
#182060000
0%
#182080000
b11 D
0N
b0 *
02
1%
0$
#182100000
0%
#182120000
1N
1"
19
03
b100100 1
b11 Z
02
1%
1$
#182140000
0%
#182160000
b100 D
0N
12
1%
0$
#182180000
0%
#182200000
1F
1E
1N
0"
09
13
b100101 1
02
1%
1$
#182220000
1!
0%
#182240000
b101 D
0N
b10001000100001000000 M
0F
b1 *
1%
0$
#182260000
0%
#182280000
12
1F
0E
1N
03
b100110 1
b11 *
1%
1$
#182300000
0!
0%
#182320000
b110 D
0N
b100010001000010000000 M
0F
b110 *
02
1%
0$
#182340000
0%
#182360000
1F
1E
1N
1"
19
13
b100111 1
b100 *
12
1%
1$
#182380000
1!
0%
#182400000
b111 D
0N
b1000100010000100000000 M
0F
b1 *
1%
0$
#182420000
0%
#182440000
02
1F
0E
1N
03
b101000 1
b11 *
1%
1$
#182460000
0!
0%
#182480000
b1000 D
0N
b10001000100001000000000 M
0F
b110 *
12
1%
0$
#182500000
0%
#182520000
1F
1E
1N
0"
09
13
b101001 1
b100 *
02
1%
1$
#182540000
1!
0%
#182560000
b1001 D
0N
b100010001000010000000000 M
0F
b1 *
1%
0$
#182580000
0%
#182600000
12
1F
0E
1N
03
b101010 1
b11 *
1%
1$
#182620000
0!
0%
#182640000
b1010 D
0N
b1000100010000100000000000 M
0F
b110 *
02
1%
0$
#182660000
0%
#182680000
1F
1E
1N
1"
19
13
b101011 1
b10 5
b100 *
02
1%
1$
#182700000
1!
0%
#182720000
b1011 D
0N
b10001000100001000000000000 M
0F
b1 *
12
1%
0$
#182740000
0%
#182760000
1F
0E
1N
0"
09
03
b101100 1
b11 *
12
1%
1$
#182780000
0!
0%
#182800000
b1100 D
0N
b100010001000010000000000000 M
0F
b110 *
02
1%
0$
#182820000
0%
#182840000
1F
1E
1N
1"
19
13
b101101 1
b100 *
12
1%
1$
#182860000
1!
0%
#182880000
b1101 D
0N
b1000100010000100000000000000 M
0F
b1 *
1%
0$
#182900000
0%
#182920000
02
1F
0E
1N
03
b101110 1
b11 *
1%
1$
#182940000
0!
0%
#182960000
b1110 D
0N
b1000100001000000000000000 M
0F
1E
b110 *
12
1%
0$
#182980000
1!
0%
#183000000
1F
0E
1N
0"
09
13
b101111 1
b101 *
02
1%
1$
#183020000
0!
0%
#183040000
b1111 D
0N
b10001000010000000000000000 M
0F
b10 *
1%
0$
#183060000
0%
#183080000
12
1F
1E
1N
03
b110000 1
b100 *
1%
1$
#183100000
1!
0%
#183120000
b10000 D
0N
b100010000100000000000000000 M
0F
b1 *
02
1%
0$
#183140000
0%
#183160000
1F
0E
1N
1"
19
13
b110001 1
b11 *
12
1%
1$
#183180000
0!
0%
#183200000
b10001 D
0N
b1000100001000000000000000000 M
0F
b110 *
1%
0$
#183220000
0%
#183240000
02
1F
1E
1N
03
b110010 1
b100 *
1%
1$
#183260000
1!
0%
#183280000
b10010 D
0N
b1000010000000000000000000 M
0F
0E
b1 *
12
1%
0$
#183300000
0!
0%
#183320000
1F
1E
1N
0"
09
13
b110011 1
b11 5
b10 *
12
1%
1$
#183340000
1!
0%
#183360000
b10011 D
0N
b10000100000000000000000000 M
0F
b101 *
02
1%
0$
#183380000
0%
#183400000
1F
0E
1N
1"
19
03
b110100 1
b11 *
02
1%
1$
#183420000
0!
0%
#183440000
b10100 D
0N
b100001000000000000000000000 M
0F
b110 *
12
1%
0$
#183460000
0%
#183480000
1F
1E
1N
0"
09
13
b110101 1
b100 *
02
1%
1$
#183500000
1!
0%
#183520000
b10101 D
0N
b1000010000000000000000000000 M
0F
b1 *
1%
0$
#183540000
0%
#183560000
12
1F
0E
1N
03
b110110 1
b11 *
1%
1$
#183580000
0!
0%
#183600000
b10110 D
0N
b100000000000000000000000 M
0F
1E
b110 *
02
1%
0$
#183620000
1!
0%
#183640000
1F
0E
1N
1"
19
13
b110111 1
b101 *
12
1%
1$
#183660000
0!
0%
#183680000
b10111 D
0N
b1000000000000000000000000 M
0F
b10 *
1%
0$
#183700000
0%
#183720000
02
1F
1E
1N
03
b111000 1
b100 *
1%
1$
#183740000
1!
0%
#183760000
b11000 D
0N
b10000000000000000000000000 M
0F
b1 *
12
1%
0$
#183780000
0%
#183800000
1F
0E
1N
0"
09
13
b111001 1
b11 *
02
1%
1$
#183820000
0!
0%
#183840000
b11001 D
0N
b100000000000000000000000000 M
0F
b110 *
1%
0$
#183860000
0%
#183880000
12
1F
1E
1N
03
b111010 1
b100 *
1%
1$
#183900000
1!
0%
#183920000
b11010 D
0N
b1000000000000000000000000000 M
0F
b1 *
02
1%
0$
#183940000
0%
#183960000
1F
0E
1N
1"
19
13
b111011 1
b11 *
12
1%
1$
#183980000
0!
0%
#184000000
b11011 D
0N
b0 M
0F
1E
b110 *
1%
0$
#184020000
1!
0%
#184040000
02
1F
0E
1N
03
b111100 1
b101 *
1%
1$
#184060000
0!
0%
#184080000
b11100 D
0N
0F
b10 *
12
1%
0$
#184100000
0%
#184120000
1F
1E
1N
0"
09
13
b111101 1
b100 *
02
1%
1$
#184140000
1!
0%
#184160000
b11101 D
0N
0F
b1 *
1%
0$
#184180000
0%
#184200000
12
1F
0E
1N
03
b111110 1
b11 *
1%
1$
#184220000
0!
0%
#184240000
b11110 D
0N
0F
b110 *
02
1%
0$
#184260000
0%
#184280000
1F
1E
1N
1"
19
13
b111111 1
b100 *
02
1%
1$
#184300000
1!
0%
#184320000
b11111 D
0N
0F
b1 *
12
1%
0$
#184340000
0%
#184360000
1F
0E
1N
0"
09
03
14
b0 1
b11 *
12
1%
1$
#184380000
0!
0%
#184400000
b100100 J
0K
b0 D
b100111 7
b100101 :
1#
b100010001000010 8
b10001000100001000000000000 ,
b10001000100001 0
b1000111 6
04
0N
0F
b110 *
02
1%
0$
#184420000
0%
#184440000
b1100110011001000001 P
b110011001100100001 O
1S
b11011 W
b1100110011001000001 T
b110011001100100 Q
b11001100110010 ;
b110011001100100 <
1E
b10 L
b100010001000010000 M
1N
1"
19
13
b1 1
b0 5
0#
b1100110011001000011001100110010 )
b1100110011001000011001100110010 +
b101000100010000110 '
b10100010001000011 &
b100 *
b0 Z
12
1%
1$
#184460000
1!
0%
#184480000
b1 D
0N
b110011001100100001 M
b1 *
1%
0$
#184500000
0%
#184520000
1N
03
b10 1
b11 *
b1 Y
1%
1$
#184540000
0%
#184560000
b10 D
0N
b111 *
1%
0$
#184580000
0%
#184600000
02
0E
1N
13
b11 1
b10 Y
1%
1$
#184620000
0!
0%
#184640000
b11 D
0N
b110 *
12
1%
0$
#184660000
0%
#184680000
1N
0"
09
03
b100 1
b100 *
b11 Y
02
1%
1$
#184700000
0%
#184720000
b100 D
0N
b0 *
1%
0$
#184740000
0%
#184760000
1F
1E
1N
13
b101 1
1%
1$
#184780000
1!
0%
#184800000
b101 D
0N
b1100110011001000010 M
0F
b1 *
1%
0$
#184820000
0%
#184840000
12
1F
0E
1N
03
b110 1
b11 *
1%
1$
#184860000
0!
0%
#184880000
b110 D
0N
b11001100110010000100 M
0F
b110 *
02
1%
0$
#184900000
0%
#184920000
1F
1E
1N
1"
19
13
b111 1
b100 *
02
1%
1$
#184940000
1!
0%
#184960000
b111 D
0N
b110011001100100001000 M
0F
b1 *
12
1%
0$
#184980000
0%
#185000000
1F
0E
1N
0"
09
03
b1000 1
b11 *
12
1%
1$
#185020000
0!
0%
#185040000
b1000 D
0N
b1100110011001000010000 M
0F
b110 *
02
1%
0$
#185060000
0%
#185080000
1F
1E
1N
1"
19
13
b1001 1
b100 *
12
1%
1$
#185100000
1!
0%
#185120000
b1001 D
0N
b11001100110010000100000 M
0F
b1 *
1%
0$
#185140000
0%
#185160000
02
1F
0E
1N
03
b1010 1
b11 *
1%
1$
#185180000
0!
0%
#185200000
b1010 D
0N
b110011001100100001000000 M
0F
b110 *
12
1%
0$
#185220000
0%
#185240000
1F
1E
1N
0"
09
13
b1011 1
b100 *
02
1%
1$
#185260000
1!
0%
#185280000
b1011 D
0N
b1100110011001000010000000 M
0F
b1 *
1%
0$
#185300000
0%
#185320000
12
1F
0E
1N
03
b1100 1
b11 *
1%
1$
#185340000
0!
0%
#185360000
b1100 D
0N
b11001100110010000100000000 M
0F
b110 *
02
1%
0$
#185380000
0%
#185400000
1F
1E
1N
1"
19
13
b1101 1
b100 *
12
1%
1$
#185420000
1!
0%
#185440000
b1101 D
0N
b110011001100100001000000000 M
0F
b1 *
1%
0$
#185460000
0%
#185480000
02
1F
0E
1N
03
b1110 1
b11 *
1%
1$
#185500000
0!
0%
#185520000
b1110 D
0N
b1100110011001000010000000000 M
0F
b110 *
12
1%
0$
#185540000
0%
#185560000
1F
1E
1N
0"
09
13
b1111 1
b100 *
02
1%
1$
#185580000
1!
0%
#185600000
b1111 D
0N
b1001100110010000100000000000 M
0F
0E
b1 *
1%
0$
#185620000
0!
0%
#185640000
12
1F
1E
1N
03
b10000 1
b10 *
1%
1$
#185660000
1!
0%
#185680000
b10000 D
0N
b11001100100001000000000000 M
0F
0E
b101 *
02
1%
0$
#185700000
0!
0%
#185720000
1F
1E
1N
1"
19
13
b10001 1
b10 *
12
1%
1$
#185740000
1!
0%
#185760000
b10001 D
0N
b110011001000010000000000000 M
0F
b101 *
1%
0$
#185780000
0%
#185800000
02
1F
0E
1N
03
b10010 1
b11 *
1%
1$
#185820000
0!
0%
#185840000
b10010 D
0N
b1100110010000100000000000000 M
0F
b110 *
12
1%
0$
#185860000
0%
#185880000
1F
1E
1N
0"
09
13
b10011 1
b100 *
02
1%
1$
#185900000
1!
0%
#185920000
b10011 D
0N
b1001100100001000000000000000 M
0F
0E
b1 *
1%
0$
#185940000
0!
0%
#185960000
12
1F
1E
1N
03
b10100 1
b10 *
1%
1$
#185980000
1!
0%
#186000000
b10100 D
0N
b11001000010000000000000000 M
0F
0E
b101 *
02
1%
0$
#186020000
0!
0%
#186040000
1F
1E
1N
1"
19
13
b10101 1
b10 *
12
1%
1$
#186060000
1!
0%
#186080000
b10101 D
0N
b110010000100000000000000000 M
0F
b101 *
1%
0$
#186100000
0%
#186120000
02
1F
0E
1N
03
b10110 1
b11 *
1%
1$
#186140000
0!
0%
#186160000
b10110 D
0N
b1100100001000000000000000000 M
0F
b110 *
12
1%
0$
#186180000
0%
#186200000
1F
1E
1N
0"
09
13
b10111 1
b100 *
02
1%
1$
#186220000
1!
0%
#186240000
b10111 D
0N
b1001000010000000000000000000 M
0F
0E
b1 *
1%
0$
#186260000
0!
0%
#186280000
12
1F
1E
1N
03
b11000 1
b10 *
1%
1$
#186300000
1!
0%
#186320000
b11000 D
0N
b10000100000000000000000000 M
0F
0E
b101 *
02
1%
0$
#186340000
0!
0%
#186360000
1F
1E
1N
1"
19
13
b11001 1
b1 5
b10 *
02
1%
1$
#186380000
1!
0%
#186400000
b11001 D
0N
b100001000000000000000000000 M
0F
b101 *
12
1%
0$
#186420000
0%
#186440000
1F
0E
1N
0"
09
03
b11010 1
b11 *
12
1%
1$
#186460000
0!
0%
#186480000
b11010 D
0N
b1000010000000000000000000000 M
0F
b110 *
02
1%
0$
#186500000
0%
#186520000
1F
1E
1N
1"
19
13
b11011 1
b100 *
12
1%
1$
#186540000
1!
0%
#186560000
b11011 D
0N
b100000000000000000000000 M
0F
0E
b1 *
1%
0$
#186580000
0!
0%
#186600000
02
1F
1E
1N
03
b11100 1
b10 *
1%
1$
#186620000
1!
0%
#186640000
b11100 D
0N
b1000000000000000000000000 M
0F
b101 *
12
1%
0$
#186660000
0%
#186680000
1F
0E
1N
0"
09
13
b11101 1
b11 *
02
1%
1$
#186700000
0!
0%
#186720000
b11101 D
0N
b10000000000000000000000000 M
0F
b110 *
1%
0$
#186740000
0%
#186760000
12
1F
1E
1N
03
b11110 1
b100 *
1%
1$
#186780000
1!
0%
#186800000
b11110 D
0N
b100000000000000000000000000 M
0F
b1 *
02
1%
0$
#186820000
0%
#186840000
1F
0E
1N
1"
19
13
b11111 1
b11 *
12
1%
1$
#186860000
0!
0%
#186880000
b11111 D
0N
b1000000000000000000000000000 M
0F
b110 *
1%
0$
#186900000
0%
#186920000
02
1F
1E
1N
03
b100000 1
b100 *
1%
1$
#186940000
1!
0%
#186960000
1K
b0 D
0N
b0 M
0F
0E
b1 *
12
1%
0$
#186980000
0!
0%
#187000000
1E
b11 L
b1100110011001000001 M
1N
0"
09
13
b100001 1
b10 *
b0 Y
02
1%
1$
#187020000
1!
0%
#187040000
b1 D
0N
b101 *
1%
0$
#187060000
0%
#187080000
12
0E
1N
03
b100010 1
b11 *
b1 Z
1%
1$
#187100000
0!
0%
#187120000
b10 D
0N
b110 *
02
1%
0$
#187140000
0%
#187160000
1N
1"
19
13
b100011 1
b10 5
b100 *
b10 Z
02
1%
1$
#187180000
0%
#187200000
b11 D
0N
b0 *
12
1%
0$
#187220000
0%
#187240000
1N
0"
09
03
b100100 1
b11 Z
12
1%
1$
#187260000
0%
#187280000
b100 D
0N
02
1%
0$
#187300000
0%
#187320000
1F
1E
1N
1"
19
13
b100101 1
12
1%
1$
#187340000
1!
0%
#187360000
b101 D
0N
b11001100110010000010 M
0F
b1 *
1%
0$
#187380000
0%
#187400000
02
1F
0E
1N
03
b100110 1
b11 *
1%
1$
#187420000
0!
0%
#187440000
b110 D
0N
b110011001100100000100 M
0F
b110 *
12
1%
0$
#187460000
0%
#187480000
1F
1E
1N
0"
09
13
b100111 1
b100 *
02
1%
1$
#187500000
1!
0%
#187520000
b111 D
0N
b1100110011001000001000 M
0F
b1 *
1%
0$
#187540000
0%
#187560000
12
1F
0E
1N
03
b101000 1
b11 *
1%
1$
#187580000
0!
0%
#187600000
b1000 D
0N
b11001100110010000010000 M
0F
b110 *
02
1%
0$
#187620000
0%
#187640000
1F
1E
1N
1"
19
13
b101001 1
b100 *
12
1%
1$
#187660000
1!
0%
#187680000
b1001 D
0N
b110011001100100000100000 M
0F
b1 *
1%
0$
#187700000
0%
#187720000
02
1F
0E
1N
03
b101010 1
b11 *
1%
1$
#187740000
0!
0%
#187760000
b1010 D
0N
b1100110011001000001000000 M
0F
b110 *
12
1%
0$
#187780000
0%
#187800000
1F
1E
1N
0"
09
13
b101011 1
b11 5
b100 *
12
1%
1$
#187820000
1!
0%
#187840000
b1011 D
0N
b11001100110010000010000000 M
0F
b1 *
02
1%
0$
#187860000
0%
#187880000
1F
0E
1N
1"
19
03
b101100 1
b11 *
02
1%
1$
#187900000
0!
0%
#187920000
b1100 D
0N
b110011001100100000100000000 M
0F
b110 *
12
1%
0$
#187940000
0%
#187960000
1F
1E
1N
0"
09
13
b101101 1
b100 *
02
1%
1$
#187980000
1!
0%
#188000000
b1101 D
0N
b1100110011001000001000000000 M
0F
b1 *
1%
0$
#188020000
0%
#188040000
12
1F
0E
1N
03
b101110 1
b11 *
1%
1$
#188060000
0!
0%
#188080000
b1110 D
0N
b1001100110010000010000000000 M
0F
1E
b110 *
02
1%
0$
#188100000
1!
0%
#188120000
1F
0E
1N
1"
19
13
b101111 1
b101 *
12
1%
1$
#188140000
0!
0%
#188160000
b1111 D
0N
b11001100100000100000000000 M
0F
1E
b10 *
1%
0$
#188180000
1!
0%
#188200000
02
1F
0E
1N
03
b110000 1
b101 *
1%
1$
#188220000
0!
0%
#188240000
b10000 D
0N
b110011001000001000000000000 M
0F
b10 *
12
1%
0$
#188260000
0%
#188280000
1F
1E
1N
0"
09
13
b110001 1
b100 *
02
1%
1$
#188300000
1!
0%
#188320000
b10001 D
0N
b1100110010000010000000000000 M
0F
b1 *
1%
0$
#188340000
0%
#188360000
12
1F
0E
1N
03
b110010 1
b11 *
1%
1$
#188380000
0!
0%
#188400000
b10010 D
0N
b1001100100000100000000000000 M
0F
1E
b110 *
02
1%
0$
#188420000
1!
0%
#188440000
1F
0E
1N
1"
19
13
b110011 1
b100 5
b101 *
02
1%
1$
#188460000
0!
0%
#188480000
b10011 D
0N
b11001000001000000000000000 M
0F
1E
b10 *
12
1%
0$
#188500000
1!
0%
#188520000
1F
0E
1N
0"
09
03
b110100 1
b101 *
12
1%
1$
#188540000
0!
0%
#188560000
b10100 D
0N
b110010000010000000000000000 M
0F
b10 *
02
1%
0$
#188580000
0%
#188600000
1F
1E
1N
1"
19
13
b110101 1
b100 *
12
1%
1$
#188620000
1!
0%
#188640000
b10101 D
0N
b1100100000100000000000000000 M
0F
b1 *
1%
0$
#188660000
0%
#188680000
02
1F
0E
1N
03
b110110 1
b11 *
1%
1$
#188700000
0!
0%
#188720000
b10110 D
0N
b1001000001000000000000000000 M
0F
1E
b110 *
12
1%
0$
#188740000
1!
0%
#188760000
1F
0E
1N
0"
09
13
b110111 1
b101 *
02
1%
1$
#188780000
0!
0%
#188800000
b10111 D
0N
b10000010000000000000000000 M
0F
1E
b10 *
1%
0$
#188820000
1!
0%
#188840000
12
1F
0E
1N
03
b111000 1
b101 *
1%
1$
#188860000
0!
0%
#188880000
b11000 D
0N
b100000100000000000000000000 M
0F
b10 *
02
1%
0$
#188900000
0%
#188920000
1F
1E
1N
1"
19
13
b111001 1
b100 *
12
1%
1$
#188940000
1!
0%
#188960000
b11001 D
0N
b1000001000000000000000000000 M
0F
b1 *
1%
0$
#188980000
0%
#189000000
02
1F
0E
1N
03
b111010 1
b11 *
1%
1$
#189020000
0!
0%
#189040000
b11010 D
0N
b10000000000000000000000 M
0F
1E
b110 *
12
1%
0$
#189060000
1!
0%
#189080000
1F
0E
1N
0"
09
13
b111011 1
b101 *
02
1%
1$
#189100000
0!
0%
#189120000
b11011 D
0N
b100000000000000000000000 M
0F
b10 *
1%
0$
#189140000
0%
#189160000
12
1F
1E
1N
03
b111100 1
b100 *
1%
1$
#189180000
1!
0%
#189200000
b11100 D
0N
b1000000000000000000000000 M
0F
b1 *
02
1%
0$
#189220000
0%
#189240000
1F
0E
1N
1"
19
13
b111101 1
b11 *
12
1%
1$
#189260000
0!
0%
#189280000
b11101 D
0N
b10000000000000000000000000 M
0F
b110 *
1%
0$
#189300000
0%
#189320000
02
1F
1E
1N
03
b111110 1
b100 *
1%
1$
#189340000
1!
0%
#189360000
b11110 D
0N
b100000000000000000000000000 M
0F
b1 *
12
1%
0$
#189380000
0%
#189400000
1F
0E
1N
0"
09
13
b111111 1
b11 *
02
1%
1$
#189420000
0!
0%
#189440000
b11111 D
0N
b1000000000000000000000000000 M
0F
b110 *
1%
0$
#189460000
0%
#189480000
12
1F
1E
1N
03
14
b0 1
b100 *
1%
1$
#189500000
1!
0%
#189520000
b100101 J
0K
b0 D
b1000111 7
b100110 :
b100010001000010000000000000 ,
b100010001000010 0
b100111 6
04
0N
b0 M
0F
0E
b1 *
02
1%
0$
#189540000
0!
0%
#189560000
1E
b10 L
b110011001100100001 M
1N
1"
19
13
b1 1
b0 5
b10 *
b0 Z
12
1%
1$
#189580000
1!
0%
#189600000
b1 D
0N
b101 *
1%
0$
#189620000
0%
#189640000
1N
03
b10 1
b11 *
b1 Y
1%
1$
#189660000
0%
#189680000
b10 D
0N
b111 *
1%
0$
#189700000
0%
#189720000
02
0E
1N
13
b11 1
b10 Y
1%
1$
#189740000
0!
0%
#189760000
b11 D
0N
b110 *
12
1%
0$
#189780000
0%
#189800000
1N
0"
09
03
b100 1
b100 *
b11 Y
02
1%
1$
#189820000
0%
#189840000
b100 D
0N
b0 *
1%
0$
#189860000
0%
#189880000
12
1F
1E
1N
13
b101 1
1%
1$
#189900000
1!
0%
#189920000
b101 D
0N
b1100110011001000010 M
0F
b1 *
02
1%
0$
#189940000
0%
#189960000
1F
0E
1N
1"
19
03
b110 1
b11 *
02
1%
1$
#189980000
0!
0%
#190000000
b110 D
0N
b11001100110010000100 M
0F
b110 *
12
1%
0$
#190020000
0%
#190040000
1F
1E
1N
0"
09
13
b111 1
b100 *
02
1%
1$
#190060000
1!
0%
#190080000
b111 D
0N
b110011001100100001000 M
0F
b1 *
1%
0$
#190100000
0%
#190120000
12
1F
0E
1N
03
b1000 1
b11 *
1%
1$
#190140000
0!
0%
#190160000
b1000 D
0N
b1100110011001000010000 M
0F
b110 *
02
1%
0$
#190180000
0%
#190200000
1F
1E
1N
1"
19
13
b1001 1
b100 *
12
1%
1$
#190220000
1!
0%
#190240000
b1001 D
0N
b11001100110010000100000 M
0F
b1 *
1%
0$
#190260000
0%
#190280000
02
1F
0E
1N
03
b1010 1
b11 *
1%
1$
#190300000
0!
0%
#190320000
b1010 D
0N
b110011001100100001000000 M
0F
b110 *
12
1%
0$
#190340000
0%
#190360000
1F
1E
1N
0"
09
13
b1011 1
b100 *
02
1%
1$
#190380000
1!
0%
#190400000
b1011 D
0N
b1100110011001000010000000 M
0F
b1 *
1%
0$
#190420000
0%
#190440000
12
1F
0E
1N
03
b1100 1
b11 *
1%
1$
#190460000
0!
0%
#190480000
b1100 D
0N
b11001100110010000100000000 M
0F
b110 *
02
1%
0$
#190500000
0%
#190520000
1F
1E
1N
1"
19
13
b1101 1
b100 *
12
1%
1$
#190540000
1!
0%
#190560000
b1101 D
0N
b110011001100100001000000000 M
0F
b1 *
1%
0$
#190580000
0%
#190600000
02
1F
0E
1N
03
b1110 1
b11 *
1%
1$
#190620000
0!
0%
#190640000
b1110 D
0N
b1100110011001000010000000000 M
0F
b110 *
12
1%
0$
#190660000
0%
#190680000
1F
1E
1N
0"
09
13
b1111 1
b100 *
02
1%
1$
#190700000
1!
0%
#190720000
b1111 D
0N
b1001100110010000100000000000 M
0F
0E
b1 *
1%
0$
#190740000
0!
0%
#190760000
12
1F
1E
1N
03
b10000 1
b10 *
1%
1$
#190780000
1!
0%
#190800000
b10000 D
0N
b11001100100001000000000000 M
0F
0E
b101 *
02
1%
0$
#190820000
0!
0%
#190840000
1F
1E
1N
1"
19
13
b10001 1
b10 *
12
1%
1$
#190860000
1!
0%
#190880000
b10001 D
0N
b110011001000010000000000000 M
0F
b101 *
1%
0$
#190900000
0%
#190920000
02
1F
0E
1N
03
b10010 1
b11 *
1%
1$
#190940000
0!
0%
#190960000
b10010 D
0N
b1100110010000100000000000000 M
0F
b110 *
12
1%
0$
#190980000
0%
#191000000
1F
1E
1N
0"
09
13
b10011 1
b100 *
02
1%
1$
#191020000
1!
0%
#191040000
b10011 D
0N
b1001100100001000000000000000 M
0F
0E
b1 *
1%
0$
#191060000
0!
0%
#191080000
12
1F
1E
1N
03
b10100 1
b10 *
1%
1$
#191100000
1!
0%
#191120000
b10100 D
0N
b11001000010000000000000000 M
0F
0E
b101 *
02
1%
0$
#191140000
0!
0%
#191160000
1F
1E
1N
1"
19
13
b10101 1
b10 *
12
1%
1$
#191180000
1!
0%
#191200000
b10101 D
0N
b110010000100000000000000000 M
0F
b101 *
1%
0$
#191220000
0%
#191240000
02
1F
0E
1N
03
b10110 1
b11 *
1%
1$
#191260000
0!
0%
#191280000
b10110 D
0N
b1100100001000000000000000000 M
0F
b110 *
12
1%
0$
#191300000
0%
#191320000
1F
1E
1N
0"
09
13
b10111 1
b100 *
02
1%
1$
#191340000
1!
0%
#191360000
b10111 D
0N
b1001000010000000000000000000 M
0F
0E
b1 *
1%
0$
#191380000
0!
0%
#191400000
12
1F
1E
1N
03
b11000 1
b10 *
1%
1$
#191420000
1!
0%
#191440000
b11000 D
0N
b10000100000000000000000000 M
0F
0E
b101 *
02
1%
0$
#191460000
0!
0%
#191480000
1F
1E
1N
1"
19
13
b11001 1
b10 *
12
1%
1$
#191500000
1!
0%
#191520000
b11001 D
0N
b100001000000000000000000000 M
0F
b101 *
1%
0$
#191540000
0%
#191560000
02
1F
0E
1N
03
b11010 1
b11 *
1%
1$
#191580000
0!
0%
#191600000
b11010 D
0N
b1000010000000000000000000000 M
0F
b110 *
12
1%
0$
#191620000
0%
#191640000
1F
1E
1N
0"
09
13
b11011 1
b1 5
b100 *
12
1%
1$
#191660000
1!
0%
#191680000
b11011 D
0N
b100000000000000000000000 M
0F
0E
b1 *
02
1%
0$
#191700000
0!
0%
#191720000
1F
1E
1N
1"
19
03
b11100 1
b10 *
02
1%
1$
#191740000
1!
0%
#191760000
b11100 D
0N
b1000000000000000000000000 M
0F
b101 *
12
1%
0$
#191780000
0%
#191800000
1F
0E
1N
0"
09
13
b11101 1
b11 *
02
1%
1$
#191820000
0!
0%
#191840000
b11101 D
0N
b10000000000000000000000000 M
0F
b110 *
1%
0$
#191860000
0%
#191880000
12
1F
1E
1N
03
b11110 1
b100 *
1%
1$
#191900000
1!
0%
#191920000
b11110 D
0N
b100000000000000000000000000 M
0F
b1 *
02
1%
0$
#191940000
0%
#191960000
1F
0E
1N
1"
19
13
b11111 1
b11 *
12
1%
1$
#191980000
0!
0%
#192000000
b11111 D
0N
b1000000000000000000000000000 M
0F
b110 *
1%
0$
#192020000
0%
#192040000
02
1F
1E
1N
03
b100000 1
b100 *
1%
1$
#192060000
1!
0%
#192080000
1K
b0 D
0N
b0 M
0F
0E
b1 *
12
1%
0$
#192100000
0!
0%
#192120000
1E
b11 L
b1100110011001000001 M
1N
0"
09
13
b100001 1
b10 *
b0 Y
02
1%
1$
#192140000
1!
0%
#192160000
b1 D
0N
b101 *
1%
0$
#192180000
0%
#192200000
12
0E
1N
03
b100010 1
b11 *
b1 Z
1%
1$
#192220000
0!
0%
#192240000
b10 D
0N
b110 *
02
1%
0$
#192260000
0%
#192280000
1N
1"
19
13
b100011 1
b100 *
b10 Z
12
1%
1$
#192300000
0%
#192320000
b11 D
0N
b0 *
1%
0$
#192340000
0%
#192360000
02
1N
03
b100100 1
b11 Z
1%
1$
#192380000
0%
#192400000
b100 D
0N
12
1%
0$
#192420000
0%
#192440000
1F
1E
1N
0"
09
13
b100101 1
b10 5
12
1%
1$
#192460000
1!
0%
#192480000
b101 D
0N
b11001100110010000010 M
0F
b1 *
02
1%
0$
#192500000
0%
#192520000
1F
0E
1N
1"
19
03
b100110 1
b11 *
02
1%
1$
#192540000
0!
0%
#192560000
b110 D
0N
b110011001100100000100 M
0F
b110 *
12
1%
0$
#192580000
0%
#192600000
1F
1E
1N
0"
09
13
b100111 1
b100 *
02
1%
1$
#192620000
1!
0%
#192640000
b111 D
0N
b1100110011001000001000 M
0F
b1 *
1%
0$
#192660000
0%
#192680000
12
1F
0E
1N
03
b101000 1
b11 *
1%
1$
#192700000
0!
0%
#192720000
b1000 D
0N
b11001100110010000010000 M
0F
b110 *
02
1%
0$
#192740000
0%
#192760000
1F
1E
1N
1"
19
13
b101001 1
b100 *
12
1%
1$
#192780000
1!
0%
#192800000
b1001 D
0N
b110011001100100000100000 M
0F
b1 *
1%
0$
#192820000
0%
#192840000
02
1F
0E
1N
03
b101010 1
b11 *
1%
1$
#192860000
0!
0%
#192880000
b1010 D
0N
b1100110011001000001000000 M
0F
b110 *
12
1%
0$
#192900000
0%
#192920000
1F
1E
1N
0"
09
13
b101011 1
b100 *
02
1%
1$
#192940000
1!
0%
#192960000
b1011 D
0N
b11001100110010000010000000 M
0F
b1 *
1%
0$
#192980000
0%
#193000000
12
1F
0E
1N
03
b101100 1
b11 *
1%
1$
#193020000
0!
0%
#193040000
b1100 D
0N
b110011001100100000100000000 M
0F
b110 *
02
1%
0$
#193060000
0%
#193080000
1F
1E
1N
1"
19
13
b101101 1
b11 5
b100 *
02
1%
1$
#193100000
1!
0%
#193120000
b1101 D
0N
b1100110011001000001000000000 M
0F
b1 *
12
1%
0$
#193140000
0%
#193160000
1F
0E
1N
0"
09
03
b101110 1
b11 *
12
1%
1$
#193180000
0!
0%
#193200000
b1110 D
0N
b1001100110010000010000000000 M
0F
1E
b110 *
02
1%
0$
#193220000
1!
0%
#193240000
1F
0E
1N
1"
19
13
b101111 1
b101 *
12
1%
1$
#193260000
0!
0%
#193280000
b1111 D
0N
b11001100100000100000000000 M
0F
1E
b10 *
1%
0$
#193300000
1!
0%
#193320000
02
1F
0E
1N
03
b110000 1
b101 *
1%
1$
#193340000
0!
0%
#193360000
b10000 D
0N
b110011001000001000000000000 M
0F
b10 *
12
1%
0$
#193380000
0%
#193400000
1F
1E
1N
0"
09
13
b110001 1
b100 *
02
1%
1$
#193420000
1!
0%
#193440000
b10001 D
0N
b1100110010000010000000000000 M
0F
b1 *
1%
0$
#193460000
0%
#193480000
12
1F
0E
1N
03
b110010 1
b11 *
1%
1$
#193500000
0!
0%
#193520000
b10010 D
0N
b1001100100000100000000000000 M
0F
1E
b110 *
02
1%
0$
#193540000
1!
0%
#193560000
1F
0E
1N
1"
19
13
b110011 1
b101 *
12
1%
1$
#193580000
0!
0%
#193600000
b10011 D
0N
b11001000001000000000000000 M
0F
1E
b10 *
1%
0$
#193620000
1!
0%
#193640000
02
1F
0E
1N
03
b110100 1
b101 *
1%
1$
#193660000
0!
0%
#193680000
b10100 D
0N
b110010000010000000000000000 M
0F
b10 *
12
1%
0$
#193700000
0%
#193720000
1F
1E
1N
0"
09
13
b110101 1
b100 5
b100 *
12
1%
1$
#193740000
1!
0%
#193760000
b10101 D
0N
b1100100000100000000000000000 M
0F
b1 *
02
1%
0$
#193780000
0%
#193800000
1F
0E
1N
1"
19
03
b110110 1
b11 *
02
1%
1$
#193820000
0!
0%
#193840000
b10110 D
0N
b1001000001000000000000000000 M
0F
1E
b110 *
12
1%
0$
#193860000
1!
0%
#193880000
1F
0E
1N
0"
09
13
b110111 1
b101 *
02
1%
1$
#193900000
0!
0%
#193920000
b10111 D
0N
b10000010000000000000000000 M
0F
1E
b10 *
1%
0$
#193940000
1!
0%
#193960000
12
1F
0E
1N
03
b111000 1
b101 *
1%
1$
#193980000
0!
0%
#194000000
b11000 D
0N
b100000100000000000000000000 M
0F
b10 *
02
1%
0$
#194020000
0%
#194040000
1F
1E
1N
1"
19
13
b111001 1
b100 *
12
1%
1$
#194060000
1!
0%
#194080000
b11001 D
0N
b1000001000000000000000000000 M
0F
b1 *
1%
0$
#194100000
0%
#194120000
02
1F
0E
1N
03
b111010 1
b11 *
1%
1$
#194140000
0!
0%
#194160000
b11010 D
0N
b10000000000000000000000 M
0F
1E
b110 *
12
1%
0$
#194180000
1!
0%
#194200000
1F
0E
1N
0"
09
13
b111011 1
b101 *
02
1%
1$
#194220000
0!
0%
#194240000
b11011 D
0N
b100000000000000000000000 M
0F
b10 *
1%
0$
#194260000
0%
#194280000
12
1F
1E
1N
03
b111100 1
b100 *
1%
1$
#194300000
1!
0%
#194320000
b11100 D
0N
b1000000000000000000000000 M
0F
b1 *
02
1%
0$
#194340000
0%
#194360000
1F
0E
1N
1"
19
13
b111101 1
b11 *
12
1%
1$
#194380000
0!
0%
#194400000
b11101 D
0N
b10000000000000000000000000 M
0F
b110 *
1%
0$
#194420000
0%
#194440000
02
1F
1E
1N
03
b111110 1
b100 *
1%
1$
#194460000
1!
0%
#194480000
b11110 D
0N
b100000000000000000000000000 M
0F
b1 *
12
1%
0$
#194500000
0%
#194520000
1F
0E
1N
0"
09
13
b111111 1
b11 *
02
1%
1$
#194540000
0!
0%
#194560000
b11111 D
0N
b1000000000000000000000000000 M
0F
b110 *
1%
0$
#194580000
0%
#194600000
12
1F
1E
1N
03
14
b0 1
b100 *
1%
1$
#194620000
1!
0%
#194640000
b100110 J
0K
b0 D
b100111 7
b100111 :
1#
b110011001100100 8
b11001100110010000000000000 ,
b11001100110010 0
b1000111 6
04
0N
b0 M
0F
0E
b1 *
02
1%
0$
#194660000
0!
0%
#194680000
b10001000100001100001 P
b1000100010000110001 O
b11011 W
1S
b10001000100001100001 T
b1000100010000110 Q
b100010001000011 ;
b1000100010000110 <
1E
b10 L
b110011001100100001 M
1N
1"
19
13
b1 1
b0 5
0#
b10001000100001100100010001000011 )
b10001000100001100100010001000011 +
b101010101010101000 '
b10101010101010100 &
b10 *
b0 Z
12
1%
1$
#194700000
1!
0%
#194720000
b1 D
0N
b1000100010000110001 M
b101 *
1%
0$
#194740000
0%
#194760000
1N
03
b10 1
b11 *
b1 Y
1%
1$
#194780000
0%
#194800000
b10 D
0N
b111 *
1%
0$
#194820000
0%
#194840000
02
0E
1N
13
b11 1
b10 Y
1%
1$
#194860000
0!
0%
#194880000
b11 D
0N
b110 *
12
1%
0$
#194900000
0%
#194920000
1N
0"
09
03
b100 1
b100 *
b11 Y
02
1%
1$
#194940000
0%
#194960000
b100 D
0N
b0 *
1%
0$
#194980000
0%
#195000000
1F
1E
1N
13
b101 1
1%
1$
#195020000
1!
0%
#195040000
b101 D
0N
b10001000100001100010 M
0F
b1 *
1%
0$
#195060000
0%
#195080000
12
1F
0E
1N
03
b110 1
b11 *
1%
1$
#195100000
0!
0%
#195120000
b110 D
0N
b100010001000011000100 M
0F
b110 *
02
1%
0$
#195140000
0%
#195160000
1F
1E
1N
1"
19
13
b111 1
b100 *
02
1%
1$
#195180000
1!
0%
#195200000
b111 D
0N
b1000100010000110001000 M
0F
b1 *
12
1%
0$
#195220000
0%
#195240000
1F
0E
1N
0"
09
03
b1000 1
b11 *
12
1%
1$
#195260000
0!
0%
#195280000
b1000 D
0N
b10001000100001100010000 M
0F
b110 *
02
1%
0$
#195300000
0%
#195320000
1F
1E
1N
1"
19
13
b1001 1
b100 *
12
1%
1$
#195340000
1!
0%
#195360000
b1001 D
0N
b100010001000011000100000 M
0F
b1 *
1%
0$
#195380000
0%
#195400000
02
1F
0E
1N
03
b1010 1
b11 *
1%
1$
#195420000
0!
0%
#195440000
b1010 D
0N
b1000100010000110001000000 M
0F
b110 *
12
1%
0$
#195460000
0%
#195480000
1F
1E
1N
0"
09
13
b1011 1
b100 *
02
1%
1$
#195500000
1!
0%
#195520000
b1011 D
0N
b10001000100001100010000000 M
0F
b1 *
1%
0$
#195540000
0%
#195560000
12
1F
0E
1N
03
b1100 1
b11 *
1%
1$
#195580000
0!
0%
#195600000
b1100 D
0N
b100010001000011000100000000 M
0F
b110 *
02
1%
0$
#195620000
0%
#195640000
1F
1E
1N
1"
19
13
b1101 1
b100 *
12
1%
1$
#195660000
1!
0%
#195680000
b1101 D
0N
b1000100010000110001000000000 M
0F
b1 *
1%
0$
#195700000
0%
#195720000
02
1F
0E
1N
03
b1110 1
b11 *
1%
1$
#195740000
0!
0%
#195760000
b1110 D
0N
b1000100001100010000000000 M
0F
1E
b110 *
12
1%
0$
#195780000
1!
0%
#195800000
1F
0E
1N
0"
09
13
b1111 1
b101 *
02
1%
1$
#195820000
0!
0%
#195840000
b1111 D
0N
b10001000011000100000000000 M
0F
b10 *
1%
0$
#195860000
0%
#195880000
12
1F
1E
1N
03
b10000 1
b100 *
1%
1$
#195900000
1!
0%
#195920000
b10000 D
0N
b100010000110001000000000000 M
0F
b1 *
02
1%
0$
#195940000
0%
#195960000
1F
0E
1N
1"
19
13
b10001 1
b11 *
12
1%
1$
#195980000
0!
0%
#196000000
b10001 D
0N
b1000100001100010000000000000 M
0F
b110 *
1%
0$
#196020000
0%
#196040000
02
1F
1E
1N
03
b10010 1
b100 *
1%
1$
#196060000
1!
0%
#196080000
b10010 D
0N
b1000011000100000000000000 M
0F
0E
b1 *
12
1%
0$
#196100000
0!
0%
#196120000
1F
1E
1N
0"
09
13
b10011 1
b10 *
02
1%
1$
#196140000
1!
0%
#196160000
b10011 D
0N
b10000110001000000000000000 M
0F
b101 *
1%
0$
#196180000
0%
#196200000
12
1F
0E
1N
03
b10100 1
b11 *
1%
1$
#196220000
0!
0%
#196240000
b10100 D
0N
b100001100010000000000000000 M
0F
b110 *
02
1%
0$
#196260000
0%
#196280000
1F
1E
1N
1"
19
13
b10101 1
b100 *
12
1%
1$
#196300000
1!
0%
#196320000
b10101 D
0N
b1000011000100000000000000000 M
0F
b1 *
1%
0$
#196340000
0%
#196360000
02
1F
0E
1N
03
b10110 1
b11 *
1%
1$
#196380000
0!
0%
#196400000
b10110 D
0N
b110001000000000000000000 M
0F
1E
b110 *
12
1%
0$
#196420000
1!
0%
#196440000
1F
0E
1N
0"
09
13
b10111 1
b101 *
02
1%
1$
#196460000
0!
0%
#196480000
b10111 D
0N
b1100010000000000000000000 M
0F
b10 *
1%
0$
#196500000
0%
#196520000
12
1F
1E
1N
03
b11000 1
b100 *
1%
1$
#196540000
1!
0%
#196560000
b11000 D
0N
b11000100000000000000000000 M
0F
b1 *
02
1%
0$
#196580000
0%
#196600000
1F
0E
1N
1"
19
13
b11001 1
b11 *
12
1%
1$
#196620000
0!
0%
#196640000
b11001 D
0N
b110001000000000000000000000 M
0F
b110 *
1%
0$
#196660000
0%
#196680000
02
1F
1E
1N
03
b11010 1
b100 *
1%
1$
#196700000
1!
0%
#196720000
b11010 D
0N
b1100010000000000000000000000 M
0F
b1 *
12
1%
0$
#196740000
0%
#196760000
1F
0E
1N
0"
09
13
b11011 1
b1 5
b11 *
12
1%
1$
#196780000
0!
0%
#196800000
b11011 D
0N
b1000100000000000000000000000 M
0F
1E
b110 *
02
1%
0$
#196820000
1!
0%
#196840000
1F
0E
1N
1"
19
03
b11100 1
b101 *
02
1%
1$
#196860000
0!
0%
#196880000
b11100 D
0N
b1000000000000000000000000 M
0F
1E
b10 *
12
1%
0$
#196900000
1!
0%
#196920000
1F
0E
1N
0"
09
13
b11101 1
b101 *
02
1%
1$
#196940000
0!
0%
#196960000
b11101 D
0N
b10000000000000000000000000 M
0F
b10 *
1%
0$
#196980000
0%
#197000000
12
1F
1E
1N
03
b11110 1
b100 *
1%
1$
#197020000
1!
0%
#197040000
b11110 D
0N
b100000000000000000000000000 M
0F
b1 *
02
1%
0$
#197060000
0%
#197080000
1F
0E
1N
1"
19
13
b11111 1
b11 *
12
1%
1$
#197100000
0!
0%
#197120000
b11111 D
0N
b1000000000000000000000000000 M
0F
b110 *
1%
0$
#197140000
0%
#197160000
02
1F
1E
1N
03
b100000 1
b100 *
1%
1$
#197180000
1!
0%
#197200000
1K
b0 D
0N
b0 M
0F
0E
b1 *
12
1%
0$
#197220000
0!
0%
#197240000
1E
b11 L
b10001000100001100001 M
1N
0"
09
13
b100001 1
b10 5
b10 *
b0 Y
12
1%
1$
#197260000
1!
0%
#197280000
b1 D
0N
b101 *
02
1%
0$
#197300000
0%
#197320000
0E
1N
1"
19
03
b100010 1
b11 *
b1 Z
02
1%
1$
#197340000
0!
0%
#197360000
b10 D
0N
b110 *
12
1%
0$
#197380000
0%
#197400000
1N
0"
09
13
b100011 1
b11 5
b100 *
b10 Z
12
1%
1$
#197420000
0%
#197440000
b11 D
0N
b0 *
02
1%
0$
#197460000
0%
#197480000
1N
1"
19
03
b100100 1
b11 Z
02
1%
1$
#197500000
0%
#197520000
b100 D
0N
12
1%
0$
#197540000
0%
#197560000
1F
1E
1N
0"
09
13
b100101 1
02
1%
1$
#197580000
1!
0%
#197600000
b101 D
0N
b100010001000011000010 M
0F
b1 *
1%
0$
#197620000
0%
#197640000
12
1F
0E
1N
03
b100110 1
b11 *
1%
1$
#197660000
0!
0%
#197680000
b110 D
0N
b1000100010000110000100 M
0F
b110 *
02
1%
0$
#197700000
0%
#197720000
1F
1E
1N
1"
19
13
b100111 1
b100 *
12
1%
1$
#197740000
1!
0%
#197760000
b111 D
0N
b10001000100001100001000 M
0F
b1 *
1%
0$
#197780000
0%
#197800000
02
1F
0E
1N
03
b101000 1
b11 *
1%
1$
#197820000
0!
0%
#197840000
b1000 D
0N
b100010001000011000010000 M
0F
b110 *
12
1%
0$
#197860000
0%
#197880000
1F
1E
1N
0"
09
13
b101001 1
b100 5
b100 *
12
1%
1$
#197900000
1!
0%
#197920000
b1001 D
0N
b1000100010000110000100000 M
0F
b1 *
02
1%
0$
#197940000
0%
#197960000
1F
0E
1N
1"
19
03
b101010 1
b11 *
02
1%
1$
#197980000
0!
0%
#198000000
b1010 D
0N
b10001000100001100001000000 M
0F
b110 *
12
1%
0$
#198020000
0%
#198040000
1F
1E
1N
0"
09
13
b101011 1
b101 5
b100 *
12
1%
1$
#198060000
1!
0%
#198080000
b1011 D
0N
b100010001000011000010000000 M
0F
b1 *
02
1%
0$
#198100000
0%
#198120000
1F
0E
1N
1"
19
03
b101100 1
b11 *
02
1%
1$
#198140000
0!
0%
#198160000
b1100 D
0N
b1000100010000110000100000000 M
0F
b110 *
12
1%
0$
#198180000
0%
#198200000
1F
1E
1N
0"
09
13
b101101 1
b100 *
02
1%
1$
#198220000
1!
0%
#198240000
b1101 D
0N
b1000100001100001000000000 M
0F
0E
b1 *
1%
0$
#198260000
0!
0%
#198280000
12
1F
1E
1N
03
b101110 1
b10 *
1%
1$
#198300000
1!
0%
#198320000
b1110 D
0N
b10001000011000010000000000 M
0F
b101 *
02
1%
0$
#198340000
0%
#198360000
1F
0E
1N
1"
19
13
b101111 1
b11 *
12
1%
1$
#198380000
0!
0%
#198400000
b1111 D
0N
b100010000110000100000000000 M
0F
b110 *
1%
0$
#198420000
0%
#198440000
02
1F
1E
1N
03
b110000 1
b100 *
1%
1$
#198460000
1!
0%
#198480000
b10000 D
0N
b1000100001100001000000000000 M
0F
b1 *
12
1%
0$
#198500000
0%
#198520000
1F
0E
1N
0"
09
13
b110001 1
b110 5
b11 *
12
1%
1$
#198540000
0!
0%
#198560000
b10001 D
0N
b1000011000010000000000000 M
0F
1E
b110 *
02
1%
0$
#198580000
1!
0%
#198600000
1F
0E
1N
1"
19
03
b110010 1
b101 *
02
1%
1$
#198620000
0!
0%
#198640000
b10010 D
0N
b10000110000100000000000000 M
0F
b10 *
12
1%
0$
#198660000
0%
#198680000
1F
1E
1N
0"
09
13
b110011 1
b111 5
b100 *
12
1%
1$
#198700000
1!
0%
#198720000
b10011 D
0N
b100001100001000000000000000 M
0F
b1 *
02
1%
0$
#198740000
0%
#198760000
1F
0E
1N
1"
19
03
b110100 1
b11 *
02
1%
1$
#198780000
0!
0%
#198800000
b10100 D
0N
b1000011000010000000000000000 M
0F
b110 *
12
1%
0$
#198820000
0%
#198840000
1F
1E
1N
0"
09
13
b110101 1
b100 *
02
1%
1$
#198860000
1!
0%
#198880000
b10101 D
0N
b110000100000000000000000 M
0F
0E
b1 *
1%
0$
#198900000
0!
0%
#198920000
12
1F
1E
1N
03
b110110 1
b10 *
1%
1$
#198940000
1!
0%
#198960000
b10110 D
0N
b1100001000000000000000000 M
0F
b101 *
02
1%
0$
#198980000
0%
#199000000
1F
0E
1N
1"
19
13
b110111 1
b11 *
12
1%
1$
#199020000
0!
0%
#199040000
b10111 D
0N
b11000010000000000000000000 M
0F
b110 *
1%
0$
#199060000
0%
#199080000
02
1F
1E
1N
03
b111000 1
b100 *
1%
1$
#199100000
1!
0%
#199120000
b11000 D
0N
b110000100000000000000000000 M
0F
b1 *
12
1%
0$
#199140000
0%
#199160000
1F
0E
1N
0"
09
13
b111001 1
b11 *
02
1%
1$
#199180000
0!
0%
#199200000
b11001 D
0N
b1100001000000000000000000000 M
0F
b110 *
1%
0$
#199220000
0%
#199240000
12
1F
1E
1N
03
b111010 1
b100 *
1%
1$
#199260000
1!
0%
#199280000
b11010 D
0N
b1000010000000000000000000000 M
0F
0E
b1 *
02
1%
0$
#199300000
0!
0%
#199320000
1F
1E
1N
1"
19
13
b111011 1
b10 *
12
1%
1$
#199340000
1!
0%
#199360000
b11011 D
0N
b100000000000000000000000 M
0F
0E
b101 *
1%
0$
#199380000
0!
0%
#199400000
02
1F
1E
1N
03
b111100 1
b10 *
1%
1$
#199420000
1!
0%
#199440000
b11100 D
0N
b1000000000000000000000000 M
0F
b101 *
12
1%
0$
#199460000
0%
#199480000
1F
0E
1N
0"
09
13
b111101 1
b11 *
02
1%
1$
#199500000
0!
0%
#199520000
b11101 D
0N
b10000000000000000000000000 M
0F
b110 *
1%
0$
#199540000
0%
#199560000
12
1F
1E
1N
03
b111110 1
b100 *
1%
1$
#199580000
1!
0%
#199600000
b11110 D
0N
b100000000000000000000000000 M
0F
b1 *
02
1%
0$
#199620000
0%
#199640000
1F
0E
1N
1"
19
13
b111111 1
b11 *
02
1%
1$
#199660000
0!
0%
#199680000
b11111 D
0N
b1000000000000000000000000000 M
0F
b110 *
12
1%
0$
#199700000
0%
#199720000
1F
1E
1N
0"
09
03
14
b0 1
b100 *
12
1%
1$
#199740000
1!
0%
#199760000
b100111 J
0K
b0 D
b1000111 7
b101000 :
b110011001100100000000000000 ,
b110011001100100 0
b100111 6
04
0N
b0 M
0F
0E
b1 *
02
1%
0$
#199780000
0!
0%
#199800000
1E
b10 L
b1000100010000110001 M
1N
1"
19
13
b1 1
b0 5
b10 *
b0 Z
12
1%
1$
#199820000
1!
0%
#199840000
b1 D
0N
b101 *
1%
0$
#199860000
0%
#199880000
1N
03
b10 1
b11 *
b1 Y
1%
1$
#199900000
0%
#199920000
b10 D
0N
b111 *
1%
0$
#199940000
0%
#199960000
02
0E
1N
13
b11 1
b10 Y
1%
1$
#199980000
0!
0%
#200000000
b11 D
0N
b110 *
12
1%
0$
