#! 
:ivl_version "13.0 (devel)" "(s20221226-321-gd22bb3d25)";
:ivl_delay_selection "TYPICAL";
:vpi_time_precision - 12;
:vpi_module "C:\Users\niekt\APIO~1\packages\TOOLS-~3\lib\ivl\system.vpi";
:vpi_module "C:\Users\niekt\APIO~1\packages\TOOLS-~3\lib\ivl\vhdl_sys.vpi";
:vpi_module "C:\Users\niekt\APIO~1\packages\TOOLS-~3\lib\ivl\vhdl_textio.vpi";
:vpi_module "C:\Users\niekt\APIO~1\packages\TOOLS-~3\lib\ivl\v2005_math.vpi";
:vpi_module "C:\Users\niekt\APIO~1\packages\TOOLS-~3\lib\ivl\va_math.vpi";
S_000000000649e8a0 .scope module, "ICESTORM_LC" "ICESTORM_LC" 2 2136;
 .timescale -12 -12;
    .port_info 0 /INPUT 1 "I0";
    .port_info 1 /INPUT 1 "I1";
    .port_info 2 /INPUT 1 "I2";
    .port_info 3 /INPUT 1 "I3";
    .port_info 4 /INPUT 1 "CIN";
    .port_info 5 /INPUT 1 "CLK";
    .port_info 6 /INPUT 1 "CEN";
    .port_info 7 /INPUT 1 "SR";
    .port_info 8 /OUTPUT 1 "LO";
    .port_info 9 /OUTPUT 1 "O";
    .port_info 10 /OUTPUT 1 "COUT";
P_000000000649ebc0 .param/l "ASYNC_SR" 0 2 2148, C4<0>;
P_000000000649ebf8 .param/l "CARRY_ENABLE" 0 2 2145, C4<0>;
P_000000000649ec30 .param/l "CIN_CONST" 0 2 2150, C4<0>;
P_000000000649ec68 .param/l "CIN_SET" 0 2 2151, C4<0>;
P_000000000649eca0 .param/l "DFF_ENABLE" 0 2 2146, C4<0>;
P_000000000649ecd8 .param/l "LUT_INIT" 0 2 2142, C4<0000000000000000>;
P_000000000649ed10 .param/l "NEG_CLK" 0 2 2144, C4<0>;
P_000000000649ed48 .param/l "SET_NORESET" 0 2 2147, C4<0>;
o00000000066de0b8 .functor BUFZ 1, C4<z>; HiZ drive
L_0000000006647150 .functor BUFZ 1, o00000000066de0b8, C4<0>, C4<0>, C4<0>;
L_0000000006646d60 .functor BUFZ 1, L_0000000006762b60, C4<0>, C4<0>, C4<0>;
o00000000066de0e8 .functor BUFZ 1, C4<z>; HiZ drive
L_0000000006769180 .functor BUFT 1, C4<0>, C4<0>, C4<0>, C4<0>;
L_0000000006646a50 .functor XOR 1, o00000000066de0e8, L_0000000006769180, C4<0>, C4<0>;
L_0000000006645a20 .functor BUFZ 1, L_0000000006762b60, C4<0>, C4<0>, C4<0>;
o00000000066de058 .functor BUFZ 1, C4<z>; HiZ drive
v00000000066a0490_0 .net "CEN", 0 0, o00000000066de058;  0 drivers
v00000000066a0f30_0 .net "CEN_pu", 0 0, L_0000000006763600;  1 drivers
v00000000066a1c50_0 .net "CIN", 0 0, o00000000066de0b8;  0 drivers
v00000000066a02b0_0 .net "CLK", 0 0, o00000000066de0e8;  0 drivers
L_00000000067690a8 .functor BUFT 1, C4<x>, C4<0>, C4<0>, C4<0>;
v00000000066a0350_0 .net "COUT", 0 0, L_00000000067690a8;  1 drivers
o00000000066de148 .functor BUFZ 1, C4<z>; HiZ drive
v00000000066a03f0_0 .net "I0", 0 0, o00000000066de148;  0 drivers
v00000000066a19d0_0 .net "I0_pd", 0 0, L_0000000006761bc0;  1 drivers
o00000000066de1a8 .functor BUFZ 1, C4<z>; HiZ drive
v00000000066a05d0_0 .net "I1", 0 0, o00000000066de1a8;  0 drivers
v00000000066a0ad0_0 .net "I1_pd", 0 0, L_00000000067636a0;  1 drivers
o00000000066de208 .functor BUFZ 1, C4<z>; HiZ drive
v00000000066a0670_0 .net "I2", 0 0, o00000000066de208;  0 drivers
v00000000066a07b0_0 .net "I2_pd", 0 0, L_0000000006762480;  1 drivers
o00000000066de268 .functor BUFZ 1, C4<z>; HiZ drive
v00000000066a0a30_0 .net "I3", 0 0, o00000000066de268;  0 drivers
v00000000066a1a70_0 .net "I3_pd", 0 0, L_0000000006762840;  1 drivers
v00000000066a0fd0_0 .net "LO", 0 0, L_0000000006646d60;  1 drivers
v00000000066a0850_0 .net "O", 0 0, L_0000000006645a20;  1 drivers
o00000000066de328 .functor BUFZ 1, C4<z>; HiZ drive
v00000000066a0b70_0 .net "SR", 0 0, o00000000066de328;  0 drivers
v00000000066a16b0_0 .net "SR_pd", 0 0, L_00000000067631a0;  1 drivers
o00000000066de388 .functor BUFZ 1, C4<z>; HiZ drive
; Elide local net with no drivers, v00000000066a0cb0_0 name=_ivl_0
v00000000066a08f0_0 .net *"_ivl_10", 0 0, L_00000000067625c0;  1 drivers
L_0000000006768f40 .functor BUFT 1, C4<0>, C4<0>, C4<0>, C4<0>;
v00000000066a0990_0 .net/2u *"_ivl_12", 0 0, L_0000000006768f40;  1 drivers
o00000000066de418 .functor BUFZ 1, C4<z>; HiZ drive
; Elide local net with no drivers, v00000000066a0d50_0 name=_ivl_16
v00000000066a1610_0 .net *"_ivl_18", 0 0, L_00000000067627a0;  1 drivers
v00000000066a1070_0 .net *"_ivl_2", 0 0, L_0000000006762de0;  1 drivers
L_0000000006768f88 .functor BUFT 1, C4<0>, C4<0>, C4<0>, C4<0>;
v00000000066a1750_0 .net/2u *"_ivl_20", 0 0, L_0000000006768f88;  1 drivers
o00000000066de4d8 .functor BUFZ 1, C4<z>; HiZ drive
; Elide local net with no drivers, v00000000066a0df0_0 name=_ivl_24
v00000000066a1110_0 .net *"_ivl_26", 0 0, L_0000000006760f40;  1 drivers
L_0000000006768fd0 .functor BUFT 1, C4<0>, C4<0>, C4<0>, C4<0>;
v00000000066a1430_0 .net/2u *"_ivl_28", 0 0, L_0000000006768fd0;  1 drivers
o00000000066de568 .functor BUFZ 1, C4<z>; HiZ drive
; Elide local net with no drivers, v00000000066a1890_0 name=_ivl_32
v00000000066a14d0_0 .net *"_ivl_34", 0 0, L_00000000067628e0;  1 drivers
L_0000000006769018 .functor BUFT 1, C4<0>, C4<0>, C4<0>, C4<0>;
v00000000066a17f0_0 .net/2u *"_ivl_36", 0 0, L_0000000006769018;  1 drivers
L_0000000006768ef8 .functor BUFT 1, C4<0>, C4<0>, C4<0>, C4<0>;
v0000000006667570_0 .net/2u *"_ivl_4", 0 0, L_0000000006768ef8;  1 drivers
o00000000066de628 .functor BUFZ 1, C4<z>; HiZ drive
; Elide local net with no drivers, v00000000066676b0_0 name=_ivl_40
v0000000006667750_0 .net *"_ivl_42", 0 0, L_0000000006761ee0;  1 drivers
L_0000000006769060 .functor BUFT 1, C4<1>, C4<0>, C4<0>, C4<0>;
v00000000066660d0_0 .net/2u *"_ivl_44", 0 0, L_0000000006769060;  1 drivers
L_00000000067690f0 .functor BUFT 1, C4<00000000>, C4<0>, C4<0>, C4<0>;
v00000000066663f0_0 .net/2u *"_ivl_52", 7 0, L_00000000067690f0;  1 drivers
L_0000000006769138 .functor BUFT 1, C4<00000000>, C4<0>, C4<0>, C4<0>;
v0000000006667930_0 .net/2u *"_ivl_54", 7 0, L_0000000006769138;  1 drivers
v0000000006665b30_0 .net *"_ivl_59", 3 0, L_00000000067620c0;  1 drivers
v00000000066668f0_0 .net *"_ivl_61", 3 0, L_0000000006762520;  1 drivers
v0000000006666350_0 .net *"_ivl_65", 1 0, L_0000000006761e40;  1 drivers
v0000000006644bc0_0 .net *"_ivl_67", 1 0, L_0000000006761760;  1 drivers
v00000000066441c0_0 .net *"_ivl_71", 0 0, L_0000000006762e80;  1 drivers
v0000000006643ae0_0 .net *"_ivl_73", 0 0, L_0000000006762340;  1 drivers
v0000000006644c60_0 .net/2u *"_ivl_78", 0 0, L_0000000006769180;  1 drivers
o00000000066de868 .functor BUFZ 1, C4<z>; HiZ drive
; Elide local net with no drivers, v0000000006643860_0 name=_ivl_8
v0000000006643b80_0 .net "lut_o", 0 0, L_0000000006762b60;  1 drivers
v0000000006643cc0_0 .net "lut_s1", 1 0, L_0000000006761260;  1 drivers
v0000000006643ea0_0 .net "lut_s2", 3 0, L_0000000006762660;  1 drivers
v0000000006624e00_0 .net "lut_s3", 7 0, L_0000000006760fe0;  1 drivers
v00000000066247c0_0 .net "mux_cin", 0 0, L_0000000006647150;  1 drivers
v0000000006624f40_0 .var "o_reg", 0 0;
v0000000006623640_0 .var "o_reg_async", 0 0;
v0000000006623320_0 .net "polarized_clk", 0 0, L_0000000006646a50;  1 drivers
E_00000000066b2d00 .event posedge, v00000000066a16b0_0, v0000000006623320_0;
E_00000000066b22c0 .event posedge, v0000000006623320_0;
L_0000000006762de0 .cmp/eeq 1, o00000000066de148, o00000000066de388;
L_0000000006761bc0 .functor MUXZ 1, o00000000066de148, L_0000000006768ef8, L_0000000006762de0, C4<>;
L_00000000067625c0 .cmp/eeq 1, o00000000066de1a8, o00000000066de868;
L_00000000067636a0 .functor MUXZ 1, o00000000066de1a8, L_0000000006768f40, L_00000000067625c0, C4<>;
L_00000000067627a0 .cmp/eeq 1, o00000000066de208, o00000000066de418;
L_0000000006762480 .functor MUXZ 1, o00000000066de208, L_0000000006768f88, L_00000000067627a0, C4<>;
L_0000000006760f40 .cmp/eeq 1, o00000000066de268, o00000000066de4d8;
L_0000000006762840 .functor MUXZ 1, o00000000066de268, L_0000000006768fd0, L_0000000006760f40, C4<>;
L_00000000067628e0 .cmp/eeq 1, o00000000066de328, o00000000066de568;
L_00000000067631a0 .functor MUXZ 1, o00000000066de328, L_0000000006769018, L_00000000067628e0, C4<>;
L_0000000006761ee0 .cmp/eeq 1, o00000000066de058, o00000000066de628;
L_0000000006763600 .functor MUXZ 1, o00000000066de058, L_0000000006769060, L_0000000006761ee0, C4<>;
L_0000000006760fe0 .functor MUXZ 8, L_0000000006769138, L_00000000067690f0, L_0000000006762840, C4<>;
L_00000000067620c0 .part L_0000000006760fe0, 4, 4;
L_0000000006762520 .part L_0000000006760fe0, 0, 4;
L_0000000006762660 .functor MUXZ 4, L_0000000006762520, L_00000000067620c0, L_0000000006762480, C4<>;
L_0000000006761e40 .part L_0000000006762660, 2, 2;
L_0000000006761760 .part L_0000000006762660, 0, 2;
L_0000000006761260 .functor MUXZ 2, L_0000000006761760, L_0000000006761e40, L_00000000067636a0, C4<>;
L_0000000006762e80 .part L_0000000006761260, 1, 1;
L_0000000006762340 .part L_0000000006761260, 0, 1;
L_0000000006762b60 .functor MUXZ 1, L_0000000006762340, L_0000000006762e80, L_0000000006761bc0, C4<>;
S_000000000669e060 .scope module, "ICESTORM_RAM" "ICESTORM_RAM" 2 3167;
 .timescale -12 -12;
    .port_info 0 /OUTPUT 1 "RDATA_15";
    .port_info 1 /OUTPUT 1 "RDATA_14";
    .port_info 2 /OUTPUT 1 "RDATA_13";
    .port_info 3 /OUTPUT 1 "RDATA_12";
    .port_info 4 /OUTPUT 1 "RDATA_11";
    .port_info 5 /OUTPUT 1 "RDATA_10";
    .port_info 6 /OUTPUT 1 "RDATA_9";
    .port_info 7 /OUTPUT 1 "RDATA_8";
    .port_info 8 /OUTPUT 1 "RDATA_7";
    .port_info 9 /OUTPUT 1 "RDATA_6";
    .port_info 10 /OUTPUT 1 "RDATA_5";
    .port_info 11 /OUTPUT 1 "RDATA_4";
    .port_info 12 /OUTPUT 1 "RDATA_3";
    .port_info 13 /OUTPUT 1 "RDATA_2";
    .port_info 14 /OUTPUT 1 "RDATA_1";
    .port_info 15 /OUTPUT 1 "RDATA_0";
    .port_info 16 /INPUT 1 "RCLK";
    .port_info 17 /INPUT 1 "RCLKE";
    .port_info 18 /INPUT 1 "RE";
    .port_info 19 /INPUT 1 "RADDR_10";
    .port_info 20 /INPUT 1 "RADDR_9";
    .port_info 21 /INPUT 1 "RADDR_8";
    .port_info 22 /INPUT 1 "RADDR_7";
    .port_info 23 /INPUT 1 "RADDR_6";
    .port_info 24 /INPUT 1 "RADDR_5";
    .port_info 25 /INPUT 1 "RADDR_4";
    .port_info 26 /INPUT 1 "RADDR_3";
    .port_info 27 /INPUT 1 "RADDR_2";
    .port_info 28 /INPUT 1 "RADDR_1";
    .port_info 29 /INPUT 1 "RADDR_0";
    .port_info 30 /INPUT 1 "WCLK";
    .port_info 31 /INPUT 1 "WCLKE";
    .port_info 32 /INPUT 1 "WE";
    .port_info 33 /INPUT 1 "WADDR_10";
    .port_info 34 /INPUT 1 "WADDR_9";
    .port_info 35 /INPUT 1 "WADDR_8";
    .port_info 36 /INPUT 1 "WADDR_7";
    .port_info 37 /INPUT 1 "WADDR_6";
    .port_info 38 /INPUT 1 "WADDR_5";
    .port_info 39 /INPUT 1 "WADDR_4";
    .port_info 40 /INPUT 1 "WADDR_3";
    .port_info 41 /INPUT 1 "WADDR_2";
    .port_info 42 /INPUT 1 "WADDR_1";
    .port_info 43 /INPUT 1 "WADDR_0";
    .port_info 44 /INPUT 1 "MASK_15";
    .port_info 45 /INPUT 1 "MASK_14";
    .port_info 46 /INPUT 1 "MASK_13";
    .port_info 47 /INPUT 1 "MASK_12";
    .port_info 48 /INPUT 1 "MASK_11";
    .port_info 49 /INPUT 1 "MASK_10";
    .port_info 50 /INPUT 1 "MASK_9";
    .port_info 51 /INPUT 1 "MASK_8";
    .port_info 52 /INPUT 1 "MASK_7";
    .port_info 53 /INPUT 1 "MASK_6";
    .port_info 54 /INPUT 1 "MASK_5";
    .port_info 55 /INPUT 1 "MASK_4";
    .port_info 56 /INPUT 1 "MASK_3";
    .port_info 57 /INPUT 1 "MASK_2";
    .port_info 58 /INPUT 1 "MASK_1";
    .port_info 59 /INPUT 1 "MASK_0";
    .port_info 60 /INPUT 1 "WDATA_15";
    .port_info 61 /INPUT 1 "WDATA_14";
    .port_info 62 /INPUT 1 "WDATA_13";
    .port_info 63 /INPUT 1 "WDATA_12";
    .port_info 64 /INPUT 1 "WDATA_11";
    .port_info 65 /INPUT 1 "WDATA_10";
    .port_info 66 /INPUT 1 "WDATA_9";
    .port_info 67 /INPUT 1 "WDATA_8";
    .port_info 68 /INPUT 1 "WDATA_7";
    .port_info 69 /INPUT 1 "WDATA_6";
    .port_info 70 /INPUT 1 "WDATA_5";
    .port_info 71 /INPUT 1 "WDATA_4";
    .port_info 72 /INPUT 1 "WDATA_3";
    .port_info 73 /INPUT 1 "WDATA_2";
    .port_info 74 /INPUT 1 "WDATA_1";
    .port_info 75 /INPUT 1 "WDATA_0";
P_00000000063f9420 .param/l "INIT_0" 0 2 3182, C4<0000000000000000000000000000000000000000000000000000000000000000000000000000000000000000000000000000000000000000000000000000000000000000000000000000000000000000000000000000000000000000000000000000000000000000000000000000000000000000000000000000000000000000>;
P_00000000063f9458 .param/l "INIT_1" 0 2 3183, C4<0000000000000000000000000000000000000000000000000000000000000000000000000000000000000000000000000000000000000000000000000000000000000000000000000000000000000000000000000000000000000000000000000000000000000000000000000000000000000000000000000000000000000000>;
P_00000000063f9490 .param/l "INIT_2" 0 2 3184, C4<0000000000000000000000000000000000000000000000000000000000000000000000000000000000000000000000000000000000000000000000000000000000000000000000000000000000000000000000000000000000000000000000000000000000000000000000000000000000000000000000000000000000000000>;
P_00000000063f94c8 .param/l "INIT_3" 0 2 3185, C4<0000000000000000000000000000000000000000000000000000000000000000000000000000000000000000000000000000000000000000000000000000000000000000000000000000000000000000000000000000000000000000000000000000000000000000000000000000000000000000000000000000000000000000>;
P_00000000063f9500 .param/l "INIT_4" 0 2 3186, C4<0000000000000000000000000000000000000000000000000000000000000000000000000000000000000000000000000000000000000000000000000000000000000000000000000000000000000000000000000000000000000000000000000000000000000000000000000000000000000000000000000000000000000000>;
P_00000000063f9538 .param/l "INIT_5" 0 2 3187, C4<0000000000000000000000000000000000000000000000000000000000000000000000000000000000000000000000000000000000000000000000000000000000000000000000000000000000000000000000000000000000000000000000000000000000000000000000000000000000000000000000000000000000000000>;
P_00000000063f9570 .param/l "INIT_6" 0 2 3188, C4<0000000000000000000000000000000000000000000000000000000000000000000000000000000000000000000000000000000000000000000000000000000000000000000000000000000000000000000000000000000000000000000000000000000000000000000000000000000000000000000000000000000000000000>;
P_00000000063f95a8 .param/l "INIT_7" 0 2 3189, C4<0000000000000000000000000000000000000000000000000000000000000000000000000000000000000000000000000000000000000000000000000000000000000000000000000000000000000000000000000000000000000000000000000000000000000000000000000000000000000000000000000000000000000000>;
P_00000000063f95e0 .param/l "INIT_8" 0 2 3190, C4<0000000000000000000000000000000000000000000000000000000000000000000000000000000000000000000000000000000000000000000000000000000000000000000000000000000000000000000000000000000000000000000000000000000000000000000000000000000000000000000000000000000000000000>;
P_00000000063f9618 .param/l "INIT_9" 0 2 3191, C4<0000000000000000000000000000000000000000000000000000000000000000000000000000000000000000000000000000000000000000000000000000000000000000000000000000000000000000000000000000000000000000000000000000000000000000000000000000000000000000000000000000000000000000>;
P_00000000063f9650 .param/l "INIT_A" 0 2 3192, C4<0000000000000000000000000000000000000000000000000000000000000000000000000000000000000000000000000000000000000000000000000000000000000000000000000000000000000000000000000000000000000000000000000000000000000000000000000000000000000000000000000000000000000000>;
P_00000000063f9688 .param/l "INIT_B" 0 2 3193, C4<0000000000000000000000000000000000000000000000000000000000000000000000000000000000000000000000000000000000000000000000000000000000000000000000000000000000000000000000000000000000000000000000000000000000000000000000000000000000000000000000000000000000000000>;
P_00000000063f96c0 .param/l "INIT_C" 0 2 3194, C4<0000000000000000000000000000000000000000000000000000000000000000000000000000000000000000000000000000000000000000000000000000000000000000000000000000000000000000000000000000000000000000000000000000000000000000000000000000000000000000000000000000000000000000>;
P_00000000063f96f8 .param/l "INIT_D" 0 2 3195, C4<0000000000000000000000000000000000000000000000000000000000000000000000000000000000000000000000000000000000000000000000000000000000000000000000000000000000000000000000000000000000000000000000000000000000000000000000000000000000000000000000000000000000000000>;
P_00000000063f9730 .param/l "INIT_E" 0 2 3196, C4<0000000000000000000000000000000000000000000000000000000000000000000000000000000000000000000000000000000000000000000000000000000000000000000000000000000000000000000000000000000000000000000000000000000000000000000000000000000000000000000000000000000000000000>;
P_00000000063f9768 .param/l "INIT_F" 0 2 3197, C4<0000000000000000000000000000000000000000000000000000000000000000000000000000000000000000000000000000000000000000000000000000000000000000000000000000000000000000000000000000000000000000000000000000000000000000000000000000000000000000000000000000000000000000>;
P_00000000063f97a0 .param/l "NEG_CLK_R" 0 2 3179, C4<0>;
P_00000000063f97d8 .param/l "NEG_CLK_W" 0 2 3180, C4<0>;
P_00000000063f9810 .param/l "READ_MODE" 0 2 3177, +C4<00000000000000000000000000000000>;
P_00000000063f9848 .param/l "WRITE_MODE" 0 2 3176, +C4<00000000000000000000000000000000>;
L_0000000006769210 .functor BUFT 1, C4<0>, C4<0>, C4<0>, C4<0>;
L_0000000006646f90 .functor XOR 1, L_0000000006761d00, L_0000000006769210, C4<0>, C4<0>;
L_0000000006769258 .functor BUFT 1, C4<0>, C4<0>, C4<0>, C4<0>;
L_0000000006646ac0 .functor XOR 1, L_0000000006761940, L_0000000006769258, C4<0>, C4<0>;
o00000000066df1f8 .functor BUFZ 1, C4<z>; HiZ drive
v000000000672bd10_0 .net "MASK_0", 0 0, o00000000066df1f8;  0 drivers
o00000000066df228 .functor BUFZ 1, C4<z>; HiZ drive
v000000000672bc70_0 .net "MASK_1", 0 0, o00000000066df228;  0 drivers
o00000000066df258 .functor BUFZ 1, C4<z>; HiZ drive
v000000000672a9b0_0 .net "MASK_10", 0 0, o00000000066df258;  0 drivers
o00000000066df288 .functor BUFZ 1, C4<z>; HiZ drive
v000000000672c2b0_0 .net "MASK_11", 0 0, o00000000066df288;  0 drivers
o00000000066df2b8 .functor BUFZ 1, C4<z>; HiZ drive
v000000000672aff0_0 .net "MASK_12", 0 0, o00000000066df2b8;  0 drivers
o00000000066df2e8 .functor BUFZ 1, C4<z>; HiZ drive
v000000000672c490_0 .net "MASK_13", 0 0, o00000000066df2e8;  0 drivers
o00000000066df318 .functor BUFZ 1, C4<z>; HiZ drive
v000000000672aaf0_0 .net "MASK_14", 0 0, o00000000066df318;  0 drivers
o00000000066df348 .functor BUFZ 1, C4<z>; HiZ drive
v000000000672ab90_0 .net "MASK_15", 0 0, o00000000066df348;  0 drivers
o00000000066df378 .functor BUFZ 1, C4<z>; HiZ drive
v000000000672b090_0 .net "MASK_2", 0 0, o00000000066df378;  0 drivers
o00000000066df3a8 .functor BUFZ 1, C4<z>; HiZ drive
v000000000672ae10_0 .net "MASK_3", 0 0, o00000000066df3a8;  0 drivers
o00000000066df3d8 .functor BUFZ 1, C4<z>; HiZ drive
v000000000672aeb0_0 .net "MASK_4", 0 0, o00000000066df3d8;  0 drivers
o00000000066df408 .functor BUFZ 1, C4<z>; HiZ drive
v000000000672acd0_0 .net "MASK_5", 0 0, o00000000066df408;  0 drivers
o00000000066df438 .functor BUFZ 1, C4<z>; HiZ drive
v000000000672b590_0 .net "MASK_6", 0 0, o00000000066df438;  0 drivers
o00000000066df468 .functor BUFZ 1, C4<z>; HiZ drive
v000000000672b1d0_0 .net "MASK_7", 0 0, o00000000066df468;  0 drivers
o00000000066df498 .functor BUFZ 1, C4<z>; HiZ drive
v000000000672b310_0 .net "MASK_8", 0 0, o00000000066df498;  0 drivers
o00000000066df4c8 .functor BUFZ 1, C4<z>; HiZ drive
v000000000672b450_0 .net "MASK_9", 0 0, o00000000066df4c8;  0 drivers
o00000000066df4f8 .functor BUFZ 1, C4<z>; HiZ drive
v000000000672c530_0 .net "RADDR_0", 0 0, o00000000066df4f8;  0 drivers
o00000000066df528 .functor BUFZ 1, C4<z>; HiZ drive
v000000000672ad70_0 .net "RADDR_1", 0 0, o00000000066df528;  0 drivers
o00000000066df558 .functor BUFZ 1, C4<z>; HiZ drive
v000000000672b3b0_0 .net "RADDR_10", 0 0, o00000000066df558;  0 drivers
o00000000066df588 .functor BUFZ 1, C4<z>; HiZ drive
v000000000672b4f0_0 .net "RADDR_2", 0 0, o00000000066df588;  0 drivers
o00000000066df5b8 .functor BUFZ 1, C4<z>; HiZ drive
v000000000672c5d0_0 .net "RADDR_3", 0 0, o00000000066df5b8;  0 drivers
o00000000066df5e8 .functor BUFZ 1, C4<z>; HiZ drive
v000000000672b6d0_0 .net "RADDR_4", 0 0, o00000000066df5e8;  0 drivers
o00000000066df618 .functor BUFZ 1, C4<z>; HiZ drive
v000000000672b770_0 .net "RADDR_5", 0 0, o00000000066df618;  0 drivers
o00000000066df648 .functor BUFZ 1, C4<z>; HiZ drive
v000000000672b810_0 .net "RADDR_6", 0 0, o00000000066df648;  0 drivers
o00000000066df678 .functor BUFZ 1, C4<z>; HiZ drive
v000000000672c0d0_0 .net "RADDR_7", 0 0, o00000000066df678;  0 drivers
o00000000066df6a8 .functor BUFZ 1, C4<z>; HiZ drive
v000000000672b950_0 .net "RADDR_8", 0 0, o00000000066df6a8;  0 drivers
o00000000066df6d8 .functor BUFZ 1, C4<z>; HiZ drive
v000000000672ba90_0 .net "RADDR_9", 0 0, o00000000066df6d8;  0 drivers
o00000000066df708 .functor BUFZ 1, C4<z>; HiZ drive
v000000000672bbd0_0 .net "RCLK", 0 0, o00000000066df708;  0 drivers
o00000000066df738 .functor BUFZ 1, C4<z>; HiZ drive
v000000000672bdb0_0 .net "RCLKE", 0 0, o00000000066df738;  0 drivers
v000000000672be50_0 .net "RDATA_0", 0 0, L_0000000006761580;  1 drivers
v000000000672bef0_0 .net "RDATA_1", 0 0, L_0000000006762980;  1 drivers
v000000000672c170_0 .net "RDATA_10", 0 0, L_0000000006762700;  1 drivers
v000000000672c750_0 .net "RDATA_11", 0 0, L_0000000006761f80;  1 drivers
v000000000672d290_0 .net "RDATA_12", 0 0, L_0000000006762c00;  1 drivers
v000000000672e870_0 .net "RDATA_13", 0 0, L_0000000006762160;  1 drivers
v000000000672eb90_0 .net "RDATA_14", 0 0, L_0000000006763420;  1 drivers
v000000000672d010_0 .net "RDATA_15", 0 0, L_0000000006761080;  1 drivers
v000000000672e370_0 .net "RDATA_2", 0 0, L_0000000006761c60;  1 drivers
v000000000672c9d0_0 .net "RDATA_3", 0 0, L_0000000006763060;  1 drivers
v000000000672e910_0 .net "RDATA_4", 0 0, L_00000000067619e0;  1 drivers
v000000000672e550_0 .net "RDATA_5", 0 0, L_0000000006762200;  1 drivers
v000000000672d470_0 .net "RDATA_6", 0 0, L_0000000006761800;  1 drivers
v000000000672cbb0_0 .net "RDATA_7", 0 0, L_00000000067611c0;  1 drivers
v000000000672e0f0_0 .net "RDATA_8", 0 0, L_0000000006762f20;  1 drivers
v000000000672c7f0_0 .net "RDATA_9", 0 0, L_0000000006761120;  1 drivers
o00000000066dfa68 .functor BUFZ 1, C4<z>; HiZ drive
v000000000672ec30_0 .net "RE", 0 0, o00000000066dfa68;  0 drivers
o00000000066dfa98 .functor BUFZ 1, C4<z>; HiZ drive
v000000000672c930_0 .net "WADDR_0", 0 0, o00000000066dfa98;  0 drivers
o00000000066dfac8 .functor BUFZ 1, C4<z>; HiZ drive
v000000000672e5f0_0 .net "WADDR_1", 0 0, o00000000066dfac8;  0 drivers
o00000000066dfaf8 .functor BUFZ 1, C4<z>; HiZ drive
v000000000672ca70_0 .net "WADDR_10", 0 0, o00000000066dfaf8;  0 drivers
o00000000066dfb28 .functor BUFZ 1, C4<z>; HiZ drive
v000000000672cf70_0 .net "WADDR_2", 0 0, o00000000066dfb28;  0 drivers
o00000000066dfb58 .functor BUFZ 1, C4<z>; HiZ drive
v000000000672e690_0 .net "WADDR_3", 0 0, o00000000066dfb58;  0 drivers
o00000000066dfb88 .functor BUFZ 1, C4<z>; HiZ drive
v000000000672cb10_0 .net "WADDR_4", 0 0, o00000000066dfb88;  0 drivers
o00000000066dfbb8 .functor BUFZ 1, C4<z>; HiZ drive
v000000000672d790_0 .net "WADDR_5", 0 0, o00000000066dfbb8;  0 drivers
o00000000066dfbe8 .functor BUFZ 1, C4<z>; HiZ drive
v000000000672d0b0_0 .net "WADDR_6", 0 0, o00000000066dfbe8;  0 drivers
o00000000066dfc18 .functor BUFZ 1, C4<z>; HiZ drive
v000000000672d510_0 .net "WADDR_7", 0 0, o00000000066dfc18;  0 drivers
o00000000066dfc48 .functor BUFZ 1, C4<z>; HiZ drive
v000000000672cd90_0 .net "WADDR_8", 0 0, o00000000066dfc48;  0 drivers
o00000000066dfc78 .functor BUFZ 1, C4<z>; HiZ drive
v000000000672d650_0 .net "WADDR_9", 0 0, o00000000066dfc78;  0 drivers
o00000000066dfca8 .functor BUFZ 1, C4<z>; HiZ drive
v000000000672ddd0_0 .net "WCLK", 0 0, o00000000066dfca8;  0 drivers
o00000000066dfcd8 .functor BUFZ 1, C4<z>; HiZ drive
v000000000672df10_0 .net "WCLKE", 0 0, o00000000066dfcd8;  0 drivers
o00000000066dfd08 .functor BUFZ 1, C4<z>; HiZ drive
v000000000672cc50_0 .net "WDATA_0", 0 0, o00000000066dfd08;  0 drivers
o00000000066dfd38 .functor BUFZ 1, C4<z>; HiZ drive
v000000000672d970_0 .net "WDATA_1", 0 0, o00000000066dfd38;  0 drivers
o00000000066dfd68 .functor BUFZ 1, C4<z>; HiZ drive
v000000000672e050_0 .net "WDATA_10", 0 0, o00000000066dfd68;  0 drivers
o00000000066dfd98 .functor BUFZ 1, C4<z>; HiZ drive
v000000000672e410_0 .net "WDATA_11", 0 0, o00000000066dfd98;  0 drivers
o00000000066dfdc8 .functor BUFZ 1, C4<z>; HiZ drive
v000000000672d150_0 .net "WDATA_12", 0 0, o00000000066dfdc8;  0 drivers
o00000000066dfdf8 .functor BUFZ 1, C4<z>; HiZ drive
v000000000672c890_0 .net "WDATA_13", 0 0, o00000000066dfdf8;  0 drivers
o00000000066dfe28 .functor BUFZ 1, C4<z>; HiZ drive
v000000000672d330_0 .net "WDATA_14", 0 0, o00000000066dfe28;  0 drivers
o00000000066dfe58 .functor BUFZ 1, C4<z>; HiZ drive
v000000000672d1f0_0 .net "WDATA_15", 0 0, o00000000066dfe58;  0 drivers
o00000000066dfe88 .functor BUFZ 1, C4<z>; HiZ drive
v000000000672ecd0_0 .net "WDATA_2", 0 0, o00000000066dfe88;  0 drivers
o00000000066dfeb8 .functor BUFZ 1, C4<z>; HiZ drive
v000000000672e9b0_0 .net "WDATA_3", 0 0, o00000000066dfeb8;  0 drivers
o00000000066dfee8 .functor BUFZ 1, C4<z>; HiZ drive
v000000000672ccf0_0 .net "WDATA_4", 0 0, o00000000066dfee8;  0 drivers
o00000000066dff18 .functor BUFZ 1, C4<z>; HiZ drive
v000000000672ce30_0 .net "WDATA_5", 0 0, o00000000066dff18;  0 drivers
o00000000066dff48 .functor BUFZ 1, C4<z>; HiZ drive
v000000000672d3d0_0 .net "WDATA_6", 0 0, o00000000066dff48;  0 drivers
o00000000066dff78 .functor BUFZ 1, C4<z>; HiZ drive
v000000000672d5b0_0 .net "WDATA_7", 0 0, o00000000066dff78;  0 drivers
o00000000066dffa8 .functor BUFZ 1, C4<z>; HiZ drive
v000000000672ced0_0 .net "WDATA_8", 0 0, o00000000066dffa8;  0 drivers
o00000000066dffd8 .functor BUFZ 1, C4<z>; HiZ drive
v000000000672d6f0_0 .net "WDATA_9", 0 0, o00000000066dffd8;  0 drivers
o00000000066e0008 .functor BUFZ 1, C4<z>; HiZ drive
v000000000672e230_0 .net "WE", 0 0, o00000000066e0008;  0 drivers
v000000000672dfb0_0 .net *"_ivl_100", 0 0, L_0000000006764960;  1 drivers
v000000000672d830_0 .net *"_ivl_102", 0 0, L_0000000006765400;  1 drivers
v000000000672dd30_0 .net *"_ivl_104", 0 0, L_00000000067643c0;  1 drivers
v000000000672d8d0_0 .net *"_ivl_106", 0 0, L_00000000067645a0;  1 drivers
v000000000672e4b0_0 .net *"_ivl_108", 0 0, L_0000000006764460;  1 drivers
v000000000672e730_0 .net *"_ivl_110", 0 0, L_0000000006765e00;  1 drivers
v000000000672de70_0 .net *"_ivl_112", 0 0, L_0000000006765680;  1 drivers
v000000000672e190_0 .net *"_ivl_114", 0 0, L_0000000006763f60;  1 drivers
v000000000672e2d0_0 .net *"_ivl_116", 0 0, L_0000000006765860;  1 drivers
v000000000672ed70_0 .net *"_ivl_120", 0 0, L_0000000006764a00;  1 drivers
v000000000672e7d0_0 .net *"_ivl_122", 0 0, L_0000000006764280;  1 drivers
v000000000672ea50_0 .net *"_ivl_124", 0 0, L_0000000006765720;  1 drivers
v000000000672da10_0 .net *"_ivl_126", 0 0, L_0000000006765cc0;  1 drivers
v000000000672ee10_0 .net *"_ivl_128", 0 0, L_00000000067652c0;  1 drivers
v000000000672eaf0_0 .net *"_ivl_130", 0 0, L_00000000067654a0;  1 drivers
v000000000672dab0_0 .net *"_ivl_132", 0 0, L_0000000006763b00;  1 drivers
v000000000672db50_0 .net *"_ivl_134", 0 0, L_0000000006764820;  1 drivers
v000000000672dbf0_0 .net *"_ivl_136", 0 0, L_0000000006764be0;  1 drivers
v000000000672dc90_0 .net *"_ivl_138", 0 0, L_0000000006765d60;  1 drivers
v000000000672eeb0_0 .net *"_ivl_140", 0 0, L_00000000067657c0;  1 drivers
v0000000006730490_0 .net *"_ivl_142", 0 0, L_00000000067648c0;  1 drivers
v000000000672fdb0_0 .net *"_ivl_144", 0 0, L_0000000006765540;  1 drivers
v000000000672f3b0_0 .net *"_ivl_146", 0 0, L_0000000006763a60;  1 drivers
v000000000672f770_0 .net *"_ivl_148", 0 0, L_00000000067659a0;  1 drivers
v0000000006730170_0 .net *"_ivl_150", 0 0, L_0000000006764aa0;  1 drivers
v000000000672f590_0 .net *"_ivl_18", 0 0, L_0000000006761d00;  1 drivers
v000000000672f450_0 .net/2u *"_ivl_19", 0 0, L_0000000006769210;  1 drivers
v000000000672fa90_0 .net *"_ivl_28", 0 0, L_0000000006762fc0;  1 drivers
v000000000672f950_0 .net *"_ivl_30", 0 0, L_0000000006762ac0;  1 drivers
v000000000672eff0_0 .net *"_ivl_32", 0 0, L_0000000006763100;  1 drivers
v000000000672fd10_0 .net *"_ivl_34", 0 0, L_00000000067613a0;  1 drivers
v000000000672f9f0_0 .net *"_ivl_36", 0 0, L_00000000067618a0;  1 drivers
v000000000672f090_0 .net *"_ivl_38", 0 0, L_0000000006761440;  1 drivers
v000000000672fe50_0 .net *"_ivl_40", 0 0, L_0000000006761da0;  1 drivers
v000000000672f130_0 .net *"_ivl_42", 0 0, L_00000000067614e0;  1 drivers
v000000000672fbd0_0 .net *"_ivl_44", 0 0, L_0000000006761620;  1 drivers
v000000000672ff90_0 .net *"_ivl_46", 0 0, L_00000000067616c0;  1 drivers
v000000000672ef50_0 .net *"_ivl_48", 0 0, L_0000000006761a80;  1 drivers
v000000000672fb30_0 .net *"_ivl_52", 0 0, L_0000000006761940;  1 drivers
v000000000672fc70_0 .net/2u *"_ivl_53", 0 0, L_0000000006769258;  1 drivers
v000000000672f1d0_0 .net *"_ivl_62", 0 0, L_0000000006763240;  1 drivers
v0000000006730030_0 .net *"_ivl_64", 0 0, L_00000000067622a0;  1 drivers
v000000000672f810_0 .net *"_ivl_66", 0 0, L_00000000067634c0;  1 drivers
v000000000672f270_0 .net *"_ivl_68", 0 0, L_0000000006762d40;  1 drivers
v000000000672fef0_0 .net *"_ivl_70", 0 0, L_00000000067623e0;  1 drivers
v000000000672f8b0_0 .net *"_ivl_72", 0 0, L_00000000067632e0;  1 drivers
v000000000672f4f0_0 .net *"_ivl_74", 0 0, L_0000000006763380;  1 drivers
v000000000672f310_0 .net *"_ivl_76", 0 0, L_0000000006763560;  1 drivers
v00000000067300d0_0 .net *"_ivl_78", 0 0, L_0000000006763e20;  1 drivers
v0000000006730210_0 .net *"_ivl_80", 0 0, L_0000000006764320;  1 drivers
v00000000067302b0_0 .net *"_ivl_82", 0 0, L_0000000006765360;  1 drivers
v000000000672f630_0 .net *"_ivl_86", 0 0, L_0000000006765c20;  1 drivers
v000000000672f6d0_0 .net *"_ivl_88", 0 0, L_0000000006763920;  1 drivers
v0000000006730350_0 .net *"_ivl_90", 0 0, L_00000000067655e0;  1 drivers
v00000000067303f0_0 .net *"_ivl_92", 0 0, L_0000000006764780;  1 drivers
v0000000006730530_0 .net *"_ivl_94", 0 0, L_0000000006764500;  1 drivers
v00000000067305d0_0 .net *"_ivl_96", 0 0, L_0000000006764640;  1 drivers
v0000000006731330_0 .net *"_ivl_98", 0 0, L_0000000006764f00;  1 drivers
L_0000000006761080 .part v000000000672c350_0, 15, 1;
L_0000000006763420 .part v000000000672c350_0, 14, 1;
L_0000000006762160 .part v000000000672c350_0, 13, 1;
L_0000000006762c00 .part v000000000672c350_0, 12, 1;
L_0000000006761f80 .part v000000000672c350_0, 11, 1;
L_0000000006762700 .part v000000000672c350_0, 10, 1;
L_0000000006761120 .part v000000000672c350_0, 9, 1;
L_0000000006762f20 .part v000000000672c350_0, 8, 1;
L_00000000067611c0 .part v000000000672c350_0, 7, 1;
L_0000000006761800 .part v000000000672c350_0, 6, 1;
L_0000000006762200 .part v000000000672c350_0, 5, 1;
L_00000000067619e0 .part v000000000672c350_0, 4, 1;
L_0000000006763060 .part v000000000672c350_0, 3, 1;
L_0000000006761c60 .part v000000000672c350_0, 2, 1;
L_0000000006762980 .part v000000000672c350_0, 1, 1;
L_0000000006761580 .part v000000000672c350_0, 0, 1;
L_0000000006761d00 .ufunc/vec4 TD_ICESTORM_RAM.pd, 1, o00000000066df708 (v000000000672a7d0_0) S_00000000066db870;
L_0000000006761300 .ufunc/vec4 TD_ICESTORM_RAM.pu, 1, o00000000066df738 (v000000000672ac30_0) S_00000000066db0a0;
L_0000000006762020 .ufunc/vec4 TD_ICESTORM_RAM.pd, 1, o00000000066dfa68 (v000000000672a7d0_0) S_00000000066db870;
L_0000000006762fc0 .ufunc/vec4 TD_ICESTORM_RAM.pd, 1, o00000000066df558 (v000000000672a7d0_0) S_00000000066db870;
L_0000000006762ac0 .ufunc/vec4 TD_ICESTORM_RAM.pd, 1, o00000000066df6d8 (v000000000672a7d0_0) S_00000000066db870;
L_0000000006763100 .ufunc/vec4 TD_ICESTORM_RAM.pd, 1, o00000000066df6a8 (v000000000672a7d0_0) S_00000000066db870;
L_00000000067613a0 .ufunc/vec4 TD_ICESTORM_RAM.pd, 1, o00000000066df678 (v000000000672a7d0_0) S_00000000066db870;
L_00000000067618a0 .ufunc/vec4 TD_ICESTORM_RAM.pd, 1, o00000000066df648 (v000000000672a7d0_0) S_00000000066db870;
L_0000000006761440 .ufunc/vec4 TD_ICESTORM_RAM.pd, 1, o00000000066df618 (v000000000672a7d0_0) S_00000000066db870;
L_0000000006761da0 .ufunc/vec4 TD_ICESTORM_RAM.pd, 1, o00000000066df5e8 (v000000000672a7d0_0) S_00000000066db870;
L_00000000067614e0 .ufunc/vec4 TD_ICESTORM_RAM.pd, 1, o00000000066df5b8 (v000000000672a7d0_0) S_00000000066db870;
L_0000000006761620 .ufunc/vec4 TD_ICESTORM_RAM.pd, 1, o00000000066df588 (v000000000672a7d0_0) S_00000000066db870;
L_00000000067616c0 .ufunc/vec4 TD_ICESTORM_RAM.pd, 1, o00000000066df528 (v000000000672a7d0_0) S_00000000066db870;
L_0000000006761a80 .ufunc/vec4 TD_ICESTORM_RAM.pd, 1, o00000000066df4f8 (v000000000672a7d0_0) S_00000000066db870;
LS_0000000006762a20_0_0 .concat [ 1 1 1 1], L_0000000006761a80, L_00000000067616c0, L_0000000006761620, L_00000000067614e0;
LS_0000000006762a20_0_4 .concat [ 1 1 1 1], L_0000000006761da0, L_0000000006761440, L_00000000067618a0, L_00000000067613a0;
LS_0000000006762a20_0_8 .concat [ 1 1 1 0], L_0000000006763100, L_0000000006762ac0, L_0000000006762fc0;
L_0000000006762a20 .concat [ 4 4 3 0], LS_0000000006762a20_0_0, LS_0000000006762a20_0_4, LS_0000000006762a20_0_8;
L_0000000006761940 .ufunc/vec4 TD_ICESTORM_RAM.pd, 1, o00000000066dfca8 (v000000000672a7d0_0) S_00000000066db870;
L_0000000006761b20 .ufunc/vec4 TD_ICESTORM_RAM.pu, 1, o00000000066dfcd8 (v000000000672ac30_0) S_00000000066db0a0;
L_0000000006762ca0 .ufunc/vec4 TD_ICESTORM_RAM.pd, 1, o00000000066e0008 (v000000000672a7d0_0) S_00000000066db870;
L_0000000006763240 .ufunc/vec4 TD_ICESTORM_RAM.pd, 1, o00000000066dfaf8 (v000000000672a7d0_0) S_00000000066db870;
L_00000000067622a0 .ufunc/vec4 TD_ICESTORM_RAM.pd, 1, o00000000066dfc78 (v000000000672a7d0_0) S_00000000066db870;
L_00000000067634c0 .ufunc/vec4 TD_ICESTORM_RAM.pd, 1, o00000000066dfc48 (v000000000672a7d0_0) S_00000000066db870;
L_0000000006762d40 .ufunc/vec4 TD_ICESTORM_RAM.pd, 1, o00000000066dfc18 (v000000000672a7d0_0) S_00000000066db870;
L_00000000067623e0 .ufunc/vec4 TD_ICESTORM_RAM.pd, 1, o00000000066dfbe8 (v000000000672a7d0_0) S_00000000066db870;
L_00000000067632e0 .ufunc/vec4 TD_ICESTORM_RAM.pd, 1, o00000000066dfbb8 (v000000000672a7d0_0) S_00000000066db870;
L_0000000006763380 .ufunc/vec4 TD_ICESTORM_RAM.pd, 1, o00000000066dfb88 (v000000000672a7d0_0) S_00000000066db870;
L_0000000006763560 .ufunc/vec4 TD_ICESTORM_RAM.pd, 1, o00000000066dfb58 (v000000000672a7d0_0) S_00000000066db870;
L_0000000006763e20 .ufunc/vec4 TD_ICESTORM_RAM.pd, 1, o00000000066dfb28 (v000000000672a7d0_0) S_00000000066db870;
L_0000000006764320 .ufunc/vec4 TD_ICESTORM_RAM.pd, 1, o00000000066dfac8 (v000000000672a7d0_0) S_00000000066db870;
L_0000000006765360 .ufunc/vec4 TD_ICESTORM_RAM.pd, 1, o00000000066dfa98 (v000000000672a7d0_0) S_00000000066db870;
LS_0000000006765900_0_0 .concat [ 1 1 1 1], L_0000000006765360, L_0000000006764320, L_0000000006763e20, L_0000000006763560;
LS_0000000006765900_0_4 .concat [ 1 1 1 1], L_0000000006763380, L_00000000067632e0, L_00000000067623e0, L_0000000006762d40;
LS_0000000006765900_0_8 .concat [ 1 1 1 0], L_00000000067634c0, L_00000000067622a0, L_0000000006763240;
L_0000000006765900 .concat [ 4 4 3 0], LS_0000000006765900_0_0, LS_0000000006765900_0_4, LS_0000000006765900_0_8;
L_0000000006765c20 .ufunc/vec4 TD_ICESTORM_RAM.pd, 1, o00000000066df348 (v000000000672a7d0_0) S_00000000066db870;
L_0000000006763920 .ufunc/vec4 TD_ICESTORM_RAM.pd, 1, o00000000066df318 (v000000000672a7d0_0) S_00000000066db870;
L_00000000067655e0 .ufunc/vec4 TD_ICESTORM_RAM.pd, 1, o00000000066df2e8 (v000000000672a7d0_0) S_00000000066db870;
L_0000000006764780 .ufunc/vec4 TD_ICESTORM_RAM.pd, 1, o00000000066df2b8 (v000000000672a7d0_0) S_00000000066db870;
L_0000000006764500 .ufunc/vec4 TD_ICESTORM_RAM.pd, 1, o00000000066df288 (v000000000672a7d0_0) S_00000000066db870;
L_0000000006764640 .ufunc/vec4 TD_ICESTORM_RAM.pd, 1, o00000000066df258 (v000000000672a7d0_0) S_00000000066db870;
L_0000000006764f00 .ufunc/vec4 TD_ICESTORM_RAM.pd, 1, o00000000066df4c8 (v000000000672a7d0_0) S_00000000066db870;
L_0000000006764960 .ufunc/vec4 TD_ICESTORM_RAM.pd, 1, o00000000066df498 (v000000000672a7d0_0) S_00000000066db870;
L_0000000006765400 .ufunc/vec4 TD_ICESTORM_RAM.pd, 1, o00000000066df468 (v000000000672a7d0_0) S_00000000066db870;
L_00000000067643c0 .ufunc/vec4 TD_ICESTORM_RAM.pd, 1, o00000000066df438 (v000000000672a7d0_0) S_00000000066db870;
L_00000000067645a0 .ufunc/vec4 TD_ICESTORM_RAM.pd, 1, o00000000066df408 (v000000000672a7d0_0) S_00000000066db870;
L_0000000006764460 .ufunc/vec4 TD_ICESTORM_RAM.pd, 1, o00000000066df3d8 (v000000000672a7d0_0) S_00000000066db870;
L_0000000006765e00 .ufunc/vec4 TD_ICESTORM_RAM.pd, 1, o00000000066df3a8 (v000000000672a7d0_0) S_00000000066db870;
L_0000000006765680 .ufunc/vec4 TD_ICESTORM_RAM.pd, 1, o00000000066df378 (v000000000672a7d0_0) S_00000000066db870;
L_0000000006763f60 .ufunc/vec4 TD_ICESTORM_RAM.pd, 1, o00000000066df228 (v000000000672a7d0_0) S_00000000066db870;
L_0000000006765860 .ufunc/vec4 TD_ICESTORM_RAM.pd, 1, o00000000066df1f8 (v000000000672a7d0_0) S_00000000066db870;
LS_00000000067646e0_0_0 .concat [ 1 1 1 1], L_0000000006765860, L_0000000006763f60, L_0000000006765680, L_0000000006765e00;
LS_00000000067646e0_0_4 .concat [ 1 1 1 1], L_0000000006764460, L_00000000067645a0, L_00000000067643c0, L_0000000006765400;
LS_00000000067646e0_0_8 .concat [ 1 1 1 1], L_0000000006764960, L_0000000006764f00, L_0000000006764640, L_0000000006764500;
LS_00000000067646e0_0_12 .concat [ 1 1 1 1], L_0000000006764780, L_00000000067655e0, L_0000000006763920, L_0000000006765c20;
L_00000000067646e0 .concat [ 4 4 4 4], LS_00000000067646e0_0_0, LS_00000000067646e0_0_4, LS_00000000067646e0_0_8, LS_00000000067646e0_0_12;
L_0000000006764a00 .ufunc/vec4 TD_ICESTORM_RAM.pd, 1, o00000000066dfe58 (v000000000672a7d0_0) S_00000000066db870;
L_0000000006764280 .ufunc/vec4 TD_ICESTORM_RAM.pd, 1, o00000000066dfe28 (v000000000672a7d0_0) S_00000000066db870;
L_0000000006765720 .ufunc/vec4 TD_ICESTORM_RAM.pd, 1, o00000000066dfdf8 (v000000000672a7d0_0) S_00000000066db870;
L_0000000006765cc0 .ufunc/vec4 TD_ICESTORM_RAM.pd, 1, o00000000066dfdc8 (v000000000672a7d0_0) S_00000000066db870;
L_00000000067652c0 .ufunc/vec4 TD_ICESTORM_RAM.pd, 1, o00000000066dfd98 (v000000000672a7d0_0) S_00000000066db870;
L_00000000067654a0 .ufunc/vec4 TD_ICESTORM_RAM.pd, 1, o00000000066dfd68 (v000000000672a7d0_0) S_00000000066db870;
L_0000000006763b00 .ufunc/vec4 TD_ICESTORM_RAM.pd, 1, o00000000066dffd8 (v000000000672a7d0_0) S_00000000066db870;
L_0000000006764820 .ufunc/vec4 TD_ICESTORM_RAM.pd, 1, o00000000066dffa8 (v000000000672a7d0_0) S_00000000066db870;
L_0000000006764be0 .ufunc/vec4 TD_ICESTORM_RAM.pd, 1, o00000000066dff78 (v000000000672a7d0_0) S_00000000066db870;
L_0000000006765d60 .ufunc/vec4 TD_ICESTORM_RAM.pd, 1, o00000000066dff48 (v000000000672a7d0_0) S_00000000066db870;
L_00000000067657c0 .ufunc/vec4 TD_ICESTORM_RAM.pd, 1, o00000000066dff18 (v000000000672a7d0_0) S_00000000066db870;
L_00000000067648c0 .ufunc/vec4 TD_ICESTORM_RAM.pd, 1, o00000000066dfee8 (v000000000672a7d0_0) S_00000000066db870;
L_0000000006765540 .ufunc/vec4 TD_ICESTORM_RAM.pd, 1, o00000000066dfeb8 (v000000000672a7d0_0) S_00000000066db870;
L_0000000006763a60 .ufunc/vec4 TD_ICESTORM_RAM.pd, 1, o00000000066dfe88 (v000000000672a7d0_0) S_00000000066db870;
L_00000000067659a0 .ufunc/vec4 TD_ICESTORM_RAM.pd, 1, o00000000066dfd38 (v000000000672a7d0_0) S_00000000066db870;
L_0000000006764aa0 .ufunc/vec4 TD_ICESTORM_RAM.pd, 1, o00000000066dfd08 (v000000000672a7d0_0) S_00000000066db870;
LS_0000000006763740_0_0 .concat [ 1 1 1 1], L_0000000006764aa0, L_00000000067659a0, L_0000000006763a60, L_0000000006765540;
LS_0000000006763740_0_4 .concat [ 1 1 1 1], L_00000000067648c0, L_00000000067657c0, L_0000000006765d60, L_0000000006764be0;
LS_0000000006763740_0_8 .concat [ 1 1 1 1], L_0000000006764820, L_0000000006763b00, L_00000000067654a0, L_00000000067652c0;
LS_0000000006763740_0_12 .concat [ 1 1 1 1], L_0000000006765cc0, L_0000000006765720, L_0000000006764280, L_0000000006764a00;
L_0000000006763740 .concat [ 4 4 4 4], LS_0000000006763740_0_0, LS_0000000006763740_0_4, LS_0000000006763740_0_8, LS_0000000006763740_0_12;
S_00000000066dad80 .scope module, "RAM" "SB_RAM40_4K" 2 3233, 2 1487 0, S_000000000669e060;
 .timescale -12 -12;
    .port_info 0 /OUTPUT 16 "RDATA";
    .port_info 1 /INPUT 1 "RCLK";
    .port_info 2 /INPUT 1 "RCLKE";
    .port_info 3 /INPUT 1 "RE";
    .port_info 4 /INPUT 11 "RADDR";
    .port_info 5 /INPUT 1 "WCLK";
    .port_info 6 /INPUT 1 "WCLKE";
    .port_info 7 /INPUT 1 "WE";
    .port_info 8 /INPUT 11 "WADDR";
    .port_info 9 /INPUT 16 "MASK";
    .port_info 10 /INPUT 16 "WDATA";
P_00000000067222a0 .param/l "INIT_0" 0 2 1507, C4<0000000000000000000000000000000000000000000000000000000000000000000000000000000000000000000000000000000000000000000000000000000000000000000000000000000000000000000000000000000000000000000000000000000000000000000000000000000000000000000000000000000000000000>;
P_00000000067222d8 .param/l "INIT_1" 0 2 1508, C4<0000000000000000000000000000000000000000000000000000000000000000000000000000000000000000000000000000000000000000000000000000000000000000000000000000000000000000000000000000000000000000000000000000000000000000000000000000000000000000000000000000000000000000>;
P_0000000006722310 .param/l "INIT_2" 0 2 1509, C4<0000000000000000000000000000000000000000000000000000000000000000000000000000000000000000000000000000000000000000000000000000000000000000000000000000000000000000000000000000000000000000000000000000000000000000000000000000000000000000000000000000000000000000>;
P_0000000006722348 .param/l "INIT_3" 0 2 1510, C4<0000000000000000000000000000000000000000000000000000000000000000000000000000000000000000000000000000000000000000000000000000000000000000000000000000000000000000000000000000000000000000000000000000000000000000000000000000000000000000000000000000000000000000>;
P_0000000006722380 .param/l "INIT_4" 0 2 1511, C4<0000000000000000000000000000000000000000000000000000000000000000000000000000000000000000000000000000000000000000000000000000000000000000000000000000000000000000000000000000000000000000000000000000000000000000000000000000000000000000000000000000000000000000>;
P_00000000067223b8 .param/l "INIT_5" 0 2 1512, C4<0000000000000000000000000000000000000000000000000000000000000000000000000000000000000000000000000000000000000000000000000000000000000000000000000000000000000000000000000000000000000000000000000000000000000000000000000000000000000000000000000000000000000000>;
P_00000000067223f0 .param/l "INIT_6" 0 2 1513, C4<0000000000000000000000000000000000000000000000000000000000000000000000000000000000000000000000000000000000000000000000000000000000000000000000000000000000000000000000000000000000000000000000000000000000000000000000000000000000000000000000000000000000000000>;
P_0000000006722428 .param/l "INIT_7" 0 2 1514, C4<0000000000000000000000000000000000000000000000000000000000000000000000000000000000000000000000000000000000000000000000000000000000000000000000000000000000000000000000000000000000000000000000000000000000000000000000000000000000000000000000000000000000000000>;
P_0000000006722460 .param/l "INIT_8" 0 2 1515, C4<0000000000000000000000000000000000000000000000000000000000000000000000000000000000000000000000000000000000000000000000000000000000000000000000000000000000000000000000000000000000000000000000000000000000000000000000000000000000000000000000000000000000000000>;
P_0000000006722498 .param/l "INIT_9" 0 2 1516, C4<0000000000000000000000000000000000000000000000000000000000000000000000000000000000000000000000000000000000000000000000000000000000000000000000000000000000000000000000000000000000000000000000000000000000000000000000000000000000000000000000000000000000000000>;
P_00000000067224d0 .param/l "INIT_A" 0 2 1517, C4<0000000000000000000000000000000000000000000000000000000000000000000000000000000000000000000000000000000000000000000000000000000000000000000000000000000000000000000000000000000000000000000000000000000000000000000000000000000000000000000000000000000000000000>;
P_0000000006722508 .param/l "INIT_B" 0 2 1518, C4<0000000000000000000000000000000000000000000000000000000000000000000000000000000000000000000000000000000000000000000000000000000000000000000000000000000000000000000000000000000000000000000000000000000000000000000000000000000000000000000000000000000000000000>;
P_0000000006722540 .param/l "INIT_C" 0 2 1519, C4<0000000000000000000000000000000000000000000000000000000000000000000000000000000000000000000000000000000000000000000000000000000000000000000000000000000000000000000000000000000000000000000000000000000000000000000000000000000000000000000000000000000000000000>;
P_0000000006722578 .param/l "INIT_D" 0 2 1520, C4<0000000000000000000000000000000000000000000000000000000000000000000000000000000000000000000000000000000000000000000000000000000000000000000000000000000000000000000000000000000000000000000000000000000000000000000000000000000000000000000000000000000000000000>;
P_00000000067225b0 .param/l "INIT_E" 0 2 1521, C4<0000000000000000000000000000000000000000000000000000000000000000000000000000000000000000000000000000000000000000000000000000000000000000000000000000000000000000000000000000000000000000000000000000000000000000000000000000000000000000000000000000000000000000>;
P_00000000067225e8 .param/l "INIT_F" 0 2 1522, C4<0000000000000000000000000000000000000000000000000000000000000000000000000000000000000000000000000000000000000000000000000000000000000000000000000000000000000000000000000000000000000000000000000000000000000000000000000000000000000000000000000000000000000000>;
P_0000000006722620 .param/str "INIT_FILE" 0 2 1524, "\000";
P_0000000006722658 .param/l "READ_MODE" 0 2 1505, +C4<00000000000000000000000000000000>;
P_0000000006722690 .param/l "WRITE_MODE" 0 2 1504, +C4<00000000000000000000000000000000>;
v00000000065f1bf0_0 .net "MASK", 15 0, L_00000000067646e0;  1 drivers
v00000000065f2050_0 .net "RADDR", 10 0, L_0000000006762a20;  1 drivers
v000000000663dfc0_0 .net "RCLK", 0 0, L_0000000006646f90;  1 drivers
v000000000672c3f0_0 .net "RCLKE", 0 0, L_0000000006761300;  1 drivers
v000000000672a870_0 .net "RDATA", 15 0, v000000000672c350_0;  1 drivers
v000000000672c350_0 .var "RDATA_I", 15 0;
v000000000672aa50_0 .net "RE", 0 0, L_0000000006762020;  1 drivers
L_00000000067691c8 .functor BUFT 1, C4<0000000000000000>, C4<0>, C4<0>, C4<0>;
v000000000672bb30_0 .net "RMASK_I", 15 0, L_00000000067691c8;  1 drivers
v000000000672b130_0 .net "WADDR", 10 0, L_0000000006765900;  1 drivers
v000000000672a730_0 .net "WCLK", 0 0, L_0000000006646ac0;  1 drivers
v000000000672b9f0_0 .net "WCLKE", 0 0, L_0000000006761b20;  1 drivers
v000000000672af50_0 .net "WDATA", 15 0, L_0000000006763740;  1 drivers
v000000000672bf90_0 .net "WDATA_I", 15 0, L_0000000006646740;  1 drivers
v000000000672b630_0 .net "WE", 0 0, L_0000000006762ca0;  1 drivers
v000000000672b8b0_0 .net "WMASK_I", 15 0, L_0000000006645b00;  1 drivers
v000000000672b270_0 .var/i "i", 31 0;
v000000000672a910 .array "memory", 255 0, 15 0;
E_00000000066b2b00 .event posedge, v000000000663dfc0_0;
E_00000000066b2f00 .event posedge, v000000000672a730_0;
S_00000000066dc4f0 .scope generate, "genblk1" "genblk1" 2 1534, 2 1534 0, S_00000000066dad80;
 .timescale -12 -12;
L_0000000006645b00 .functor BUFZ 16, L_00000000067646e0, C4<0000000000000000>, C4<0000000000000000>, C4<0000000000000000>;
S_00000000066db6e0 .scope generate, "genblk2" "genblk2" 2 1555, 2 1555 0, S_00000000066dad80;
 .timescale -12 -12;
S_00000000066dbeb0 .scope generate, "genblk3" "genblk3" 2 1576, 2 1576 0, S_00000000066dad80;
 .timescale -12 -12;
L_0000000006646740 .functor BUFZ 16, L_0000000006763740, C4<0000000000000000>, C4<0000000000000000>, C4<0000000000000000>;
S_00000000066daf10 .scope generate, "genblk4" "genblk4" 2 1595, 2 1595 0, S_00000000066dad80;
 .timescale -12 -12;
S_00000000066db870 .scope function.vec4.s1, "pd" "pd" 2 3200, 2 3200 0, S_000000000669e060;
 .timescale -12 -12;
; Variable pd is vec4 return value of scope S_00000000066db870
v000000000672a7d0_0 .var "x", 0 0;
TD_ICESTORM_RAM.pd ;
    %load/vec4 v000000000672a7d0_0;
    %cmpi/e 0, 1, 1;
    %flag_mov 8, 6;
    %jmp/0 T_0.0, 8;
    %pushi/vec4 0, 0, 1;
    %jmp/1 T_0.1, 8;
T_0.0 ; End of true expr.
    %load/vec4 v000000000672a7d0_0;
    %jmp/0 T_0.1, 8;
 ; End of false expr.
    %blend;
T_0.1;
    %ret/vec4 0, 0, 1;  Assign to pd (store_vec4_to_lval)
    %end;
S_00000000066db0a0 .scope function.vec4.s1, "pu" "pu" 2 3207, 2 3207 0, S_000000000669e060;
 .timescale -12 -12;
; Variable pu is vec4 return value of scope S_00000000066db0a0
v000000000672ac30_0 .var "x", 0 0;
TD_ICESTORM_RAM.pu ;
    %load/vec4 v000000000672ac30_0;
    %cmpi/e 0, 1, 1;
    %flag_mov 8, 6;
    %jmp/0 T_1.2, 8;
    %pushi/vec4 1, 0, 1;
    %jmp/1 T_1.3, 8;
T_1.2 ; End of true expr.
    %load/vec4 v000000000672ac30_0;
    %jmp/0 T_1.3, 8;
 ; End of false expr.
    %blend;
T_1.3;
    %ret/vec4 0, 0, 1;  Assign to pu (store_vec4_to_lval)
    %end;
S_00000000063b2ca0 .scope module, "SB_CARRY" "SB_CARRY" 2 228;
 .timescale -12 -12;
    .port_info 0 /OUTPUT 1 "CO";
    .port_info 1 /INPUT 1 "I0";
    .port_info 2 /INPUT 1 "I1";
    .port_info 3 /INPUT 1 "CI";
o00000000066e19b8 .functor BUFZ 1, C4<z>; HiZ drive
o00000000066e19e8 .functor BUFZ 1, C4<z>; HiZ drive
L_0000000006647690 .functor AND 1, o00000000066e19b8, o00000000066e19e8, C4<1>, C4<1>;
L_0000000006648e30 .functor OR 1, o00000000066e19b8, o00000000066e19e8, C4<0>, C4<0>;
o00000000066e1958 .functor BUFZ 1, C4<z>; HiZ drive
L_0000000006647e70 .functor AND 1, L_0000000006648e30, o00000000066e1958, C4<1>, C4<1>;
L_0000000006647bd0 .functor OR 1, L_0000000006647690, L_0000000006647e70, C4<0>, C4<0>;
v0000000006732f50_0 .net "CI", 0 0, o00000000066e1958;  0 drivers
v0000000006731010_0 .net "CO", 0 0, L_0000000006647bd0;  1 drivers
v0000000006731ab0_0 .net "I0", 0 0, o00000000066e19b8;  0 drivers
v00000000067333b0_0 .net "I1", 0 0, o00000000066e19e8;  0 drivers
v0000000006732690_0 .net *"_ivl_1", 0 0, L_0000000006647690;  1 drivers
v00000000067334f0_0 .net *"_ivl_3", 0 0, L_0000000006648e30;  1 drivers
v0000000006730f70_0 .net *"_ivl_5", 0 0, L_0000000006647e70;  1 drivers
S_00000000063b2e30 .scope module, "SB_DFF" "SB_DFF" 2 265;
 .timescale -12 -12;
    .port_info 0 /OUTPUT 1 "Q";
    .port_info 1 /INPUT 1 "C";
    .port_info 2 /INPUT 1 "D";
o00000000066e1b68 .functor BUFZ 1, C4<z>; HiZ drive
v00000000067313d0_0 .net "C", 0 0, o00000000066e1b68;  0 drivers
o00000000066e1b98 .functor BUFZ 1, C4<z>; HiZ drive
v0000000006732ff0_0 .net "D", 0 0, o00000000066e1b98;  0 drivers
v0000000006733450_0 .var "Q", 0 0;
E_00000000066b2700 .event posedge, v00000000067313d0_0;
S_00000000063b2fc0 .scope module, "SB_DFFE" "SB_DFFE" 2 303;
 .timescale -12 -12;
    .port_info 0 /OUTPUT 1 "Q";
    .port_info 1 /INPUT 1 "C";
    .port_info 2 /INPUT 1 "E";
    .port_info 3 /INPUT 1 "D";
o00000000066e1c88 .functor BUFZ 1, C4<z>; HiZ drive
v0000000006731e70_0 .net "C", 0 0, o00000000066e1c88;  0 drivers
o00000000066e1cb8 .functor BUFZ 1, C4<z>; HiZ drive
v0000000006733590_0 .net "D", 0 0, o00000000066e1cb8;  0 drivers
o00000000066e1ce8 .functor BUFZ 1, C4<z>; HiZ drive
v00000000067310b0_0 .net "E", 0 0, o00000000066e1ce8;  0 drivers
v0000000006731150_0 .var "Q", 0 0;
E_00000000066b2740 .event posedge, v0000000006731e70_0;
S_00000000063f3d80 .scope module, "SB_DFFER" "SB_DFFER" 2 653;
 .timescale -12 -12;
    .port_info 0 /OUTPUT 1 "Q";
    .port_info 1 /INPUT 1 "C";
    .port_info 2 /INPUT 1 "E";
    .port_info 3 /INPUT 1 "R";
    .port_info 4 /INPUT 1 "D";
o00000000066e1e08 .functor BUFZ 1, C4<z>; HiZ drive
v00000000067322d0_0 .net "C", 0 0, o00000000066e1e08;  0 drivers
o00000000066e1e38 .functor BUFZ 1, C4<z>; HiZ drive
v00000000067320f0_0 .net "D", 0 0, o00000000066e1e38;  0 drivers
o00000000066e1e68 .functor BUFZ 1, C4<z>; HiZ drive
v00000000067311f0_0 .net "E", 0 0, o00000000066e1e68;  0 drivers
v00000000067327d0_0 .var "Q", 0 0;
o00000000066e1ec8 .functor BUFZ 1, C4<z>; HiZ drive
v0000000006732870_0 .net "R", 0 0, o00000000066e1ec8;  0 drivers
E_00000000066b25c0 .event posedge, v0000000006732870_0, v00000000067322d0_0;
S_00000000063f3f10 .scope module, "SB_DFFES" "SB_DFFES" 2 794;
 .timescale -12 -12;
    .port_info 0 /OUTPUT 1 "Q";
    .port_info 1 /INPUT 1 "C";
    .port_info 2 /INPUT 1 "E";
    .port_info 3 /INPUT 1 "S";
    .port_info 4 /INPUT 1 "D";
o00000000066e1fe8 .functor BUFZ 1, C4<z>; HiZ drive
v0000000006732910_0 .net "C", 0 0, o00000000066e1fe8;  0 drivers
o00000000066e2018 .functor BUFZ 1, C4<z>; HiZ drive
v00000000067315b0_0 .net "D", 0 0, o00000000066e2018;  0 drivers
o00000000066e2048 .functor BUFZ 1, C4<z>; HiZ drive
v0000000006732eb0_0 .net "E", 0 0, o00000000066e2048;  0 drivers
v0000000006731f10_0 .var "Q", 0 0;
o00000000066e20a8 .functor BUFZ 1, C4<z>; HiZ drive
v0000000006733090_0 .net "S", 0 0, o00000000066e20a8;  0 drivers
E_00000000066b2380 .event posedge, v0000000006733090_0, v0000000006732910_0;
S_00000000063f40a0 .scope module, "SB_DFFESR" "SB_DFFESR" 2 592;
 .timescale -12 -12;
    .port_info 0 /OUTPUT 1 "Q";
    .port_info 1 /INPUT 1 "C";
    .port_info 2 /INPUT 1 "E";
    .port_info 3 /INPUT 1 "R";
    .port_info 4 /INPUT 1 "D";
o00000000066e21c8 .functor BUFZ 1, C4<z>; HiZ drive
v0000000006731290_0 .net "C", 0 0, o00000000066e21c8;  0 drivers
o00000000066e21f8 .functor BUFZ 1, C4<z>; HiZ drive
v0000000006731b50_0 .net "D", 0 0, o00000000066e21f8;  0 drivers
o00000000066e2228 .functor BUFZ 1, C4<z>; HiZ drive
v0000000006731650_0 .net "E", 0 0, o00000000066e2228;  0 drivers
v0000000006733130_0 .var "Q", 0 0;
o00000000066e2288 .functor BUFZ 1, C4<z>; HiZ drive
v0000000006731470_0 .net "R", 0 0, o00000000066e2288;  0 drivers
E_00000000066b2d40 .event posedge, v0000000006731290_0;
S_00000000063f8690 .scope module, "SB_DFFESS" "SB_DFFESS" 2 733;
 .timescale -12 -12;
    .port_info 0 /OUTPUT 1 "Q";
    .port_info 1 /INPUT 1 "C";
    .port_info 2 /INPUT 1 "E";
    .port_info 3 /INPUT 1 "S";
    .port_info 4 /INPUT 1 "D";
o00000000066e23a8 .functor BUFZ 1, C4<z>; HiZ drive
v0000000006732a50_0 .net "C", 0 0, o00000000066e23a8;  0 drivers
o00000000066e23d8 .functor BUFZ 1, C4<z>; HiZ drive
v0000000006731970_0 .net "D", 0 0, o00000000066e23d8;  0 drivers
o00000000066e2408 .functor BUFZ 1, C4<z>; HiZ drive
v0000000006733630_0 .net "E", 0 0, o00000000066e2408;  0 drivers
v0000000006731510_0 .var "Q", 0 0;
o00000000066e2468 .functor BUFZ 1, C4<z>; HiZ drive
v00000000067316f0_0 .net "S", 0 0, o00000000066e2468;  0 drivers
E_00000000066b2540 .event posedge, v0000000006732a50_0;
S_00000000063f8820 .scope module, "SB_DFFN" "SB_DFFN" 2 876;
 .timescale -12 -12;
    .port_info 0 /OUTPUT 1 "Q";
    .port_info 1 /INPUT 1 "C";
    .port_info 2 /INPUT 1 "D";
o00000000066e2588 .functor BUFZ 1, C4<z>; HiZ drive
v00000000067329b0_0 .net "C", 0 0, o00000000066e2588;  0 drivers
o00000000066e25b8 .functor BUFZ 1, C4<z>; HiZ drive
v0000000006732550_0 .net "D", 0 0, o00000000066e25b8;  0 drivers
v00000000067336d0_0 .var "Q", 0 0;
E_00000000066b2b40 .event negedge, v00000000067329b0_0;
S_00000000063f89b0 .scope module, "SB_DFFNE" "SB_DFFNE" 2 914;
 .timescale -12 -12;
    .port_info 0 /OUTPUT 1 "Q";
    .port_info 1 /INPUT 1 "C";
    .port_info 2 /INPUT 1 "E";
    .port_info 3 /INPUT 1 "D";
o00000000066e26a8 .functor BUFZ 1, C4<z>; HiZ drive
v0000000006732230_0 .net "C", 0 0, o00000000066e26a8;  0 drivers
o00000000066e26d8 .functor BUFZ 1, C4<z>; HiZ drive
v0000000006731790_0 .net "D", 0 0, o00000000066e26d8;  0 drivers
o00000000066e2708 .functor BUFZ 1, C4<z>; HiZ drive
v0000000006731bf0_0 .net "E", 0 0, o00000000066e2708;  0 drivers
v0000000006731830_0 .var "Q", 0 0;
E_00000000066b3100 .event negedge, v0000000006732230_0;
S_0000000006402d00 .scope module, "SB_DFFNER" "SB_DFFNER" 2 1264;
 .timescale -12 -12;
    .port_info 0 /OUTPUT 1 "Q";
    .port_info 1 /INPUT 1 "C";
    .port_info 2 /INPUT 1 "E";
    .port_info 3 /INPUT 1 "R";
    .port_info 4 /INPUT 1 "D";
o00000000066e2828 .functor BUFZ 1, C4<z>; HiZ drive
v00000000067331d0_0 .net "C", 0 0, o00000000066e2828;  0 drivers
o00000000066e2858 .functor BUFZ 1, C4<z>; HiZ drive
v0000000006731c90_0 .net "D", 0 0, o00000000066e2858;  0 drivers
o00000000066e2888 .functor BUFZ 1, C4<z>; HiZ drive
v0000000006731fb0_0 .net "E", 0 0, o00000000066e2888;  0 drivers
v00000000067318d0_0 .var "Q", 0 0;
o00000000066e28e8 .functor BUFZ 1, C4<z>; HiZ drive
v0000000006731a10_0 .net "R", 0 0, o00000000066e28e8;  0 drivers
E_00000000066b2ec0/0 .event negedge, v00000000067331d0_0;
E_00000000066b2ec0/1 .event posedge, v0000000006731a10_0;
E_00000000066b2ec0 .event/or E_00000000066b2ec0/0, E_00000000066b2ec0/1;
S_0000000006402e90 .scope module, "SB_DFFNES" "SB_DFFNES" 2 1405;
 .timescale -12 -12;
    .port_info 0 /OUTPUT 1 "Q";
    .port_info 1 /INPUT 1 "C";
    .port_info 2 /INPUT 1 "E";
    .port_info 3 /INPUT 1 "S";
    .port_info 4 /INPUT 1 "D";
o00000000066e2a08 .functor BUFZ 1, C4<z>; HiZ drive
v0000000006731d30_0 .net "C", 0 0, o00000000066e2a08;  0 drivers
o00000000066e2a38 .functor BUFZ 1, C4<z>; HiZ drive
v0000000006731dd0_0 .net "D", 0 0, o00000000066e2a38;  0 drivers
o00000000066e2a68 .functor BUFZ 1, C4<z>; HiZ drive
v0000000006732050_0 .net "E", 0 0, o00000000066e2a68;  0 drivers
v0000000006732190_0 .var "Q", 0 0;
o00000000066e2ac8 .functor BUFZ 1, C4<z>; HiZ drive
v0000000006732af0_0 .net "S", 0 0, o00000000066e2ac8;  0 drivers
E_00000000066b2b80/0 .event negedge, v0000000006731d30_0;
E_00000000066b2b80/1 .event posedge, v0000000006732af0_0;
E_00000000066b2b80 .event/or E_00000000066b2b80/0, E_00000000066b2b80/1;
S_0000000006403020 .scope module, "SB_DFFNESR" "SB_DFFNESR" 2 1203;
 .timescale -12 -12;
    .port_info 0 /OUTPUT 1 "Q";
    .port_info 1 /INPUT 1 "C";
    .port_info 2 /INPUT 1 "E";
    .port_info 3 /INPUT 1 "R";
    .port_info 4 /INPUT 1 "D";
o00000000066e2be8 .functor BUFZ 1, C4<z>; HiZ drive
v0000000006732370_0 .net "C", 0 0, o00000000066e2be8;  0 drivers
o00000000066e2c18 .functor BUFZ 1, C4<z>; HiZ drive
v0000000006732e10_0 .net "D", 0 0, o00000000066e2c18;  0 drivers
o00000000066e2c48 .functor BUFZ 1, C4<z>; HiZ drive
v0000000006732410_0 .net "E", 0 0, o00000000066e2c48;  0 drivers
v0000000006732b90_0 .var "Q", 0 0;
o00000000066e2ca8 .functor BUFZ 1, C4<z>; HiZ drive
v00000000067324b0_0 .net "R", 0 0, o00000000066e2ca8;  0 drivers
E_00000000066b2bc0 .event negedge, v0000000006732370_0;
S_00000000066d3f80 .scope module, "SB_DFFNESS" "SB_DFFNESS" 2 1344;
 .timescale -12 -12;
    .port_info 0 /OUTPUT 1 "Q";
    .port_info 1 /INPUT 1 "C";
    .port_info 2 /INPUT 1 "E";
    .port_info 3 /INPUT 1 "S";
    .port_info 4 /INPUT 1 "D";
o00000000066e2dc8 .functor BUFZ 1, C4<z>; HiZ drive
v00000000067325f0_0 .net "C", 0 0, o00000000066e2dc8;  0 drivers
o00000000066e2df8 .functor BUFZ 1, C4<z>; HiZ drive
v0000000006733270_0 .net "D", 0 0, o00000000066e2df8;  0 drivers
o00000000066e2e28 .functor BUFZ 1, C4<z>; HiZ drive
v0000000006732730_0 .net "E", 0 0, o00000000066e2e28;  0 drivers
v0000000006733310_0 .var "Q", 0 0;
o00000000066e2e88 .functor BUFZ 1, C4<z>; HiZ drive
v0000000006732c30_0 .net "S", 0 0, o00000000066e2e88;  0 drivers
E_00000000066b2a40 .event negedge, v00000000067325f0_0;
S_00000000066d37b0 .scope module, "SB_DFFNR" "SB_DFFNR" 2 1011;
 .timescale -12 -12;
    .port_info 0 /OUTPUT 1 "Q";
    .port_info 1 /INPUT 1 "C";
    .port_info 2 /INPUT 1 "R";
    .port_info 3 /INPUT 1 "D";
o00000000066e2fa8 .functor BUFZ 1, C4<z>; HiZ drive
v0000000006732cd0_0 .net "C", 0 0, o00000000066e2fa8;  0 drivers
o00000000066e2fd8 .functor BUFZ 1, C4<z>; HiZ drive
v0000000006732d70_0 .net "D", 0 0, o00000000066e2fd8;  0 drivers
v0000000006734df0_0 .var "Q", 0 0;
o00000000066e3038 .functor BUFZ 1, C4<z>; HiZ drive
v0000000006733db0_0 .net "R", 0 0, o00000000066e3038;  0 drivers
E_00000000066b3140/0 .event negedge, v0000000006732cd0_0;
E_00000000066b3140/1 .event posedge, v0000000006733db0_0;
E_00000000066b3140 .event/or E_00000000066b3140/0, E_00000000066b3140/1;
S_00000000066d3df0 .scope module, "SB_DFFNS" "SB_DFFNS" 2 1132;
 .timescale -12 -12;
    .port_info 0 /OUTPUT 1 "Q";
    .port_info 1 /INPUT 1 "C";
    .port_info 2 /INPUT 1 "S";
    .port_info 3 /INPUT 1 "D";
o00000000066e3128 .functor BUFZ 1, C4<z>; HiZ drive
v0000000006733770_0 .net "C", 0 0, o00000000066e3128;  0 drivers
o00000000066e3158 .functor BUFZ 1, C4<z>; HiZ drive
v0000000006734b70_0 .net "D", 0 0, o00000000066e3158;  0 drivers
v0000000006734cb0_0 .var "Q", 0 0;
o00000000066e31b8 .functor BUFZ 1, C4<z>; HiZ drive
v00000000067338b0_0 .net "S", 0 0, o00000000066e31b8;  0 drivers
E_00000000066b30c0/0 .event negedge, v0000000006733770_0;
E_00000000066b30c0/1 .event posedge, v00000000067338b0_0;
E_00000000066b30c0 .event/or E_00000000066b30c0/0, E_00000000066b30c0/1;
S_00000000066d45c0 .scope module, "SB_DFFNSR" "SB_DFFNSR" 2 961;
 .timescale -12 -12;
    .port_info 0 /OUTPUT 1 "Q";
    .port_info 1 /INPUT 1 "C";
    .port_info 2 /INPUT 1 "R";
    .port_info 3 /INPUT 1 "D";
o00000000066e32a8 .functor BUFZ 1, C4<z>; HiZ drive
v0000000006734990_0 .net "C", 0 0, o00000000066e32a8;  0 drivers
o00000000066e32d8 .functor BUFZ 1, C4<z>; HiZ drive
v0000000006734670_0 .net "D", 0 0, o00000000066e32d8;  0 drivers
v00000000067342b0_0 .var "Q", 0 0;
o00000000066e3338 .functor BUFZ 1, C4<z>; HiZ drive
v0000000006734d50_0 .net "R", 0 0, o00000000066e3338;  0 drivers
E_00000000066b2e00 .event negedge, v0000000006734990_0;
S_00000000066d3ad0 .scope module, "SB_DFFNSS" "SB_DFFNSS" 2 1082;
 .timescale -12 -12;
    .port_info 0 /OUTPUT 1 "Q";
    .port_info 1 /INPUT 1 "C";
    .port_info 2 /INPUT 1 "S";
    .port_info 3 /INPUT 1 "D";
o00000000066e3428 .functor BUFZ 1, C4<z>; HiZ drive
v00000000067339f0_0 .net "C", 0 0, o00000000066e3428;  0 drivers
o00000000066e3458 .functor BUFZ 1, C4<z>; HiZ drive
v0000000006734490_0 .net "D", 0 0, o00000000066e3458;  0 drivers
v0000000006733f90_0 .var "Q", 0 0;
o00000000066e34b8 .functor BUFZ 1, C4<z>; HiZ drive
v0000000006733950_0 .net "S", 0 0, o00000000066e34b8;  0 drivers
E_00000000066b2640 .event negedge, v00000000067339f0_0;
S_00000000066d3c60 .scope module, "SB_DFFR" "SB_DFFR" 2 400;
 .timescale -12 -12;
    .port_info 0 /OUTPUT 1 "Q";
    .port_info 1 /INPUT 1 "C";
    .port_info 2 /INPUT 1 "R";
    .port_info 3 /INPUT 1 "D";
o00000000066e35a8 .functor BUFZ 1, C4<z>; HiZ drive
v00000000067340d0_0 .net "C", 0 0, o00000000066e35a8;  0 drivers
o00000000066e35d8 .functor BUFZ 1, C4<z>; HiZ drive
v0000000006734030_0 .net "D", 0 0, o00000000066e35d8;  0 drivers
v0000000006734350_0 .var "Q", 0 0;
o00000000066e3638 .functor BUFZ 1, C4<z>; HiZ drive
v0000000006733a90_0 .net "R", 0 0, o00000000066e3638;  0 drivers
E_00000000066b2300 .event posedge, v0000000006733a90_0, v00000000067340d0_0;
S_00000000066d4110 .scope module, "SB_DFFS" "SB_DFFS" 2 521;
 .timescale -12 -12;
    .port_info 0 /OUTPUT 1 "Q";
    .port_info 1 /INPUT 1 "C";
    .port_info 2 /INPUT 1 "S";
    .port_info 3 /INPUT 1 "D";
o00000000066e3728 .functor BUFZ 1, C4<z>; HiZ drive
v0000000006733d10_0 .net "C", 0 0, o00000000066e3728;  0 drivers
o00000000066e3758 .functor BUFZ 1, C4<z>; HiZ drive
v0000000006733810_0 .net "D", 0 0, o00000000066e3758;  0 drivers
v0000000006733b30_0 .var "Q", 0 0;
o00000000066e37b8 .functor BUFZ 1, C4<z>; HiZ drive
v0000000006733bd0_0 .net "S", 0 0, o00000000066e37b8;  0 drivers
E_00000000066b2900 .event posedge, v0000000006733bd0_0, v0000000006733d10_0;
S_00000000066d3940 .scope module, "SB_DFFSR" "SB_DFFSR" 2 350;
 .timescale -12 -12;
    .port_info 0 /OUTPUT 1 "Q";
    .port_info 1 /INPUT 1 "C";
    .port_info 2 /INPUT 1 "R";
    .port_info 3 /INPUT 1 "D";
o00000000066e38a8 .functor BUFZ 1, C4<z>; HiZ drive
v0000000006734850_0 .net "C", 0 0, o00000000066e38a8;  0 drivers
o00000000066e38d8 .functor BUFZ 1, C4<z>; HiZ drive
v0000000006733e50_0 .net "D", 0 0, o00000000066e38d8;  0 drivers
v0000000006734170_0 .var "Q", 0 0;
o00000000066e3938 .functor BUFZ 1, C4<z>; HiZ drive
v0000000006733c70_0 .net "R", 0 0, o00000000066e3938;  0 drivers
E_00000000066b2340 .event posedge, v0000000006734850_0;
S_00000000066d42a0 .scope module, "SB_DFFSS" "SB_DFFSS" 2 471;
 .timescale -12 -12;
    .port_info 0 /OUTPUT 1 "Q";
    .port_info 1 /INPUT 1 "C";
    .port_info 2 /INPUT 1 "S";
    .port_info 3 /INPUT 1 "D";
o00000000066e3a28 .functor BUFZ 1, C4<z>; HiZ drive
v00000000067343f0_0 .net "C", 0 0, o00000000066e3a28;  0 drivers
o00000000066e3a58 .functor BUFZ 1, C4<z>; HiZ drive
v0000000006734210_0 .net "D", 0 0, o00000000066e3a58;  0 drivers
v0000000006733ef0_0 .var "Q", 0 0;
o00000000066e3ab8 .functor BUFZ 1, C4<z>; HiZ drive
v0000000006734530_0 .net "S", 0 0, o00000000066e3ab8;  0 drivers
E_00000000066b3180 .event posedge, v00000000067343f0_0;
S_00000000066d4430 .scope module, "SB_FILTER_50NS" "SB_FILTER_50NS" 2 2856;
 .timescale -12 -12;
    .port_info 0 /INPUT 1 "FILTERIN";
    .port_info 1 /OUTPUT 1 "FILTEROUT";
o00000000066e3ba8 .functor BUFZ 1, C4<z>; HiZ drive
v0000000006734a30_0 .net "FILTERIN", 0 0, o00000000066e3ba8;  0 drivers
o00000000066e3bd8 .functor BUFZ 1, C4<z>; HiZ drive
v00000000067345d0_0 .net "FILTEROUT", 0 0, o00000000066e3bd8;  0 drivers
S_00000000066d60c0 .scope module, "SB_GB" "SB_GB" 2 162;
 .timescale -12 -12;
    .port_info 0 /INPUT 1 "USER_SIGNAL_TO_GLOBAL_BUFFER";
    .port_info 1 /OUTPUT 1 "GLOBAL_BUFFER_OUTPUT";
o00000000066e3c98 .functor BUFZ 1, C4<z>; HiZ drive
L_0000000006648c70 .functor BUFZ 1, o00000000066e3c98, C4<0>, C4<0>, C4<0>;
v0000000006734710_0 .net "GLOBAL_BUFFER_OUTPUT", 0 0, L_0000000006648c70;  1 drivers
v0000000006734ad0_0 .net "USER_SIGNAL_TO_GLOBAL_BUFFER", 0 0, o00000000066e3c98;  0 drivers
S_00000000066d6570 .scope module, "SB_GB_IO" "SB_GB_IO" 2 123;
 .timescale -12 -12;
    .port_info 0 /INOUT 1 "PACKAGE_PIN";
    .port_info 1 /OUTPUT 1 "GLOBAL_BUFFER_OUTPUT";
    .port_info 2 /INPUT 1 "LATCH_INPUT_VALUE";
    .port_info 3 /INPUT 1 "CLOCK_ENABLE";
    .port_info 4 /INPUT 1 "INPUT_CLK";
    .port_info 5 /INPUT 1 "OUTPUT_CLK";
    .port_info 6 /INPUT 1 "OUTPUT_ENABLE";
    .port_info 7 /INPUT 1 "D_OUT_0";
    .port_info 8 /INPUT 1 "D_OUT_1";
    .port_info 9 /OUTPUT 1 "D_IN_0";
    .port_info 10 /OUTPUT 1 "D_IN_1";
P_000000000649ed90 .param/str "IO_STANDARD" 0 2 139, "SB_LVCMOS";
P_000000000649edc8 .param/l "NEG_TRIGGER" 0 2 138, C4<0>;
P_000000000649ee00 .param/l "PIN_TYPE" 0 2 136, C4<000000>;
P_000000000649ee38 .param/l "PULLUP" 0 2 137, C4<0>;
o00000000066e3ed8 .functor BUFZ 1, C4<z>; HiZ drive
L_0000000006648ab0 .functor BUFZ 1, o00000000066e3ed8, C4<0>, C4<0>, C4<0>;
o00000000066e3d28 .functor BUFZ 1, C4<z>; HiZ drive
v000000000673ffa0_0 .net "CLOCK_ENABLE", 0 0, o00000000066e3d28;  0 drivers
v00000000067400e0_0 .net "D_IN_0", 0 0, L_0000000006648810;  1 drivers
v0000000006740180_0 .net "D_IN_1", 0 0, L_0000000006648c00;  1 drivers
o00000000066e3db8 .functor BUFZ 1, C4<z>; HiZ drive
v0000000006740220_0 .net "D_OUT_0", 0 0, o00000000066e3db8;  0 drivers
o00000000066e3de8 .functor BUFZ 1, C4<z>; HiZ drive
v00000000067402c0_0 .net "D_OUT_1", 0 0, o00000000066e3de8;  0 drivers
v0000000006740400_0 .net "GLOBAL_BUFFER_OUTPUT", 0 0, L_0000000006648ab0;  1 drivers
o00000000066e3e18 .functor BUFZ 1, C4<z>; HiZ drive
v00000000067405e0_0 .net "INPUT_CLK", 0 0, o00000000066e3e18;  0 drivers
o00000000066e3e48 .functor BUFZ 1, C4<z>; HiZ drive
v0000000006740680_0 .net "LATCH_INPUT_VALUE", 0 0, o00000000066e3e48;  0 drivers
o00000000066e3e78 .functor BUFZ 1, C4<z>; HiZ drive
v00000000067404a0_0 .net "OUTPUT_CLK", 0 0, o00000000066e3e78;  0 drivers
o00000000066e3ea8 .functor BUFZ 1, C4<z>; HiZ drive
v0000000006740720_0 .net "OUTPUT_ENABLE", 0 0, o00000000066e3ea8;  0 drivers
v00000000067409a0_0 .net "PACKAGE_PIN", 0 0, o00000000066e3ed8;  0 drivers
S_00000000066dba00 .scope module, "IO" "SB_IO" 2 148, 2 17 0, S_00000000066d6570;
 .timescale -12 -12;
    .port_info 0 /INOUT 1 "PACKAGE_PIN";
    .port_info 1 /INPUT 1 "LATCH_INPUT_VALUE";
    .port_info 2 /INPUT 1 "CLOCK_ENABLE";
    .port_info 3 /INPUT 1 "INPUT_CLK";
    .port_info 4 /INPUT 1 "OUTPUT_CLK";
    .port_info 5 /INPUT 1 "OUTPUT_ENABLE";
    .port_info 6 /INPUT 1 "D_OUT_0";
    .port_info 7 /INPUT 1 "D_OUT_1";
    .port_info 8 /OUTPUT 1 "D_IN_0";
    .port_info 9 /OUTPUT 1 "D_IN_1";
P_0000000006550af0 .param/str "IO_STANDARD" 0 2 32, "SB_LVCMOS";
P_0000000006550b28 .param/l "NEG_TRIGGER" 0 2 31, C4<0>;
P_0000000006550b60 .param/l "PIN_TYPE" 0 2 29, C4<000000>;
P_0000000006550b98 .param/l "PULLUP" 0 2 30, C4<0>;
L_0000000006647620 .functor OR 1, o00000000066e3d28, L_0000000006764fa0, C4<0>, C4<0>;
L_0000000006648810 .functor BUFZ 1, v000000000673fc80_0, C4<0>, C4<0>, C4<0>;
L_0000000006648c00 .functor BUFZ 1, v000000000673fd20_0, C4<0>, C4<0>, C4<0>;
v00000000067347b0_0 .net "CLOCK_ENABLE", 0 0, o00000000066e3d28;  alias, 0 drivers
v00000000067348f0_0 .net "D_IN_0", 0 0, L_0000000006648810;  alias, 1 drivers
v0000000006734c10_0 .net "D_IN_1", 0 0, L_0000000006648c00;  alias, 1 drivers
v0000000006741080_0 .net "D_OUT_0", 0 0, o00000000066e3db8;  alias, 0 drivers
v000000000673fbe0_0 .net "D_OUT_1", 0 0, o00000000066e3de8;  alias, 0 drivers
v0000000006740c20_0 .net "INPUT_CLK", 0 0, o00000000066e3e18;  alias, 0 drivers
v000000000673fe60_0 .net "LATCH_INPUT_VALUE", 0 0, o00000000066e3e48;  alias, 0 drivers
v0000000006740cc0_0 .net "OUTPUT_CLK", 0 0, o00000000066e3e78;  alias, 0 drivers
v000000000673faa0_0 .net "OUTPUT_ENABLE", 0 0, o00000000066e3ea8;  alias, 0 drivers
v0000000006740f40_0 .net "PACKAGE_PIN", 0 0, o00000000066e3ed8;  alias, 0 drivers
o00000000066e3f08 .functor BUFZ 1, C4<z>; HiZ drive
; Elide local net with no drivers, v0000000006740fe0_0 name=_ivl_0
v0000000006740860_0 .net *"_ivl_2", 0 0, L_0000000006764fa0;  1 drivers
v000000000673fa00_0 .net "clken_pulled", 0 0, L_0000000006647620;  1 drivers
v000000000673ff00_0 .var "clken_pulled_ri", 0 0;
v0000000006740360_0 .var "clken_pulled_ro", 0 0;
v000000000673fc80_0 .var "din_0", 0 0;
v000000000673fd20_0 .var "din_1", 0 0;
v0000000006740900_0 .var "din_q_0", 0 0;
v0000000006740040_0 .var "din_q_1", 0 0;
v0000000006740d60_0 .var "dout", 0 0;
v000000000673fdc0_0 .var "dout_q_0", 0 0;
v0000000006740540_0 .var "dout_q_1", 0 0;
v000000000673fb40_0 .var "outclk_delayed_1", 0 0;
v00000000067407c0_0 .var "outclk_delayed_2", 0 0;
v0000000006740e00_0 .var "outena_q", 0 0;
E_00000000066b2400 .event anyedge, v00000000067407c0_0, v000000000673fdc0_0, v0000000006740540_0;
E_00000000066b2e40 .event anyedge, v000000000673fb40_0;
E_00000000066b28c0 .event anyedge, v0000000006740cc0_0;
E_00000000066b2940 .event anyedge, v0000000006740900_0, v0000000006740040_0;
L_0000000006764fa0 .cmp/eeq 1, o00000000066e3d28, o00000000066e3f08;
S_00000000066dbb90 .scope generate, "genblk1" "genblk1" 2 45, 2 45 0, S_00000000066dba00;
 .timescale -12 -12;
E_00000000066b29c0 .event posedge, v0000000006740cc0_0;
E_00000000066b2a00 .event negedge, v0000000006740cc0_0;
E_00000000066b2a80 .event negedge, v0000000006740c20_0;
E_00000000066b2c00 .event posedge, v0000000006740c20_0;
S_00000000066d4f90 .scope module, "SB_HFOSC" "SB_HFOSC" 2 2664;
 .timescale -12 -12;
    .port_info 0 /INPUT 1 "TRIM0";
    .port_info 1 /INPUT 1 "TRIM1";
    .port_info 2 /INPUT 1 "TRIM2";
    .port_info 3 /INPUT 1 "TRIM3";
    .port_info 4 /INPUT 1 "TRIM4";
    .port_info 5 /INPUT 1 "TRIM5";
    .port_info 6 /INPUT 1 "TRIM6";
    .port_info 7 /INPUT 1 "TRIM7";
    .port_info 8 /INPUT 1 "TRIM8";
    .port_info 9 /INPUT 1 "TRIM9";
    .port_info 10 /INPUT 1 "CLKHFPU";
    .port_info 11 /INPUT 1 "CLKHFEN";
    .port_info 12 /OUTPUT 1 "CLKHF";
P_000000000655a9d0 .param/str "CLKHF_DIV" 0 2 2680, "0b00";
P_000000000655aa08 .param/str "TRIM_EN" 0 2 2679, "0b0";
o00000000066e45f8 .functor BUFZ 1, C4<z>; HiZ drive
v0000000006740a40_0 .net "CLKHF", 0 0, o00000000066e45f8;  0 drivers
o00000000066e4628 .functor BUFZ 1, C4<z>; HiZ drive
v0000000006740ae0_0 .net "CLKHFEN", 0 0, o00000000066e4628;  0 drivers
o00000000066e4658 .functor BUFZ 1, C4<z>; HiZ drive
v0000000006740b80_0 .net "CLKHFPU", 0 0, o00000000066e4658;  0 drivers
o00000000066e4688 .functor BUFZ 1, C4<z>; HiZ drive
v0000000006740ea0_0 .net "TRIM0", 0 0, o00000000066e4688;  0 drivers
o00000000066e46b8 .functor BUFZ 1, C4<z>; HiZ drive
v000000000673d200_0 .net "TRIM1", 0 0, o00000000066e46b8;  0 drivers
o00000000066e46e8 .functor BUFZ 1, C4<z>; HiZ drive
v000000000673e7e0_0 .net "TRIM2", 0 0, o00000000066e46e8;  0 drivers
o00000000066e4718 .functor BUFZ 1, C4<z>; HiZ drive
v000000000673dd40_0 .net "TRIM3", 0 0, o00000000066e4718;  0 drivers
o00000000066e4748 .functor BUFZ 1, C4<z>; HiZ drive
v000000000673e2e0_0 .net "TRIM4", 0 0, o00000000066e4748;  0 drivers
o00000000066e4778 .functor BUFZ 1, C4<z>; HiZ drive
v000000000673f1e0_0 .net "TRIM5", 0 0, o00000000066e4778;  0 drivers
o00000000066e47a8 .functor BUFZ 1, C4<z>; HiZ drive
v000000000673f140_0 .net "TRIM6", 0 0, o00000000066e47a8;  0 drivers
o00000000066e47d8 .functor BUFZ 1, C4<z>; HiZ drive
v000000000673d5c0_0 .net "TRIM7", 0 0, o00000000066e47d8;  0 drivers
o00000000066e4808 .functor BUFZ 1, C4<z>; HiZ drive
v000000000673e4c0_0 .net "TRIM8", 0 0, o00000000066e4808;  0 drivers
o00000000066e4838 .functor BUFZ 1, C4<z>; HiZ drive
v000000000673e740_0 .net "TRIM9", 0 0, o00000000066e4838;  0 drivers
S_00000000066d4950 .scope module, "SB_I2C" "SB_I2C" 2 2733;
 .timescale -12 -12;
    .port_info 0 /INPUT 1 "SBCLKI";
    .port_info 1 /INPUT 1 "SBRWI";
    .port_info 2 /INPUT 1 "SBSTBI";
    .port_info 3 /INPUT 1 "SBADRI7";
    .port_info 4 /INPUT 1 "SBADRI6";
    .port_info 5 /INPUT 1 "SBADRI5";
    .port_info 6 /INPUT 1 "SBADRI4";
    .port_info 7 /INPUT 1 "SBADRI3";
    .port_info 8 /INPUT 1 "SBADRI2";
    .port_info 9 /INPUT 1 "SBADRI1";
    .port_info 10 /INPUT 1 "SBADRI0";
    .port_info 11 /INPUT 1 "SBDATI7";
    .port_info 12 /INPUT 1 "SBDATI6";
    .port_info 13 /INPUT 1 "SBDATI5";
    .port_info 14 /INPUT 1 "SBDATI4";
    .port_info 15 /INPUT 1 "SBDATI3";
    .port_info 16 /INPUT 1 "SBDATI2";
    .port_info 17 /INPUT 1 "SBDATI1";
    .port_info 18 /INPUT 1 "SBDATI0";
    .port_info 19 /INPUT 1 "SCLI";
    .port_info 20 /INPUT 1 "SDAI";
    .port_info 21 /OUTPUT 1 "SBDATO7";
    .port_info 22 /OUTPUT 1 "SBDATO6";
    .port_info 23 /OUTPUT 1 "SBDATO5";
    .port_info 24 /OUTPUT 1 "SBDATO4";
    .port_info 25 /OUTPUT 1 "SBDATO3";
    .port_info 26 /OUTPUT 1 "SBDATO2";
    .port_info 27 /OUTPUT 1 "SBDATO1";
    .port_info 28 /OUTPUT 1 "SBDATO0";
    .port_info 29 /OUTPUT 1 "SBACKO";
    .port_info 30 /OUTPUT 1 "I2CIRQ";
    .port_info 31 /OUTPUT 1 "I2CWKUP";
    .port_info 32 /OUTPUT 1 "SCLO";
    .port_info 33 /OUTPUT 1 "SCLOE";
    .port_info 34 /OUTPUT 1 "SDAO";
    .port_info 35 /OUTPUT 1 "SDAOE";
P_000000000655a2d0 .param/str "BUS_ADDR74" 0 2 2772, "0b0001";
P_000000000655a308 .param/str "I2C_SLAVE_INIT_ADDR" 0 2 2771, "0b1111100001";
o00000000066e4ad8 .functor BUFZ 1, C4<z>; HiZ drive
v000000000673d340_0 .net "I2CIRQ", 0 0, o00000000066e4ad8;  0 drivers
o00000000066e4b08 .functor BUFZ 1, C4<z>; HiZ drive
v000000000673f780_0 .net "I2CWKUP", 0 0, o00000000066e4b08;  0 drivers
o00000000066e4b38 .functor BUFZ 1, C4<z>; HiZ drive
v000000000673f640_0 .net "SBACKO", 0 0, o00000000066e4b38;  0 drivers
o00000000066e4b68 .functor BUFZ 1, C4<z>; HiZ drive
v000000000673ef60_0 .net "SBADRI0", 0 0, o00000000066e4b68;  0 drivers
o00000000066e4b98 .functor BUFZ 1, C4<z>; HiZ drive
v000000000673d980_0 .net "SBADRI1", 0 0, o00000000066e4b98;  0 drivers
o00000000066e4bc8 .functor BUFZ 1, C4<z>; HiZ drive
v000000000673dfc0_0 .net "SBADRI2", 0 0, o00000000066e4bc8;  0 drivers
o00000000066e4bf8 .functor BUFZ 1, C4<z>; HiZ drive
v000000000673d3e0_0 .net "SBADRI3", 0 0, o00000000066e4bf8;  0 drivers
o00000000066e4c28 .functor BUFZ 1, C4<z>; HiZ drive
v000000000673d480_0 .net "SBADRI4", 0 0, o00000000066e4c28;  0 drivers
o00000000066e4c58 .functor BUFZ 1, C4<z>; HiZ drive
v000000000673dca0_0 .net "SBADRI5", 0 0, o00000000066e4c58;  0 drivers
o00000000066e4c88 .functor BUFZ 1, C4<z>; HiZ drive
v000000000673db60_0 .net "SBADRI6", 0 0, o00000000066e4c88;  0 drivers
o00000000066e4cb8 .functor BUFZ 1, C4<z>; HiZ drive
v000000000673f280_0 .net "SBADRI7", 0 0, o00000000066e4cb8;  0 drivers
o00000000066e4ce8 .functor BUFZ 1, C4<z>; HiZ drive
v000000000673d660_0 .net "SBCLKI", 0 0, o00000000066e4ce8;  0 drivers
o00000000066e4d18 .functor BUFZ 1, C4<z>; HiZ drive
v000000000673e380_0 .net "SBDATI0", 0 0, o00000000066e4d18;  0 drivers
o00000000066e4d48 .functor BUFZ 1, C4<z>; HiZ drive
v000000000673d2a0_0 .net "SBDATI1", 0 0, o00000000066e4d48;  0 drivers
o00000000066e4d78 .functor BUFZ 1, C4<z>; HiZ drive
v000000000673e060_0 .net "SBDATI2", 0 0, o00000000066e4d78;  0 drivers
o00000000066e4da8 .functor BUFZ 1, C4<z>; HiZ drive
v000000000673ea60_0 .net "SBDATI3", 0 0, o00000000066e4da8;  0 drivers
o00000000066e4dd8 .functor BUFZ 1, C4<z>; HiZ drive
v000000000673eb00_0 .net "SBDATI4", 0 0, o00000000066e4dd8;  0 drivers
o00000000066e4e08 .functor BUFZ 1, C4<z>; HiZ drive
v000000000673f320_0 .net "SBDATI5", 0 0, o00000000066e4e08;  0 drivers
o00000000066e4e38 .functor BUFZ 1, C4<z>; HiZ drive
v000000000673f3c0_0 .net "SBDATI6", 0 0, o00000000066e4e38;  0 drivers
o00000000066e4e68 .functor BUFZ 1, C4<z>; HiZ drive
v000000000673eba0_0 .net "SBDATI7", 0 0, o00000000066e4e68;  0 drivers
o00000000066e4e98 .functor BUFZ 1, C4<z>; HiZ drive
v000000000673d700_0 .net "SBDATO0", 0 0, o00000000066e4e98;  0 drivers
o00000000066e4ec8 .functor BUFZ 1, C4<z>; HiZ drive
v000000000673d520_0 .net "SBDATO1", 0 0, o00000000066e4ec8;  0 drivers
o00000000066e4ef8 .functor BUFZ 1, C4<z>; HiZ drive
v000000000673f0a0_0 .net "SBDATO2", 0 0, o00000000066e4ef8;  0 drivers
o00000000066e4f28 .functor BUFZ 1, C4<z>; HiZ drive
v000000000673d840_0 .net "SBDATO3", 0 0, o00000000066e4f28;  0 drivers
o00000000066e4f58 .functor BUFZ 1, C4<z>; HiZ drive
v000000000673f6e0_0 .net "SBDATO4", 0 0, o00000000066e4f58;  0 drivers
o00000000066e4f88 .functor BUFZ 1, C4<z>; HiZ drive
v000000000673ec40_0 .net "SBDATO5", 0 0, o00000000066e4f88;  0 drivers
o00000000066e4fb8 .functor BUFZ 1, C4<z>; HiZ drive
v000000000673e1a0_0 .net "SBDATO6", 0 0, o00000000066e4fb8;  0 drivers
o00000000066e4fe8 .functor BUFZ 1, C4<z>; HiZ drive
v000000000673f460_0 .net "SBDATO7", 0 0, o00000000066e4fe8;  0 drivers
o00000000066e5018 .functor BUFZ 1, C4<z>; HiZ drive
v000000000673e9c0_0 .net "SBRWI", 0 0, o00000000066e5018;  0 drivers
o00000000066e5048 .functor BUFZ 1, C4<z>; HiZ drive
v000000000673d7a0_0 .net "SBSTBI", 0 0, o00000000066e5048;  0 drivers
o00000000066e5078 .functor BUFZ 1, C4<z>; HiZ drive
v000000000673d8e0_0 .net "SCLI", 0 0, o00000000066e5078;  0 drivers
o00000000066e50a8 .functor BUFZ 1, C4<z>; HiZ drive
v000000000673f500_0 .net "SCLO", 0 0, o00000000066e50a8;  0 drivers
o00000000066e50d8 .functor BUFZ 1, C4<z>; HiZ drive
v000000000673dde0_0 .net "SCLOE", 0 0, o00000000066e50d8;  0 drivers
o00000000066e5108 .functor BUFZ 1, C4<z>; HiZ drive
v000000000673da20_0 .net "SDAI", 0 0, o00000000066e5108;  0 drivers
o00000000066e5138 .functor BUFZ 1, C4<z>; HiZ drive
v000000000673dac0_0 .net "SDAO", 0 0, o00000000066e5138;  0 drivers
o00000000066e5168 .functor BUFZ 1, C4<z>; HiZ drive
v000000000673dc00_0 .net "SDAOE", 0 0, o00000000066e5168;  0 drivers
S_00000000066d63e0 .scope module, "SB_IO_I3C" "SB_IO_I3C" 2 2862;
 .timescale -12 -12;
    .port_info 0 /INOUT 1 "PACKAGE_PIN";
    .port_info 1 /INPUT 1 "LATCH_INPUT_VALUE";
    .port_info 2 /INPUT 1 "CLOCK_ENABLE";
    .port_info 3 /INPUT 1 "INPUT_CLK";
    .port_info 4 /INPUT 1 "OUTPUT_CLK";
    .port_info 5 /INPUT 1 "OUTPUT_ENABLE";
    .port_info 6 /INPUT 1 "D_OUT_0";
    .port_info 7 /INPUT 1 "D_OUT_1";
    .port_info 8 /OUTPUT 1 "D_IN_0";
    .port_info 9 /OUTPUT 1 "D_IN_1";
    .port_info 10 /INPUT 1 "PU_ENB";
    .port_info 11 /INPUT 1 "WEAK_PU_ENB";
P_000000000669eeb0 .param/str "IO_STANDARD" 0 2 2880, "SB_LVCMOS";
P_000000000669eee8 .param/l "NEG_TRIGGER" 0 2 2879, C4<0>;
P_000000000669ef20 .param/l "PIN_TYPE" 0 2 2876, C4<000000>;
P_000000000669ef58 .param/l "PULLUP" 0 2 2877, C4<0>;
P_000000000669ef90 .param/l "WEAK_PULLUP" 0 2 2878, C4<0>;
L_0000000006647930 .functor BUFZ 1, v000000000673e6a0_0, C4<0>, C4<0>, C4<0>;
L_0000000006647310 .functor BUFZ 1, v000000000673ee20_0, C4<0>, C4<0>, C4<0>;
o00000000066e5858 .functor BUFZ 1, C4<z>; HiZ drive
v000000000673de80_0 .net "CLOCK_ENABLE", 0 0, o00000000066e5858;  0 drivers
v000000000673df20_0 .net "D_IN_0", 0 0, L_0000000006647930;  1 drivers
v000000000673f5a0_0 .net "D_IN_1", 0 0, L_0000000006647310;  1 drivers
o00000000066e58e8 .functor BUFZ 1, C4<z>; HiZ drive
v000000000673e560_0 .net "D_OUT_0", 0 0, o00000000066e58e8;  0 drivers
o00000000066e5918 .functor BUFZ 1, C4<z>; HiZ drive
v000000000673e880_0 .net "D_OUT_1", 0 0, o00000000066e5918;  0 drivers
o00000000066e5948 .functor BUFZ 1, C4<z>; HiZ drive
v000000000673e100_0 .net "INPUT_CLK", 0 0, o00000000066e5948;  0 drivers
o00000000066e5978 .functor BUFZ 1, C4<z>; HiZ drive
v000000000673e240_0 .net "LATCH_INPUT_VALUE", 0 0, o00000000066e5978;  0 drivers
o00000000066e59a8 .functor BUFZ 1, C4<z>; HiZ drive
v000000000673e420_0 .net "OUTPUT_CLK", 0 0, o00000000066e59a8;  0 drivers
o00000000066e59d8 .functor BUFZ 1, C4<z>; HiZ drive
v000000000673e920_0 .net "OUTPUT_ENABLE", 0 0, o00000000066e59d8;  0 drivers
o00000000066e5a08 .functor BUFZ 1, C4<z>; HiZ drive
v000000000673f820_0 .net "PACKAGE_PIN", 0 0, o00000000066e5a08;  0 drivers
o00000000066e5a38 .functor BUFZ 1, C4<z>; HiZ drive
v000000000673f8c0_0 .net "PU_ENB", 0 0, o00000000066e5a38;  0 drivers
o00000000066e5a68 .functor BUFZ 1, C4<z>; HiZ drive
v000000000673e600_0 .net "WEAK_PU_ENB", 0 0, o00000000066e5a68;  0 drivers
v000000000673e6a0_0 .var "din_0", 0 0;
v000000000673ee20_0 .var "din_1", 0 0;
v000000000673f960_0 .var "din_q_0", 0 0;
v000000000673ece0_0 .var "din_q_1", 0 0;
v000000000673ed80_0 .var "dout", 0 0;
v000000000673eec0_0 .var "dout_q_0", 0 0;
v000000000673f000_0 .var "dout_q_1", 0 0;
v00000000067439a0_0 .var "outclk_delayed_1", 0 0;
v0000000006742c80_0 .var "outclk_delayed_2", 0 0;
v0000000006741ce0_0 .var "outena_q", 0 0;
E_00000000066b2fc0 .event anyedge, v0000000006742c80_0, v000000000673eec0_0, v000000000673f000_0;
E_00000000066b3080 .event anyedge, v00000000067439a0_0;
E_00000000066b2280 .event anyedge, v000000000673e420_0;
E_00000000066b23c0 .event anyedge, v000000000673f960_0, v000000000673ece0_0;
S_00000000066dc680 .scope generate, "genblk1" "genblk1" 2 2888, 2 2888 0, S_00000000066d63e0;
 .timescale -12 -12;
E_00000000066b2780 .event posedge, v000000000673e420_0;
E_00000000066b2440 .event negedge, v000000000673e420_0;
E_00000000066b2500 .event negedge, v000000000673e100_0;
E_00000000066b2ac0 .event posedge, v000000000673e100_0;
S_00000000066d5a80 .scope module, "SB_IO_OD" "SB_IO_OD" 2 2931;
 .timescale -12 -12;
    .port_info 0 /INOUT 1 "PACKAGEPIN";
    .port_info 1 /INPUT 1 "LATCHINPUTVALUE";
    .port_info 2 /INPUT 1 "CLOCKENABLE";
    .port_info 3 /INPUT 1 "INPUTCLK";
    .port_info 4 /INPUT 1 "OUTPUTCLK";
    .port_info 5 /INPUT 1 "OUTPUTENABLE";
    .port_info 6 /INPUT 1 "DOUT1";
    .port_info 7 /INPUT 1 "DOUT0";
    .port_info 8 /OUTPUT 1 "DIN1";
    .port_info 9 /OUTPUT 1 "DIN0";
P_000000000655b750 .param/l "NEG_TRIGGER" 0 2 2944, C4<0>;
P_000000000655b788 .param/l "PIN_TYPE" 0 2 2943, C4<000000>;
L_00000000066472a0 .functor BUFZ 1, v0000000006742fa0_0, C4<0>, C4<0>, C4<0>;
L_0000000006648180 .functor BUFZ 1, v0000000006742be0_0, C4<0>, C4<0>, C4<0>;
o00000000066e5eb8 .functor BUFZ 1, C4<z>; HiZ drive
v0000000006743540_0 .net "CLOCKENABLE", 0 0, o00000000066e5eb8;  0 drivers
v0000000006742820_0 .net "DIN0", 0 0, L_00000000066472a0;  1 drivers
v0000000006743040_0 .net "DIN1", 0 0, L_0000000006648180;  1 drivers
o00000000066e5f48 .functor BUFZ 1, C4<z>; HiZ drive
v0000000006741600_0 .net "DOUT0", 0 0, o00000000066e5f48;  0 drivers
o00000000066e5f78 .functor BUFZ 1, C4<z>; HiZ drive
v0000000006742e60_0 .net "DOUT1", 0 0, o00000000066e5f78;  0 drivers
o00000000066e5fa8 .functor BUFZ 1, C4<z>; HiZ drive
v0000000006742140_0 .net "INPUTCLK", 0 0, o00000000066e5fa8;  0 drivers
o00000000066e5fd8 .functor BUFZ 1, C4<z>; HiZ drive
v0000000006741880_0 .net "LATCHINPUTVALUE", 0 0, o00000000066e5fd8;  0 drivers
o00000000066e6008 .functor BUFZ 1, C4<z>; HiZ drive
v0000000006742dc0_0 .net "OUTPUTCLK", 0 0, o00000000066e6008;  0 drivers
o00000000066e6038 .functor BUFZ 1, C4<z>; HiZ drive
v00000000067416a0_0 .net "OUTPUTENABLE", 0 0, o00000000066e6038;  0 drivers
o00000000066e6068 .functor BUFZ 1, C4<z>; HiZ drive
v00000000067428c0_0 .net "PACKAGEPIN", 0 0, o00000000066e6068;  0 drivers
v0000000006742fa0_0 .var "din_0", 0 0;
v0000000006742be0_0 .var "din_1", 0 0;
v0000000006741d80_0 .var "din_q_0", 0 0;
v0000000006741ec0_0 .var "din_q_1", 0 0;
v0000000006743a40_0 .var "dout", 0 0;
v00000000067426e0_0 .var "dout_q_0", 0 0;
v0000000006742960_0 .var "dout_q_1", 0 0;
v00000000067421e0_0 .var "outclk_delayed_1", 0 0;
v0000000006741a60_0 .var "outclk_delayed_2", 0 0;
v0000000006742320_0 .var "outena_q", 0 0;
E_00000000066b2c80 .event anyedge, v0000000006741a60_0, v00000000067426e0_0, v0000000006742960_0;
E_00000000066b2580 .event anyedge, v00000000067421e0_0;
E_00000000066b27c0 .event anyedge, v0000000006742dc0_0;
E_00000000066b31c0 .event anyedge, v0000000006741d80_0, v0000000006741ec0_0;
S_00000000066db230 .scope generate, "genblk1" "genblk1" 2 2952, 2 2952 0, S_00000000066d5a80;
 .timescale -12 -12;
E_00000000066b2f40 .event posedge, v0000000006742dc0_0;
E_00000000066b2cc0 .event negedge, v0000000006742dc0_0;
E_00000000066b2600 .event negedge, v0000000006742140_0;
E_00000000066b2d80 .event posedge, v0000000006742140_0;
S_00000000066d58f0 .scope module, "SB_LEDDA_IP" "SB_LEDDA_IP" 2 2830;
 .timescale -12 -12;
    .port_info 0 /INPUT 1 "LEDDCS";
    .port_info 1 /INPUT 1 "LEDDCLK";
    .port_info 2 /INPUT 1 "LEDDDAT7";
    .port_info 3 /INPUT 1 "LEDDDAT6";
    .port_info 4 /INPUT 1 "LEDDDAT5";
    .port_info 5 /INPUT 1 "LEDDDAT4";
    .port_info 6 /INPUT 1 "LEDDDAT3";
    .port_info 7 /INPUT 1 "LEDDDAT2";
    .port_info 8 /INPUT 1 "LEDDDAT1";
    .port_info 9 /INPUT 1 "LEDDDAT0";
    .port_info 10 /INPUT 1 "LEDDADDR3";
    .port_info 11 /INPUT 1 "LEDDADDR2";
    .port_info 12 /INPUT 1 "LEDDADDR1";
    .port_info 13 /INPUT 1 "LEDDADDR0";
    .port_info 14 /INPUT 1 "LEDDDEN";
    .port_info 15 /INPUT 1 "LEDDEXE";
    .port_info 16 /INPUT 1 "LEDDRST";
    .port_info 17 /OUTPUT 1 "PWMOUT0";
    .port_info 18 /OUTPUT 1 "PWMOUT1";
    .port_info 19 /OUTPUT 1 "PWMOUT2";
    .port_info 20 /OUTPUT 1 "LEDDON";
o00000000066e6458 .functor BUFZ 1, C4<z>; HiZ drive
v00000000067430e0_0 .net "LEDDADDR0", 0 0, o00000000066e6458;  0 drivers
o00000000066e6488 .functor BUFZ 1, C4<z>; HiZ drive
v0000000006741b00_0 .net "LEDDADDR1", 0 0, o00000000066e6488;  0 drivers
o00000000066e64b8 .functor BUFZ 1, C4<z>; HiZ drive
v0000000006743400_0 .net "LEDDADDR2", 0 0, o00000000066e64b8;  0 drivers
o00000000066e64e8 .functor BUFZ 1, C4<z>; HiZ drive
v0000000006741ba0_0 .net "LEDDADDR3", 0 0, o00000000066e64e8;  0 drivers
o00000000066e6518 .functor BUFZ 1, C4<z>; HiZ drive
v0000000006741e20_0 .net "LEDDCLK", 0 0, o00000000066e6518;  0 drivers
o00000000066e6548 .functor BUFZ 1, C4<z>; HiZ drive
v0000000006743ae0_0 .net "LEDDCS", 0 0, o00000000066e6548;  0 drivers
o00000000066e6578 .functor BUFZ 1, C4<z>; HiZ drive
v0000000006742d20_0 .net "LEDDDAT0", 0 0, o00000000066e6578;  0 drivers
o00000000066e65a8 .functor BUFZ 1, C4<z>; HiZ drive
v0000000006741f60_0 .net "LEDDDAT1", 0 0, o00000000066e65a8;  0 drivers
o00000000066e65d8 .functor BUFZ 1, C4<z>; HiZ drive
v0000000006742000_0 .net "LEDDDAT2", 0 0, o00000000066e65d8;  0 drivers
o00000000066e6608 .functor BUFZ 1, C4<z>; HiZ drive
v0000000006741c40_0 .net "LEDDDAT3", 0 0, o00000000066e6608;  0 drivers
o00000000066e6638 .functor BUFZ 1, C4<z>; HiZ drive
v0000000006743360_0 .net "LEDDDAT4", 0 0, o00000000066e6638;  0 drivers
o00000000066e6668 .functor BUFZ 1, C4<z>; HiZ drive
v00000000067435e0_0 .net "LEDDDAT5", 0 0, o00000000066e6668;  0 drivers
o00000000066e6698 .functor BUFZ 1, C4<z>; HiZ drive
v00000000067420a0_0 .net "LEDDDAT6", 0 0, o00000000066e6698;  0 drivers
o00000000066e66c8 .functor BUFZ 1, C4<z>; HiZ drive
v0000000006742280_0 .net "LEDDDAT7", 0 0, o00000000066e66c8;  0 drivers
o00000000066e66f8 .functor BUFZ 1, C4<z>; HiZ drive
v0000000006742f00_0 .net "LEDDDEN", 0 0, o00000000066e66f8;  0 drivers
o00000000066e6728 .functor BUFZ 1, C4<z>; HiZ drive
v0000000006741920_0 .net "LEDDEXE", 0 0, o00000000066e6728;  0 drivers
o00000000066e6758 .functor BUFZ 1, C4<z>; HiZ drive
v0000000006741420_0 .net "LEDDON", 0 0, o00000000066e6758;  0 drivers
o00000000066e6788 .functor BUFZ 1, C4<z>; HiZ drive
v0000000006743180_0 .net "LEDDRST", 0 0, o00000000066e6788;  0 drivers
o00000000066e67b8 .functor BUFZ 1, C4<z>; HiZ drive
v0000000006743b80_0 .net "PWMOUT0", 0 0, o00000000066e67b8;  0 drivers
o00000000066e67e8 .functor BUFZ 1, C4<z>; HiZ drive
v0000000006742460_0 .net "PWMOUT1", 0 0, o00000000066e67e8;  0 drivers
o00000000066e6818 .functor BUFZ 1, C4<z>; HiZ drive
v0000000006742b40_0 .net "PWMOUT2", 0 0, o00000000066e6818;  0 drivers
S_00000000066d5120 .scope module, "SB_LED_DRV_CUR" "SB_LED_DRV_CUR" 2 2709;
 .timescale -12 -12;
    .port_info 0 /INPUT 1 "EN";
    .port_info 1 /OUTPUT 1 "LEDPU";
o00000000066e6c38 .functor BUFZ 1, C4<z>; HiZ drive
v0000000006743220_0 .net "EN", 0 0, o00000000066e6c38;  0 drivers
o00000000066e6c68 .functor BUFZ 1, C4<z>; HiZ drive
v00000000067432c0_0 .net "LEDPU", 0 0, o00000000066e6c68;  0 drivers
S_00000000066d5440 .scope module, "SB_LFOSC" "SB_LFOSC" 2 2684;
 .timescale -12 -12;
    .port_info 0 /INPUT 1 "CLKLFPU";
    .port_info 1 /INPUT 1 "CLKLFEN";
    .port_info 2 /OUTPUT 1 "CLKLF";
o00000000066e6cf8 .functor BUFZ 1, C4<z>; HiZ drive
v00000000067423c0_0 .net "CLKLF", 0 0, o00000000066e6cf8;  0 drivers
o00000000066e6d28 .functor BUFZ 1, C4<z>; HiZ drive
v0000000006742a00_0 .net "CLKLFEN", 0 0, o00000000066e6d28;  0 drivers
o00000000066e6d58 .functor BUFZ 1, C4<z>; HiZ drive
v0000000006741740_0 .net "CLKLFPU", 0 0, o00000000066e6d58;  0 drivers
S_00000000066d5c10 .scope module, "SB_LUT4" "SB_LUT4" 2 177;
 .timescale -12 -12;
    .port_info 0 /OUTPUT 1 "O";
    .port_info 1 /INPUT 1 "I0";
    .port_info 2 /INPUT 1 "I1";
    .port_info 3 /INPUT 1 "I2";
    .port_info 4 /INPUT 1 "I3";
P_00000000066b2480 .param/l "LUT_INIT" 0 2 184, C4<0000000000000000>;
o00000000066e6e18 .functor BUFZ 1, C4<z>; HiZ drive
v00000000067434a0_0 .net "I0", 0 0, o00000000066e6e18;  0 drivers
o00000000066e6e48 .functor BUFZ 1, C4<z>; HiZ drive
v00000000067419c0_0 .net "I1", 0 0, o00000000066e6e48;  0 drivers
o00000000066e6e78 .functor BUFZ 1, C4<z>; HiZ drive
v0000000006743680_0 .net "I2", 0 0, o00000000066e6e78;  0 drivers
o00000000066e6ea8 .functor BUFZ 1, C4<z>; HiZ drive
v0000000006741560_0 .net "I3", 0 0, o00000000066e6ea8;  0 drivers
v0000000006742500_0 .net "O", 0 0, L_0000000006763c40;  1 drivers
L_00000000067692a0 .functor BUFT 1, C4<00000000>, C4<0>, C4<0>, C4<0>;
v00000000067425a0_0 .net/2u *"_ivl_0", 7 0, L_00000000067692a0;  1 drivers
v0000000006742780_0 .net *"_ivl_13", 1 0, L_0000000006764b40;  1 drivers
v0000000006742640_0 .net *"_ivl_15", 1 0, L_00000000067639c0;  1 drivers
v00000000067417e0_0 .net *"_ivl_19", 0 0, L_0000000006763ba0;  1 drivers
L_00000000067692e8 .functor BUFT 1, C4<00000000>, C4<0>, C4<0>, C4<0>;
v00000000067414c0_0 .net/2u *"_ivl_2", 7 0, L_00000000067692e8;  1 drivers
v0000000006742aa0_0 .net *"_ivl_21", 0 0, L_0000000006764c80;  1 drivers
v0000000006743720_0 .net *"_ivl_7", 3 0, L_0000000006764000;  1 drivers
v00000000067437c0_0 .net *"_ivl_9", 3 0, L_0000000006765ea0;  1 drivers
v0000000006743860_0 .net "s1", 1 0, L_0000000006765a40;  1 drivers
v0000000006743900_0 .net "s2", 3 0, L_0000000006763880;  1 drivers
v00000000067450c0_0 .net "s3", 7 0, L_00000000067637e0;  1 drivers
L_00000000067637e0 .functor MUXZ 8, L_00000000067692e8, L_00000000067692a0, o00000000066e6ea8, C4<>;
L_0000000006764000 .part L_00000000067637e0, 4, 4;
L_0000000006765ea0 .part L_00000000067637e0, 0, 4;
L_0000000006763880 .functor MUXZ 4, L_0000000006765ea0, L_0000000006764000, o00000000066e6e78, C4<>;
L_0000000006764b40 .part L_0000000006763880, 2, 2;
L_00000000067639c0 .part L_0000000006763880, 0, 2;
L_0000000006765a40 .functor MUXZ 2, L_00000000067639c0, L_0000000006764b40, o00000000066e6e48, C4<>;
L_0000000006763ba0 .part L_0000000006765a40, 1, 1;
L_0000000006764c80 .part L_0000000006765a40, 0, 1;
L_0000000006763c40 .functor MUXZ 1, L_0000000006764c80, L_0000000006763ba0, o00000000066e6e18, C4<>;
S_00000000066d6250 .scope module, "SB_MAC16" "SB_MAC16" 2 2996;
 .timescale -12 -12;
    .port_info 0 /INPUT 1 "CLK";
    .port_info 1 /INPUT 1 "CE";
    .port_info 2 /INPUT 16 "C";
    .port_info 3 /INPUT 16 "A";
    .port_info 4 /INPUT 16 "B";
    .port_info 5 /INPUT 16 "D";
    .port_info 6 /INPUT 1 "AHOLD";
    .port_info 7 /INPUT 1 "BHOLD";
    .port_info 8 /INPUT 1 "CHOLD";
    .port_info 9 /INPUT 1 "DHOLD";
    .port_info 10 /INPUT 1 "IRSTTOP";
    .port_info 11 /INPUT 1 "IRSTBOT";
    .port_info 12 /INPUT 1 "ORSTTOP";
    .port_info 13 /INPUT 1 "ORSTBOT";
    .port_info 14 /INPUT 1 "OLOADTOP";
    .port_info 15 /INPUT 1 "OLOADBOT";
    .port_info 16 /INPUT 1 "ADDSUBTOP";
    .port_info 17 /INPUT 1 "ADDSUBBOT";
    .port_info 18 /INPUT 1 "OHOLDTOP";
    .port_info 19 /INPUT 1 "OHOLDBOT";
    .port_info 20 /INPUT 1 "CI";
    .port_info 21 /INPUT 1 "ACCUMCI";
    .port_info 22 /INPUT 1 "SIGNEXTIN";
    .port_info 23 /OUTPUT 32 "O";
    .port_info 24 /OUTPUT 1 "CO";
    .port_info 25 /OUTPUT 1 "ACCUMCO";
    .port_info 26 /OUTPUT 1 "SIGNEXTOUT";
P_0000000006401010 .param/l "A_REG" 0 2 3011, C4<0>;
P_0000000006401048 .param/l "A_SIGNED" 0 2 3027, C4<0>;
P_0000000006401080 .param/l "BOTADDSUB_CARRYSELECT" 0 2 3025, C4<00>;
P_00000000064010b8 .param/l "BOTADDSUB_LOWERINPUT" 0 2 3023, C4<00>;
P_00000000064010f0 .param/l "BOTADDSUB_UPPERINPUT" 0 2 3024, C4<0>;
P_0000000006401128 .param/l "BOTOUTPUT_SELECT" 0 2 3022, C4<00>;
P_0000000006401160 .param/l "BOT_8x8_MULT_REG" 0 2 3015, C4<0>;
P_0000000006401198 .param/l "B_REG" 0 2 3012, C4<0>;
P_00000000064011d0 .param/l "B_SIGNED" 0 2 3028, C4<0>;
P_0000000006401208 .param/l "C_REG" 0 2 3010, C4<0>;
P_0000000006401240 .param/l "D_REG" 0 2 3013, C4<0>;
P_0000000006401278 .param/l "MODE_8x8" 0 2 3026, C4<0>;
P_00000000064012b0 .param/l "NEG_TRIGGER" 0 2 3009, C4<0>;
P_00000000064012e8 .param/l "PIPELINE_16x16_MULT_REG1" 0 2 3016, C4<0>;
P_0000000006401320 .param/l "PIPELINE_16x16_MULT_REG2" 0 2 3017, C4<0>;
P_0000000006401358 .param/l "TOPADDSUB_CARRYSELECT" 0 2 3021, C4<00>;
P_0000000006401390 .param/l "TOPADDSUB_LOWERINPUT" 0 2 3019, C4<00>;
P_00000000064013c8 .param/l "TOPADDSUB_UPPERINPUT" 0 2 3020, C4<0>;
P_0000000006401400 .param/l "TOPOUTPUT_SELECT" 0 2 3018, C4<00>;
P_0000000006401438 .param/l "TOP_8x8_MULT_REG" 0 2 3014, C4<0>;
o00000000066e7508 .functor BUFZ 1, C4<z>; HiZ drive
L_0000000006769330 .functor BUFT 1, C4<0>, C4<0>, C4<0>, C4<0>;
L_0000000006648880 .functor XOR 1, o00000000066e7508, L_0000000006769330, C4<0>, C4<0>;
o00000000066e7448 .functor BUFZ 16, C4<zzzzzzzzzzzzzzzz>; HiZ drive
L_0000000006647850 .functor BUFZ 16, o00000000066e7448, C4<0000000000000000>, C4<0000000000000000>, C4<0000000000000000>;
o00000000066e7208 .functor BUFZ 16, C4<zzzzzzzzzzzzzzzz>; HiZ drive
L_0000000006647380 .functor BUFZ 16, o00000000066e7208, C4<0000000000000000>, C4<0000000000000000>, C4<0000000000000000>;
o00000000066e7388 .functor BUFZ 16, C4<zzzzzzzzzzzzzzzz>; HiZ drive
L_0000000006648340 .functor BUFZ 16, o00000000066e7388, C4<0000000000000000>, C4<0000000000000000>, C4<0000000000000000>;
o00000000066e7568 .functor BUFZ 16, C4<zzzzzzzzzzzzzzzz>; HiZ drive
L_00000000066475b0 .functor BUFZ 16, o00000000066e7568, C4<0000000000000000>, C4<0000000000000000>, C4<0000000000000000>;
L_0000000006648110 .functor BUFZ 16, L_0000000006765180, C4<0000000000000000>, C4<0000000000000000>, C4<0000000000000000>;
L_0000000006647b60 .functor BUFZ 16, L_0000000006763d80, C4<0000000000000000>, C4<0000000000000000>, C4<0000000000000000>;
L_0000000006647770 .functor BUFZ 16, L_0000000006764140, C4<0000000000000000>, C4<0000000000000000>, C4<0000000000000000>;
L_0000000006647c40 .functor BUFZ 16, L_0000000006766760, C4<0000000000000000>, C4<0000000000000000>, C4<0000000000000000>;
L_00000000066488f0 .functor BUFZ 32, L_0000000006767b60, C4<00000000000000000000000000000000>, C4<00000000000000000000000000000000>, C4<00000000000000000000000000000000>;
L_0000000006647ee0 .functor BUFZ 16, v0000000006749a30_0, C4<0000000000000000>, C4<0000000000000000>, C4<0000000000000000>;
L_0000000006648960 .functor BUFZ 16, L_0000000006647380, C4<0000000000000000>, C4<0000000000000000>, C4<0000000000000000>;
L_0000000006647cb0 .functor XOR 17, L_0000000006766260, L_0000000006768420, C4<00000000000000000>, C4<00000000000000000>;
o00000000066e72c8 .functor BUFZ 1, C4<z>; HiZ drive
L_0000000006648030 .functor XOR 1, L_0000000006766300, o00000000066e72c8, C4<0>, C4<0>;
L_00000000066483b0 .functor XOR 16, L_0000000006767ac0, L_00000000067661c0, C4<0000000000000000>, C4<0000000000000000>;
L_0000000006647700 .functor BUFZ 16, L_00000000067684c0, C4<0000000000000000>, C4<0000000000000000>, C4<0000000000000000>;
L_00000000066489d0 .functor BUFZ 16, v00000000067493f0_0, C4<0000000000000000>, C4<0000000000000000>, C4<0000000000000000>;
L_00000000066473f0 .functor BUFZ 16, L_0000000006648340, C4<0000000000000000>, C4<0000000000000000>, C4<0000000000000000>;
L_0000000006647d20 .functor XOR 17, L_0000000006767fc0, L_0000000006766a80, C4<00000000000000000>, C4<00000000000000000>;
L_00000000066478c0 .functor XOR 16, L_0000000006768240, L_0000000006767c00, C4<0000000000000000>, C4<0000000000000000>;
L_0000000006647460 .functor BUFZ 16, L_0000000006768100, C4<0000000000000000>, C4<0000000000000000>, C4<0000000000000000>;
v00000000067448a0_0 .net "A", 15 0, o00000000066e7208;  0 drivers
o00000000066e7238 .functor BUFZ 1, C4<z>; HiZ drive
v0000000006744e40_0 .net "ACCUMCI", 0 0, o00000000066e7238;  0 drivers
v0000000006744ee0_0 .net "ACCUMCO", 0 0, L_0000000006766300;  1 drivers
o00000000066e7298 .functor BUFZ 1, C4<z>; HiZ drive
v0000000006745200_0 .net "ADDSUBBOT", 0 0, o00000000066e7298;  0 drivers
v0000000006744620_0 .net "ADDSUBTOP", 0 0, o00000000066e72c8;  0 drivers
o00000000066e72f8 .functor BUFZ 1, C4<z>; HiZ drive
v00000000067452a0_0 .net "AHOLD", 0 0, o00000000066e72f8;  0 drivers
v0000000006743ea0_0 .net "Ah", 15 0, L_0000000006764dc0;  1 drivers
v0000000006744120_0 .net "Al", 15 0, L_0000000006765040;  1 drivers
v0000000006743c20_0 .net "B", 15 0, o00000000066e7388;  0 drivers
o00000000066e73b8 .functor BUFZ 1, C4<z>; HiZ drive
v0000000006744300_0 .net "BHOLD", 0 0, o00000000066e73b8;  0 drivers
v00000000067444e0_0 .net "Bh", 15 0, L_00000000067650e0;  1 drivers
v0000000006744da0_0 .net "Bl", 15 0, L_0000000006765ae0;  1 drivers
v0000000006743fe0_0 .net "C", 15 0, o00000000066e7448;  0 drivers
o00000000066e7478 .functor BUFZ 1, C4<z>; HiZ drive
v0000000006744d00_0 .net "CE", 0 0, o00000000066e7478;  0 drivers
o00000000066e74a8 .functor BUFZ 1, C4<z>; HiZ drive
v0000000006744f80_0 .net "CHOLD", 0 0, o00000000066e74a8;  0 drivers
o00000000066e74d8 .functor BUFZ 1, C4<z>; HiZ drive
v0000000006743e00_0 .net "CI", 0 0, o00000000066e74d8;  0 drivers
v00000000067449e0_0 .net "CLK", 0 0, o00000000066e7508;  0 drivers
v0000000006745020_0 .net "CO", 0 0, L_0000000006648030;  1 drivers
v00000000067443a0_0 .net "D", 15 0, o00000000066e7568;  0 drivers
o00000000066e7598 .functor BUFZ 1, C4<z>; HiZ drive
v00000000067441c0_0 .net "DHOLD", 0 0, o00000000066e7598;  0 drivers
L_0000000006769888 .functor BUFT 1, C4<0>, C4<0>, C4<0>, C4<0>;
v0000000006743d60_0 .net "HCI", 0 0, L_0000000006769888;  1 drivers
o00000000066e75f8 .functor BUFZ 1, C4<z>; HiZ drive
v00000000067446c0_0 .net "IRSTBOT", 0 0, o00000000066e75f8;  0 drivers
o00000000066e7628 .functor BUFZ 1, C4<z>; HiZ drive
v0000000006743cc0_0 .net "IRSTTOP", 0 0, o00000000066e7628;  0 drivers
L_00000000067699a8 .functor BUFT 1, C4<0>, C4<0>, C4<0>, C4<0>;
v0000000006744a80_0 .net "LCI", 0 0, L_00000000067699a8;  1 drivers
v0000000006743f40_0 .net "LCO", 0 0, L_00000000067682e0;  1 drivers
v0000000006744080_0 .net "O", 31 0, L_00000000067675c0;  1 drivers
o00000000066e76e8 .functor BUFZ 1, C4<z>; HiZ drive
v0000000006744760_0 .net "OHOLDBOT", 0 0, o00000000066e76e8;  0 drivers
o00000000066e7718 .functor BUFZ 1, C4<z>; HiZ drive
v0000000006744260_0 .net "OHOLDTOP", 0 0, o00000000066e7718;  0 drivers
o00000000066e7748 .functor BUFZ 1, C4<z>; HiZ drive
v0000000006744440_0 .net "OLOADBOT", 0 0, o00000000066e7748;  0 drivers
o00000000066e7778 .functor BUFZ 1, C4<z>; HiZ drive
v0000000006744580_0 .net "OLOADTOP", 0 0, o00000000066e7778;  0 drivers
o00000000066e77a8 .functor BUFZ 1, C4<z>; HiZ drive
v0000000006744b20_0 .net "ORSTBOT", 0 0, o00000000066e77a8;  0 drivers
o00000000066e77d8 .functor BUFZ 1, C4<z>; HiZ drive
v0000000006744800_0 .net "ORSTTOP", 0 0, o00000000066e77d8;  0 drivers
v0000000006744940_0 .net "Oh", 15 0, L_0000000006647700;  1 drivers
v0000000006744bc0_0 .net "Ol", 15 0, L_0000000006647460;  1 drivers
o00000000066e7868 .functor BUFZ 1, C4<z>; HiZ drive
v0000000006744c60_0 .net "SIGNEXTIN", 0 0, o00000000066e7868;  0 drivers
v0000000006745160_0 .net "SIGNEXTOUT", 0 0, L_0000000006766ee0;  1 drivers
v000000000674e350_0 .net "XW", 15 0, L_0000000006767ac0;  1 drivers
v000000000674ee90_0 .net "YZ", 15 0, L_0000000006768240;  1 drivers
v000000000674cf50_0 .net/2u *"_ivl_0", 0 0, L_0000000006769330;  1 drivers
v000000000674e8f0_0 .net *"_ivl_100", 31 0, L_00000000067677a0;  1 drivers
L_0000000006769720 .functor BUFT 1, C4<0000000000000000>, C4<0>, C4<0>, C4<0>;
v000000000674ca50_0 .net *"_ivl_103", 15 0, L_0000000006769720;  1 drivers
v000000000674e3f0_0 .net *"_ivl_104", 31 0, L_0000000006767d40;  1 drivers
v000000000674f1b0_0 .net *"_ivl_106", 15 0, L_0000000006767520;  1 drivers
L_0000000006769768 .functor BUFT 1, C4<0000000000000000>, C4<0>, C4<0>, C4<0>;
v000000000674d9f0_0 .net *"_ivl_108", 15 0, L_0000000006769768;  1 drivers
L_0000000006769378 .functor BUFT 1, C4<00000000>, C4<0>, C4<0>, C4<0>;
v000000000674cff0_0 .net/2u *"_ivl_12", 7 0, L_0000000006769378;  1 drivers
v000000000674d310_0 .net *"_ivl_121", 16 0, L_0000000006768600;  1 drivers
L_00000000067697b0 .functor BUFT 1, C4<0>, C4<0>, C4<0>, C4<0>;
v000000000674caf0_0 .net *"_ivl_124", 0 0, L_00000000067697b0;  1 drivers
v000000000674d950_0 .net *"_ivl_125", 16 0, L_0000000006766260;  1 drivers
L_00000000067697f8 .functor BUFT 1, C4<0>, C4<0>, C4<0>, C4<0>;
v000000000674d8b0_0 .net *"_ivl_128", 0 0, L_00000000067697f8;  1 drivers
v000000000674dd10_0 .net *"_ivl_129", 15 0, L_0000000006767e80;  1 drivers
v000000000674cb90_0 .net *"_ivl_131", 16 0, L_0000000006768420;  1 drivers
L_0000000006769840 .functor BUFT 1, C4<0>, C4<0>, C4<0>, C4<0>;
v000000000674e5d0_0 .net *"_ivl_134", 0 0, L_0000000006769840;  1 drivers
v000000000674eb70_0 .net *"_ivl_135", 16 0, L_0000000006647cb0;  1 drivers
v000000000674de50_0 .net *"_ivl_137", 16 0, L_0000000006767f20;  1 drivers
L_0000000006769de0 .functor BUFT 1, C4<00000000000000000>, C4<0>, C4<0>, C4<0>;
v000000000674e670_0 .net *"_ivl_139", 16 0, L_0000000006769de0;  1 drivers
v000000000674cc30_0 .net *"_ivl_143", 16 0, L_00000000067664e0;  1 drivers
v000000000674e850_0 .net *"_ivl_147", 15 0, L_00000000067661c0;  1 drivers
v000000000674e990_0 .net *"_ivl_149", 15 0, L_00000000066483b0;  1 drivers
v000000000674e490_0 .net *"_ivl_15", 7 0, L_0000000006764d20;  1 drivers
v000000000674ddb0_0 .net *"_ivl_168", 16 0, L_00000000067669e0;  1 drivers
L_00000000067698d0 .functor BUFT 1, C4<0>, C4<0>, C4<0>, C4<0>;
v000000000674ef30_0 .net *"_ivl_171", 0 0, L_00000000067698d0;  1 drivers
v000000000674e210_0 .net *"_ivl_172", 16 0, L_0000000006767fc0;  1 drivers
L_0000000006769918 .functor BUFT 1, C4<0>, C4<0>, C4<0>, C4<0>;
v000000000674d270_0 .net *"_ivl_175", 0 0, L_0000000006769918;  1 drivers
v000000000674efd0_0 .net *"_ivl_176", 15 0, L_00000000067686a0;  1 drivers
v000000000674da90_0 .net *"_ivl_178", 16 0, L_0000000006766a80;  1 drivers
L_00000000067693c0 .functor BUFT 1, C4<00000000>, C4<0>, C4<0>, C4<0>;
v000000000674d810_0 .net/2u *"_ivl_18", 7 0, L_00000000067693c0;  1 drivers
L_0000000006769960 .functor BUFT 1, C4<0>, C4<0>, C4<0>, C4<0>;
v000000000674ccd0_0 .net *"_ivl_181", 0 0, L_0000000006769960;  1 drivers
v000000000674e0d0_0 .net *"_ivl_182", 16 0, L_0000000006647d20;  1 drivers
v000000000674f070_0 .net *"_ivl_184", 16 0, L_0000000006767200;  1 drivers
L_0000000006769e28 .functor BUFT 1, C4<00000000000000000>, C4<0>, C4<0>, C4<0>;
v000000000674dc70_0 .net *"_ivl_186", 16 0, L_0000000006769e28;  1 drivers
v000000000674cd70_0 .net *"_ivl_190", 16 0, L_00000000067663a0;  1 drivers
v000000000674d3b0_0 .net *"_ivl_192", 15 0, L_0000000006767c00;  1 drivers
v000000000674def0_0 .net *"_ivl_194", 15 0, L_00000000066478c0;  1 drivers
v000000000674d090_0 .net *"_ivl_21", 7 0, L_0000000006764e60;  1 drivers
L_0000000006769408 .functor BUFT 1, C4<00000000>, C4<0>, C4<0>, C4<0>;
v000000000674ce10_0 .net/2u *"_ivl_24", 7 0, L_0000000006769408;  1 drivers
v000000000674e2b0_0 .net *"_ivl_27", 7 0, L_00000000067641e0;  1 drivers
L_0000000006769450 .functor BUFT 1, C4<00000000>, C4<0>, C4<0>, C4<0>;
v000000000674e530_0 .net/2u *"_ivl_30", 7 0, L_0000000006769450;  1 drivers
v000000000674ea30_0 .net *"_ivl_33", 7 0, L_0000000006763ce0;  1 drivers
L_0000000006769498 .functor BUFT 1, C4<00000000>, C4<0>, C4<0>, C4<0>;
v000000000674ceb0_0 .net/2u *"_ivl_38", 7 0, L_0000000006769498;  1 drivers
v000000000674ead0_0 .net *"_ivl_41", 7 0, L_0000000006765220;  1 drivers
v000000000674e710_0 .net *"_ivl_42", 15 0, L_0000000006765b80;  1 drivers
L_00000000067694e0 .functor BUFT 1, C4<00000000>, C4<0>, C4<0>, C4<0>;
v000000000674d630_0 .net/2u *"_ivl_46", 7 0, L_00000000067694e0;  1 drivers
v000000000674e030_0 .net *"_ivl_49", 7 0, L_0000000006763ec0;  1 drivers
v000000000674d130_0 .net *"_ivl_50", 15 0, L_00000000067640a0;  1 drivers
L_0000000006769528 .functor BUFT 1, C4<00000000>, C4<0>, C4<0>, C4<0>;
v000000000674e7b0_0 .net/2u *"_ivl_64", 7 0, L_0000000006769528;  1 drivers
L_0000000006769570 .functor BUFT 1, C4<00000000>, C4<0>, C4<0>, C4<0>;
v000000000674ec10_0 .net/2u *"_ivl_68", 7 0, L_0000000006769570;  1 drivers
v000000000674e170_0 .net *"_ivl_72", 31 0, L_0000000006766f80;  1 drivers
L_00000000067695b8 .functor BUFT 1, C4<0000000000000000>, C4<0>, C4<0>, C4<0>;
v000000000674ecb0_0 .net *"_ivl_75", 15 0, L_00000000067695b8;  1 drivers
v000000000674ed50_0 .net *"_ivl_76", 31 0, L_0000000006766080;  1 drivers
L_0000000006769600 .functor BUFT 1, C4<00000000>, C4<0>, C4<0>, C4<0>;
v000000000674f110_0 .net *"_ivl_79", 7 0, L_0000000006769600;  1 drivers
v000000000674edf0_0 .net *"_ivl_80", 31 0, L_0000000006765f40;  1 drivers
v000000000674d1d0_0 .net *"_ivl_82", 23 0, L_0000000006766120;  1 drivers
L_0000000006769648 .functor BUFT 1, C4<00000000>, C4<0>, C4<0>, C4<0>;
v000000000674d450_0 .net *"_ivl_84", 7 0, L_0000000006769648;  1 drivers
v000000000674df90_0 .net *"_ivl_86", 31 0, L_0000000006766bc0;  1 drivers
v000000000674d4f0_0 .net *"_ivl_88", 31 0, L_0000000006765fe0;  1 drivers
L_0000000006769690 .functor BUFT 1, C4<00000000>, C4<0>, C4<0>, C4<0>;
v000000000674d590_0 .net *"_ivl_91", 7 0, L_0000000006769690;  1 drivers
v000000000674db30_0 .net *"_ivl_92", 31 0, L_00000000067668a0;  1 drivers
v000000000674d6d0_0 .net *"_ivl_94", 23 0, L_0000000006767020;  1 drivers
L_00000000067696d8 .functor BUFT 1, C4<00000000>, C4<0>, C4<0>, C4<0>;
v000000000674d770_0 .net *"_ivl_96", 7 0, L_00000000067696d8;  1 drivers
v000000000674dbd0_0 .net *"_ivl_98", 31 0, L_0000000006766940;  1 drivers
v000000000674f930_0 .net "clock", 0 0, L_0000000006648880;  1 drivers
v000000000674f4d0_0 .net "iA", 15 0, L_0000000006647380;  1 drivers
v000000000674f430_0 .net "iB", 15 0, L_0000000006648340;  1 drivers
v000000000674f390_0 .net "iC", 15 0, L_0000000006647850;  1 drivers
v000000000674f250_0 .net "iD", 15 0, L_00000000066475b0;  1 drivers
v000000000674f2f0_0 .net "iF", 15 0, L_0000000006648110;  1 drivers
v000000000674f750_0 .net "iG", 15 0, L_0000000006647c40;  1 drivers
v000000000674f890_0 .net "iH", 31 0, L_00000000066488f0;  1 drivers
v000000000674f6b0_0 .net "iJ", 15 0, L_0000000006647b60;  1 drivers
v000000000674f570_0 .net "iJ_e", 23 0, L_0000000006766800;  1 drivers
v000000000674f610_0 .net "iK", 15 0, L_0000000006647770;  1 drivers
v000000000674f7f0_0 .net "iK_e", 23 0, L_00000000067673e0;  1 drivers
v0000000006747eb0_0 .net "iL", 31 0, L_0000000006767b60;  1 drivers
v0000000006749d50_0 .net "iP", 15 0, L_00000000067684c0;  1 drivers
v0000000006749f30_0 .net "iQ", 15 0, v0000000006749a30_0;  1 drivers
v00000000067495d0_0 .net "iR", 15 0, L_0000000006768100;  1 drivers
v0000000006747c30_0 .net "iS", 15 0, v00000000067493f0_0;  1 drivers
v00000000067484f0_0 .net "iW", 15 0, L_0000000006647ee0;  1 drivers
v0000000006747d70_0 .net "iX", 15 0, L_0000000006648960;  1 drivers
v0000000006748f90_0 .net "iY", 15 0, L_00000000066489d0;  1 drivers
v0000000006748810_0 .net "iZ", 15 0, L_00000000066473f0;  1 drivers
v0000000006747b90_0 .net "p_Ah_Bh", 15 0, L_0000000006765180;  1 drivers
v00000000067490d0_0 .net "p_Ah_Bl", 15 0, L_0000000006764140;  1 drivers
v0000000006749fd0_0 .net "p_Al_Bh", 15 0, L_0000000006763d80;  1 drivers
v0000000006748c70_0 .net "p_Al_Bl", 15 0, L_0000000006766760;  1 drivers
v0000000006747a50_0 .var "rA", 15 0;
v0000000006748270_0 .var "rB", 15 0;
v0000000006748ef0_0 .var "rC", 15 0;
v0000000006747ff0_0 .var "rD", 15 0;
v0000000006747af0_0 .var "rF", 15 0;
v00000000067492b0_0 .var "rG", 15 0;
v0000000006749350_0 .var "rH", 31 0;
v0000000006749990_0 .var "rJ", 15 0;
v0000000006747e10_0 .var "rK", 15 0;
v0000000006749a30_0 .var "rQ", 15 0;
v00000000067493f0_0 .var "rS", 15 0;
E_00000000066b2dc0 .event posedge, v0000000006744b20_0, v000000000674f930_0;
E_00000000066b2680 .event posedge, v0000000006744800_0, v000000000674f930_0;
E_00000000066b2f80 .event posedge, v00000000067446c0_0, v000000000674f930_0;
E_00000000066b26c0 .event posedge, v0000000006743cc0_0, v000000000674f930_0;
L_0000000006764d20 .part L_0000000006647380, 8, 8;
L_0000000006764dc0 .concat [ 8 8 0 0], L_0000000006764d20, L_0000000006769378;
L_0000000006764e60 .part L_0000000006647380, 0, 8;
L_0000000006765040 .concat [ 8 8 0 0], L_0000000006764e60, L_00000000067693c0;
L_00000000067641e0 .part L_0000000006648340, 8, 8;
L_00000000067650e0 .concat [ 8 8 0 0], L_00000000067641e0, L_0000000006769408;
L_0000000006763ce0 .part L_0000000006648340, 0, 8;
L_0000000006765ae0 .concat [ 8 8 0 0], L_0000000006763ce0, L_0000000006769450;
L_0000000006765180 .arith/mult 16, L_0000000006764dc0, L_00000000067650e0;
L_0000000006765220 .part L_0000000006765040, 0, 8;
L_0000000006765b80 .concat [ 8 8 0 0], L_0000000006765220, L_0000000006769498;
L_0000000006763d80 .arith/mult 16, L_0000000006765b80, L_00000000067650e0;
L_0000000006763ec0 .part L_0000000006765ae0, 0, 8;
L_00000000067640a0 .concat [ 8 8 0 0], L_0000000006763ec0, L_00000000067694e0;
L_0000000006764140 .arith/mult 16, L_0000000006764dc0, L_00000000067640a0;
L_0000000006766760 .arith/mult 16, L_0000000006765040, L_0000000006765ae0;
L_00000000067673e0 .concat [ 16 8 0 0], L_0000000006647770, L_0000000006769528;
L_0000000006766800 .concat [ 16 8 0 0], L_0000000006647b60, L_0000000006769570;
L_0000000006766f80 .concat [ 16 16 0 0], L_0000000006647c40, L_00000000067695b8;
L_0000000006766080 .concat [ 24 8 0 0], L_00000000067673e0, L_0000000006769600;
L_0000000006766120 .part L_0000000006766080, 0, 24;
L_0000000006765f40 .concat [ 8 24 0 0], L_0000000006769648, L_0000000006766120;
L_0000000006766bc0 .arith/sum 32, L_0000000006766f80, L_0000000006765f40;
L_0000000006765fe0 .concat [ 24 8 0 0], L_0000000006766800, L_0000000006769690;
L_0000000006767020 .part L_0000000006765fe0, 0, 24;
L_00000000067668a0 .concat [ 8 24 0 0], L_00000000067696d8, L_0000000006767020;
L_0000000006766940 .arith/sum 32, L_0000000006766bc0, L_00000000067668a0;
L_00000000067677a0 .concat [ 16 16 0 0], L_0000000006648110, L_0000000006769720;
L_0000000006767520 .part L_00000000067677a0, 0, 16;
L_0000000006767d40 .concat [ 16 16 0 0], L_0000000006769768, L_0000000006767520;
L_0000000006767b60 .arith/sum 32, L_0000000006766940, L_0000000006767d40;
L_0000000006766300 .part L_00000000067664e0, 16, 1;
L_0000000006767ac0 .part L_00000000067664e0, 0, 16;
L_0000000006768600 .concat [ 16 1 0 0], L_0000000006648960, L_00000000067697b0;
L_0000000006766260 .concat [ 16 1 0 0], L_0000000006647ee0, L_00000000067697f8;
LS_0000000006767e80_0_0 .concat [ 1 1 1 1], o00000000066e72c8, o00000000066e72c8, o00000000066e72c8, o00000000066e72c8;
LS_0000000006767e80_0_4 .concat [ 1 1 1 1], o00000000066e72c8, o00000000066e72c8, o00000000066e72c8, o00000000066e72c8;
LS_0000000006767e80_0_8 .concat [ 1 1 1 1], o00000000066e72c8, o00000000066e72c8, o00000000066e72c8, o00000000066e72c8;
LS_0000000006767e80_0_12 .concat [ 1 1 1 1], o00000000066e72c8, o00000000066e72c8, o00000000066e72c8, o00000000066e72c8;
L_0000000006767e80 .concat [ 4 4 4 4], LS_0000000006767e80_0_0, LS_0000000006767e80_0_4, LS_0000000006767e80_0_8, LS_0000000006767e80_0_12;
L_0000000006768420 .concat [ 16 1 0 0], L_0000000006767e80, L_0000000006769840;
L_0000000006767f20 .arith/sum 17, L_0000000006768600, L_0000000006647cb0;
L_00000000067664e0 .arith/sum 17, L_0000000006767f20, L_0000000006769de0;
LS_00000000067661c0_0_0 .concat [ 1 1 1 1], o00000000066e72c8, o00000000066e72c8, o00000000066e72c8, o00000000066e72c8;
LS_00000000067661c0_0_4 .concat [ 1 1 1 1], o00000000066e72c8, o00000000066e72c8, o00000000066e72c8, o00000000066e72c8;
LS_00000000067661c0_0_8 .concat [ 1 1 1 1], o00000000066e72c8, o00000000066e72c8, o00000000066e72c8, o00000000066e72c8;
LS_00000000067661c0_0_12 .concat [ 1 1 1 1], o00000000066e72c8, o00000000066e72c8, o00000000066e72c8, o00000000066e72c8;
L_00000000067661c0 .concat [ 4 4 4 4], LS_00000000067661c0_0_0, LS_00000000067661c0_0_4, LS_00000000067661c0_0_8, LS_00000000067661c0_0_12;
L_00000000067684c0 .functor MUXZ 16, L_00000000066483b0, L_0000000006647850, o00000000066e7778, C4<>;
L_0000000006766ee0 .part L_0000000006648960, 15, 1;
L_00000000067682e0 .part L_00000000067663a0, 16, 1;
L_0000000006768240 .part L_00000000067663a0, 0, 16;
L_00000000067669e0 .concat [ 16 1 0 0], L_00000000066473f0, L_00000000067698d0;
L_0000000006767fc0 .concat [ 16 1 0 0], L_00000000066489d0, L_0000000006769918;
LS_00000000067686a0_0_0 .concat [ 1 1 1 1], o00000000066e7298, o00000000066e7298, o00000000066e7298, o00000000066e7298;
LS_00000000067686a0_0_4 .concat [ 1 1 1 1], o00000000066e7298, o00000000066e7298, o00000000066e7298, o00000000066e7298;
LS_00000000067686a0_0_8 .concat [ 1 1 1 1], o00000000066e7298, o00000000066e7298, o00000000066e7298, o00000000066e7298;
LS_00000000067686a0_0_12 .concat [ 1 1 1 1], o00000000066e7298, o00000000066e7298, o00000000066e7298, o00000000066e7298;
L_00000000067686a0 .concat [ 4 4 4 4], LS_00000000067686a0_0_0, LS_00000000067686a0_0_4, LS_00000000067686a0_0_8, LS_00000000067686a0_0_12;
L_0000000006766a80 .concat [ 16 1 0 0], L_00000000067686a0, L_0000000006769960;
L_0000000006767200 .arith/sum 17, L_00000000067669e0, L_0000000006647d20;
L_00000000067663a0 .arith/sum 17, L_0000000006767200, L_0000000006769e28;
LS_0000000006767c00_0_0 .concat [ 1 1 1 1], o00000000066e7298, o00000000066e7298, o00000000066e7298, o00000000066e7298;
LS_0000000006767c00_0_4 .concat [ 1 1 1 1], o00000000066e7298, o00000000066e7298, o00000000066e7298, o00000000066e7298;
LS_0000000006767c00_0_8 .concat [ 1 1 1 1], o00000000066e7298, o00000000066e7298, o00000000066e7298, o00000000066e7298;
LS_0000000006767c00_0_12 .concat [ 1 1 1 1], o00000000066e7298, o00000000066e7298, o00000000066e7298, o00000000066e7298;
L_0000000006767c00 .concat [ 4 4 4 4], LS_0000000006767c00_0_0, LS_0000000006767c00_0_4, LS_0000000006767c00_0_8, LS_0000000006767c00_0_12;
L_0000000006768100 .functor MUXZ 16, L_00000000066478c0, L_00000000066475b0, o00000000066e7748, C4<>;
L_00000000067675c0 .concat [ 16 16 0 0], L_0000000006647460, L_0000000006647700;
S_00000000066d47c0 .scope module, "SB_PLL40_2F_CORE" "SB_PLL40_2F_CORE" 2 2521;
 .timescale -12 -12;
    .port_info 0 /INPUT 1 "REFERENCECLK";
    .port_info 1 /OUTPUT 1 "PLLOUTCOREA";
    .port_info 2 /OUTPUT 1 "PLLOUTGLOBALA";
    .port_info 3 /OUTPUT 1 "PLLOUTCOREB";
    .port_info 4 /OUTPUT 1 "PLLOUTGLOBALB";
    .port_info 5 /INPUT 1 "EXTFEEDBACK";
    .port_info 6 /INPUT 8 "DYNAMICDELAY";
    .port_info 7 /OUTPUT 1 "LOCK";
    .port_info 8 /INPUT 1 "BYPASS";
    .port_info 9 /INPUT 1 "RESETB";
    .port_info 10 /INPUT 1 "LATCHINPUTVALUE";
    .port_info 11 /OUTPUT 1 "SDO";
    .port_info 12 /INPUT 1 "SDI";
    .port_info 13 /INPUT 1 "SCLK";
P_000000000640fc60 .param/str "DELAY_ADJUSTMENT_MODE_FEEDBACK" 0 2 2538, "FIXED";
P_000000000640fc98 .param/str "DELAY_ADJUSTMENT_MODE_RELATIVE" 0 2 2539, "FIXED";
P_000000000640fcd0 .param/l "DIVF" 0 2 2546, C4<0000000>;
P_000000000640fd08 .param/l "DIVQ" 0 2 2547, C4<000>;
P_000000000640fd40 .param/l "DIVR" 0 2 2545, C4<0000>;
P_000000000640fd78 .param/l "ENABLE_ICEGATE_PORTA" 0 2 2549, C4<0>;
P_000000000640fdb0 .param/l "ENABLE_ICEGATE_PORTB" 0 2 2550, C4<0>;
P_000000000640fde8 .param/l "EXTERNAL_DIVIDE_FACTOR" 0 2 2552, +C4<00000000000000000000000000000001>;
P_000000000640fe20 .param/l "FDA_FEEDBACK" 0 2 2541, C4<0000>;
P_000000000640fe58 .param/l "FDA_RELATIVE" 0 2 2542, C4<0000>;
P_000000000640fe90 .param/str "FEEDBACK_PATH" 0 2 2537, "SIMPLE";
P_000000000640fec8 .param/l "FILTER_RANGE" 0 2 2548, C4<000>;
P_000000000640ff00 .param/str "PLLOUT_SELECT_PORTA" 0 2 2543, "GENCLK";
P_000000000640ff38 .param/str "PLLOUT_SELECT_PORTB" 0 2 2544, "GENCLK";
P_000000000640ff70 .param/l "SHIFTREG_DIV_MODE" 0 2 2540, C4<0>;
P_000000000640ffa8 .param/l "TEST_MODE" 0 2 2551, C4<0>;
o00000000066e9098 .functor BUFZ 1, C4<z>; HiZ drive
v0000000006749170_0 .net "BYPASS", 0 0, o00000000066e9098;  0 drivers
o00000000066e90c8 .functor BUFZ 8, C4<zzzzzzzz>; HiZ drive
v000000000674a070_0 .net "DYNAMICDELAY", 7 0, o00000000066e90c8;  0 drivers
o00000000066e90f8 .functor BUFZ 1, C4<z>; HiZ drive
v0000000006749670_0 .net "EXTFEEDBACK", 0 0, o00000000066e90f8;  0 drivers
o00000000066e9128 .functor BUFZ 1, C4<z>; HiZ drive
v000000000674a110_0 .net "LATCHINPUTVALUE", 0 0, o00000000066e9128;  0 drivers
o00000000066e9158 .functor BUFZ 1, C4<z>; HiZ drive
v0000000006749c10_0 .net "LOCK", 0 0, o00000000066e9158;  0 drivers
o00000000066e9188 .functor BUFZ 1, C4<z>; HiZ drive
v0000000006747f50_0 .net "PLLOUTCOREA", 0 0, o00000000066e9188;  0 drivers
o00000000066e91b8 .functor BUFZ 1, C4<z>; HiZ drive
v00000000067488b0_0 .net "PLLOUTCOREB", 0 0, o00000000066e91b8;  0 drivers
o00000000066e91e8 .functor BUFZ 1, C4<z>; HiZ drive
v0000000006748950_0 .net "PLLOUTGLOBALA", 0 0, o00000000066e91e8;  0 drivers
o00000000066e9218 .functor BUFZ 1, C4<z>; HiZ drive
v000000000674a1b0_0 .net "PLLOUTGLOBALB", 0 0, o00000000066e9218;  0 drivers
o00000000066e9248 .functor BUFZ 1, C4<z>; HiZ drive
v0000000006747cd0_0 .net "REFERENCECLK", 0 0, o00000000066e9248;  0 drivers
o00000000066e9278 .functor BUFZ 1, C4<z>; HiZ drive
v0000000006748090_0 .net "RESETB", 0 0, o00000000066e9278;  0 drivers
o00000000066e92a8 .functor BUFZ 1, C4<z>; HiZ drive
v00000000067486d0_0 .net "SCLK", 0 0, o00000000066e92a8;  0 drivers
o00000000066e92d8 .functor BUFZ 1, C4<z>; HiZ drive
v0000000006749e90_0 .net "SDI", 0 0, o00000000066e92d8;  0 drivers
o00000000066e9308 .functor BUFZ 1, C4<z>; HiZ drive
v0000000006749490_0 .net "SDO", 0 0, o00000000066e9308;  0 drivers
S_00000000066d4c70 .scope module, "SB_PLL40_2F_PAD" "SB_PLL40_2F_PAD" 2 2556;
 .timescale -12 -12;
    .port_info 0 /INPUT 1 "PACKAGEPIN";
    .port_info 1 /OUTPUT 1 "PLLOUTCOREA";
    .port_info 2 /OUTPUT 1 "PLLOUTGLOBALA";
    .port_info 3 /OUTPUT 1 "PLLOUTCOREB";
    .port_info 4 /OUTPUT 1 "PLLOUTGLOBALB";
    .port_info 5 /INPUT 1 "EXTFEEDBACK";
    .port_info 6 /INPUT 8 "DYNAMICDELAY";
    .port_info 7 /OUTPUT 1 "LOCK";
    .port_info 8 /INPUT 1 "BYPASS";
    .port_info 9 /INPUT 1 "RESETB";
    .port_info 10 /INPUT 1 "LATCHINPUTVALUE";
    .port_info 11 /OUTPUT 1 "SDO";
    .port_info 12 /INPUT 1 "SDI";
    .port_info 13 /INPUT 1 "SCLK";
P_000000000640a380 .param/str "DELAY_ADJUSTMENT_MODE_FEEDBACK" 0 2 2573, "FIXED";
P_000000000640a3b8 .param/str "DELAY_ADJUSTMENT_MODE_RELATIVE" 0 2 2574, "FIXED";
P_000000000640a3f0 .param/l "DIVF" 0 2 2581, C4<0000000>;
P_000000000640a428 .param/l "DIVQ" 0 2 2582, C4<000>;
P_000000000640a460 .param/l "DIVR" 0 2 2580, C4<0000>;
P_000000000640a498 .param/l "ENABLE_ICEGATE_PORTA" 0 2 2584, C4<0>;
P_000000000640a4d0 .param/l "ENABLE_ICEGATE_PORTB" 0 2 2585, C4<0>;
P_000000000640a508 .param/l "EXTERNAL_DIVIDE_FACTOR" 0 2 2587, +C4<00000000000000000000000000000001>;
P_000000000640a540 .param/l "FDA_FEEDBACK" 0 2 2576, C4<0000>;
P_000000000640a578 .param/l "FDA_RELATIVE" 0 2 2577, C4<0000>;
P_000000000640a5b0 .param/str "FEEDBACK_PATH" 0 2 2572, "SIMPLE";
P_000000000640a5e8 .param/l "FILTER_RANGE" 0 2 2583, C4<000>;
P_000000000640a620 .param/str "PLLOUT_SELECT_PORTA" 0 2 2578, "GENCLK";
P_000000000640a658 .param/str "PLLOUT_SELECT_PORTB" 0 2 2579, "GENCLK";
P_000000000640a690 .param/l "SHIFTREG_DIV_MODE" 0 2 2575, C4<00>;
P_000000000640a6c8 .param/l "TEST_MODE" 0 2 2586, C4<0>;
o00000000066e95d8 .functor BUFZ 1, C4<z>; HiZ drive
v0000000006749cb0_0 .net "BYPASS", 0 0, o00000000066e95d8;  0 drivers
o00000000066e9608 .functor BUFZ 8, C4<zzzzzzzz>; HiZ drive
v0000000006748130_0 .net "DYNAMICDELAY", 7 0, o00000000066e9608;  0 drivers
o00000000066e9638 .functor BUFZ 1, C4<z>; HiZ drive
v00000000067481d0_0 .net "EXTFEEDBACK", 0 0, o00000000066e9638;  0 drivers
o00000000066e9668 .functor BUFZ 1, C4<z>; HiZ drive
v0000000006749530_0 .net "LATCHINPUTVALUE", 0 0, o00000000066e9668;  0 drivers
o00000000066e9698 .functor BUFZ 1, C4<z>; HiZ drive
v0000000006749710_0 .net "LOCK", 0 0, o00000000066e9698;  0 drivers
o00000000066e96c8 .functor BUFZ 1, C4<z>; HiZ drive
v0000000006749ad0_0 .net "PACKAGEPIN", 0 0, o00000000066e96c8;  0 drivers
o00000000066e96f8 .functor BUFZ 1, C4<z>; HiZ drive
v0000000006749b70_0 .net "PLLOUTCOREA", 0 0, o00000000066e96f8;  0 drivers
o00000000066e9728 .functor BUFZ 1, C4<z>; HiZ drive
v00000000067497b0_0 .net "PLLOUTCOREB", 0 0, o00000000066e9728;  0 drivers
o00000000066e9758 .functor BUFZ 1, C4<z>; HiZ drive
v0000000006748310_0 .net "PLLOUTGLOBALA", 0 0, o00000000066e9758;  0 drivers
o00000000066e9788 .functor BUFZ 1, C4<z>; HiZ drive
v0000000006749850_0 .net "PLLOUTGLOBALB", 0 0, o00000000066e9788;  0 drivers
o00000000066e97b8 .functor BUFZ 1, C4<z>; HiZ drive
v0000000006749df0_0 .net "RESETB", 0 0, o00000000066e97b8;  0 drivers
o00000000066e97e8 .functor BUFZ 1, C4<z>; HiZ drive
v00000000067483b0_0 .net "SCLK", 0 0, o00000000066e97e8;  0 drivers
o00000000066e9818 .functor BUFZ 1, C4<z>; HiZ drive
v0000000006748450_0 .net "SDI", 0 0, o00000000066e9818;  0 drivers
o00000000066e9848 .functor BUFZ 1, C4<z>; HiZ drive
v0000000006748590_0 .net "SDO", 0 0, o00000000066e9848;  0 drivers
S_00000000066d4e00 .scope module, "SB_PLL40_2_PAD" "SB_PLL40_2_PAD" 2 2487;
 .timescale -12 -12;
    .port_info 0 /INPUT 1 "PACKAGEPIN";
    .port_info 1 /OUTPUT 1 "PLLOUTCOREA";
    .port_info 2 /OUTPUT 1 "PLLOUTGLOBALA";
    .port_info 3 /OUTPUT 1 "PLLOUTCOREB";
    .port_info 4 /OUTPUT 1 "PLLOUTGLOBALB";
    .port_info 5 /INPUT 1 "EXTFEEDBACK";
    .port_info 6 /INPUT 8 "DYNAMICDELAY";
    .port_info 7 /OUTPUT 1 "LOCK";
    .port_info 8 /INPUT 1 "BYPASS";
    .port_info 9 /INPUT 1 "RESETB";
    .port_info 10 /INPUT 1 "LATCHINPUTVALUE";
    .port_info 11 /OUTPUT 1 "SDO";
    .port_info 12 /INPUT 1 "SDI";
    .port_info 13 /INPUT 1 "SCLK";
P_0000000006408830 .param/str "DELAY_ADJUSTMENT_MODE_FEEDBACK" 0 2 2504, "FIXED";
P_0000000006408868 .param/str "DELAY_ADJUSTMENT_MODE_RELATIVE" 0 2 2505, "FIXED";
P_00000000064088a0 .param/l "DIVF" 0 2 2511, C4<0000000>;
P_00000000064088d8 .param/l "DIVQ" 0 2 2512, C4<000>;
P_0000000006408910 .param/l "DIVR" 0 2 2510, C4<0000>;
P_0000000006408948 .param/l "ENABLE_ICEGATE_PORTA" 0 2 2514, C4<0>;
P_0000000006408980 .param/l "ENABLE_ICEGATE_PORTB" 0 2 2515, C4<0>;
P_00000000064089b8 .param/l "EXTERNAL_DIVIDE_FACTOR" 0 2 2517, +C4<00000000000000000000000000000001>;
P_00000000064089f0 .param/l "FDA_FEEDBACK" 0 2 2507, C4<0000>;
P_0000000006408a28 .param/l "FDA_RELATIVE" 0 2 2508, C4<0000>;
P_0000000006408a60 .param/str "FEEDBACK_PATH" 0 2 2503, "SIMPLE";
P_0000000006408a98 .param/l "FILTER_RANGE" 0 2 2513, C4<000>;
P_0000000006408ad0 .param/str "PLLOUT_SELECT_PORTB" 0 2 2509, "GENCLK";
P_0000000006408b08 .param/l "SHIFTREG_DIV_MODE" 0 2 2506, C4<0>;
P_0000000006408b40 .param/l "TEST_MODE" 0 2 2516, C4<0>;
o00000000066e9b18 .functor BUFZ 1, C4<z>; HiZ drive
v0000000006748630_0 .net "BYPASS", 0 0, o00000000066e9b18;  0 drivers
o00000000066e9b48 .functor BUFZ 8, C4<zzzzzzzz>; HiZ drive
v00000000067498f0_0 .net "DYNAMICDELAY", 7 0, o00000000066e9b48;  0 drivers
o00000000066e9b78 .functor BUFZ 1, C4<z>; HiZ drive
v0000000006748770_0 .net "EXTFEEDBACK", 0 0, o00000000066e9b78;  0 drivers
o00000000066e9ba8 .functor BUFZ 1, C4<z>; HiZ drive
v0000000006748a90_0 .net "LATCHINPUTVALUE", 0 0, o00000000066e9ba8;  0 drivers
o00000000066e9bd8 .functor BUFZ 1, C4<z>; HiZ drive
v00000000067489f0_0 .net "LOCK", 0 0, o00000000066e9bd8;  0 drivers
o00000000066e9c08 .functor BUFZ 1, C4<z>; HiZ drive
v0000000006748b30_0 .net "PACKAGEPIN", 0 0, o00000000066e9c08;  0 drivers
o00000000066e9c38 .functor BUFZ 1, C4<z>; HiZ drive
v0000000006749030_0 .net "PLLOUTCOREA", 0 0, o00000000066e9c38;  0 drivers
o00000000066e9c68 .functor BUFZ 1, C4<z>; HiZ drive
v0000000006748bd0_0 .net "PLLOUTCOREB", 0 0, o00000000066e9c68;  0 drivers
o00000000066e9c98 .functor BUFZ 1, C4<z>; HiZ drive
v0000000006748d10_0 .net "PLLOUTGLOBALA", 0 0, o00000000066e9c98;  0 drivers
o00000000066e9cc8 .functor BUFZ 1, C4<z>; HiZ drive
v0000000006748db0_0 .net "PLLOUTGLOBALB", 0 0, o00000000066e9cc8;  0 drivers
o00000000066e9cf8 .functor BUFZ 1, C4<z>; HiZ drive
v0000000006748e50_0 .net "RESETB", 0 0, o00000000066e9cf8;  0 drivers
o00000000066e9d28 .functor BUFZ 1, C4<z>; HiZ drive
v0000000006749210_0 .net "SCLK", 0 0, o00000000066e9d28;  0 drivers
o00000000066e9d58 .functor BUFZ 1, C4<z>; HiZ drive
v000000000674c7d0_0 .net "SDI", 0 0, o00000000066e9d58;  0 drivers
o00000000066e9d88 .functor BUFZ 1, C4<z>; HiZ drive
v000000000674c730_0 .net "SDO", 0 0, o00000000066e9d88;  0 drivers
S_00000000066d4ae0 .scope module, "SB_PLL40_CORE" "SB_PLL40_CORE" 2 2425;
 .timescale -12 -12;
    .port_info 0 /INPUT 1 "REFERENCECLK";
    .port_info 1 /OUTPUT 1 "PLLOUTCORE";
    .port_info 2 /OUTPUT 1 "PLLOUTGLOBAL";
    .port_info 3 /INPUT 1 "EXTFEEDBACK";
    .port_info 4 /INPUT 8 "DYNAMICDELAY";
    .port_info 5 /OUTPUT 1 "LOCK";
    .port_info 6 /INPUT 1 "BYPASS";
    .port_info 7 /INPUT 1 "RESETB";
    .port_info 8 /INPUT 1 "LATCHINPUTVALUE";
    .port_info 9 /OUTPUT 1 "SDO";
    .port_info 10 /INPUT 1 "SDI";
    .port_info 11 /INPUT 1 "SCLK";
P_000000000640d8e0 .param/str "DELAY_ADJUSTMENT_MODE_FEEDBACK" 0 2 2440, "FIXED";
P_000000000640d918 .param/str "DELAY_ADJUSTMENT_MODE_RELATIVE" 0 2 2441, "FIXED";
P_000000000640d950 .param/l "DIVF" 0 2 2447, C4<0000000>;
P_000000000640d988 .param/l "DIVQ" 0 2 2448, C4<000>;
P_000000000640d9c0 .param/l "DIVR" 0 2 2446, C4<0000>;
P_000000000640d9f8 .param/l "ENABLE_ICEGATE" 0 2 2450, C4<0>;
P_000000000640da30 .param/l "EXTERNAL_DIVIDE_FACTOR" 0 2 2452, +C4<00000000000000000000000000000001>;
P_000000000640da68 .param/l "FDA_FEEDBACK" 0 2 2443, C4<0000>;
P_000000000640daa0 .param/l "FDA_RELATIVE" 0 2 2444, C4<0000>;
P_000000000640dad8 .param/str "FEEDBACK_PATH" 0 2 2439, "SIMPLE";
P_000000000640db10 .param/l "FILTER_RANGE" 0 2 2449, C4<000>;
P_000000000640db48 .param/str "PLLOUT_SELECT" 0 2 2445, "GENCLK";
P_000000000640db80 .param/l "SHIFTREG_DIV_MODE" 0 2 2442, C4<0>;
P_000000000640dbb8 .param/l "TEST_MODE" 0 2 2451, C4<0>;
o00000000066ea058 .functor BUFZ 1, C4<z>; HiZ drive
v000000000674a7f0_0 .net "BYPASS", 0 0, o00000000066ea058;  0 drivers
o00000000066ea088 .functor BUFZ 8, C4<zzzzzzzz>; HiZ drive
v000000000674c410_0 .net "DYNAMICDELAY", 7 0, o00000000066ea088;  0 drivers
o00000000066ea0b8 .functor BUFZ 1, C4<z>; HiZ drive
v000000000674a6b0_0 .net "EXTFEEDBACK", 0 0, o00000000066ea0b8;  0 drivers
o00000000066ea0e8 .functor BUFZ 1, C4<z>; HiZ drive
v000000000674a390_0 .net "LATCHINPUTVALUE", 0 0, o00000000066ea0e8;  0 drivers
o00000000066ea118 .functor BUFZ 1, C4<z>; HiZ drive
v000000000674b330_0 .net "LOCK", 0 0, o00000000066ea118;  0 drivers
o00000000066ea148 .functor BUFZ 1, C4<z>; HiZ drive
v000000000674bb50_0 .net "PLLOUTCORE", 0 0, o00000000066ea148;  0 drivers
o00000000066ea178 .functor BUFZ 1, C4<z>; HiZ drive
v000000000674c910_0 .net "PLLOUTGLOBAL", 0 0, o00000000066ea178;  0 drivers
o00000000066ea1a8 .functor BUFZ 1, C4<z>; HiZ drive
v000000000674bab0_0 .net "REFERENCECLK", 0 0, o00000000066ea1a8;  0 drivers
o00000000066ea1d8 .functor BUFZ 1, C4<z>; HiZ drive
v000000000674b5b0_0 .net "RESETB", 0 0, o00000000066ea1d8;  0 drivers
o00000000066ea208 .functor BUFZ 1, C4<z>; HiZ drive
v000000000674a610_0 .net "SCLK", 0 0, o00000000066ea208;  0 drivers
o00000000066ea238 .functor BUFZ 1, C4<z>; HiZ drive
v000000000674a250_0 .net "SDI", 0 0, o00000000066ea238;  0 drivers
o00000000066ea268 .functor BUFZ 1, C4<z>; HiZ drive
v000000000674c0f0_0 .net "SDO", 0 0, o00000000066ea268;  0 drivers
S_00000000066d5da0 .scope module, "SB_PLL40_PAD" "SB_PLL40_PAD" 2 2456;
 .timescale -12 -12;
    .port_info 0 /INPUT 1 "PACKAGEPIN";
    .port_info 1 /OUTPUT 1 "PLLOUTCORE";
    .port_info 2 /OUTPUT 1 "PLLOUTGLOBAL";
    .port_info 3 /INPUT 1 "EXTFEEDBACK";
    .port_info 4 /INPUT 8 "DYNAMICDELAY";
    .port_info 5 /OUTPUT 1 "LOCK";
    .port_info 6 /INPUT 1 "BYPASS";
    .port_info 7 /INPUT 1 "RESETB";
    .port_info 8 /INPUT 1 "LATCHINPUTVALUE";
    .port_info 9 /OUTPUT 1 "SDO";
    .port_info 10 /INPUT 1 "SDI";
    .port_info 11 /INPUT 1 "SCLK";
P_0000000006408ea0 .param/str "DELAY_ADJUSTMENT_MODE_FEEDBACK" 0 2 2471, "FIXED";
P_0000000006408ed8 .param/str "DELAY_ADJUSTMENT_MODE_RELATIVE" 0 2 2472, "FIXED";
P_0000000006408f10 .param/l "DIVF" 0 2 2478, C4<0000000>;
P_0000000006408f48 .param/l "DIVQ" 0 2 2479, C4<000>;
P_0000000006408f80 .param/l "DIVR" 0 2 2477, C4<0000>;
P_0000000006408fb8 .param/l "ENABLE_ICEGATE" 0 2 2481, C4<0>;
P_0000000006408ff0 .param/l "EXTERNAL_DIVIDE_FACTOR" 0 2 2483, +C4<00000000000000000000000000000001>;
P_0000000006409028 .param/l "FDA_FEEDBACK" 0 2 2474, C4<0000>;
P_0000000006409060 .param/l "FDA_RELATIVE" 0 2 2475, C4<0000>;
P_0000000006409098 .param/str "FEEDBACK_PATH" 0 2 2470, "SIMPLE";
P_00000000064090d0 .param/l "FILTER_RANGE" 0 2 2480, C4<000>;
P_0000000006409108 .param/str "PLLOUT_SELECT" 0 2 2476, "GENCLK";
P_0000000006409140 .param/l "SHIFTREG_DIV_MODE" 0 2 2473, C4<0>;
P_0000000006409178 .param/l "TEST_MODE" 0 2 2482, C4<0>;
o00000000066ea4d8 .functor BUFZ 1, C4<z>; HiZ drive
v000000000674a2f0_0 .net "BYPASS", 0 0, o00000000066ea4d8;  0 drivers
o00000000066ea508 .functor BUFZ 8, C4<zzzzzzzz>; HiZ drive
v000000000674bbf0_0 .net "DYNAMICDELAY", 7 0, o00000000066ea508;  0 drivers
o00000000066ea538 .functor BUFZ 1, C4<z>; HiZ drive
v000000000674a430_0 .net "EXTFEEDBACK", 0 0, o00000000066ea538;  0 drivers
o00000000066ea568 .functor BUFZ 1, C4<z>; HiZ drive
v000000000674b830_0 .net "LATCHINPUTVALUE", 0 0, o00000000066ea568;  0 drivers
o00000000066ea598 .functor BUFZ 1, C4<z>; HiZ drive
v000000000674c190_0 .net "LOCK", 0 0, o00000000066ea598;  0 drivers
o00000000066ea5c8 .functor BUFZ 1, C4<z>; HiZ drive
v000000000674a4d0_0 .net "PACKAGEPIN", 0 0, o00000000066ea5c8;  0 drivers
o00000000066ea5f8 .functor BUFZ 1, C4<z>; HiZ drive
v000000000674c2d0_0 .net "PLLOUTCORE", 0 0, o00000000066ea5f8;  0 drivers
o00000000066ea628 .functor BUFZ 1, C4<z>; HiZ drive
v000000000674b290_0 .net "PLLOUTGLOBAL", 0 0, o00000000066ea628;  0 drivers
o00000000066ea658 .functor BUFZ 1, C4<z>; HiZ drive
v000000000674c9b0_0 .net "RESETB", 0 0, o00000000066ea658;  0 drivers
o00000000066ea688 .functor BUFZ 1, C4<z>; HiZ drive
v000000000674b1f0_0 .net "SCLK", 0 0, o00000000066ea688;  0 drivers
o00000000066ea6b8 .functor BUFZ 1, C4<z>; HiZ drive
v000000000674b790_0 .net "SDI", 0 0, o00000000066ea6b8;  0 drivers
o00000000066ea6e8 .functor BUFZ 1, C4<z>; HiZ drive
v000000000674bc90_0 .net "SDO", 0 0, o00000000066ea6e8;  0 drivers
S_00000000066d5f30 .scope module, "SB_RAM40_4KNR" "SB_RAM40_4KNR" 2 1726;
 .timescale -12 -12;
    .port_info 0 /OUTPUT 16 "RDATA";
    .port_info 1 /INPUT 1 "RCLKN";
    .port_info 2 /INPUT 1 "RCLKE";
    .port_info 3 /INPUT 1 "RE";
    .port_info 4 /INPUT 11 "RADDR";
    .port_info 5 /INPUT 1 "WCLK";
    .port_info 6 /INPUT 1 "WCLKE";
    .port_info 7 /INPUT 1 "WE";
    .port_info 8 /INPUT 11 "WADDR";
    .port_info 9 /INPUT 16 "MASK";
    .port_info 10 /INPUT 16 "WDATA";
P_00000000063fe650 .param/l "INIT_0" 0 2 1742, C4<0000000000000000000000000000000000000000000000000000000000000000000000000000000000000000000000000000000000000000000000000000000000000000000000000000000000000000000000000000000000000000000000000000000000000000000000000000000000000000000000000000000000000000>;
P_00000000063fe688 .param/l "INIT_1" 0 2 1743, C4<0000000000000000000000000000000000000000000000000000000000000000000000000000000000000000000000000000000000000000000000000000000000000000000000000000000000000000000000000000000000000000000000000000000000000000000000000000000000000000000000000000000000000000>;
P_00000000063fe6c0 .param/l "INIT_2" 0 2 1744, C4<0000000000000000000000000000000000000000000000000000000000000000000000000000000000000000000000000000000000000000000000000000000000000000000000000000000000000000000000000000000000000000000000000000000000000000000000000000000000000000000000000000000000000000>;
P_00000000063fe6f8 .param/l "INIT_3" 0 2 1745, C4<0000000000000000000000000000000000000000000000000000000000000000000000000000000000000000000000000000000000000000000000000000000000000000000000000000000000000000000000000000000000000000000000000000000000000000000000000000000000000000000000000000000000000000>;
P_00000000063fe730 .param/l "INIT_4" 0 2 1746, C4<0000000000000000000000000000000000000000000000000000000000000000000000000000000000000000000000000000000000000000000000000000000000000000000000000000000000000000000000000000000000000000000000000000000000000000000000000000000000000000000000000000000000000000>;
P_00000000063fe768 .param/l "INIT_5" 0 2 1747, C4<0000000000000000000000000000000000000000000000000000000000000000000000000000000000000000000000000000000000000000000000000000000000000000000000000000000000000000000000000000000000000000000000000000000000000000000000000000000000000000000000000000000000000000>;
P_00000000063fe7a0 .param/l "INIT_6" 0 2 1748, C4<0000000000000000000000000000000000000000000000000000000000000000000000000000000000000000000000000000000000000000000000000000000000000000000000000000000000000000000000000000000000000000000000000000000000000000000000000000000000000000000000000000000000000000>;
P_00000000063fe7d8 .param/l "INIT_7" 0 2 1749, C4<0000000000000000000000000000000000000000000000000000000000000000000000000000000000000000000000000000000000000000000000000000000000000000000000000000000000000000000000000000000000000000000000000000000000000000000000000000000000000000000000000000000000000000>;
P_00000000063fe810 .param/l "INIT_8" 0 2 1750, C4<0000000000000000000000000000000000000000000000000000000000000000000000000000000000000000000000000000000000000000000000000000000000000000000000000000000000000000000000000000000000000000000000000000000000000000000000000000000000000000000000000000000000000000>;
P_00000000063fe848 .param/l "INIT_9" 0 2 1751, C4<0000000000000000000000000000000000000000000000000000000000000000000000000000000000000000000000000000000000000000000000000000000000000000000000000000000000000000000000000000000000000000000000000000000000000000000000000000000000000000000000000000000000000000>;
P_00000000063fe880 .param/l "INIT_A" 0 2 1752, C4<0000000000000000000000000000000000000000000000000000000000000000000000000000000000000000000000000000000000000000000000000000000000000000000000000000000000000000000000000000000000000000000000000000000000000000000000000000000000000000000000000000000000000000>;
P_00000000063fe8b8 .param/l "INIT_B" 0 2 1753, C4<0000000000000000000000000000000000000000000000000000000000000000000000000000000000000000000000000000000000000000000000000000000000000000000000000000000000000000000000000000000000000000000000000000000000000000000000000000000000000000000000000000000000000000>;
P_00000000063fe8f0 .param/l "INIT_C" 0 2 1754, C4<0000000000000000000000000000000000000000000000000000000000000000000000000000000000000000000000000000000000000000000000000000000000000000000000000000000000000000000000000000000000000000000000000000000000000000000000000000000000000000000000000000000000000000>;
P_00000000063fe928 .param/l "INIT_D" 0 2 1755, C4<0000000000000000000000000000000000000000000000000000000000000000000000000000000000000000000000000000000000000000000000000000000000000000000000000000000000000000000000000000000000000000000000000000000000000000000000000000000000000000000000000000000000000000>;
P_00000000063fe960 .param/l "INIT_E" 0 2 1756, C4<0000000000000000000000000000000000000000000000000000000000000000000000000000000000000000000000000000000000000000000000000000000000000000000000000000000000000000000000000000000000000000000000000000000000000000000000000000000000000000000000000000000000000000>;
P_00000000063fe998 .param/l "INIT_F" 0 2 1757, C4<0000000000000000000000000000000000000000000000000000000000000000000000000000000000000000000000000000000000000000000000000000000000000000000000000000000000000000000000000000000000000000000000000000000000000000000000000000000000000000000000000000000000000000>;
P_00000000063fe9d0 .param/str "INIT_FILE" 0 2 1759, "\000";
P_00000000063fea08 .param/l "READ_MODE" 0 2 1740, +C4<00000000000000000000000000000000>;
P_00000000063fea40 .param/l "WRITE_MODE" 0 2 1739, +C4<00000000000000000000000000000000>;
o00000000066eae68 .functor BUFZ 1, C4<z>; HiZ drive
L_0000000006647d90 .functor NOT 1, o00000000066eae68, C4<0>, C4<0>, C4<0>;
o00000000066ea958 .functor BUFZ 16, C4<zzzzzzzzzzzzzzzz>; HiZ drive
v000000000674c4b0_0 .net "MASK", 15 0, o00000000066ea958;  0 drivers
o00000000066ea988 .functor BUFZ 11, C4<zzzzzzzzzzz>; HiZ drive
v000000000674c550_0 .net "RADDR", 10 0, o00000000066ea988;  0 drivers
o00000000066ea9e8 .functor BUFZ 1, C4<z>; HiZ drive
v000000000674a9d0_0 .net "RCLKE", 0 0, o00000000066ea9e8;  0 drivers
v000000000674ae30_0 .net "RCLKN", 0 0, o00000000066eae68;  0 drivers
v000000000674b510_0 .net "RDATA", 15 0, L_0000000006648420;  1 drivers
o00000000066eaa78 .functor BUFZ 1, C4<z>; HiZ drive
v000000000674bf10_0 .net "RE", 0 0, o00000000066eaa78;  0 drivers
o00000000066eaad8 .functor BUFZ 11, C4<zzzzzzzzzzz>; HiZ drive
v000000000674ab10_0 .net "WADDR", 10 0, o00000000066eaad8;  0 drivers
o00000000066eab08 .functor BUFZ 1, C4<z>; HiZ drive
v000000000674b650_0 .net "WCLK", 0 0, o00000000066eab08;  0 drivers
o00000000066eab38 .functor BUFZ 1, C4<z>; HiZ drive
v000000000674b8d0_0 .net "WCLKE", 0 0, o00000000066eab38;  0 drivers
o00000000066eab68 .functor BUFZ 16, C4<zzzzzzzzzzzzzzzz>; HiZ drive
v000000000674bfb0_0 .net "WDATA", 15 0, o00000000066eab68;  0 drivers
o00000000066eabc8 .functor BUFZ 1, C4<z>; HiZ drive
v000000000674c050_0 .net "WE", 0 0, o00000000066eabc8;  0 drivers
S_00000000066dc1d0 .scope module, "RAM" "SB_RAM40_4K" 2 1781, 2 1487 0, S_00000000066d5f30;
 .timescale -12 -12;
    .port_info 0 /OUTPUT 16 "RDATA";
    .port_info 1 /INPUT 1 "RCLK";
    .port_info 2 /INPUT 1 "RCLKE";
    .port_info 3 /INPUT 1 "RE";
    .port_info 4 /INPUT 11 "RADDR";
    .port_info 5 /INPUT 1 "WCLK";
    .port_info 6 /INPUT 1 "WCLKE";
    .port_info 7 /INPUT 1 "WE";
    .port_info 8 /INPUT 11 "WADDR";
    .port_info 9 /INPUT 16 "MASK";
    .port_info 10 /INPUT 16 "WDATA";
P_0000000006750210 .param/l "INIT_0" 0 2 1507, C4<0000000000000000000000000000000000000000000000000000000000000000000000000000000000000000000000000000000000000000000000000000000000000000000000000000000000000000000000000000000000000000000000000000000000000000000000000000000000000000000000000000000000000000>;
P_0000000006750248 .param/l "INIT_1" 0 2 1508, C4<0000000000000000000000000000000000000000000000000000000000000000000000000000000000000000000000000000000000000000000000000000000000000000000000000000000000000000000000000000000000000000000000000000000000000000000000000000000000000000000000000000000000000000>;
P_0000000006750280 .param/l "INIT_2" 0 2 1509, C4<0000000000000000000000000000000000000000000000000000000000000000000000000000000000000000000000000000000000000000000000000000000000000000000000000000000000000000000000000000000000000000000000000000000000000000000000000000000000000000000000000000000000000000>;
P_00000000067502b8 .param/l "INIT_3" 0 2 1510, C4<0000000000000000000000000000000000000000000000000000000000000000000000000000000000000000000000000000000000000000000000000000000000000000000000000000000000000000000000000000000000000000000000000000000000000000000000000000000000000000000000000000000000000000>;
P_00000000067502f0 .param/l "INIT_4" 0 2 1511, C4<0000000000000000000000000000000000000000000000000000000000000000000000000000000000000000000000000000000000000000000000000000000000000000000000000000000000000000000000000000000000000000000000000000000000000000000000000000000000000000000000000000000000000000>;
P_0000000006750328 .param/l "INIT_5" 0 2 1512, C4<0000000000000000000000000000000000000000000000000000000000000000000000000000000000000000000000000000000000000000000000000000000000000000000000000000000000000000000000000000000000000000000000000000000000000000000000000000000000000000000000000000000000000000>;
P_0000000006750360 .param/l "INIT_6" 0 2 1513, C4<0000000000000000000000000000000000000000000000000000000000000000000000000000000000000000000000000000000000000000000000000000000000000000000000000000000000000000000000000000000000000000000000000000000000000000000000000000000000000000000000000000000000000000>;
P_0000000006750398 .param/l "INIT_7" 0 2 1514, C4<0000000000000000000000000000000000000000000000000000000000000000000000000000000000000000000000000000000000000000000000000000000000000000000000000000000000000000000000000000000000000000000000000000000000000000000000000000000000000000000000000000000000000000>;
P_00000000067503d0 .param/l "INIT_8" 0 2 1515, C4<0000000000000000000000000000000000000000000000000000000000000000000000000000000000000000000000000000000000000000000000000000000000000000000000000000000000000000000000000000000000000000000000000000000000000000000000000000000000000000000000000000000000000000>;
P_0000000006750408 .param/l "INIT_9" 0 2 1516, C4<0000000000000000000000000000000000000000000000000000000000000000000000000000000000000000000000000000000000000000000000000000000000000000000000000000000000000000000000000000000000000000000000000000000000000000000000000000000000000000000000000000000000000000>;
P_0000000006750440 .param/l "INIT_A" 0 2 1517, C4<0000000000000000000000000000000000000000000000000000000000000000000000000000000000000000000000000000000000000000000000000000000000000000000000000000000000000000000000000000000000000000000000000000000000000000000000000000000000000000000000000000000000000000>;
P_0000000006750478 .param/l "INIT_B" 0 2 1518, C4<0000000000000000000000000000000000000000000000000000000000000000000000000000000000000000000000000000000000000000000000000000000000000000000000000000000000000000000000000000000000000000000000000000000000000000000000000000000000000000000000000000000000000000>;
P_00000000067504b0 .param/l "INIT_C" 0 2 1519, C4<0000000000000000000000000000000000000000000000000000000000000000000000000000000000000000000000000000000000000000000000000000000000000000000000000000000000000000000000000000000000000000000000000000000000000000000000000000000000000000000000000000000000000000>;
P_00000000067504e8 .param/l "INIT_D" 0 2 1520, C4<0000000000000000000000000000000000000000000000000000000000000000000000000000000000000000000000000000000000000000000000000000000000000000000000000000000000000000000000000000000000000000000000000000000000000000000000000000000000000000000000000000000000000000>;
P_0000000006750520 .param/l "INIT_E" 0 2 1521, C4<0000000000000000000000000000000000000000000000000000000000000000000000000000000000000000000000000000000000000000000000000000000000000000000000000000000000000000000000000000000000000000000000000000000000000000000000000000000000000000000000000000000000000000>;
P_0000000006750558 .param/l "INIT_F" 0 2 1522, C4<0000000000000000000000000000000000000000000000000000000000000000000000000000000000000000000000000000000000000000000000000000000000000000000000000000000000000000000000000000000000000000000000000000000000000000000000000000000000000000000000000000000000000000>;
P_0000000006750590 .param/str "INIT_FILE" 0 2 1524, "\000";
P_00000000067505c8 .param/l "READ_MODE" 0 2 1505, +C4<00000000000000000000000000000000>;
P_0000000006750600 .param/l "WRITE_MODE" 0 2 1504, +C4<00000000000000000000000000000000>;
v000000000674a570_0 .net "MASK", 15 0, o00000000066ea958;  alias, 0 drivers
v000000000674c230_0 .net "RADDR", 10 0, o00000000066ea988;  alias, 0 drivers
v000000000674aa70_0 .net "RCLK", 0 0, L_0000000006647d90;  1 drivers
v000000000674bd30_0 .net "RCLKE", 0 0, o00000000066ea9e8;  alias, 0 drivers
v000000000674bdd0_0 .net "RDATA", 15 0, L_0000000006648420;  alias, 1 drivers
v000000000674c690_0 .var "RDATA_I", 15 0;
v000000000674a750_0 .net "RE", 0 0, o00000000066eaa78;  alias, 0 drivers
L_00000000067699f0 .functor BUFT 1, C4<0000000000000000>, C4<0>, C4<0>, C4<0>;
v000000000674a890_0 .net "RMASK_I", 15 0, L_00000000067699f0;  1 drivers
v000000000674be70_0 .net "WADDR", 10 0, o00000000066eaad8;  alias, 0 drivers
v000000000674b3d0_0 .net "WCLK", 0 0, o00000000066eab08;  alias, 0 drivers
v000000000674b970_0 .net "WCLKE", 0 0, o00000000066eab38;  alias, 0 drivers
v000000000674c370_0 .net "WDATA", 15 0, o00000000066eab68;  alias, 0 drivers
v000000000674a930_0 .net "WDATA_I", 15 0, L_00000000066474d0;  1 drivers
v000000000674ad90_0 .net "WE", 0 0, o00000000066eabc8;  alias, 0 drivers
v000000000674b470_0 .net "WMASK_I", 15 0, L_00000000066480a0;  1 drivers
v000000000674ba10_0 .var/i "i", 31 0;
v000000000674c870 .array "memory", 255 0, 15 0;
E_00000000066b3000 .event posedge, v000000000674aa70_0;
E_00000000066b3040 .event posedge, v000000000674b3d0_0;
S_00000000066dc040 .scope generate, "genblk1" "genblk1" 2 1534, 2 1534 0, S_00000000066dc1d0;
 .timescale -12 -12;
L_00000000066480a0 .functor BUFZ 16, o00000000066ea958, C4<0000000000000000>, C4<0000000000000000>, C4<0000000000000000>;
S_00000000066dc360 .scope generate, "genblk2" "genblk2" 2 1555, 2 1555 0, S_00000000066dc1d0;
 .timescale -12 -12;
S_0000000006751f90 .scope generate, "genblk3" "genblk3" 2 1576, 2 1576 0, S_00000000066dc1d0;
 .timescale -12 -12;
L_00000000066474d0 .functor BUFZ 16, o00000000066eab68, C4<0000000000000000>, C4<0000000000000000>, C4<0000000000000000>;
S_0000000006752440 .scope generate, "genblk4" "genblk4" 2 1595, 2 1595 0, S_00000000066dc1d0;
 .timescale -12 -12;
L_0000000006648420 .functor BUFZ 16, v000000000674c690_0, C4<0000000000000000>, C4<0000000000000000>, C4<0000000000000000>;
S_00000000066d52b0 .scope module, "SB_RAM40_4KNRNW" "SB_RAM40_4KNRNW" 2 1998;
 .timescale -12 -12;
    .port_info 0 /OUTPUT 16 "RDATA";
    .port_info 1 /INPUT 1 "RCLKN";
    .port_info 2 /INPUT 1 "RCLKE";
    .port_info 3 /INPUT 1 "RE";
    .port_info 4 /INPUT 11 "RADDR";
    .port_info 5 /INPUT 1 "WCLKN";
    .port_info 6 /INPUT 1 "WCLKE";
    .port_info 7 /INPUT 1 "WE";
    .port_info 8 /INPUT 11 "WADDR";
    .port_info 9 /INPUT 16 "MASK";
    .port_info 10 /INPUT 16 "WDATA";
P_00000000063fc960 .param/l "INIT_0" 0 2 2014, C4<0000000000000000000000000000000000000000000000000000000000000000000000000000000000000000000000000000000000000000000000000000000000000000000000000000000000000000000000000000000000000000000000000000000000000000000000000000000000000000000000000000000000000000>;
P_00000000063fc998 .param/l "INIT_1" 0 2 2015, C4<0000000000000000000000000000000000000000000000000000000000000000000000000000000000000000000000000000000000000000000000000000000000000000000000000000000000000000000000000000000000000000000000000000000000000000000000000000000000000000000000000000000000000000>;
P_00000000063fc9d0 .param/l "INIT_2" 0 2 2016, C4<0000000000000000000000000000000000000000000000000000000000000000000000000000000000000000000000000000000000000000000000000000000000000000000000000000000000000000000000000000000000000000000000000000000000000000000000000000000000000000000000000000000000000000>;
P_00000000063fca08 .param/l "INIT_3" 0 2 2017, C4<0000000000000000000000000000000000000000000000000000000000000000000000000000000000000000000000000000000000000000000000000000000000000000000000000000000000000000000000000000000000000000000000000000000000000000000000000000000000000000000000000000000000000000>;
P_00000000063fca40 .param/l "INIT_4" 0 2 2018, C4<0000000000000000000000000000000000000000000000000000000000000000000000000000000000000000000000000000000000000000000000000000000000000000000000000000000000000000000000000000000000000000000000000000000000000000000000000000000000000000000000000000000000000000>;
P_00000000063fca78 .param/l "INIT_5" 0 2 2019, C4<0000000000000000000000000000000000000000000000000000000000000000000000000000000000000000000000000000000000000000000000000000000000000000000000000000000000000000000000000000000000000000000000000000000000000000000000000000000000000000000000000000000000000000>;
P_00000000063fcab0 .param/l "INIT_6" 0 2 2020, C4<0000000000000000000000000000000000000000000000000000000000000000000000000000000000000000000000000000000000000000000000000000000000000000000000000000000000000000000000000000000000000000000000000000000000000000000000000000000000000000000000000000000000000000>;
P_00000000063fcae8 .param/l "INIT_7" 0 2 2021, C4<0000000000000000000000000000000000000000000000000000000000000000000000000000000000000000000000000000000000000000000000000000000000000000000000000000000000000000000000000000000000000000000000000000000000000000000000000000000000000000000000000000000000000000>;
P_00000000063fcb20 .param/l "INIT_8" 0 2 2022, C4<0000000000000000000000000000000000000000000000000000000000000000000000000000000000000000000000000000000000000000000000000000000000000000000000000000000000000000000000000000000000000000000000000000000000000000000000000000000000000000000000000000000000000000>;
P_00000000063fcb58 .param/l "INIT_9" 0 2 2023, C4<0000000000000000000000000000000000000000000000000000000000000000000000000000000000000000000000000000000000000000000000000000000000000000000000000000000000000000000000000000000000000000000000000000000000000000000000000000000000000000000000000000000000000000>;
P_00000000063fcb90 .param/l "INIT_A" 0 2 2024, C4<0000000000000000000000000000000000000000000000000000000000000000000000000000000000000000000000000000000000000000000000000000000000000000000000000000000000000000000000000000000000000000000000000000000000000000000000000000000000000000000000000000000000000000>;
P_00000000063fcbc8 .param/l "INIT_B" 0 2 2025, C4<0000000000000000000000000000000000000000000000000000000000000000000000000000000000000000000000000000000000000000000000000000000000000000000000000000000000000000000000000000000000000000000000000000000000000000000000000000000000000000000000000000000000000000>;
P_00000000063fcc00 .param/l "INIT_C" 0 2 2026, C4<0000000000000000000000000000000000000000000000000000000000000000000000000000000000000000000000000000000000000000000000000000000000000000000000000000000000000000000000000000000000000000000000000000000000000000000000000000000000000000000000000000000000000000>;
P_00000000063fcc38 .param/l "INIT_D" 0 2 2027, C4<0000000000000000000000000000000000000000000000000000000000000000000000000000000000000000000000000000000000000000000000000000000000000000000000000000000000000000000000000000000000000000000000000000000000000000000000000000000000000000000000000000000000000000>;
P_00000000063fcc70 .param/l "INIT_E" 0 2 2028, C4<0000000000000000000000000000000000000000000000000000000000000000000000000000000000000000000000000000000000000000000000000000000000000000000000000000000000000000000000000000000000000000000000000000000000000000000000000000000000000000000000000000000000000000>;
P_00000000063fcca8 .param/l "INIT_F" 0 2 2029, C4<0000000000000000000000000000000000000000000000000000000000000000000000000000000000000000000000000000000000000000000000000000000000000000000000000000000000000000000000000000000000000000000000000000000000000000000000000000000000000000000000000000000000000000>;
P_00000000063fcce0 .param/str "INIT_FILE" 0 2 2031, "\000";
P_00000000063fcd18 .param/l "READ_MODE" 0 2 2012, +C4<00000000000000000000000000000000>;
P_00000000063fcd50 .param/l "WRITE_MODE" 0 2 2011, +C4<00000000000000000000000000000000>;
o00000000066eb5b8 .functor BUFZ 1, C4<z>; HiZ drive
L_00000000066479a0 .functor NOT 1, o00000000066eb5b8, C4<0>, C4<0>, C4<0>;
o00000000066eb5e8 .functor BUFZ 1, C4<z>; HiZ drive
L_0000000006648490 .functor NOT 1, o00000000066eb5e8, C4<0>, C4<0>, C4<0>;
o00000000066eb0a8 .functor BUFZ 16, C4<zzzzzzzzzzzzzzzz>; HiZ drive
v0000000006755310_0 .net "MASK", 15 0, o00000000066eb0a8;  0 drivers
o00000000066eb0d8 .functor BUFZ 11, C4<zzzzzzzzzzz>; HiZ drive
v0000000006754e10_0 .net "RADDR", 10 0, o00000000066eb0d8;  0 drivers
o00000000066eb138 .functor BUFZ 1, C4<z>; HiZ drive
v0000000006755450_0 .net "RCLKE", 0 0, o00000000066eb138;  0 drivers
v0000000006756530_0 .net "RCLKN", 0 0, o00000000066eb5b8;  0 drivers
v0000000006754c30_0 .net "RDATA", 15 0, L_0000000006647e00;  1 drivers
o00000000066eb1c8 .functor BUFZ 1, C4<z>; HiZ drive
v0000000006757110_0 .net "RE", 0 0, o00000000066eb1c8;  0 drivers
o00000000066eb228 .functor BUFZ 11, C4<zzzzzzzzzzz>; HiZ drive
v0000000006757070_0 .net "WADDR", 10 0, o00000000066eb228;  0 drivers
o00000000066eb288 .functor BUFZ 1, C4<z>; HiZ drive
v0000000006755d10_0 .net "WCLKE", 0 0, o00000000066eb288;  0 drivers
v00000000067563f0_0 .net "WCLKN", 0 0, o00000000066eb5e8;  0 drivers
o00000000066eb2b8 .functor BUFZ 16, C4<zzzzzzzzzzzzzzzz>; HiZ drive
v0000000006756710_0 .net "WDATA", 15 0, o00000000066eb2b8;  0 drivers
o00000000066eb318 .functor BUFZ 1, C4<z>; HiZ drive
v0000000006755130_0 .net "WE", 0 0, o00000000066eb318;  0 drivers
S_0000000006750ff0 .scope module, "RAM" "SB_RAM40_4K" 2 2053, 2 1487 0, S_00000000066d52b0;
 .timescale -12 -12;
    .port_info 0 /OUTPUT 16 "RDATA";
    .port_info 1 /INPUT 1 "RCLK";
    .port_info 2 /INPUT 1 "RCLKE";
    .port_info 3 /INPUT 1 "RE";
    .port_info 4 /INPUT 11 "RADDR";
    .port_info 5 /INPUT 1 "WCLK";
    .port_info 6 /INPUT 1 "WCLKE";
    .port_info 7 /INPUT 1 "WE";
    .port_info 8 /INPUT 11 "WADDR";
    .port_info 9 /INPUT 16 "MASK";
    .port_info 10 /INPUT 16 "WDATA";
P_0000000006752650 .param/l "INIT_0" 0 2 1507, C4<0000000000000000000000000000000000000000000000000000000000000000000000000000000000000000000000000000000000000000000000000000000000000000000000000000000000000000000000000000000000000000000000000000000000000000000000000000000000000000000000000000000000000000>;
P_0000000006752688 .param/l "INIT_1" 0 2 1508, C4<0000000000000000000000000000000000000000000000000000000000000000000000000000000000000000000000000000000000000000000000000000000000000000000000000000000000000000000000000000000000000000000000000000000000000000000000000000000000000000000000000000000000000000>;
P_00000000067526c0 .param/l "INIT_2" 0 2 1509, C4<0000000000000000000000000000000000000000000000000000000000000000000000000000000000000000000000000000000000000000000000000000000000000000000000000000000000000000000000000000000000000000000000000000000000000000000000000000000000000000000000000000000000000000>;
P_00000000067526f8 .param/l "INIT_3" 0 2 1510, C4<0000000000000000000000000000000000000000000000000000000000000000000000000000000000000000000000000000000000000000000000000000000000000000000000000000000000000000000000000000000000000000000000000000000000000000000000000000000000000000000000000000000000000000>;
P_0000000006752730 .param/l "INIT_4" 0 2 1511, C4<0000000000000000000000000000000000000000000000000000000000000000000000000000000000000000000000000000000000000000000000000000000000000000000000000000000000000000000000000000000000000000000000000000000000000000000000000000000000000000000000000000000000000000>;
P_0000000006752768 .param/l "INIT_5" 0 2 1512, C4<0000000000000000000000000000000000000000000000000000000000000000000000000000000000000000000000000000000000000000000000000000000000000000000000000000000000000000000000000000000000000000000000000000000000000000000000000000000000000000000000000000000000000000>;
P_00000000067527a0 .param/l "INIT_6" 0 2 1513, C4<0000000000000000000000000000000000000000000000000000000000000000000000000000000000000000000000000000000000000000000000000000000000000000000000000000000000000000000000000000000000000000000000000000000000000000000000000000000000000000000000000000000000000000>;
P_00000000067527d8 .param/l "INIT_7" 0 2 1514, C4<0000000000000000000000000000000000000000000000000000000000000000000000000000000000000000000000000000000000000000000000000000000000000000000000000000000000000000000000000000000000000000000000000000000000000000000000000000000000000000000000000000000000000000>;
P_0000000006752810 .param/l "INIT_8" 0 2 1515, C4<0000000000000000000000000000000000000000000000000000000000000000000000000000000000000000000000000000000000000000000000000000000000000000000000000000000000000000000000000000000000000000000000000000000000000000000000000000000000000000000000000000000000000000>;
P_0000000006752848 .param/l "INIT_9" 0 2 1516, C4<0000000000000000000000000000000000000000000000000000000000000000000000000000000000000000000000000000000000000000000000000000000000000000000000000000000000000000000000000000000000000000000000000000000000000000000000000000000000000000000000000000000000000000>;
P_0000000006752880 .param/l "INIT_A" 0 2 1517, C4<0000000000000000000000000000000000000000000000000000000000000000000000000000000000000000000000000000000000000000000000000000000000000000000000000000000000000000000000000000000000000000000000000000000000000000000000000000000000000000000000000000000000000000>;
P_00000000067528b8 .param/l "INIT_B" 0 2 1518, C4<0000000000000000000000000000000000000000000000000000000000000000000000000000000000000000000000000000000000000000000000000000000000000000000000000000000000000000000000000000000000000000000000000000000000000000000000000000000000000000000000000000000000000000>;
P_00000000067528f0 .param/l "INIT_C" 0 2 1519, C4<0000000000000000000000000000000000000000000000000000000000000000000000000000000000000000000000000000000000000000000000000000000000000000000000000000000000000000000000000000000000000000000000000000000000000000000000000000000000000000000000000000000000000000>;
P_0000000006752928 .param/l "INIT_D" 0 2 1520, C4<0000000000000000000000000000000000000000000000000000000000000000000000000000000000000000000000000000000000000000000000000000000000000000000000000000000000000000000000000000000000000000000000000000000000000000000000000000000000000000000000000000000000000000>;
P_0000000006752960 .param/l "INIT_E" 0 2 1521, C4<0000000000000000000000000000000000000000000000000000000000000000000000000000000000000000000000000000000000000000000000000000000000000000000000000000000000000000000000000000000000000000000000000000000000000000000000000000000000000000000000000000000000000000>;
P_0000000006752998 .param/l "INIT_F" 0 2 1522, C4<0000000000000000000000000000000000000000000000000000000000000000000000000000000000000000000000000000000000000000000000000000000000000000000000000000000000000000000000000000000000000000000000000000000000000000000000000000000000000000000000000000000000000000>;
P_00000000067529d0 .param/str "INIT_FILE" 0 2 1524, "\000";
P_0000000006752a08 .param/l "READ_MODE" 0 2 1505, +C4<00000000000000000000000000000000>;
P_0000000006752a40 .param/l "WRITE_MODE" 0 2 1504, +C4<00000000000000000000000000000000>;
v000000000674c5f0_0 .net "MASK", 15 0, o00000000066eb0a8;  alias, 0 drivers
v000000000674b6f0_0 .net "RADDR", 10 0, o00000000066eb0d8;  alias, 0 drivers
v000000000674abb0_0 .net "RCLK", 0 0, L_00000000066479a0;  1 drivers
v000000000674ac50_0 .net "RCLKE", 0 0, o00000000066eb138;  alias, 0 drivers
v000000000674acf0_0 .net "RDATA", 15 0, L_0000000006647e00;  alias, 1 drivers
v000000000674aed0_0 .var "RDATA_I", 15 0;
v000000000674af70_0 .net "RE", 0 0, o00000000066eb1c8;  alias, 0 drivers
L_0000000006769a38 .functor BUFT 1, C4<0000000000000000>, C4<0>, C4<0>, C4<0>;
v000000000674b010_0 .net "RMASK_I", 15 0, L_0000000006769a38;  1 drivers
v000000000674b0b0_0 .net "WADDR", 10 0, o00000000066eb228;  alias, 0 drivers
v000000000674b150_0 .net "WCLK", 0 0, L_0000000006648490;  1 drivers
v0000000006756a30_0 .net "WCLKE", 0 0, o00000000066eb288;  alias, 0 drivers
v0000000006755090_0 .net "WDATA", 15 0, o00000000066eb2b8;  alias, 0 drivers
v00000000067553b0_0 .net "WDATA_I", 15 0, L_0000000006647540;  1 drivers
v0000000006756fd0_0 .net "WE", 0 0, o00000000066eb318;  alias, 0 drivers
v0000000006754cd0_0 .net "WMASK_I", 15 0, L_0000000006648d50;  1 drivers
v00000000067568f0_0 .var/i "i", 31 0;
v0000000006756990 .array "memory", 255 0, 15 0;
E_00000000066b2200 .event posedge, v000000000674abb0_0;
E_00000000066b2800 .event posedge, v000000000674b150_0;
S_0000000006750690 .scope generate, "genblk1" "genblk1" 2 1534, 2 1534 0, S_0000000006750ff0;
 .timescale -12 -12;
L_0000000006648d50 .functor BUFZ 16, o00000000066eb0a8, C4<0000000000000000>, C4<0000000000000000>, C4<0000000000000000>;
S_0000000006751950 .scope generate, "genblk2" "genblk2" 2 1555, 2 1555 0, S_0000000006750ff0;
 .timescale -12 -12;
S_0000000006751e00 .scope generate, "genblk3" "genblk3" 2 1576, 2 1576 0, S_0000000006750ff0;
 .timescale -12 -12;
L_0000000006647540 .functor BUFZ 16, o00000000066eb2b8, C4<0000000000000000>, C4<0000000000000000>, C4<0000000000000000>;
S_0000000006750820 .scope generate, "genblk4" "genblk4" 2 1595, 2 1595 0, S_0000000006750ff0;
 .timescale -12 -12;
L_0000000006647e00 .functor BUFZ 16, v000000000674aed0_0, C4<0000000000000000>, C4<0000000000000000>, C4<0000000000000000>;
S_00000000066d55d0 .scope module, "SB_RAM40_4KNW" "SB_RAM40_4KNW" 2 1862;
 .timescale -12 -12;
    .port_info 0 /OUTPUT 16 "RDATA";
    .port_info 1 /INPUT 1 "RCLK";
    .port_info 2 /INPUT 1 "RCLKE";
    .port_info 3 /INPUT 1 "RE";
    .port_info 4 /INPUT 11 "RADDR";
    .port_info 5 /INPUT 1 "WCLKN";
    .port_info 6 /INPUT 1 "WCLKE";
    .port_info 7 /INPUT 1 "WE";
    .port_info 8 /INPUT 11 "WADDR";
    .port_info 9 /INPUT 16 "MASK";
    .port_info 10 /INPUT 16 "WDATA";
P_00000000063fc3e0 .param/l "INIT_0" 0 2 1878, C4<0000000000000000000000000000000000000000000000000000000000000000000000000000000000000000000000000000000000000000000000000000000000000000000000000000000000000000000000000000000000000000000000000000000000000000000000000000000000000000000000000000000000000000>;
P_00000000063fc418 .param/l "INIT_1" 0 2 1879, C4<0000000000000000000000000000000000000000000000000000000000000000000000000000000000000000000000000000000000000000000000000000000000000000000000000000000000000000000000000000000000000000000000000000000000000000000000000000000000000000000000000000000000000000>;
P_00000000063fc450 .param/l "INIT_2" 0 2 1880, C4<0000000000000000000000000000000000000000000000000000000000000000000000000000000000000000000000000000000000000000000000000000000000000000000000000000000000000000000000000000000000000000000000000000000000000000000000000000000000000000000000000000000000000000>;
P_00000000063fc488 .param/l "INIT_3" 0 2 1881, C4<0000000000000000000000000000000000000000000000000000000000000000000000000000000000000000000000000000000000000000000000000000000000000000000000000000000000000000000000000000000000000000000000000000000000000000000000000000000000000000000000000000000000000000>;
P_00000000063fc4c0 .param/l "INIT_4" 0 2 1882, C4<0000000000000000000000000000000000000000000000000000000000000000000000000000000000000000000000000000000000000000000000000000000000000000000000000000000000000000000000000000000000000000000000000000000000000000000000000000000000000000000000000000000000000000>;
P_00000000063fc4f8 .param/l "INIT_5" 0 2 1883, C4<0000000000000000000000000000000000000000000000000000000000000000000000000000000000000000000000000000000000000000000000000000000000000000000000000000000000000000000000000000000000000000000000000000000000000000000000000000000000000000000000000000000000000000>;
P_00000000063fc530 .param/l "INIT_6" 0 2 1884, C4<0000000000000000000000000000000000000000000000000000000000000000000000000000000000000000000000000000000000000000000000000000000000000000000000000000000000000000000000000000000000000000000000000000000000000000000000000000000000000000000000000000000000000000>;
P_00000000063fc568 .param/l "INIT_7" 0 2 1885, C4<0000000000000000000000000000000000000000000000000000000000000000000000000000000000000000000000000000000000000000000000000000000000000000000000000000000000000000000000000000000000000000000000000000000000000000000000000000000000000000000000000000000000000000>;
P_00000000063fc5a0 .param/l "INIT_8" 0 2 1886, C4<0000000000000000000000000000000000000000000000000000000000000000000000000000000000000000000000000000000000000000000000000000000000000000000000000000000000000000000000000000000000000000000000000000000000000000000000000000000000000000000000000000000000000000>;
P_00000000063fc5d8 .param/l "INIT_9" 0 2 1887, C4<0000000000000000000000000000000000000000000000000000000000000000000000000000000000000000000000000000000000000000000000000000000000000000000000000000000000000000000000000000000000000000000000000000000000000000000000000000000000000000000000000000000000000000>;
P_00000000063fc610 .param/l "INIT_A" 0 2 1888, C4<0000000000000000000000000000000000000000000000000000000000000000000000000000000000000000000000000000000000000000000000000000000000000000000000000000000000000000000000000000000000000000000000000000000000000000000000000000000000000000000000000000000000000000>;
P_00000000063fc648 .param/l "INIT_B" 0 2 1889, C4<0000000000000000000000000000000000000000000000000000000000000000000000000000000000000000000000000000000000000000000000000000000000000000000000000000000000000000000000000000000000000000000000000000000000000000000000000000000000000000000000000000000000000000>;
P_00000000063fc680 .param/l "INIT_C" 0 2 1890, C4<0000000000000000000000000000000000000000000000000000000000000000000000000000000000000000000000000000000000000000000000000000000000000000000000000000000000000000000000000000000000000000000000000000000000000000000000000000000000000000000000000000000000000000>;
P_00000000063fc6b8 .param/l "INIT_D" 0 2 1891, C4<0000000000000000000000000000000000000000000000000000000000000000000000000000000000000000000000000000000000000000000000000000000000000000000000000000000000000000000000000000000000000000000000000000000000000000000000000000000000000000000000000000000000000000>;
P_00000000063fc6f0 .param/l "INIT_E" 0 2 1892, C4<0000000000000000000000000000000000000000000000000000000000000000000000000000000000000000000000000000000000000000000000000000000000000000000000000000000000000000000000000000000000000000000000000000000000000000000000000000000000000000000000000000000000000000>;
P_00000000063fc728 .param/l "INIT_F" 0 2 1893, C4<0000000000000000000000000000000000000000000000000000000000000000000000000000000000000000000000000000000000000000000000000000000000000000000000000000000000000000000000000000000000000000000000000000000000000000000000000000000000000000000000000000000000000000>;
P_00000000063fc760 .param/str "INIT_FILE" 0 2 1895, "\000";
P_00000000063fc798 .param/l "READ_MODE" 0 2 1876, +C4<00000000000000000000000000000000>;
P_00000000063fc7d0 .param/l "WRITE_MODE" 0 2 1875, +C4<00000000000000000000000000000000>;
o00000000066ebd38 .functor BUFZ 1, C4<z>; HiZ drive
L_0000000006647fc0 .functor NOT 1, o00000000066ebd38, C4<0>, C4<0>, C4<0>;
o00000000066eb828 .functor BUFZ 16, C4<zzzzzzzzzzzzzzzz>; HiZ drive
v0000000006756e90_0 .net "MASK", 15 0, o00000000066eb828;  0 drivers
o00000000066eb858 .functor BUFZ 11, C4<zzzzzzzzzzz>; HiZ drive
v0000000006755950_0 .net "RADDR", 10 0, o00000000066eb858;  0 drivers
o00000000066eb888 .functor BUFZ 1, C4<z>; HiZ drive
v00000000067558b0_0 .net "RCLK", 0 0, o00000000066eb888;  0 drivers
o00000000066eb8b8 .functor BUFZ 1, C4<z>; HiZ drive
v0000000006755bd0_0 .net "RCLKE", 0 0, o00000000066eb8b8;  0 drivers
v0000000006755c70_0 .net "RDATA", 15 0, L_0000000006647f50;  1 drivers
o00000000066eb948 .functor BUFZ 1, C4<z>; HiZ drive
v0000000006755630_0 .net "RE", 0 0, o00000000066eb948;  0 drivers
o00000000066eb9a8 .functor BUFZ 11, C4<zzzzzzzzzzz>; HiZ drive
v00000000067556d0_0 .net "WADDR", 10 0, o00000000066eb9a8;  0 drivers
o00000000066eba08 .functor BUFZ 1, C4<z>; HiZ drive
v0000000006756ad0_0 .net "WCLKE", 0 0, o00000000066eba08;  0 drivers
v0000000006756c10_0 .net "WCLKN", 0 0, o00000000066ebd38;  0 drivers
o00000000066eba38 .functor BUFZ 16, C4<zzzzzzzzzzzzzzzz>; HiZ drive
v0000000006755770_0 .net "WDATA", 15 0, o00000000066eba38;  0 drivers
o00000000066eba98 .functor BUFZ 1, C4<z>; HiZ drive
v00000000067567b0_0 .net "WE", 0 0, o00000000066eba98;  0 drivers
S_0000000006751ae0 .scope module, "RAM" "SB_RAM40_4K" 2 1917, 2 1487 0, S_00000000066d55d0;
 .timescale -12 -12;
    .port_info 0 /OUTPUT 16 "RDATA";
    .port_info 1 /INPUT 1 "RCLK";
    .port_info 2 /INPUT 1 "RCLKE";
    .port_info 3 /INPUT 1 "RE";
    .port_info 4 /INPUT 11 "RADDR";
    .port_info 5 /INPUT 1 "WCLK";
    .port_info 6 /INPUT 1 "WCLKE";
    .port_info 7 /INPUT 1 "WE";
    .port_info 8 /INPUT 11 "WADDR";
    .port_info 9 /INPUT 16 "MASK";
    .port_info 10 /INPUT 16 "WDATA";
P_000000000675caa0 .param/l "INIT_0" 0 2 1507, C4<0000000000000000000000000000000000000000000000000000000000000000000000000000000000000000000000000000000000000000000000000000000000000000000000000000000000000000000000000000000000000000000000000000000000000000000000000000000000000000000000000000000000000000>;
P_000000000675cad8 .param/l "INIT_1" 0 2 1508, C4<0000000000000000000000000000000000000000000000000000000000000000000000000000000000000000000000000000000000000000000000000000000000000000000000000000000000000000000000000000000000000000000000000000000000000000000000000000000000000000000000000000000000000000>;
P_000000000675cb10 .param/l "INIT_2" 0 2 1509, C4<0000000000000000000000000000000000000000000000000000000000000000000000000000000000000000000000000000000000000000000000000000000000000000000000000000000000000000000000000000000000000000000000000000000000000000000000000000000000000000000000000000000000000000>;
P_000000000675cb48 .param/l "INIT_3" 0 2 1510, C4<0000000000000000000000000000000000000000000000000000000000000000000000000000000000000000000000000000000000000000000000000000000000000000000000000000000000000000000000000000000000000000000000000000000000000000000000000000000000000000000000000000000000000000>;
P_000000000675cb80 .param/l "INIT_4" 0 2 1511, C4<0000000000000000000000000000000000000000000000000000000000000000000000000000000000000000000000000000000000000000000000000000000000000000000000000000000000000000000000000000000000000000000000000000000000000000000000000000000000000000000000000000000000000000>;
P_000000000675cbb8 .param/l "INIT_5" 0 2 1512, C4<0000000000000000000000000000000000000000000000000000000000000000000000000000000000000000000000000000000000000000000000000000000000000000000000000000000000000000000000000000000000000000000000000000000000000000000000000000000000000000000000000000000000000000>;
P_000000000675cbf0 .param/l "INIT_6" 0 2 1513, C4<0000000000000000000000000000000000000000000000000000000000000000000000000000000000000000000000000000000000000000000000000000000000000000000000000000000000000000000000000000000000000000000000000000000000000000000000000000000000000000000000000000000000000000>;
P_000000000675cc28 .param/l "INIT_7" 0 2 1514, C4<0000000000000000000000000000000000000000000000000000000000000000000000000000000000000000000000000000000000000000000000000000000000000000000000000000000000000000000000000000000000000000000000000000000000000000000000000000000000000000000000000000000000000000>;
P_000000000675cc60 .param/l "INIT_8" 0 2 1515, C4<0000000000000000000000000000000000000000000000000000000000000000000000000000000000000000000000000000000000000000000000000000000000000000000000000000000000000000000000000000000000000000000000000000000000000000000000000000000000000000000000000000000000000000>;
P_000000000675cc98 .param/l "INIT_9" 0 2 1516, C4<0000000000000000000000000000000000000000000000000000000000000000000000000000000000000000000000000000000000000000000000000000000000000000000000000000000000000000000000000000000000000000000000000000000000000000000000000000000000000000000000000000000000000000>;
P_000000000675ccd0 .param/l "INIT_A" 0 2 1517, C4<0000000000000000000000000000000000000000000000000000000000000000000000000000000000000000000000000000000000000000000000000000000000000000000000000000000000000000000000000000000000000000000000000000000000000000000000000000000000000000000000000000000000000000>;
P_000000000675cd08 .param/l "INIT_B" 0 2 1518, C4<0000000000000000000000000000000000000000000000000000000000000000000000000000000000000000000000000000000000000000000000000000000000000000000000000000000000000000000000000000000000000000000000000000000000000000000000000000000000000000000000000000000000000000>;
P_000000000675cd40 .param/l "INIT_C" 0 2 1519, C4<0000000000000000000000000000000000000000000000000000000000000000000000000000000000000000000000000000000000000000000000000000000000000000000000000000000000000000000000000000000000000000000000000000000000000000000000000000000000000000000000000000000000000000>;
P_000000000675cd78 .param/l "INIT_D" 0 2 1520, C4<0000000000000000000000000000000000000000000000000000000000000000000000000000000000000000000000000000000000000000000000000000000000000000000000000000000000000000000000000000000000000000000000000000000000000000000000000000000000000000000000000000000000000000>;
P_000000000675cdb0 .param/l "INIT_E" 0 2 1521, C4<0000000000000000000000000000000000000000000000000000000000000000000000000000000000000000000000000000000000000000000000000000000000000000000000000000000000000000000000000000000000000000000000000000000000000000000000000000000000000000000000000000000000000000>;
P_000000000675cde8 .param/l "INIT_F" 0 2 1522, C4<0000000000000000000000000000000000000000000000000000000000000000000000000000000000000000000000000000000000000000000000000000000000000000000000000000000000000000000000000000000000000000000000000000000000000000000000000000000000000000000000000000000000000000>;
P_000000000675ce20 .param/str "INIT_FILE" 0 2 1524, "\000";
P_000000000675ce58 .param/l "READ_MODE" 0 2 1505, +C4<00000000000000000000000000000000>;
P_000000000675ce90 .param/l "WRITE_MODE" 0 2 1504, +C4<00000000000000000000000000000000>;
v0000000006756670_0 .net "MASK", 15 0, o00000000066eb828;  alias, 0 drivers
v00000000067551d0_0 .net "RADDR", 10 0, o00000000066eb858;  alias, 0 drivers
v0000000006754d70_0 .net "RCLK", 0 0, o00000000066eb888;  alias, 0 drivers
v0000000006754eb0_0 .net "RCLKE", 0 0, o00000000066eb8b8;  alias, 0 drivers
v0000000006756cb0_0 .net "RDATA", 15 0, L_0000000006647f50;  alias, 1 drivers
v0000000006755810_0 .var "RDATA_I", 15 0;
v0000000006754f50_0 .net "RE", 0 0, o00000000066eb948;  alias, 0 drivers
L_0000000006769a80 .functor BUFT 1, C4<0000000000000000>, C4<0>, C4<0>, C4<0>;
v0000000006756df0_0 .net "RMASK_I", 15 0, L_0000000006769a80;  1 drivers
v00000000067571b0_0 .net "WADDR", 10 0, o00000000066eb9a8;  alias, 0 drivers
v0000000006754ff0_0 .net "WCLK", 0 0, L_0000000006647fc0;  1 drivers
v0000000006755270_0 .net "WCLKE", 0 0, o00000000066eba08;  alias, 0 drivers
v00000000067554f0_0 .net "WDATA", 15 0, o00000000066eba38;  alias, 0 drivers
v0000000006757250_0 .net "WDATA_I", 15 0, L_0000000006648a40;  1 drivers
v0000000006755b30_0 .net "WE", 0 0, o00000000066eba98;  alias, 0 drivers
v0000000006755590_0 .net "WMASK_I", 15 0, L_0000000006648b20;  1 drivers
v00000000067565d0_0 .var/i "i", 31 0;
v00000000067559f0 .array "memory", 255 0, 15 0;
E_00000000066b2840 .event posedge, v0000000006754d70_0;
E_00000000066b2240 .event posedge, v0000000006754ff0_0;
S_0000000006751180 .scope generate, "genblk1" "genblk1" 2 1534, 2 1534 0, S_0000000006751ae0;
 .timescale -12 -12;
L_0000000006648b20 .functor BUFZ 16, o00000000066eb828, C4<0000000000000000>, C4<0000000000000000>, C4<0000000000000000>;
S_0000000006751310 .scope generate, "genblk2" "genblk2" 2 1555, 2 1555 0, S_0000000006751ae0;
 .timescale -12 -12;
S_0000000006750b40 .scope generate, "genblk3" "genblk3" 2 1576, 2 1576 0, S_0000000006751ae0;
 .timescale -12 -12;
L_0000000006648a40 .functor BUFZ 16, o00000000066eba38, C4<0000000000000000>, C4<0000000000000000>, C4<0000000000000000>;
S_00000000067522b0 .scope generate, "genblk4" "genblk4" 2 1595, 2 1595 0, S_0000000006751ae0;
 .timescale -12 -12;
L_0000000006647f50 .functor BUFZ 16, v0000000006755810_0, C4<0000000000000000>, C4<0000000000000000>, C4<0000000000000000>;
S_00000000066d5760 .scope module, "SB_RGBA_DRV" "SB_RGBA_DRV" 2 2692;
 .timescale -12 -12;
    .port_info 0 /INPUT 1 "CURREN";
    .port_info 1 /INPUT 1 "RGBLEDEN";
    .port_info 2 /INPUT 1 "RGB0PWM";
    .port_info 3 /INPUT 1 "RGB1PWM";
    .port_info 4 /INPUT 1 "RGB2PWM";
    .port_info 5 /OUTPUT 1 "RGB0";
    .port_info 6 /OUTPUT 1 "RGB1";
    .port_info 7 /OUTPUT 1 "RGB2";
P_000000000640a710 .param/str "CURRENT_MODE" 0 2 2702, "0b0";
P_000000000640a748 .param/str "RGB0_CURRENT" 0 2 2703, "0b000000";
P_000000000640a780 .param/str "RGB1_CURRENT" 0 2 2704, "0b000000";
P_000000000640a7b8 .param/str "RGB2_CURRENT" 0 2 2705, "0b000000";
o00000000066ebf78 .functor BUFZ 1, C4<z>; HiZ drive
v0000000006755a90_0 .net "CURREN", 0 0, o00000000066ebf78;  0 drivers
o00000000066ebfa8 .functor BUFZ 1, C4<z>; HiZ drive
v0000000006755db0_0 .net "RGB0", 0 0, o00000000066ebfa8;  0 drivers
o00000000066ebfd8 .functor BUFZ 1, C4<z>; HiZ drive
v0000000006755e50_0 .net "RGB0PWM", 0 0, o00000000066ebfd8;  0 drivers
o00000000066ec008 .functor BUFZ 1, C4<z>; HiZ drive
v0000000006755ef0_0 .net "RGB1", 0 0, o00000000066ec008;  0 drivers
o00000000066ec038 .functor BUFZ 1, C4<z>; HiZ drive
v0000000006756b70_0 .net "RGB1PWM", 0 0, o00000000066ec038;  0 drivers
o00000000066ec068 .functor BUFZ 1, C4<z>; HiZ drive
v0000000006756d50_0 .net "RGB2", 0 0, o00000000066ec068;  0 drivers
o00000000066ec098 .functor BUFZ 1, C4<z>; HiZ drive
v0000000006755f90_0 .net "RGB2PWM", 0 0, o00000000066ec098;  0 drivers
o00000000066ec0c8 .functor BUFZ 1, C4<z>; HiZ drive
v0000000006756030_0 .net "RGBLEDEN", 0 0, o00000000066ec0c8;  0 drivers
S_00000000066dbd20 .scope module, "SB_RGB_DRV" "SB_RGB_DRV" 2 2716;
 .timescale -12 -12;
    .port_info 0 /INPUT 1 "RGBLEDEN";
    .port_info 1 /INPUT 1 "RGB0PWM";
    .port_info 2 /INPUT 1 "RGB1PWM";
    .port_info 3 /INPUT 1 "RGB2PWM";
    .port_info 4 /INPUT 1 "RGBPU";
    .port_info 5 /OUTPUT 1 "RGB0";
    .port_info 6 /OUTPUT 1 "RGB1";
    .port_info 7 /OUTPUT 1 "RGB2";
P_000000000640fff0 .param/str "CURRENT_MODE" 0 2 2726, "0b0";
P_0000000006410028 .param/str "RGB0_CURRENT" 0 2 2727, "0b000000";
P_0000000006410060 .param/str "RGB1_CURRENT" 0 2 2728, "0b000000";
P_0000000006410098 .param/str "RGB2_CURRENT" 0 2 2729, "0b000000";
o00000000066ec278 .functor BUFZ 1, C4<z>; HiZ drive
v00000000067560d0_0 .net "RGB0", 0 0, o00000000066ec278;  0 drivers
o00000000066ec2a8 .functor BUFZ 1, C4<z>; HiZ drive
v0000000006756170_0 .net "RGB0PWM", 0 0, o00000000066ec2a8;  0 drivers
o00000000066ec2d8 .functor BUFZ 1, C4<z>; HiZ drive
v0000000006756210_0 .net "RGB1", 0 0, o00000000066ec2d8;  0 drivers
o00000000066ec308 .functor BUFZ 1, C4<z>; HiZ drive
v00000000067562b0_0 .net "RGB1PWM", 0 0, o00000000066ec308;  0 drivers
o00000000066ec338 .functor BUFZ 1, C4<z>; HiZ drive
v0000000006756350_0 .net "RGB2", 0 0, o00000000066ec338;  0 drivers
o00000000066ec368 .functor BUFZ 1, C4<z>; HiZ drive
v0000000006756490_0 .net "RGB2PWM", 0 0, o00000000066ec368;  0 drivers
o00000000066ec398 .functor BUFZ 1, C4<z>; HiZ drive
v0000000006756850_0 .net "RGBLEDEN", 0 0, o00000000066ec398;  0 drivers
o00000000066ec3c8 .functor BUFZ 1, C4<z>; HiZ drive
v0000000006756f30_0 .net "RGBPU", 0 0, o00000000066ec3c8;  0 drivers
S_00000000066dc810 .scope module, "SB_SPI" "SB_SPI" 2 2776;
 .timescale -12 -12;
    .port_info 0 /INPUT 1 "SBCLKI";
    .port_info 1 /INPUT 1 "SBRWI";
    .port_info 2 /INPUT 1 "SBSTBI";
    .port_info 3 /INPUT 1 "SBADRI7";
    .port_info 4 /INPUT 1 "SBADRI6";
    .port_info 5 /INPUT 1 "SBADRI5";
    .port_info 6 /INPUT 1 "SBADRI4";
    .port_info 7 /INPUT 1 "SBADRI3";
    .port_info 8 /INPUT 1 "SBADRI2";
    .port_info 9 /INPUT 1 "SBADRI1";
    .port_info 10 /INPUT 1 "SBADRI0";
    .port_info 11 /INPUT 1 "SBDATI7";
    .port_info 12 /INPUT 1 "SBDATI6";
    .port_info 13 /INPUT 1 "SBDATI5";
    .port_info 14 /INPUT 1 "SBDATI4";
    .port_info 15 /INPUT 1 "SBDATI3";
    .port_info 16 /INPUT 1 "SBDATI2";
    .port_info 17 /INPUT 1 "SBDATI1";
    .port_info 18 /INPUT 1 "SBDATI0";
    .port_info 19 /INPUT 1 "MI";
    .port_info 20 /INPUT 1 "SI";
    .port_info 21 /INPUT 1 "SCKI";
    .port_info 22 /INPUT 1 "SCSNI";
    .port_info 23 /OUTPUT 1 "SBDATO7";
    .port_info 24 /OUTPUT 1 "SBDATO6";
    .port_info 25 /OUTPUT 1 "SBDATO5";
    .port_info 26 /OUTPUT 1 "SBDATO4";
    .port_info 27 /OUTPUT 1 "SBDATO3";
    .port_info 28 /OUTPUT 1 "SBDATO2";
    .port_info 29 /OUTPUT 1 "SBDATO1";
    .port_info 30 /OUTPUT 1 "SBDATO0";
    .port_info 31 /OUTPUT 1 "SBACKO";
    .port_info 32 /OUTPUT 1 "SPIIRQ";
    .port_info 33 /OUTPUT 1 "SPIWKUP";
    .port_info 34 /OUTPUT 1 "SO";
    .port_info 35 /OUTPUT 1 "SOE";
    .port_info 36 /OUTPUT 1 "MO";
    .port_info 37 /OUTPUT 1 "MOE";
    .port_info 38 /OUTPUT 1 "SCKO";
    .port_info 39 /OUTPUT 1 "SCKOE";
    .port_info 40 /OUTPUT 1 "MCSNO3";
    .port_info 41 /OUTPUT 1 "MCSNO2";
    .port_info 42 /OUTPUT 1 "MCSNO1";
    .port_info 43 /OUTPUT 1 "MCSNO0";
    .port_info 44 /OUTPUT 1 "MCSNOE3";
    .port_info 45 /OUTPUT 1 "MCSNOE2";
    .port_info 46 /OUTPUT 1 "MCSNOE1";
    .port_info 47 /OUTPUT 1 "MCSNOE0";
P_00000000066b2e80 .param/str "BUS_ADDR74" 0 2 2826, "0b0000";
o00000000066ec578 .functor BUFZ 1, C4<z>; HiZ drive
v0000000006754af0_0 .net "MCSNO0", 0 0, o00000000066ec578;  0 drivers
o00000000066ec5a8 .functor BUFZ 1, C4<z>; HiZ drive
v0000000006754b90_0 .net "MCSNO1", 0 0, o00000000066ec5a8;  0 drivers
o00000000066ec5d8 .functor BUFZ 1, C4<z>; HiZ drive
v0000000006759a50_0 .net "MCSNO2", 0 0, o00000000066ec5d8;  0 drivers
o00000000066ec608 .functor BUFZ 1, C4<z>; HiZ drive
v00000000067572f0_0 .net "MCSNO3", 0 0, o00000000066ec608;  0 drivers
o00000000066ec638 .functor BUFZ 1, C4<z>; HiZ drive
v00000000067580b0_0 .net "MCSNOE0", 0 0, o00000000066ec638;  0 drivers
o00000000066ec668 .functor BUFZ 1, C4<z>; HiZ drive
v0000000006757390_0 .net "MCSNOE1", 0 0, o00000000066ec668;  0 drivers
o00000000066ec698 .functor BUFZ 1, C4<z>; HiZ drive
v00000000067585b0_0 .net "MCSNOE2", 0 0, o00000000066ec698;  0 drivers
o00000000066ec6c8 .functor BUFZ 1, C4<z>; HiZ drive
v0000000006758010_0 .net "MCSNOE3", 0 0, o00000000066ec6c8;  0 drivers
o00000000066ec6f8 .functor BUFZ 1, C4<z>; HiZ drive
v0000000006757f70_0 .net "MI", 0 0, o00000000066ec6f8;  0 drivers
o00000000066ec728 .functor BUFZ 1, C4<z>; HiZ drive
v0000000006757570_0 .net "MO", 0 0, o00000000066ec728;  0 drivers
o00000000066ec758 .functor BUFZ 1, C4<z>; HiZ drive
v00000000067597d0_0 .net "MOE", 0 0, o00000000066ec758;  0 drivers
o00000000066ec788 .functor BUFZ 1, C4<z>; HiZ drive
v0000000006758c90_0 .net "SBACKO", 0 0, o00000000066ec788;  0 drivers
o00000000066ec7b8 .functor BUFZ 1, C4<z>; HiZ drive
v0000000006759550_0 .net "SBADRI0", 0 0, o00000000066ec7b8;  0 drivers
o00000000066ec7e8 .functor BUFZ 1, C4<z>; HiZ drive
v0000000006757610_0 .net "SBADRI1", 0 0, o00000000066ec7e8;  0 drivers
o00000000066ec818 .functor BUFZ 1, C4<z>; HiZ drive
v0000000006759230_0 .net "SBADRI2", 0 0, o00000000066ec818;  0 drivers
o00000000066ec848 .functor BUFZ 1, C4<z>; HiZ drive
v00000000067599b0_0 .net "SBADRI3", 0 0, o00000000066ec848;  0 drivers
o00000000066ec878 .functor BUFZ 1, C4<z>; HiZ drive
v0000000006757430_0 .net "SBADRI4", 0 0, o00000000066ec878;  0 drivers
o00000000066ec8a8 .functor BUFZ 1, C4<z>; HiZ drive
v0000000006758ab0_0 .net "SBADRI5", 0 0, o00000000066ec8a8;  0 drivers
o00000000066ec8d8 .functor BUFZ 1, C4<z>; HiZ drive
v00000000067574d0_0 .net "SBADRI6", 0 0, o00000000066ec8d8;  0 drivers
o00000000066ec908 .functor BUFZ 1, C4<z>; HiZ drive
v0000000006759190_0 .net "SBADRI7", 0 0, o00000000066ec908;  0 drivers
o00000000066ec938 .functor BUFZ 1, C4<z>; HiZ drive
v00000000067576b0_0 .net "SBCLKI", 0 0, o00000000066ec938;  0 drivers
o00000000066ec968 .functor BUFZ 1, C4<z>; HiZ drive
v0000000006758970_0 .net "SBDATI0", 0 0, o00000000066ec968;  0 drivers
o00000000066ec998 .functor BUFZ 1, C4<z>; HiZ drive
v00000000067592d0_0 .net "SBDATI1", 0 0, o00000000066ec998;  0 drivers
o00000000066ec9c8 .functor BUFZ 1, C4<z>; HiZ drive
v0000000006758470_0 .net "SBDATI2", 0 0, o00000000066ec9c8;  0 drivers
o00000000066ec9f8 .functor BUFZ 1, C4<z>; HiZ drive
v0000000006757b10_0 .net "SBDATI3", 0 0, o00000000066ec9f8;  0 drivers
o00000000066eca28 .functor BUFZ 1, C4<z>; HiZ drive
v0000000006759370_0 .net "SBDATI4", 0 0, o00000000066eca28;  0 drivers
o00000000066eca58 .functor BUFZ 1, C4<z>; HiZ drive
v0000000006759410_0 .net "SBDATI5", 0 0, o00000000066eca58;  0 drivers
o00000000066eca88 .functor BUFZ 1, C4<z>; HiZ drive
v0000000006757cf0_0 .net "SBDATI6", 0 0, o00000000066eca88;  0 drivers
o00000000066ecab8 .functor BUFZ 1, C4<z>; HiZ drive
v0000000006757ed0_0 .net "SBDATI7", 0 0, o00000000066ecab8;  0 drivers
o00000000066ecae8 .functor BUFZ 1, C4<z>; HiZ drive
v0000000006758d30_0 .net "SBDATO0", 0 0, o00000000066ecae8;  0 drivers
o00000000066ecb18 .functor BUFZ 1, C4<z>; HiZ drive
v00000000067577f0_0 .net "SBDATO1", 0 0, o00000000066ecb18;  0 drivers
o00000000066ecb48 .functor BUFZ 1, C4<z>; HiZ drive
v0000000006757750_0 .net "SBDATO2", 0 0, o00000000066ecb48;  0 drivers
o00000000066ecb78 .functor BUFZ 1, C4<z>; HiZ drive
v0000000006758150_0 .net "SBDATO3", 0 0, o00000000066ecb78;  0 drivers
o00000000066ecba8 .functor BUFZ 1, C4<z>; HiZ drive
v00000000067583d0_0 .net "SBDATO4", 0 0, o00000000066ecba8;  0 drivers
o00000000066ecbd8 .functor BUFZ 1, C4<z>; HiZ drive
v0000000006758f10_0 .net "SBDATO5", 0 0, o00000000066ecbd8;  0 drivers
o00000000066ecc08 .functor BUFZ 1, C4<z>; HiZ drive
v00000000067594b0_0 .net "SBDATO6", 0 0, o00000000066ecc08;  0 drivers
o00000000066ecc38 .functor BUFZ 1, C4<z>; HiZ drive
v0000000006757930_0 .net "SBDATO7", 0 0, o00000000066ecc38;  0 drivers
o00000000066ecc68 .functor BUFZ 1, C4<z>; HiZ drive
v0000000006758dd0_0 .net "SBRWI", 0 0, o00000000066ecc68;  0 drivers
o00000000066ecc98 .functor BUFZ 1, C4<z>; HiZ drive
v0000000006757890_0 .net "SBSTBI", 0 0, o00000000066ecc98;  0 drivers
o00000000066eccc8 .functor BUFZ 1, C4<z>; HiZ drive
v0000000006758510_0 .net "SCKI", 0 0, o00000000066eccc8;  0 drivers
o00000000066eccf8 .functor BUFZ 1, C4<z>; HiZ drive
v0000000006759870_0 .net "SCKO", 0 0, o00000000066eccf8;  0 drivers
o00000000066ecd28 .functor BUFZ 1, C4<z>; HiZ drive
v0000000006759730_0 .net "SCKOE", 0 0, o00000000066ecd28;  0 drivers
o00000000066ecd58 .functor BUFZ 1, C4<z>; HiZ drive
v0000000006758a10_0 .net "SCSNI", 0 0, o00000000066ecd58;  0 drivers
o00000000066ecd88 .functor BUFZ 1, C4<z>; HiZ drive
v00000000067595f0_0 .net "SI", 0 0, o00000000066ecd88;  0 drivers
o00000000066ecdb8 .functor BUFZ 1, C4<z>; HiZ drive
v00000000067579d0_0 .net "SO", 0 0, o00000000066ecdb8;  0 drivers
o00000000066ecde8 .functor BUFZ 1, C4<z>; HiZ drive
v0000000006758650_0 .net "SOE", 0 0, o00000000066ecde8;  0 drivers
o00000000066ece18 .functor BUFZ 1, C4<z>; HiZ drive
v0000000006758830_0 .net "SPIIRQ", 0 0, o00000000066ece18;  0 drivers
o00000000066ece48 .functor BUFZ 1, C4<z>; HiZ drive
v0000000006757a70_0 .net "SPIWKUP", 0 0, o00000000066ece48;  0 drivers
S_00000000066db550 .scope module, "SB_SPRAM256KA" "SB_SPRAM256KA" 2 2600;
 .timescale -12 -12;
    .port_info 0 /INPUT 14 "ADDRESS";
    .port_info 1 /INPUT 16 "DATAIN";
    .port_info 2 /INPUT 4 "MASKWREN";
    .port_info 3 /INPUT 1 "WREN";
    .port_info 4 /INPUT 1 "CHIPSELECT";
    .port_info 5 /INPUT 1 "CLOCK";
    .port_info 6 /INPUT 1 "STANDBY";
    .port_info 7 /INPUT 1 "SLEEP";
    .port_info 8 /INPUT 1 "POWEROFF";
    .port_info 9 /OUTPUT 16 "DATAOUT";
o00000000066ed8c8 .functor BUFZ 1, C4<z>; HiZ drive
L_0000000006647a10 .functor OR 1, o00000000066ed8c8, L_0000000006767660, C4<0>, C4<0>;
o00000000066ed778 .functor BUFZ 14, C4<zzzzzzzzzzzzzz>; HiZ drive
v0000000006759690_0 .net "ADDRESS", 13 0, o00000000066ed778;  0 drivers
o00000000066ed7a8 .functor BUFZ 1, C4<z>; HiZ drive
v0000000006759910_0 .net "CHIPSELECT", 0 0, o00000000066ed7a8;  0 drivers
o00000000066ed7d8 .functor BUFZ 1, C4<z>; HiZ drive
v0000000006757bb0_0 .net "CLOCK", 0 0, o00000000066ed7d8;  0 drivers
o00000000066ed808 .functor BUFZ 16, C4<zzzzzzzzzzzzzzzz>; HiZ drive
v0000000006757c50_0 .net "DATAIN", 15 0, o00000000066ed808;  0 drivers
v0000000006758b50_0 .var "DATAOUT", 15 0;
o00000000066ed868 .functor BUFZ 4, C4<zzzz>; HiZ drive
v0000000006757d90_0 .net "MASKWREN", 3 0, o00000000066ed868;  0 drivers
o00000000066ed898 .functor BUFZ 1, C4<z>; HiZ drive
v0000000006757e30_0 .net "POWEROFF", 0 0, o00000000066ed898;  0 drivers
v00000000067581f0_0 .net "SLEEP", 0 0, o00000000066ed8c8;  0 drivers
o00000000066ed8f8 .functor BUFZ 1, C4<z>; HiZ drive
v0000000006758bf0_0 .net "STANDBY", 0 0, o00000000066ed8f8;  0 drivers
o00000000066ed928 .functor BUFZ 1, C4<z>; HiZ drive
v0000000006758290_0 .net "WREN", 0 0, o00000000066ed928;  0 drivers
v0000000006758330_0 .net *"_ivl_1", 0 0, L_0000000006767660;  1 drivers
v00000000067586f0_0 .var/i "i", 31 0;
v0000000006758790 .array "mem", 16383 0, 15 0;
v00000000067588d0_0 .net "off", 0 0, L_0000000006647a10;  1 drivers
E_00000000066b3c00 .event posedge, v00000000067588d0_0, v0000000006757bb0_0;
E_00000000066b3740 .event negedge, v0000000006757e30_0;
L_0000000006767660 .reduce/nor o00000000066ed898;
S_00000000066dabf0 .scope module, "SB_WARMBOOT" "SB_WARMBOOT" 2 2593;
 .timescale -12 -12;
    .port_info 0 /INPUT 1 "BOOT";
    .port_info 1 /INPUT 1 "S1";
    .port_info 2 /INPUT 1 "S0";
o00000000066edbc8 .functor BUFZ 1, C4<z>; HiZ drive
v0000000006758e70_0 .net "BOOT", 0 0, o00000000066edbc8;  0 drivers
o00000000066edbf8 .functor BUFZ 1, C4<z>; HiZ drive
v0000000006758fb0_0 .net "S0", 0 0, o00000000066edbf8;  0 drivers
o00000000066edc28 .functor BUFZ 1, C4<z>; HiZ drive
v0000000006759050_0 .net "S1", 0 0, o00000000066edc28;  0 drivers
S_00000000066db3c0 .scope module, "spdif_core_tb" "spdif_core_tb" 3 3;
 .timescale -9 -12;
v000000000675bcb0_0 .net *"_ivl_1", 15 0, L_0000000006767700;  1 drivers
L_0000000006769d08 .functor BUFT 1, C4<0000000000000000>, C4<0>, C4<0>, C4<0>;
v000000000675b850_0 .net *"_ivl_12", 15 0, L_0000000006769d08;  1 drivers
L_0000000006769cc0 .functor BUFT 1, C4<0000000000000000>, C4<0>, C4<0>, C4<0>;
v000000000675c610_0 .net *"_ivl_5", 15 0, L_0000000006769cc0;  1 drivers
v000000000675c750_0 .net *"_ivl_8", 15 0, L_0000000006766c60;  1 drivers
v000000000675c390_0 .var "bit_out_en_i", 0 0;
v000000000675c7f0_0 .var "clk_i", 0 0;
v000000000675c6b0_0 .var "left_sample", 31 0;
v000000000675c930_0 .var "right_sample", 31 0;
v000000000675c430_0 .var "rst_i", 0 0;
v000000000675c890_0 .var "sample_i", 31 0;
v000000000675c9d0_0 .net "sample_req_o", 0 0, v000000000675b490_0;  1 drivers
v000000000675c2f0_0 .net "spdif_o", 0 0, L_00000000066487a0;  1 drivers
v000000000675c4d0_0 .net "spdif_o2", 0 0, v000000000675b170_0;  1 drivers
v000000000675c570_0 .var "spdif_o2_dly", 2 0;
E_00000000066b3540 .event posedge, v000000000675b710_0;
L_0000000006767700 .part v000000000675c890_0, 0, 16;
L_0000000006766b20 .concat [ 16 16 0 0], L_0000000006767700, L_0000000006769cc0;
L_0000000006766c60 .part v000000000675c890_0, 16, 16;
L_0000000006767980 .concat [ 16 16 0 0], L_0000000006766c60, L_0000000006769d08;
S_0000000006750e60 .scope module, "uut" "spdif_core" 3 14, 4 63 0, S_00000000066db3c0;
 .timescale -12 -12;
    .port_info 0 /INPUT 1 "clk_i";
    .port_info 1 /INPUT 1 "rst_i";
    .port_info 2 /INPUT 1 "bit_out_en_i";
    .port_info 3 /OUTPUT 1 "spdif_o";
    .port_info 4 /INPUT 32 "sample_i";
    .port_info 5 /OUTPUT 1 "sample_req_o";
P_0000000006505b40 .param/l "PREAMBLE_X" 1 4 187, C4<01000111>;
P_0000000006505b78 .param/l "PREAMBLE_Y" 1 4 186, C4<00100111>;
P_0000000006505bb0 .param/l "PREAMBLE_Z" 1 4 185, C4<00010111>;
L_00000000066487a0 .functor BUFZ 1, v0000000006759e10_0, C4<0>, C4<0>, C4<0>;
L_0000000006769b58 .functor BUFT 1, C4<0000>, C4<0>, C4<0>, C4<0>;
v0000000006759f50_0 .net/2u *"_ivl_10", 3 0, L_0000000006769b58;  1 drivers
v0000000006759cd0_0 .net *"_ivl_15", 15 0, v000000000675a9f0_0;  1 drivers
L_0000000006769ba0 .functor BUFT 1, C4<0>, C4<0>, C4<0>, C4<0>;
v000000000675bfd0_0 .net/2u *"_ivl_18", 0 0, L_0000000006769ba0;  1 drivers
L_0000000006769ac8 .functor BUFT 1, C4<0000>, C4<0>, C4<0>, C4<0>;
v0000000006759d70_0 .net/2u *"_ivl_2", 3 0, L_0000000006769ac8;  1 drivers
L_0000000006769be8 .functor BUFT 1, C4<0>, C4<0>, C4<0>, C4<0>;
v000000000675a590_0 .net/2u *"_ivl_22", 0 0, L_0000000006769be8;  1 drivers
L_0000000006769c30 .functor BUFT 1, C4<0>, C4<0>, C4<0>, C4<0>;
v000000000675adb0_0 .net/2u *"_ivl_26", 0 0, L_0000000006769c30;  1 drivers
L_0000000006769c78 .functor BUFT 1, C4<0>, C4<0>, C4<0>, C4<0>;
v000000000675a310_0 .net/2u *"_ivl_31", 0 0, L_0000000006769c78;  1 drivers
L_0000000006769b10 .functor BUFT 1, C4<0000>, C4<0>, C4<0>, C4<0>;
v000000000675b530_0 .net/2u *"_ivl_6", 3 0, L_0000000006769b10;  1 drivers
v000000000675a9f0_0 .var "audio_sample_q", 15 0;
v000000000675b2b0_0 .var "bit_count_q", 5 0;
v000000000675bc10_0 .net "bit_out_en_i", 0 0, v000000000675c390_0;  1 drivers
v0000000006759ff0_0 .var "bit_r", 0 0;
v0000000006759af0_0 .var "bit_toggle_q", 0 0;
v000000000675b710_0 .net "clk_i", 0 0, v000000000675c7f0_0;  1 drivers
v000000000675ab30_0 .var "load_subframe_q", 0 0;
v000000000675a630_0 .var "parity_count_q", 5 0;
v000000000675a950_0 .var "preamble_q", 7 0;
v000000000675a810_0 .var "preamble_r", 7 0;
v000000000675c070_0 .net "rst_i", 0 0, v000000000675c430_0;  1 drivers
v000000000675bd50_0 .var "sample_buf_q", 15 0;
v000000000675c110_0 .net "sample_i", 31 0, v000000000675c890_0;  1 drivers
v000000000675b490_0 .var "sample_req_o", 0 0;
v000000000675bdf0_0 .net "spdif_o", 0 0, L_00000000066487a0;  alias, 1 drivers
v0000000006759e10_0 .var "spdif_out_q", 0 0;
v000000000675ba30_0 .var "subframe_count_q", 8 0;
v000000000675aa90_0 .net "subframe_w", 31 0, L_0000000006768060;  1 drivers
E_00000000066b40c0 .event posedge, v000000000675b710_0, v000000000675c070_0;
E_00000000066b3f80/0 .event anyedge, v0000000006759e10_0, v000000000675bc10_0, v000000000675b2b0_0, v000000000675a950_0;
E_00000000066b3f80/1 .event anyedge, v000000000675aa90_0, v0000000006759af0_0, v000000000675a630_0;
E_00000000066b3f80 .event/or E_00000000066b3f80/0, E_00000000066b3f80/1;
E_00000000066b4080 .event anyedge, v000000000675ba30_0;
LS_0000000006768060_0_0 .concat8 [ 4 4 4 16], L_0000000006769ac8, L_0000000006769b10, L_0000000006769b58, v000000000675a9f0_0;
LS_0000000006768060_0_4 .concat8 [ 1 1 1 1], L_0000000006769ba0, L_0000000006769be8, L_0000000006769c30, L_0000000006769c78;
L_0000000006768060 .concat8 [ 28 4 0 0], LS_0000000006768060_0_0, LS_0000000006768060_0_4;
S_0000000006752120 .scope module, "uut2" "spdif_transmit" 3 26, 5 1 0, S_00000000066db3c0;
 .timescale -12 -12;
    .port_info 0 /INPUT 1 "rst";
    .port_info 1 /INPUT 1 "clk";
    .port_info 2 /INPUT 32 "data_left";
    .port_info 3 /INPUT 32 "data_right";
    .port_info 4 /INPUT 1 "validity";
    .port_info 5 /INPUT 4 "sample_rate_code";
    .port_info 6 /OUTPUT 1 "spdif_out";
P_0000000006505d50 .param/l "CLK_DIV" 1 5 14, +C4<00000000000000000000000000000010>;
P_0000000006505d88 .param/l "CLK_FREQ" 0 5 13, +C4<00000001011101110000000000000000>;
P_0000000006505dc0 .param/l "SPDIF_BAUD" 0 5 12, +C4<00000000101110111000000000000000>;
v000000000675ae50_0 .var "bit_idx", 5 0;
v000000000675c250_0 .var "bmc_out", 0 0;
v000000000675a130_0 .var "bmc_phase", 0 0;
v000000000675a1d0_0 .var "ch_status_idx", 7 0;
v000000000675b350_0 .var "ch_status_left", 191 0;
v000000000675ad10_0 .var "ch_status_right", 191 0;
v000000000675a270_0 .net "channel_status_bit_left", 0 0, L_0000000006766440;  1 drivers
v000000000675b7b0_0 .net "channel_status_bit_right", 0 0, L_0000000006768560;  1 drivers
v000000000675abd0_0 .net "clk", 0 0, v000000000675c7f0_0;  alias, 1 drivers
v000000000675b210_0 .net "data_left", 31 0, L_0000000006766b20;  1 drivers
v000000000675a4f0_0 .net "data_right", 31 0, L_0000000006767980;  1 drivers
v000000000675a8b0_0 .var "frame_count", 9 0;
v000000000675ac70_0 .var "lr", 0 0;
v000000000675aef0_0 .var "preamble_type", 3 0;
v000000000675bb70_0 .net "rst", 0 0, v000000000675c430_0;  alias, 1 drivers
L_0000000006769d98 .functor BUFT 1, C4<1100>, C4<0>, C4<0>, C4<0>;
v000000000675b030_0 .net "sample_rate_code", 3 0, L_0000000006769d98;  1 drivers
v000000000675b0d0_0 .var "shift_data", 27 0;
v000000000675b3f0_0 .var "spdif_clk", 0 0;
v000000000675b170_0 .var "spdif_out", 0 0;
v000000000675b5d0_0 .var "subframe_data_left", 27 0;
v000000000675b670_0 .var "subframe_data_right", 27 0;
L_0000000006769d50 .functor BUFT 1, C4<0>, C4<0>, C4<0>, C4<0>;
v000000000675b8f0_0 .net "validity", 0 0, L_0000000006769d50;  1 drivers
E_00000000066b3c40 .event negedge, v000000000675b710_0;
E_00000000066b41c0/0 .event negedge, v000000000675b3f0_0;
E_00000000066b41c0/1 .event posedge, v000000000675c070_0;
E_00000000066b41c0 .event/or E_00000000066b41c0/0, E_00000000066b41c0/1;
E_00000000066b3840/0 .event anyedge, v000000000675b210_0, v000000000675b8f0_0, v000000000675a270_0, v000000000675a4f0_0;
E_00000000066b3840/1 .event anyedge, v000000000675b7b0_0;
E_00000000066b3840 .event/or E_00000000066b3840/0, E_00000000066b3840/1;
E_00000000066b3440 .event anyedge, v000000000675b030_0;
L_0000000006766440 .part/v v000000000675b350_0, v000000000675a1d0_0, 1;
L_0000000006768560 .part/v v000000000675ad10_0, v000000000675a1d0_0, 1;
S_00000000067514a0 .scope function.vec4.s28, "make_subframe" "make_subframe" 5 138, 5 138 0, S_0000000006752120;
 .timescale -12 -12;
v0000000006759b90_0 .var "audio_data", 31 0;
v000000000675a6d0_0 .var "channel_status", 0 0;
v000000000675a3b0_0 .var/i "i", 31 0;
; Variable make_subframe is vec4 return value of scope S_00000000067514a0
v0000000006759c30_0 .var "parity", 0 0;
v000000000675bad0_0 .var "temp", 27 0;
v000000000675a770_0 .var "user", 0 0;
v000000000675a450_0 .var "validity", 0 0;
TD_spdif_core_tb.uut2.make_subframe ;
    %pushi/vec4 0, 0, 28;
    %store/vec4 v000000000675bad0_0, 0, 28;
    %load/vec4 v0000000006759b90_0;
    %parti/s 24, 0, 2;
    %ix/load 4, 4, 0;
    %flag_set/imm 4, 0;
    %store/vec4 v000000000675bad0_0, 4, 24;
    %load/vec4 v000000000675a450_0;
    %ix/load 4, 3, 0;
    %flag_set/imm 4, 0;
    %store/vec4 v000000000675bad0_0, 4, 1;
    %load/vec4 v000000000675a770_0;
    %ix/load 4, 2, 0;
    %flag_set/imm 4, 0;
    %store/vec4 v000000000675bad0_0, 4, 1;
    %load/vec4 v000000000675a6d0_0;
    %ix/load 4, 1, 0;
    %flag_set/imm 4, 0;
    %store/vec4 v000000000675bad0_0, 4, 1;
    %pushi/vec4 0, 0, 1;
    %store/vec4 v0000000006759c30_0, 0, 1;
    %pushi/vec4 0, 0, 32;
    %store/vec4 v000000000675a3b0_0, 0, 32;
T_2.4 ; Top of for-loop 
    %load/vec4 v000000000675a3b0_0;
    %cmpi/s 27, 0, 32;
    %jmp/0xz T_2.5, 5;
    %load/vec4 v0000000006759c30_0;
    %load/vec4 v000000000675bad0_0;
    %load/vec4 v000000000675a3b0_0;
    %part/s 1;
    %xor;
    %store/vec4 v0000000006759c30_0, 0, 1;
T_2.6 ; for-loop step statement
    %load/vec4 v000000000675a3b0_0;
    %addi 1, 0, 32;
    %store/vec4 v000000000675a3b0_0, 0, 32;
    %jmp T_2.4;
T_2.5 ; for-loop exit label
    %load/vec4 v0000000006759c30_0;
    %ix/load 4, 0, 0;
    %flag_set/imm 4, 0;
    %store/vec4 v000000000675bad0_0, 4, 1;
    %load/vec4 v000000000675bad0_0;
    %ret/vec4 0, 0, 28;  Assign to make_subframe (store_vec4_to_lval)
    %end;
S_0000000006750cd0 .scope function.vec4.s1, "preamble_b" "preamble_b" 5 162, 5 162 0, S_0000000006752120;
 .timescale -12 -12;
v0000000006759eb0_0 .var "idx", 5 0;
; Variable preamble_b is vec4 return value of scope S_0000000006750cd0
TD_spdif_core_tb.uut2.preamble_b ;
    %load/vec4 v0000000006759eb0_0;
    %dup/vec4;
    %pushi/vec4 0, 0, 6;
    %cmp/u;
    %jmp/1 T_3.7, 6;
    %dup/vec4;
    %pushi/vec4 1, 0, 6;
    %cmp/u;
    %jmp/1 T_3.8, 6;
    %dup/vec4;
    %pushi/vec4 2, 0, 6;
    %cmp/u;
    %jmp/1 T_3.9, 6;
    %dup/vec4;
    %pushi/vec4 3, 0, 6;
    %cmp/u;
    %jmp/1 T_3.10, 6;
    %pushi/vec4 0, 0, 1;
    %ret/vec4 0, 0, 1;  Assign to preamble_b (store_vec4_to_lval)
    %jmp T_3.12;
T_3.7 ;
    %pushi/vec4 1, 0, 1;
    %ret/vec4 0, 0, 1;  Assign to preamble_b (store_vec4_to_lval)
    %jmp T_3.12;
T_3.8 ;
    %pushi/vec4 1, 0, 1;
    %ret/vec4 0, 0, 1;  Assign to preamble_b (store_vec4_to_lval)
    %jmp T_3.12;
T_3.9 ;
    %pushi/vec4 1, 0, 1;
    %ret/vec4 0, 0, 1;  Assign to preamble_b (store_vec4_to_lval)
    %jmp T_3.12;
T_3.10 ;
    %pushi/vec4 0, 0, 1;
    %ret/vec4 0, 0, 1;  Assign to preamble_b (store_vec4_to_lval)
    %jmp T_3.12;
T_3.12 ;
    %pop/vec4 1;
    %end;
S_0000000006751c70 .scope function.vec4.s1, "preamble_m" "preamble_m" 5 175, 5 175 0, S_0000000006752120;
 .timescale -12 -12;
v000000000675be90_0 .var "idx", 5 0;
; Variable preamble_m is vec4 return value of scope S_0000000006751c70
TD_spdif_core_tb.uut2.preamble_m ;
    %load/vec4 v000000000675be90_0;
    %dup/vec4;
    %pushi/vec4 0, 0, 6;
    %cmp/u;
    %jmp/1 T_4.13, 6;
    %dup/vec4;
    %pushi/vec4 1, 0, 6;
    %cmp/u;
    %jmp/1 T_4.14, 6;
    %dup/vec4;
    %pushi/vec4 2, 0, 6;
    %cmp/u;
    %jmp/1 T_4.15, 6;
    %dup/vec4;
    %pushi/vec4 3, 0, 6;
    %cmp/u;
    %jmp/1 T_4.16, 6;
    %pushi/vec4 0, 0, 1;
    %ret/vec4 0, 0, 1;  Assign to preamble_m (store_vec4_to_lval)
    %jmp T_4.18;
T_4.13 ;
    %pushi/vec4 1, 0, 1;
    %ret/vec4 0, 0, 1;  Assign to preamble_m (store_vec4_to_lval)
    %jmp T_4.18;
T_4.14 ;
    %pushi/vec4 1, 0, 1;
    %ret/vec4 0, 0, 1;  Assign to preamble_m (store_vec4_to_lval)
    %jmp T_4.18;
T_4.15 ;
    %pushi/vec4 0, 0, 1;
    %ret/vec4 0, 0, 1;  Assign to preamble_m (store_vec4_to_lval)
    %jmp T_4.18;
T_4.16 ;
    %pushi/vec4 0, 0, 1;
    %ret/vec4 0, 0, 1;  Assign to preamble_m (store_vec4_to_lval)
    %jmp T_4.18;
T_4.18 ;
    %pop/vec4 1;
    %end;
S_0000000006751630 .scope function.vec4.s1, "preamble_w" "preamble_w" 5 187, 5 187 0, S_0000000006752120;
 .timescale -12 -12;
v000000000675a090_0 .var "idx", 5 0;
; Variable preamble_w is vec4 return value of scope S_0000000006751630
TD_spdif_core_tb.uut2.preamble_w ;
    %load/vec4 v000000000675a090_0;
    %dup/vec4;
    %pushi/vec4 0, 0, 6;
    %cmp/u;
    %jmp/1 T_5.19, 6;
    %dup/vec4;
    %pushi/vec4 1, 0, 6;
    %cmp/u;
    %jmp/1 T_5.20, 6;
    %dup/vec4;
    %pushi/vec4 2, 0, 6;
    %cmp/u;
    %jmp/1 T_5.21, 6;
    %dup/vec4;
    %pushi/vec4 3, 0, 6;
    %cmp/u;
    %jmp/1 T_5.22, 6;
    %pushi/vec4 0, 0, 1;
    %ret/vec4 0, 0, 1;  Assign to preamble_w (store_vec4_to_lval)
    %jmp T_5.24;
T_5.19 ;
    %pushi/vec4 1, 0, 1;
    %ret/vec4 0, 0, 1;  Assign to preamble_w (store_vec4_to_lval)
    %jmp T_5.24;
T_5.20 ;
    %pushi/vec4 0, 0, 1;
    %ret/vec4 0, 0, 1;  Assign to preamble_w (store_vec4_to_lval)
    %jmp T_5.24;
T_5.21 ;
    %pushi/vec4 0, 0, 1;
    %ret/vec4 0, 0, 1;  Assign to preamble_w (store_vec4_to_lval)
    %jmp T_5.24;
T_5.22 ;
    %pushi/vec4 0, 0, 1;
    %ret/vec4 0, 0, 1;  Assign to preamble_w (store_vec4_to_lval)
    %jmp T_5.24;
T_5.24 ;
    %pop/vec4 1;
    %end;
    .scope S_000000000649e8a0;
T_6 ;
    %pushi/vec4 0, 0, 1;
    %store/vec4 v0000000006624f40_0, 0, 1;
    %pushi/vec4 0, 0, 1;
    %store/vec4 v0000000006623640_0, 0, 1;
    %end;
    .thread T_6;
    .scope S_000000000649e8a0;
T_7 ;
    %wait E_00000000066b22c0;
    %load/vec4 v00000000066a0f30_0;
    %flag_set/vec4 8;
    %jmp/0xz  T_7.0, 8;
    %load/vec4 v00000000066a16b0_0;
    %flag_set/vec4 8;
    %jmp/0 T_7.2, 8;
    %pushi/vec4 0, 0, 1;
    %jmp/1 T_7.3, 8;
T_7.2 ; End of true expr.
    %load/vec4 v0000000006643b80_0;
    %jmp/0 T_7.3, 8;
 ; End of false expr.
    %blend;
T_7.3;
    %assign/vec4 v0000000006624f40_0, 0;
T_7.0 ;
    %jmp T_7;
    .thread T_7;
    .scope S_000000000649e8a0;
T_8 ;
    %wait E_00000000066b2d00;
    %load/vec4 v00000000066a16b0_0;
    %flag_set/vec4 8;
    %jmp/0xz  T_8.0, 8;
    %pushi/vec4 0, 0, 1;
    %assign/vec4 v0000000006623640_0, 0;
    %jmp T_8.1;
T_8.0 ;
    %load/vec4 v00000000066a0f30_0;
    %flag_set/vec4 8;
    %jmp/0xz  T_8.2, 8;
    %load/vec4 v0000000006643b80_0;
    %assign/vec4 v0000000006623640_0, 0;
T_8.2 ;
T_8.1 ;
    %jmp T_8;
    .thread T_8;
    .scope S_00000000066dad80;
T_9 ;
    %pushi/vec4 0, 0, 32;
    %store/vec4 v000000000672b270_0, 0, 32;
T_9.0 ; Top of for-loop 
    %load/vec4 v000000000672b270_0;
    %cmpi/s 16, 0, 32;
    %jmp/0xz T_9.1, 5;
    %pushi/vec4 0, 0, 256;
    %load/vec4 v000000000672b270_0;
    %muli 16, 0, 32;
    %part/s 16;
    %pushi/vec4 0, 0, 32;
    %load/vec4 v000000000672b270_0;
    %add;
    %ix/vec4/s 4;
    %store/vec4a v000000000672a910, 4, 0;
    %pushi/vec4 0, 0, 256;
    %load/vec4 v000000000672b270_0;
    %muli 16, 0, 32;
    %part/s 16;
    %pushi/vec4 16, 0, 32;
    %load/vec4 v000000000672b270_0;
    %add;
    %ix/vec4/s 4;
    %store/vec4a v000000000672a910, 4, 0;
    %pushi/vec4 0, 0, 256;
    %load/vec4 v000000000672b270_0;
    %muli 16, 0, 32;
    %part/s 16;
    %pushi/vec4 32, 0, 32;
    %load/vec4 v000000000672b270_0;
    %add;
    %ix/vec4/s 4;
    %store/vec4a v000000000672a910, 4, 0;
    %pushi/vec4 0, 0, 256;
    %load/vec4 v000000000672b270_0;
    %muli 16, 0, 32;
    %part/s 16;
    %pushi/vec4 48, 0, 32;
    %load/vec4 v000000000672b270_0;
    %add;
    %ix/vec4/s 4;
    %store/vec4a v000000000672a910, 4, 0;
    %pushi/vec4 0, 0, 256;
    %load/vec4 v000000000672b270_0;
    %muli 16, 0, 32;
    %part/s 16;
    %pushi/vec4 64, 0, 32;
    %load/vec4 v000000000672b270_0;
    %add;
    %ix/vec4/s 4;
    %store/vec4a v000000000672a910, 4, 0;
    %pushi/vec4 0, 0, 256;
    %load/vec4 v000000000672b270_0;
    %muli 16, 0, 32;
    %part/s 16;
    %pushi/vec4 80, 0, 32;
    %load/vec4 v000000000672b270_0;
    %add;
    %ix/vec4/s 4;
    %store/vec4a v000000000672a910, 4, 0;
    %pushi/vec4 0, 0, 256;
    %load/vec4 v000000000672b270_0;
    %muli 16, 0, 32;
    %part/s 16;
    %pushi/vec4 96, 0, 32;
    %load/vec4 v000000000672b270_0;
    %add;
    %ix/vec4/s 4;
    %store/vec4a v000000000672a910, 4, 0;
    %pushi/vec4 0, 0, 256;
    %load/vec4 v000000000672b270_0;
    %muli 16, 0, 32;
    %part/s 16;
    %pushi/vec4 112, 0, 32;
    %load/vec4 v000000000672b270_0;
    %add;
    %ix/vec4/s 4;
    %store/vec4a v000000000672a910, 4, 0;
    %pushi/vec4 0, 0, 256;
    %load/vec4 v000000000672b270_0;
    %muli 16, 0, 32;
    %part/s 16;
    %pushi/vec4 128, 0, 32;
    %load/vec4 v000000000672b270_0;
    %add;
    %ix/vec4/s 4;
    %store/vec4a v000000000672a910, 4, 0;
    %pushi/vec4 0, 0, 256;
    %load/vec4 v000000000672b270_0;
    %muli 16, 0, 32;
    %part/s 16;
    %pushi/vec4 144, 0, 32;
    %load/vec4 v000000000672b270_0;
    %add;
    %ix/vec4/s 4;
    %store/vec4a v000000000672a910, 4, 0;
    %pushi/vec4 0, 0, 256;
    %load/vec4 v000000000672b270_0;
    %muli 16, 0, 32;
    %part/s 16;
    %pushi/vec4 160, 0, 32;
    %load/vec4 v000000000672b270_0;
    %add;
    %ix/vec4/s 4;
    %store/vec4a v000000000672a910, 4, 0;
    %pushi/vec4 0, 0, 256;
    %load/vec4 v000000000672b270_0;
    %muli 16, 0, 32;
    %part/s 16;
    %pushi/vec4 176, 0, 32;
    %load/vec4 v000000000672b270_0;
    %add;
    %ix/vec4/s 4;
    %store/vec4a v000000000672a910, 4, 0;
    %pushi/vec4 0, 0, 256;
    %load/vec4 v000000000672b270_0;
    %muli 16, 0, 32;
    %part/s 16;
    %pushi/vec4 192, 0, 32;
    %load/vec4 v000000000672b270_0;
    %add;
    %ix/vec4/s 4;
    %store/vec4a v000000000672a910, 4, 0;
    %pushi/vec4 0, 0, 256;
    %load/vec4 v000000000672b270_0;
    %muli 16, 0, 32;
    %part/s 16;
    %pushi/vec4 208, 0, 32;
    %load/vec4 v000000000672b270_0;
    %add;
    %ix/vec4/s 4;
    %store/vec4a v000000000672a910, 4, 0;
    %pushi/vec4 0, 0, 256;
    %load/vec4 v000000000672b270_0;
    %muli 16, 0, 32;
    %part/s 16;
    %pushi/vec4 224, 0, 32;
    %load/vec4 v000000000672b270_0;
    %add;
    %ix/vec4/s 4;
    %store/vec4a v000000000672a910, 4, 0;
    %pushi/vec4 0, 0, 256;
    %load/vec4 v000000000672b270_0;
    %muli 16, 0, 32;
    %part/s 16;
    %pushi/vec4 240, 0, 32;
    %load/vec4 v000000000672b270_0;
    %add;
    %ix/vec4/s 4;
    %store/vec4a v000000000672a910, 4, 0;
T_9.2 ; for-loop step statement
    %load/vec4 v000000000672b270_0;
    %addi 1, 0, 32;
    %store/vec4 v000000000672b270_0, 0, 32;
    %jmp T_9.0;
T_9.1 ; for-loop exit label
    %end;
    .thread T_9;
    .scope S_00000000066dad80;
T_10 ;
    %wait E_00000000066b2f00;
    %load/vec4 v000000000672b630_0;
    %flag_set/vec4 9;
    %flag_get/vec4 9;
    %jmp/0 T_10.2, 9;
    %load/vec4 v000000000672b9f0_0;
    %and;
T_10.2;
    %flag_set/vec4 8;
    %jmp/0xz  T_10.0, 8;
    %load/vec4 v000000000672b8b0_0;
    %parti/s 1, 0, 2;
    %nor/r;
    %flag_set/vec4 8;
    %jmp/0xz  T_10.3, 8;
    %load/vec4 v000000000672bf90_0;
    %parti/s 1, 0, 2;
    %load/vec4 v000000000672b130_0;
    %parti/s 8, 0, 2;
    %pad/u 10;
    %ix/vec4 3;
    %ix/load 4, 0, 0; Constant delay
    %assign/vec4/a/d v000000000672a910, 0, 4;
T_10.3 ;
    %load/vec4 v000000000672b8b0_0;
    %parti/s 1, 1, 2;
    %nor/r;
    %flag_set/vec4 8;
    %jmp/0xz  T_10.5, 8;
    %load/vec4 v000000000672bf90_0;
    %parti/s 1, 1, 2;
    %load/vec4 v000000000672b130_0;
    %parti/s 8, 0, 2;
    %pad/u 10;
    %ix/vec4 3;
    %ix/load 4, 1, 0; part off
    %ix/load 5, 0, 0; Constant delay
    %assign/vec4/a/d v000000000672a910, 4, 5;
T_10.5 ;
    %load/vec4 v000000000672b8b0_0;
    %parti/s 1, 2, 3;
    %nor/r;
    %flag_set/vec4 8;
    %jmp/0xz  T_10.7, 8;
    %load/vec4 v000000000672bf90_0;
    %parti/s 1, 2, 3;
    %load/vec4 v000000000672b130_0;
    %parti/s 8, 0, 2;
    %pad/u 10;
    %ix/vec4 3;
    %ix/load 4, 2, 0; part off
    %ix/load 5, 0, 0; Constant delay
    %assign/vec4/a/d v000000000672a910, 4, 5;
T_10.7 ;
    %load/vec4 v000000000672b8b0_0;
    %parti/s 1, 3, 3;
    %nor/r;
    %flag_set/vec4 8;
    %jmp/0xz  T_10.9, 8;
    %load/vec4 v000000000672bf90_0;
    %parti/s 1, 3, 3;
    %load/vec4 v000000000672b130_0;
    %parti/s 8, 0, 2;
    %pad/u 10;
    %ix/vec4 3;
    %ix/load 4, 3, 0; part off
    %ix/load 5, 0, 0; Constant delay
    %assign/vec4/a/d v000000000672a910, 4, 5;
T_10.9 ;
    %load/vec4 v000000000672b8b0_0;
    %parti/s 1, 4, 4;
    %nor/r;
    %flag_set/vec4 8;
    %jmp/0xz  T_10.11, 8;
    %load/vec4 v000000000672bf90_0;
    %parti/s 1, 4, 4;
    %load/vec4 v000000000672b130_0;
    %parti/s 8, 0, 2;
    %pad/u 10;
    %ix/vec4 3;
    %ix/load 4, 4, 0; part off
    %ix/load 5, 0, 0; Constant delay
    %assign/vec4/a/d v000000000672a910, 4, 5;
T_10.11 ;
    %load/vec4 v000000000672b8b0_0;
    %parti/s 1, 5, 4;
    %nor/r;
    %flag_set/vec4 8;
    %jmp/0xz  T_10.13, 8;
    %load/vec4 v000000000672bf90_0;
    %parti/s 1, 5, 4;
    %load/vec4 v000000000672b130_0;
    %parti/s 8, 0, 2;
    %pad/u 10;
    %ix/vec4 3;
    %ix/load 4, 5, 0; part off
    %ix/load 5, 0, 0; Constant delay
    %assign/vec4/a/d v000000000672a910, 4, 5;
T_10.13 ;
    %load/vec4 v000000000672b8b0_0;
    %parti/s 1, 6, 4;
    %nor/r;
    %flag_set/vec4 8;
    %jmp/0xz  T_10.15, 8;
    %load/vec4 v000000000672bf90_0;
    %parti/s 1, 6, 4;
    %load/vec4 v000000000672b130_0;
    %parti/s 8, 0, 2;
    %pad/u 10;
    %ix/vec4 3;
    %ix/load 4, 6, 0; part off
    %ix/load 5, 0, 0; Constant delay
    %assign/vec4/a/d v000000000672a910, 4, 5;
T_10.15 ;
    %load/vec4 v000000000672b8b0_0;
    %parti/s 1, 7, 4;
    %nor/r;
    %flag_set/vec4 8;
    %jmp/0xz  T_10.17, 8;
    %load/vec4 v000000000672bf90_0;
    %parti/s 1, 7, 4;
    %load/vec4 v000000000672b130_0;
    %parti/s 8, 0, 2;
    %pad/u 10;
    %ix/vec4 3;
    %ix/load 4, 7, 0; part off
    %ix/load 5, 0, 0; Constant delay
    %assign/vec4/a/d v000000000672a910, 4, 5;
T_10.17 ;
    %load/vec4 v000000000672b8b0_0;
    %parti/s 1, 8, 5;
    %nor/r;
    %flag_set/vec4 8;
    %jmp/0xz  T_10.19, 8;
    %load/vec4 v000000000672bf90_0;
    %parti/s 1, 8, 5;
    %load/vec4 v000000000672b130_0;
    %parti/s 8, 0, 2;
    %pad/u 10;
    %ix/vec4 3;
    %ix/load 4, 8, 0; part off
    %ix/load 5, 0, 0; Constant delay
    %assign/vec4/a/d v000000000672a910, 4, 5;
T_10.19 ;
    %load/vec4 v000000000672b8b0_0;
    %parti/s 1, 9, 5;
    %nor/r;
    %flag_set/vec4 8;
    %jmp/0xz  T_10.21, 8;
    %load/vec4 v000000000672bf90_0;
    %parti/s 1, 9, 5;
    %load/vec4 v000000000672b130_0;
    %parti/s 8, 0, 2;
    %pad/u 10;
    %ix/vec4 3;
    %ix/load 4, 9, 0; part off
    %ix/load 5, 0, 0; Constant delay
    %assign/vec4/a/d v000000000672a910, 4, 5;
T_10.21 ;
    %load/vec4 v000000000672b8b0_0;
    %parti/s 1, 10, 5;
    %nor/r;
    %flag_set/vec4 8;
    %jmp/0xz  T_10.23, 8;
    %load/vec4 v000000000672bf90_0;
    %parti/s 1, 10, 5;
    %load/vec4 v000000000672b130_0;
    %parti/s 8, 0, 2;
    %pad/u 10;
    %ix/vec4 3;
    %ix/load 4, 10, 0; part off
    %ix/load 5, 0, 0; Constant delay
    %assign/vec4/a/d v000000000672a910, 4, 5;
T_10.23 ;
    %load/vec4 v000000000672b8b0_0;
    %parti/s 1, 11, 5;
    %nor/r;
    %flag_set/vec4 8;
    %jmp/0xz  T_10.25, 8;
    %load/vec4 v000000000672bf90_0;
    %parti/s 1, 11, 5;
    %load/vec4 v000000000672b130_0;
    %parti/s 8, 0, 2;
    %pad/u 10;
    %ix/vec4 3;
    %ix/load 4, 11, 0; part off
    %ix/load 5, 0, 0; Constant delay
    %assign/vec4/a/d v000000000672a910, 4, 5;
T_10.25 ;
    %load/vec4 v000000000672b8b0_0;
    %parti/s 1, 12, 5;
    %nor/r;
    %flag_set/vec4 8;
    %jmp/0xz  T_10.27, 8;
    %load/vec4 v000000000672bf90_0;
    %parti/s 1, 12, 5;
    %load/vec4 v000000000672b130_0;
    %parti/s 8, 0, 2;
    %pad/u 10;
    %ix/vec4 3;
    %ix/load 4, 12, 0; part off
    %ix/load 5, 0, 0; Constant delay
    %assign/vec4/a/d v000000000672a910, 4, 5;
T_10.27 ;
    %load/vec4 v000000000672b8b0_0;
    %parti/s 1, 13, 5;
    %nor/r;
    %flag_set/vec4 8;
    %jmp/0xz  T_10.29, 8;
    %load/vec4 v000000000672bf90_0;
    %parti/s 1, 13, 5;
    %load/vec4 v000000000672b130_0;
    %parti/s 8, 0, 2;
    %pad/u 10;
    %ix/vec4 3;
    %ix/load 4, 13, 0; part off
    %ix/load 5, 0, 0; Constant delay
    %assign/vec4/a/d v000000000672a910, 4, 5;
T_10.29 ;
    %load/vec4 v000000000672b8b0_0;
    %parti/s 1, 14, 5;
    %nor/r;
    %flag_set/vec4 8;
    %jmp/0xz  T_10.31, 8;
    %load/vec4 v000000000672bf90_0;
    %parti/s 1, 14, 5;
    %load/vec4 v000000000672b130_0;
    %parti/s 8, 0, 2;
    %pad/u 10;
    %ix/vec4 3;
    %ix/load 4, 14, 0; part off
    %ix/load 5, 0, 0; Constant delay
    %assign/vec4/a/d v000000000672a910, 4, 5;
T_10.31 ;
    %load/vec4 v000000000672b8b0_0;
    %parti/s 1, 15, 5;
    %nor/r;
    %flag_set/vec4 8;
    %jmp/0xz  T_10.33, 8;
    %load/vec4 v000000000672bf90_0;
    %parti/s 1, 15, 5;
    %load/vec4 v000000000672b130_0;
    %parti/s 8, 0, 2;
    %pad/u 10;
    %ix/vec4 3;
    %ix/load 4, 15, 0; part off
    %ix/load 5, 0, 0; Constant delay
    %assign/vec4/a/d v000000000672a910, 4, 5;
T_10.33 ;
T_10.0 ;
    %jmp T_10;
    .thread T_10;
    .scope S_00000000066dad80;
T_11 ;
    %wait E_00000000066b2b00;
    %load/vec4 v000000000672aa50_0;
    %flag_set/vec4 9;
    %flag_get/vec4 9;
    %jmp/0 T_11.2, 9;
    %load/vec4 v000000000672c3f0_0;
    %and;
T_11.2;
    %flag_set/vec4 8;
    %jmp/0xz  T_11.0, 8;
    %load/vec4 v00000000065f2050_0;
    %parti/s 8, 0, 2;
    %pad/u 10;
    %ix/vec4 4;
    %load/vec4a v000000000672a910, 4;
    %load/vec4 v000000000672bb30_0;
    %inv;
    %and;
    %assign/vec4 v000000000672c350_0, 0;
T_11.0 ;
    %jmp T_11;
    .thread T_11;
    .scope S_00000000063b2e30;
T_12 ;
    %pushi/vec4 0, 0, 1;
    %store/vec4 v0000000006733450_0, 0, 1;
    %end;
    .thread T_12;
    .scope S_00000000063b2e30;
T_13 ;
    %wait E_00000000066b2700;
    %load/vec4 v0000000006732ff0_0;
    %assign/vec4 v0000000006733450_0, 0;
    %jmp T_13;
    .thread T_13;
    .scope S_00000000063b2fc0;
T_14 ;
    %pushi/vec4 0, 0, 1;
    %store/vec4 v0000000006731150_0, 0, 1;
    %end;
    .thread T_14;
    .scope S_00000000063b2fc0;
T_15 ;
    %wait E_00000000066b2740;
    %load/vec4 v00000000067310b0_0;
    %flag_set/vec4 8;
    %jmp/0xz  T_15.0, 8;
    %load/vec4 v0000000006733590_0;
    %assign/vec4 v0000000006731150_0, 0;
T_15.0 ;
    %jmp T_15;
    .thread T_15;
    .scope S_00000000063f3d80;
T_16 ;
    %pushi/vec4 0, 0, 1;
    %store/vec4 v00000000067327d0_0, 0, 1;
    %end;
    .thread T_16;
    .scope S_00000000063f3d80;
T_17 ;
    %wait E_00000000066b25c0;
    %load/vec4 v0000000006732870_0;
    %flag_set/vec4 8;
    %jmp/0xz  T_17.0, 8;
    %pushi/vec4 0, 0, 1;
    %assign/vec4 v00000000067327d0_0, 0;
    %jmp T_17.1;
T_17.0 ;
    %load/vec4 v00000000067311f0_0;
    %flag_set/vec4 8;
    %jmp/0xz  T_17.2, 8;
    %load/vec4 v00000000067320f0_0;
    %assign/vec4 v00000000067327d0_0, 0;
T_17.2 ;
T_17.1 ;
    %jmp T_17;
    .thread T_17;
    .scope S_00000000063f3f10;
T_18 ;
    %pushi/vec4 0, 0, 1;
    %store/vec4 v0000000006731f10_0, 0, 1;
    %end;
    .thread T_18;
    .scope S_00000000063f3f10;
T_19 ;
    %wait E_00000000066b2380;
    %load/vec4 v0000000006733090_0;
    %flag_set/vec4 8;
    %jmp/0xz  T_19.0, 8;
    %pushi/vec4 1, 0, 1;
    %assign/vec4 v0000000006731f10_0, 0;
    %jmp T_19.1;
T_19.0 ;
    %load/vec4 v0000000006732eb0_0;
    %flag_set/vec4 8;
    %jmp/0xz  T_19.2, 8;
    %load/vec4 v00000000067315b0_0;
    %assign/vec4 v0000000006731f10_0, 0;
T_19.2 ;
T_19.1 ;
    %jmp T_19;
    .thread T_19;
    .scope S_00000000063f40a0;
T_20 ;
    %pushi/vec4 0, 0, 1;
    %store/vec4 v0000000006733130_0, 0, 1;
    %end;
    .thread T_20;
    .scope S_00000000063f40a0;
T_21 ;
    %wait E_00000000066b2d40;
    %load/vec4 v0000000006731650_0;
    %flag_set/vec4 8;
    %jmp/0xz  T_21.0, 8;
    %load/vec4 v0000000006731470_0;
    %flag_set/vec4 8;
    %jmp/0xz  T_21.2, 8;
    %pushi/vec4 0, 0, 1;
    %assign/vec4 v0000000006733130_0, 0;
    %jmp T_21.3;
T_21.2 ;
    %load/vec4 v0000000006731b50_0;
    %assign/vec4 v0000000006733130_0, 0;
T_21.3 ;
T_21.0 ;
    %jmp T_21;
    .thread T_21;
    .scope S_00000000063f8690;
T_22 ;
    %pushi/vec4 0, 0, 1;
    %store/vec4 v0000000006731510_0, 0, 1;
    %end;
    .thread T_22;
    .scope S_00000000063f8690;
T_23 ;
    %wait E_00000000066b2540;
    %load/vec4 v0000000006733630_0;
    %flag_set/vec4 8;
    %jmp/0xz  T_23.0, 8;
    %load/vec4 v00000000067316f0_0;
    %flag_set/vec4 8;
    %jmp/0xz  T_23.2, 8;
    %pushi/vec4 1, 0, 1;
    %assign/vec4 v0000000006731510_0, 0;
    %jmp T_23.3;
T_23.2 ;
    %load/vec4 v0000000006731970_0;
    %assign/vec4 v0000000006731510_0, 0;
T_23.3 ;
T_23.0 ;
    %jmp T_23;
    .thread T_23;
    .scope S_00000000063f8820;
T_24 ;
    %pushi/vec4 0, 0, 1;
    %store/vec4 v00000000067336d0_0, 0, 1;
    %end;
    .thread T_24;
    .scope S_00000000063f8820;
T_25 ;
    %wait E_00000000066b2b40;
    %load/vec4 v0000000006732550_0;
    %assign/vec4 v00000000067336d0_0, 0;
    %jmp T_25;
    .thread T_25;
    .scope S_00000000063f89b0;
T_26 ;
    %pushi/vec4 0, 0, 1;
    %store/vec4 v0000000006731830_0, 0, 1;
    %end;
    .thread T_26;
    .scope S_00000000063f89b0;
T_27 ;
    %wait E_00000000066b3100;
    %load/vec4 v0000000006731bf0_0;
    %flag_set/vec4 8;
    %jmp/0xz  T_27.0, 8;
    %load/vec4 v0000000006731790_0;
    %assign/vec4 v0000000006731830_0, 0;
T_27.0 ;
    %jmp T_27;
    .thread T_27;
    .scope S_0000000006402d00;
T_28 ;
    %pushi/vec4 0, 0, 1;
    %store/vec4 v00000000067318d0_0, 0, 1;
    %end;
    .thread T_28;
    .scope S_0000000006402d00;
T_29 ;
    %wait E_00000000066b2ec0;
    %load/vec4 v0000000006731a10_0;
    %flag_set/vec4 8;
    %jmp/0xz  T_29.0, 8;
    %pushi/vec4 0, 0, 1;
    %assign/vec4 v00000000067318d0_0, 0;
    %jmp T_29.1;
T_29.0 ;
    %load/vec4 v0000000006731fb0_0;
    %flag_set/vec4 8;
    %jmp/0xz  T_29.2, 8;
    %load/vec4 v0000000006731c90_0;
    %assign/vec4 v00000000067318d0_0, 0;
T_29.2 ;
T_29.1 ;
    %jmp T_29;
    .thread T_29;
    .scope S_0000000006402e90;
T_30 ;
    %pushi/vec4 0, 0, 1;
    %store/vec4 v0000000006732190_0, 0, 1;
    %end;
    .thread T_30;
    .scope S_0000000006402e90;
T_31 ;
    %wait E_00000000066b2b80;
    %load/vec4 v0000000006732af0_0;
    %flag_set/vec4 8;
    %jmp/0xz  T_31.0, 8;
    %pushi/vec4 1, 0, 1;
    %assign/vec4 v0000000006732190_0, 0;
    %jmp T_31.1;
T_31.0 ;
    %load/vec4 v0000000006732050_0;
    %flag_set/vec4 8;
    %jmp/0xz  T_31.2, 8;
    %load/vec4 v0000000006731dd0_0;
    %assign/vec4 v0000000006732190_0, 0;
T_31.2 ;
T_31.1 ;
    %jmp T_31;
    .thread T_31;
    .scope S_0000000006403020;
T_32 ;
    %pushi/vec4 0, 0, 1;
    %store/vec4 v0000000006732b90_0, 0, 1;
    %end;
    .thread T_32;
    .scope S_0000000006403020;
T_33 ;
    %wait E_00000000066b2bc0;
    %load/vec4 v0000000006732410_0;
    %flag_set/vec4 8;
    %jmp/0xz  T_33.0, 8;
    %load/vec4 v00000000067324b0_0;
    %flag_set/vec4 8;
    %jmp/0xz  T_33.2, 8;
    %pushi/vec4 0, 0, 1;
    %assign/vec4 v0000000006732b90_0, 0;
    %jmp T_33.3;
T_33.2 ;
    %load/vec4 v0000000006732e10_0;
    %assign/vec4 v0000000006732b90_0, 0;
T_33.3 ;
T_33.0 ;
    %jmp T_33;
    .thread T_33;
    .scope S_00000000066d3f80;
T_34 ;
    %pushi/vec4 0, 0, 1;
    %store/vec4 v0000000006733310_0, 0, 1;
    %end;
    .thread T_34;
    .scope S_00000000066d3f80;
T_35 ;
    %wait E_00000000066b2a40;
    %load/vec4 v0000000006732730_0;
    %flag_set/vec4 8;
    %jmp/0xz  T_35.0, 8;
    %load/vec4 v0000000006732c30_0;
    %flag_set/vec4 8;
    %jmp/0xz  T_35.2, 8;
    %pushi/vec4 1, 0, 1;
    %assign/vec4 v0000000006733310_0, 0;
    %jmp T_35.3;
T_35.2 ;
    %load/vec4 v0000000006733270_0;
    %assign/vec4 v0000000006733310_0, 0;
T_35.3 ;
T_35.0 ;
    %jmp T_35;
    .thread T_35;
    .scope S_00000000066d37b0;
T_36 ;
    %pushi/vec4 0, 0, 1;
    %store/vec4 v0000000006734df0_0, 0, 1;
    %end;
    .thread T_36;
    .scope S_00000000066d37b0;
T_37 ;
    %wait E_00000000066b3140;
    %load/vec4 v0000000006733db0_0;
    %flag_set/vec4 8;
    %jmp/0xz  T_37.0, 8;
    %pushi/vec4 0, 0, 1;
    %assign/vec4 v0000000006734df0_0, 0;
    %jmp T_37.1;
T_37.0 ;
    %load/vec4 v0000000006732d70_0;
    %assign/vec4 v0000000006734df0_0, 0;
T_37.1 ;
    %jmp T_37;
    .thread T_37;
    .scope S_00000000066d3df0;
T_38 ;
    %pushi/vec4 0, 0, 1;
    %store/vec4 v0000000006734cb0_0, 0, 1;
    %end;
    .thread T_38;
    .scope S_00000000066d3df0;
T_39 ;
    %wait E_00000000066b30c0;
    %load/vec4 v00000000067338b0_0;
    %flag_set/vec4 8;
    %jmp/0xz  T_39.0, 8;
    %pushi/vec4 1, 0, 1;
    %assign/vec4 v0000000006734cb0_0, 0;
    %jmp T_39.1;
T_39.0 ;
    %load/vec4 v0000000006734b70_0;
    %assign/vec4 v0000000006734cb0_0, 0;
T_39.1 ;
    %jmp T_39;
    .thread T_39;
    .scope S_00000000066d45c0;
T_40 ;
    %pushi/vec4 0, 0, 1;
    %store/vec4 v00000000067342b0_0, 0, 1;
    %end;
    .thread T_40;
    .scope S_00000000066d45c0;
T_41 ;
    %wait E_00000000066b2e00;
    %load/vec4 v0000000006734d50_0;
    %flag_set/vec4 8;
    %jmp/0xz  T_41.0, 8;
    %pushi/vec4 0, 0, 1;
    %assign/vec4 v00000000067342b0_0, 0;
    %jmp T_41.1;
T_41.0 ;
    %load/vec4 v0000000006734670_0;
    %assign/vec4 v00000000067342b0_0, 0;
T_41.1 ;
    %jmp T_41;
    .thread T_41;
    .scope S_00000000066d3ad0;
T_42 ;
    %pushi/vec4 0, 0, 1;
    %store/vec4 v0000000006733f90_0, 0, 1;
    %end;
    .thread T_42;
    .scope S_00000000066d3ad0;
T_43 ;
    %wait E_00000000066b2640;
    %load/vec4 v0000000006733950_0;
    %flag_set/vec4 8;
    %jmp/0xz  T_43.0, 8;
    %pushi/vec4 1, 0, 1;
    %assign/vec4 v0000000006733f90_0, 0;
    %jmp T_43.1;
T_43.0 ;
    %load/vec4 v0000000006734490_0;
    %assign/vec4 v0000000006733f90_0, 0;
T_43.1 ;
    %jmp T_43;
    .thread T_43;
    .scope S_00000000066d3c60;
T_44 ;
    %pushi/vec4 0, 0, 1;
    %store/vec4 v0000000006734350_0, 0, 1;
    %end;
    .thread T_44;
    .scope S_00000000066d3c60;
T_45 ;
    %wait E_00000000066b2300;
    %load/vec4 v0000000006733a90_0;
    %flag_set/vec4 8;
    %jmp/0xz  T_45.0, 8;
    %pushi/vec4 0, 0, 1;
    %assign/vec4 v0000000006734350_0, 0;
    %jmp T_45.1;
T_45.0 ;
    %load/vec4 v0000000006734030_0;
    %assign/vec4 v0000000006734350_0, 0;
T_45.1 ;
    %jmp T_45;
    .thread T_45;
    .scope S_00000000066d4110;
T_46 ;
    %pushi/vec4 0, 0, 1;
    %store/vec4 v0000000006733b30_0, 0, 1;
    %end;
    .thread T_46;
    .scope S_00000000066d4110;
T_47 ;
    %wait E_00000000066b2900;
    %load/vec4 v0000000006733bd0_0;
    %flag_set/vec4 8;
    %jmp/0xz  T_47.0, 8;
    %pushi/vec4 1, 0, 1;
    %assign/vec4 v0000000006733b30_0, 0;
    %jmp T_47.1;
T_47.0 ;
    %load/vec4 v0000000006733810_0;
    %assign/vec4 v0000000006733b30_0, 0;
T_47.1 ;
    %jmp T_47;
    .thread T_47;
    .scope S_00000000066d3940;
T_48 ;
    %pushi/vec4 0, 0, 1;
    %store/vec4 v0000000006734170_0, 0, 1;
    %end;
    .thread T_48;
    .scope S_00000000066d3940;
T_49 ;
    %wait E_00000000066b2340;
    %load/vec4 v0000000006733c70_0;
    %flag_set/vec4 8;
    %jmp/0xz  T_49.0, 8;
    %pushi/vec4 0, 0, 1;
    %assign/vec4 v0000000006734170_0, 0;
    %jmp T_49.1;
T_49.0 ;
    %load/vec4 v0000000006733e50_0;
    %assign/vec4 v0000000006734170_0, 0;
T_49.1 ;
    %jmp T_49;
    .thread T_49;
    .scope S_00000000066d42a0;
T_50 ;
    %pushi/vec4 0, 0, 1;
    %store/vec4 v0000000006733ef0_0, 0, 1;
    %end;
    .thread T_50;
    .scope S_00000000066d42a0;
T_51 ;
    %wait E_00000000066b3180;
    %load/vec4 v0000000006734530_0;
    %flag_set/vec4 8;
    %jmp/0xz  T_51.0, 8;
    %pushi/vec4 1, 0, 1;
    %assign/vec4 v0000000006733ef0_0, 0;
    %jmp T_51.1;
T_51.0 ;
    %load/vec4 v0000000006734210_0;
    %assign/vec4 v0000000006733ef0_0, 0;
T_51.1 ;
    %jmp T_51;
    .thread T_51;
    .scope S_00000000066dbb90;
T_52 ;
    %wait E_00000000066b2c00;
    %load/vec4 v000000000673fa00_0;
    %assign/vec4 v000000000673ff00_0, 0;
    %jmp T_52;
    .thread T_52;
    .scope S_00000000066dbb90;
T_53 ;
    %wait E_00000000066b2c00;
    %load/vec4 v000000000673fa00_0;
    %flag_set/vec4 8;
    %jmp/0xz  T_53.0, 8;
    %load/vec4 v0000000006740f40_0;
    %assign/vec4 v0000000006740900_0, 0;
T_53.0 ;
    %jmp T_53;
    .thread T_53;
    .scope S_00000000066dbb90;
T_54 ;
    %wait E_00000000066b2a80;
    %load/vec4 v000000000673ff00_0;
    %flag_set/vec4 8;
    %jmp/0xz  T_54.0, 8;
    %load/vec4 v0000000006740f40_0;
    %assign/vec4 v0000000006740040_0, 0;
T_54.0 ;
    %jmp T_54;
    .thread T_54;
    .scope S_00000000066dbb90;
T_55 ;
    %wait E_00000000066b29c0;
    %load/vec4 v000000000673fa00_0;
    %assign/vec4 v0000000006740360_0, 0;
    %jmp T_55;
    .thread T_55;
    .scope S_00000000066dbb90;
T_56 ;
    %wait E_00000000066b29c0;
    %load/vec4 v000000000673fa00_0;
    %flag_set/vec4 8;
    %jmp/0xz  T_56.0, 8;
    %load/vec4 v0000000006741080_0;
    %assign/vec4 v000000000673fdc0_0, 0;
T_56.0 ;
    %jmp T_56;
    .thread T_56;
    .scope S_00000000066dbb90;
T_57 ;
    %wait E_00000000066b2a00;
    %load/vec4 v0000000006740360_0;
    %flag_set/vec4 8;
    %jmp/0xz  T_57.0, 8;
    %load/vec4 v000000000673fbe0_0;
    %assign/vec4 v0000000006740540_0, 0;
T_57.0 ;
    %jmp T_57;
    .thread T_57;
    .scope S_00000000066dbb90;
T_58 ;
    %wait E_00000000066b29c0;
    %load/vec4 v000000000673fa00_0;
    %flag_set/vec4 8;
    %jmp/0xz  T_58.0, 8;
    %load/vec4 v000000000673faa0_0;
    %assign/vec4 v0000000006740e00_0, 0;
T_58.0 ;
    %jmp T_58;
    .thread T_58;
    .scope S_00000000066dba00;
T_59 ;
    %wait E_00000000066b2940;
    %load/vec4 v0000000006740900_0;
    %store/vec4 v000000000673fc80_0, 0, 1;
    %load/vec4 v0000000006740040_0;
    %store/vec4 v000000000673fd20_0, 0, 1;
    %jmp T_59;
    .thread T_59, $push;
    .scope S_00000000066dba00;
T_60 ;
    %wait E_00000000066b28c0;
    %load/vec4 v0000000006740cc0_0;
    %assign/vec4 v000000000673fb40_0, 0;
    %jmp T_60;
    .thread T_60, $push;
    .scope S_00000000066dba00;
T_61 ;
    %wait E_00000000066b2e40;
    %load/vec4 v000000000673fb40_0;
    %assign/vec4 v00000000067407c0_0, 0;
    %jmp T_61;
    .thread T_61, $push;
    .scope S_00000000066dba00;
T_62 ;
    %wait E_00000000066b2400;
    %load/vec4 v00000000067407c0_0;
    %pushi/vec4 0, 0, 1;
    %xor;
    %flag_set/vec4 8;
    %jmp/1 T_62.2, 8;
    %pushi/vec4 0, 0, 1;
    %flag_set/vec4 9;
    %flag_or 8, 9;
T_62.2;
    %jmp/0 T_62.0, 8;
    %load/vec4 v000000000673fdc0_0;
    %jmp/1 T_62.1, 8;
T_62.0 ; End of true expr.
    %load/vec4 v0000000006740540_0;
    %jmp/0 T_62.1, 8;
 ; End of false expr.
    %blend;
T_62.1;
    %store/vec4 v0000000006740d60_0, 0, 1;
    %jmp T_62;
    .thread T_62, $push;
    .scope S_00000000066dc680;
T_63 ;
    %wait E_00000000066b2ac0;
    %load/vec4 v000000000673de80_0;
    %flag_set/vec4 8;
    %jmp/0xz  T_63.0, 8;
    %load/vec4 v000000000673f820_0;
    %assign/vec4 v000000000673f960_0, 0;
T_63.0 ;
    %jmp T_63;
    .thread T_63;
    .scope S_00000000066dc680;
T_64 ;
    %wait E_00000000066b2500;
    %load/vec4 v000000000673de80_0;
    %flag_set/vec4 8;
    %jmp/0xz  T_64.0, 8;
    %load/vec4 v000000000673f820_0;
    %assign/vec4 v000000000673ece0_0, 0;
T_64.0 ;
    %jmp T_64;
    .thread T_64;
    .scope S_00000000066dc680;
T_65 ;
    %wait E_00000000066b2780;
    %load/vec4 v000000000673de80_0;
    %flag_set/vec4 8;
    %jmp/0xz  T_65.0, 8;
    %load/vec4 v000000000673e560_0;
    %assign/vec4 v000000000673eec0_0, 0;
T_65.0 ;
    %jmp T_65;
    .thread T_65;
    .scope S_00000000066dc680;
T_66 ;
    %wait E_00000000066b2440;
    %load/vec4 v000000000673de80_0;
    %flag_set/vec4 8;
    %jmp/0xz  T_66.0, 8;
    %load/vec4 v000000000673e880_0;
    %assign/vec4 v000000000673f000_0, 0;
T_66.0 ;
    %jmp T_66;
    .thread T_66;
    .scope S_00000000066dc680;
T_67 ;
    %wait E_00000000066b2780;
    %load/vec4 v000000000673de80_0;
    %flag_set/vec4 8;
    %jmp/0xz  T_67.0, 8;
    %load/vec4 v000000000673e920_0;
    %assign/vec4 v0000000006741ce0_0, 0;
T_67.0 ;
    %jmp T_67;
    .thread T_67;
    .scope S_00000000066d63e0;
T_68 ;
    %wait E_00000000066b23c0;
    %load/vec4 v000000000673f960_0;
    %store/vec4 v000000000673e6a0_0, 0, 1;
    %load/vec4 v000000000673ece0_0;
    %store/vec4 v000000000673ee20_0, 0, 1;
    %jmp T_68;
    .thread T_68, $push;
    .scope S_00000000066d63e0;
T_69 ;
    %wait E_00000000066b2280;
    %load/vec4 v000000000673e420_0;
    %assign/vec4 v00000000067439a0_0, 0;
    %jmp T_69;
    .thread T_69, $push;
    .scope S_00000000066d63e0;
T_70 ;
    %wait E_00000000066b3080;
    %load/vec4 v00000000067439a0_0;
    %assign/vec4 v0000000006742c80_0, 0;
    %jmp T_70;
    .thread T_70, $push;
    .scope S_00000000066d63e0;
T_71 ;
    %wait E_00000000066b2fc0;
    %load/vec4 v0000000006742c80_0;
    %pushi/vec4 0, 0, 1;
    %xor;
    %flag_set/vec4 8;
    %jmp/1 T_71.2, 8;
    %pushi/vec4 0, 0, 1;
    %flag_set/vec4 9;
    %flag_or 8, 9;
T_71.2;
    %jmp/0 T_71.0, 8;
    %load/vec4 v000000000673eec0_0;
    %jmp/1 T_71.1, 8;
T_71.0 ; End of true expr.
    %load/vec4 v000000000673f000_0;
    %jmp/0 T_71.1, 8;
 ; End of false expr.
    %blend;
T_71.1;
    %store/vec4 v000000000673ed80_0, 0, 1;
    %jmp T_71;
    .thread T_71, $push;
    .scope S_00000000066db230;
T_72 ;
    %wait E_00000000066b2d80;
    %load/vec4 v0000000006743540_0;
    %flag_set/vec4 8;
    %jmp/0xz  T_72.0, 8;
    %load/vec4 v00000000067428c0_0;
    %assign/vec4 v0000000006741d80_0, 0;
T_72.0 ;
    %jmp T_72;
    .thread T_72;
    .scope S_00000000066db230;
T_73 ;
    %wait E_00000000066b2600;
    %load/vec4 v0000000006743540_0;
    %flag_set/vec4 8;
    %jmp/0xz  T_73.0, 8;
    %load/vec4 v00000000067428c0_0;
    %assign/vec4 v0000000006741ec0_0, 0;
T_73.0 ;
    %jmp T_73;
    .thread T_73;
    .scope S_00000000066db230;
T_74 ;
    %wait E_00000000066b2f40;
    %load/vec4 v0000000006743540_0;
    %flag_set/vec4 8;
    %jmp/0xz  T_74.0, 8;
    %load/vec4 v0000000006741600_0;
    %assign/vec4 v00000000067426e0_0, 0;
T_74.0 ;
    %jmp T_74;
    .thread T_74;
    .scope S_00000000066db230;
T_75 ;
    %wait E_00000000066b2cc0;
    %load/vec4 v0000000006743540_0;
    %flag_set/vec4 8;
    %jmp/0xz  T_75.0, 8;
    %load/vec4 v0000000006742e60_0;
    %assign/vec4 v0000000006742960_0, 0;
T_75.0 ;
    %jmp T_75;
    .thread T_75;
    .scope S_00000000066db230;
T_76 ;
    %wait E_00000000066b2f40;
    %load/vec4 v0000000006743540_0;
    %flag_set/vec4 8;
    %jmp/0xz  T_76.0, 8;
    %load/vec4 v00000000067416a0_0;
    %assign/vec4 v0000000006742320_0, 0;
T_76.0 ;
    %jmp T_76;
    .thread T_76;
    .scope S_00000000066d5a80;
T_77 ;
    %wait E_00000000066b31c0;
    %load/vec4 v0000000006741d80_0;
    %store/vec4 v0000000006742fa0_0, 0, 1;
    %load/vec4 v0000000006741ec0_0;
    %store/vec4 v0000000006742be0_0, 0, 1;
    %jmp T_77;
    .thread T_77, $push;
    .scope S_00000000066d5a80;
T_78 ;
    %wait E_00000000066b27c0;
    %load/vec4 v0000000006742dc0_0;
    %assign/vec4 v00000000067421e0_0, 0;
    %jmp T_78;
    .thread T_78, $push;
    .scope S_00000000066d5a80;
T_79 ;
    %wait E_00000000066b2580;
    %load/vec4 v00000000067421e0_0;
    %assign/vec4 v0000000006741a60_0, 0;
    %jmp T_79;
    .thread T_79, $push;
    .scope S_00000000066d5a80;
T_80 ;
    %wait E_00000000066b2c80;
    %load/vec4 v0000000006741a60_0;
    %pushi/vec4 0, 0, 1;
    %xor;
    %flag_set/vec4 8;
    %jmp/1 T_80.2, 8;
    %pushi/vec4 0, 0, 1;
    %flag_set/vec4 9;
    %flag_or 8, 9;
T_80.2;
    %jmp/0 T_80.0, 8;
    %load/vec4 v00000000067426e0_0;
    %jmp/1 T_80.1, 8;
T_80.0 ; End of true expr.
    %load/vec4 v0000000006742960_0;
    %jmp/0 T_80.1, 8;
 ; End of false expr.
    %blend;
T_80.1;
    %store/vec4 v0000000006743a40_0, 0, 1;
    %jmp T_80;
    .thread T_80, $push;
    .scope S_00000000066d6250;
T_81 ;
    %wait E_00000000066b26c0;
    %load/vec4 v0000000006743cc0_0;
    %flag_set/vec4 8;
    %jmp/0xz  T_81.0, 8;
    %pushi/vec4 0, 0, 16;
    %assign/vec4 v0000000006748ef0_0, 0;
    %pushi/vec4 0, 0, 16;
    %assign/vec4 v0000000006747a50_0, 0;
    %jmp T_81.1;
T_81.0 ;
    %load/vec4 v0000000006744d00_0;
    %flag_set/vec4 8;
    %jmp/0xz  T_81.2, 8;
    %load/vec4 v0000000006744f80_0;
    %nor/r;
    %flag_set/vec4 8;
    %jmp/0xz  T_81.4, 8;
    %load/vec4 v0000000006743fe0_0;
    %assign/vec4 v0000000006748ef0_0, 0;
T_81.4 ;
    %load/vec4 v00000000067452a0_0;
    %nor/r;
    %flag_set/vec4 8;
    %jmp/0xz  T_81.6, 8;
    %load/vec4 v00000000067448a0_0;
    %assign/vec4 v0000000006747a50_0, 0;
T_81.6 ;
T_81.2 ;
T_81.1 ;
    %jmp T_81;
    .thread T_81;
    .scope S_00000000066d6250;
T_82 ;
    %wait E_00000000066b2f80;
    %load/vec4 v00000000067446c0_0;
    %flag_set/vec4 8;
    %jmp/0xz  T_82.0, 8;
    %pushi/vec4 0, 0, 16;
    %assign/vec4 v0000000006748270_0, 0;
    %pushi/vec4 0, 0, 16;
    %assign/vec4 v0000000006747ff0_0, 0;
    %jmp T_82.1;
T_82.0 ;
    %load/vec4 v0000000006744d00_0;
    %flag_set/vec4 8;
    %jmp/0xz  T_82.2, 8;
    %load/vec4 v0000000006744300_0;
    %nor/r;
    %flag_set/vec4 8;
    %jmp/0xz  T_82.4, 8;
    %load/vec4 v0000000006743c20_0;
    %assign/vec4 v0000000006748270_0, 0;
T_82.4 ;
    %load/vec4 v00000000067441c0_0;
    %nor/r;
    %flag_set/vec4 8;
    %jmp/0xz  T_82.6, 8;
    %load/vec4 v00000000067443a0_0;
    %assign/vec4 v0000000006747ff0_0, 0;
T_82.6 ;
T_82.2 ;
T_82.1 ;
    %jmp T_82;
    .thread T_82;
    .scope S_00000000066d6250;
T_83 ;
    %wait E_00000000066b26c0;
    %load/vec4 v0000000006743cc0_0;
    %flag_set/vec4 8;
    %jmp/0xz  T_83.0, 8;
    %pushi/vec4 0, 0, 16;
    %assign/vec4 v0000000006747af0_0, 0;
    %pushi/vec4 0, 0, 16;
    %assign/vec4 v0000000006749990_0, 0;
    %jmp T_83.1;
T_83.0 ;
    %load/vec4 v0000000006744d00_0;
    %flag_set/vec4 8;
    %jmp/0xz  T_83.2, 8;
    %load/vec4 v0000000006747b90_0;
    %assign/vec4 v0000000006747af0_0, 0;
    %load/vec4 v0000000006749fd0_0;
    %assign/vec4 v0000000006749990_0, 0;
T_83.2 ;
T_83.1 ;
    %jmp T_83;
    .thread T_83;
    .scope S_00000000066d6250;
T_84 ;
    %wait E_00000000066b2f80;
    %load/vec4 v00000000067446c0_0;
    %flag_set/vec4 8;
    %jmp/0xz  T_84.0, 8;
    %pushi/vec4 0, 0, 16;
    %assign/vec4 v0000000006747e10_0, 0;
    %pushi/vec4 0, 0, 16;
    %assign/vec4 v00000000067492b0_0, 0;
    %jmp T_84.1;
T_84.0 ;
    %load/vec4 v0000000006744d00_0;
    %flag_set/vec4 8;
    %jmp/0xz  T_84.2, 8;
    %load/vec4 v00000000067490d0_0;
    %assign/vec4 v0000000006747e10_0, 0;
    %load/vec4 v0000000006748c70_0;
    %assign/vec4 v00000000067492b0_0, 0;
T_84.2 ;
T_84.1 ;
    %jmp T_84;
    .thread T_84;
    .scope S_00000000066d6250;
T_85 ;
    %wait E_00000000066b2f80;
    %load/vec4 v00000000067446c0_0;
    %flag_set/vec4 8;
    %jmp/0xz  T_85.0, 8;
    %pushi/vec4 0, 0, 32;
    %assign/vec4 v0000000006749350_0, 0;
    %jmp T_85.1;
T_85.0 ;
    %load/vec4 v0000000006744d00_0;
    %flag_set/vec4 8;
    %jmp/0xz  T_85.2, 8;
    %load/vec4 v0000000006747eb0_0;
    %assign/vec4 v0000000006749350_0, 0;
T_85.2 ;
T_85.1 ;
    %jmp T_85;
    .thread T_85;
    .scope S_00000000066d6250;
T_86 ;
    %wait E_00000000066b2680;
    %load/vec4 v0000000006744800_0;
    %flag_set/vec4 8;
    %jmp/0xz  T_86.0, 8;
    %pushi/vec4 0, 0, 16;
    %assign/vec4 v0000000006749a30_0, 0;
    %jmp T_86.1;
T_86.0 ;
    %load/vec4 v0000000006744d00_0;
    %flag_set/vec4 8;
    %jmp/0xz  T_86.2, 8;
    %load/vec4 v0000000006744260_0;
    %nor/r;
    %flag_set/vec4 8;
    %jmp/0xz  T_86.4, 8;
    %load/vec4 v0000000006749d50_0;
    %assign/vec4 v0000000006749a30_0, 0;
T_86.4 ;
T_86.2 ;
T_86.1 ;
    %jmp T_86;
    .thread T_86;
    .scope S_00000000066d6250;
T_87 ;
    %wait E_00000000066b2dc0;
    %load/vec4 v0000000006744b20_0;
    %flag_set/vec4 8;
    %jmp/0xz  T_87.0, 8;
    %pushi/vec4 0, 0, 16;
    %assign/vec4 v00000000067493f0_0, 0;
    %jmp T_87.1;
T_87.0 ;
    %load/vec4 v0000000006744d00_0;
    %flag_set/vec4 8;
    %jmp/0xz  T_87.2, 8;
    %load/vec4 v0000000006744760_0;
    %nor/r;
    %flag_set/vec4 8;
    %jmp/0xz  T_87.4, 8;
    %load/vec4 v00000000067495d0_0;
    %assign/vec4 v00000000067493f0_0, 0;
T_87.4 ;
T_87.2 ;
T_87.1 ;
    %jmp T_87;
    .thread T_87;
    .scope S_00000000066dc1d0;
T_88 ;
    %pushi/vec4 0, 0, 32;
    %store/vec4 v000000000674ba10_0, 0, 32;
T_88.0 ; Top of for-loop 
    %load/vec4 v000000000674ba10_0;
    %cmpi/s 16, 0, 32;
    %jmp/0xz T_88.1, 5;
    %pushi/vec4 0, 0, 256;
    %load/vec4 v000000000674ba10_0;
    %muli 16, 0, 32;
    %part/s 16;
    %pushi/vec4 0, 0, 32;
    %load/vec4 v000000000674ba10_0;
    %add;
    %ix/vec4/s 4;
    %store/vec4a v000000000674c870, 4, 0;
    %pushi/vec4 0, 0, 256;
    %load/vec4 v000000000674ba10_0;
    %muli 16, 0, 32;
    %part/s 16;
    %pushi/vec4 16, 0, 32;
    %load/vec4 v000000000674ba10_0;
    %add;
    %ix/vec4/s 4;
    %store/vec4a v000000000674c870, 4, 0;
    %pushi/vec4 0, 0, 256;
    %load/vec4 v000000000674ba10_0;
    %muli 16, 0, 32;
    %part/s 16;
    %pushi/vec4 32, 0, 32;
    %load/vec4 v000000000674ba10_0;
    %add;
    %ix/vec4/s 4;
    %store/vec4a v000000000674c870, 4, 0;
    %pushi/vec4 0, 0, 256;
    %load/vec4 v000000000674ba10_0;
    %muli 16, 0, 32;
    %part/s 16;
    %pushi/vec4 48, 0, 32;
    %load/vec4 v000000000674ba10_0;
    %add;
    %ix/vec4/s 4;
    %store/vec4a v000000000674c870, 4, 0;
    %pushi/vec4 0, 0, 256;
    %load/vec4 v000000000674ba10_0;
    %muli 16, 0, 32;
    %part/s 16;
    %pushi/vec4 64, 0, 32;
    %load/vec4 v000000000674ba10_0;
    %add;
    %ix/vec4/s 4;
    %store/vec4a v000000000674c870, 4, 0;
    %pushi/vec4 0, 0, 256;
    %load/vec4 v000000000674ba10_0;
    %muli 16, 0, 32;
    %part/s 16;
    %pushi/vec4 80, 0, 32;
    %load/vec4 v000000000674ba10_0;
    %add;
    %ix/vec4/s 4;
    %store/vec4a v000000000674c870, 4, 0;
    %pushi/vec4 0, 0, 256;
    %load/vec4 v000000000674ba10_0;
    %muli 16, 0, 32;
    %part/s 16;
    %pushi/vec4 96, 0, 32;
    %load/vec4 v000000000674ba10_0;
    %add;
    %ix/vec4/s 4;
    %store/vec4a v000000000674c870, 4, 0;
    %pushi/vec4 0, 0, 256;
    %load/vec4 v000000000674ba10_0;
    %muli 16, 0, 32;
    %part/s 16;
    %pushi/vec4 112, 0, 32;
    %load/vec4 v000000000674ba10_0;
    %add;
    %ix/vec4/s 4;
    %store/vec4a v000000000674c870, 4, 0;
    %pushi/vec4 0, 0, 256;
    %load/vec4 v000000000674ba10_0;
    %muli 16, 0, 32;
    %part/s 16;
    %pushi/vec4 128, 0, 32;
    %load/vec4 v000000000674ba10_0;
    %add;
    %ix/vec4/s 4;
    %store/vec4a v000000000674c870, 4, 0;
    %pushi/vec4 0, 0, 256;
    %load/vec4 v000000000674ba10_0;
    %muli 16, 0, 32;
    %part/s 16;
    %pushi/vec4 144, 0, 32;
    %load/vec4 v000000000674ba10_0;
    %add;
    %ix/vec4/s 4;
    %store/vec4a v000000000674c870, 4, 0;
    %pushi/vec4 0, 0, 256;
    %load/vec4 v000000000674ba10_0;
    %muli 16, 0, 32;
    %part/s 16;
    %pushi/vec4 160, 0, 32;
    %load/vec4 v000000000674ba10_0;
    %add;
    %ix/vec4/s 4;
    %store/vec4a v000000000674c870, 4, 0;
    %pushi/vec4 0, 0, 256;
    %load/vec4 v000000000674ba10_0;
    %muli 16, 0, 32;
    %part/s 16;
    %pushi/vec4 176, 0, 32;
    %load/vec4 v000000000674ba10_0;
    %add;
    %ix/vec4/s 4;
    %store/vec4a v000000000674c870, 4, 0;
    %pushi/vec4 0, 0, 256;
    %load/vec4 v000000000674ba10_0;
    %muli 16, 0, 32;
    %part/s 16;
    %pushi/vec4 192, 0, 32;
    %load/vec4 v000000000674ba10_0;
    %add;
    %ix/vec4/s 4;
    %store/vec4a v000000000674c870, 4, 0;
    %pushi/vec4 0, 0, 256;
    %load/vec4 v000000000674ba10_0;
    %muli 16, 0, 32;
    %part/s 16;
    %pushi/vec4 208, 0, 32;
    %load/vec4 v000000000674ba10_0;
    %add;
    %ix/vec4/s 4;
    %store/vec4a v000000000674c870, 4, 0;
    %pushi/vec4 0, 0, 256;
    %load/vec4 v000000000674ba10_0;
    %muli 16, 0, 32;
    %part/s 16;
    %pushi/vec4 224, 0, 32;
    %load/vec4 v000000000674ba10_0;
    %add;
    %ix/vec4/s 4;
    %store/vec4a v000000000674c870, 4, 0;
    %pushi/vec4 0, 0, 256;
    %load/vec4 v000000000674ba10_0;
    %muli 16, 0, 32;
    %part/s 16;
    %pushi/vec4 240, 0, 32;
    %load/vec4 v000000000674ba10_0;
    %add;
    %ix/vec4/s 4;
    %store/vec4a v000000000674c870, 4, 0;
T_88.2 ; for-loop step statement
    %load/vec4 v000000000674ba10_0;
    %addi 1, 0, 32;
    %store/vec4 v000000000674ba10_0, 0, 32;
    %jmp T_88.0;
T_88.1 ; for-loop exit label
    %end;
    .thread T_88;
    .scope S_00000000066dc1d0;
T_89 ;
    %wait E_00000000066b3040;
    %load/vec4 v000000000674ad90_0;
    %flag_set/vec4 9;
    %flag_get/vec4 9;
    %jmp/0 T_89.2, 9;
    %load/vec4 v000000000674b970_0;
    %and;
T_89.2;
    %flag_set/vec4 8;
    %jmp/0xz  T_89.0, 8;
    %load/vec4 v000000000674b470_0;
    %parti/s 1, 0, 2;
    %nor/r;
    %flag_set/vec4 8;
    %jmp/0xz  T_89.3, 8;
    %load/vec4 v000000000674a930_0;
    %parti/s 1, 0, 2;
    %load/vec4 v000000000674be70_0;
    %parti/s 8, 0, 2;
    %pad/u 10;
    %ix/vec4 3;
    %ix/load 4, 0, 0; Constant delay
    %assign/vec4/a/d v000000000674c870, 0, 4;
T_89.3 ;
    %load/vec4 v000000000674b470_0;
    %parti/s 1, 1, 2;
    %nor/r;
    %flag_set/vec4 8;
    %jmp/0xz  T_89.5, 8;
    %load/vec4 v000000000674a930_0;
    %parti/s 1, 1, 2;
    %load/vec4 v000000000674be70_0;
    %parti/s 8, 0, 2;
    %pad/u 10;
    %ix/vec4 3;
    %ix/load 4, 1, 0; part off
    %ix/load 5, 0, 0; Constant delay
    %assign/vec4/a/d v000000000674c870, 4, 5;
T_89.5 ;
    %load/vec4 v000000000674b470_0;
    %parti/s 1, 2, 3;
    %nor/r;
    %flag_set/vec4 8;
    %jmp/0xz  T_89.7, 8;
    %load/vec4 v000000000674a930_0;
    %parti/s 1, 2, 3;
    %load/vec4 v000000000674be70_0;
    %parti/s 8, 0, 2;
    %pad/u 10;
    %ix/vec4 3;
    %ix/load 4, 2, 0; part off
    %ix/load 5, 0, 0; Constant delay
    %assign/vec4/a/d v000000000674c870, 4, 5;
T_89.7 ;
    %load/vec4 v000000000674b470_0;
    %parti/s 1, 3, 3;
    %nor/r;
    %flag_set/vec4 8;
    %jmp/0xz  T_89.9, 8;
    %load/vec4 v000000000674a930_0;
    %parti/s 1, 3, 3;
    %load/vec4 v000000000674be70_0;
    %parti/s 8, 0, 2;
    %pad/u 10;
    %ix/vec4 3;
    %ix/load 4, 3, 0; part off
    %ix/load 5, 0, 0; Constant delay
    %assign/vec4/a/d v000000000674c870, 4, 5;
T_89.9 ;
    %load/vec4 v000000000674b470_0;
    %parti/s 1, 4, 4;
    %nor/r;
    %flag_set/vec4 8;
    %jmp/0xz  T_89.11, 8;
    %load/vec4 v000000000674a930_0;
    %parti/s 1, 4, 4;
    %load/vec4 v000000000674be70_0;
    %parti/s 8, 0, 2;
    %pad/u 10;
    %ix/vec4 3;
    %ix/load 4, 4, 0; part off
    %ix/load 5, 0, 0; Constant delay
    %assign/vec4/a/d v000000000674c870, 4, 5;
T_89.11 ;
    %load/vec4 v000000000674b470_0;
    %parti/s 1, 5, 4;
    %nor/r;
    %flag_set/vec4 8;
    %jmp/0xz  T_89.13, 8;
    %load/vec4 v000000000674a930_0;
    %parti/s 1, 5, 4;
    %load/vec4 v000000000674be70_0;
    %parti/s 8, 0, 2;
    %pad/u 10;
    %ix/vec4 3;
    %ix/load 4, 5, 0; part off
    %ix/load 5, 0, 0; Constant delay
    %assign/vec4/a/d v000000000674c870, 4, 5;
T_89.13 ;
    %load/vec4 v000000000674b470_0;
    %parti/s 1, 6, 4;
    %nor/r;
    %flag_set/vec4 8;
    %jmp/0xz  T_89.15, 8;
    %load/vec4 v000000000674a930_0;
    %parti/s 1, 6, 4;
    %load/vec4 v000000000674be70_0;
    %parti/s 8, 0, 2;
    %pad/u 10;
    %ix/vec4 3;
    %ix/load 4, 6, 0; part off
    %ix/load 5, 0, 0; Constant delay
    %assign/vec4/a/d v000000000674c870, 4, 5;
T_89.15 ;
    %load/vec4 v000000000674b470_0;
    %parti/s 1, 7, 4;
    %nor/r;
    %flag_set/vec4 8;
    %jmp/0xz  T_89.17, 8;
    %load/vec4 v000000000674a930_0;
    %parti/s 1, 7, 4;
    %load/vec4 v000000000674be70_0;
    %parti/s 8, 0, 2;
    %pad/u 10;
    %ix/vec4 3;
    %ix/load 4, 7, 0; part off
    %ix/load 5, 0, 0; Constant delay
    %assign/vec4/a/d v000000000674c870, 4, 5;
T_89.17 ;
    %load/vec4 v000000000674b470_0;
    %parti/s 1, 8, 5;
    %nor/r;
    %flag_set/vec4 8;
    %jmp/0xz  T_89.19, 8;
    %load/vec4 v000000000674a930_0;
    %parti/s 1, 8, 5;
    %load/vec4 v000000000674be70_0;
    %parti/s 8, 0, 2;
    %pad/u 10;
    %ix/vec4 3;
    %ix/load 4, 8, 0; part off
    %ix/load 5, 0, 0; Constant delay
    %assign/vec4/a/d v000000000674c870, 4, 5;
T_89.19 ;
    %load/vec4 v000000000674b470_0;
    %parti/s 1, 9, 5;
    %nor/r;
    %flag_set/vec4 8;
    %jmp/0xz  T_89.21, 8;
    %load/vec4 v000000000674a930_0;
    %parti/s 1, 9, 5;
    %load/vec4 v000000000674be70_0;
    %parti/s 8, 0, 2;
    %pad/u 10;
    %ix/vec4 3;
    %ix/load 4, 9, 0; part off
    %ix/load 5, 0, 0; Constant delay
    %assign/vec4/a/d v000000000674c870, 4, 5;
T_89.21 ;
    %load/vec4 v000000000674b470_0;
    %parti/s 1, 10, 5;
    %nor/r;
    %flag_set/vec4 8;
    %jmp/0xz  T_89.23, 8;
    %load/vec4 v000000000674a930_0;
    %parti/s 1, 10, 5;
    %load/vec4 v000000000674be70_0;
    %parti/s 8, 0, 2;
    %pad/u 10;
    %ix/vec4 3;
    %ix/load 4, 10, 0; part off
    %ix/load 5, 0, 0; Constant delay
    %assign/vec4/a/d v000000000674c870, 4, 5;
T_89.23 ;
    %load/vec4 v000000000674b470_0;
    %parti/s 1, 11, 5;
    %nor/r;
    %flag_set/vec4 8;
    %jmp/0xz  T_89.25, 8;
    %load/vec4 v000000000674a930_0;
    %parti/s 1, 11, 5;
    %load/vec4 v000000000674be70_0;
    %parti/s 8, 0, 2;
    %pad/u 10;
    %ix/vec4 3;
    %ix/load 4, 11, 0; part off
    %ix/load 5, 0, 0; Constant delay
    %assign/vec4/a/d v000000000674c870, 4, 5;
T_89.25 ;
    %load/vec4 v000000000674b470_0;
    %parti/s 1, 12, 5;
    %nor/r;
    %flag_set/vec4 8;
    %jmp/0xz  T_89.27, 8;
    %load/vec4 v000000000674a930_0;
    %parti/s 1, 12, 5;
    %load/vec4 v000000000674be70_0;
    %parti/s 8, 0, 2;
    %pad/u 10;
    %ix/vec4 3;
    %ix/load 4, 12, 0; part off
    %ix/load 5, 0, 0; Constant delay
    %assign/vec4/a/d v000000000674c870, 4, 5;
T_89.27 ;
    %load/vec4 v000000000674b470_0;
    %parti/s 1, 13, 5;
    %nor/r;
    %flag_set/vec4 8;
    %jmp/0xz  T_89.29, 8;
    %load/vec4 v000000000674a930_0;
    %parti/s 1, 13, 5;
    %load/vec4 v000000000674be70_0;
    %parti/s 8, 0, 2;
    %pad/u 10;
    %ix/vec4 3;
    %ix/load 4, 13, 0; part off
    %ix/load 5, 0, 0; Constant delay
    %assign/vec4/a/d v000000000674c870, 4, 5;
T_89.29 ;
    %load/vec4 v000000000674b470_0;
    %parti/s 1, 14, 5;
    %nor/r;
    %flag_set/vec4 8;
    %jmp/0xz  T_89.31, 8;
    %load/vec4 v000000000674a930_0;
    %parti/s 1, 14, 5;
    %load/vec4 v000000000674be70_0;
    %parti/s 8, 0, 2;
    %pad/u 10;
    %ix/vec4 3;
    %ix/load 4, 14, 0; part off
    %ix/load 5, 0, 0; Constant delay
    %assign/vec4/a/d v000000000674c870, 4, 5;
T_89.31 ;
    %load/vec4 v000000000674b470_0;
    %parti/s 1, 15, 5;
    %nor/r;
    %flag_set/vec4 8;
    %jmp/0xz  T_89.33, 8;
    %load/vec4 v000000000674a930_0;
    %parti/s 1, 15, 5;
    %load/vec4 v000000000674be70_0;
    %parti/s 8, 0, 2;
    %pad/u 10;
    %ix/vec4 3;
    %ix/load 4, 15, 0; part off
    %ix/load 5, 0, 0; Constant delay
    %assign/vec4/a/d v000000000674c870, 4, 5;
T_89.33 ;
T_89.0 ;
    %jmp T_89;
    .thread T_89;
    .scope S_00000000066dc1d0;
T_90 ;
    %wait E_00000000066b3000;
    %load/vec4 v000000000674a750_0;
    %flag_set/vec4 9;
    %flag_get/vec4 9;
    %jmp/0 T_90.2, 9;
    %load/vec4 v000000000674bd30_0;
    %and;
T_90.2;
    %flag_set/vec4 8;
    %jmp/0xz  T_90.0, 8;
    %load/vec4 v000000000674c230_0;
    %parti/s 8, 0, 2;
    %pad/u 10;
    %ix/vec4 4;
    %load/vec4a v000000000674c870, 4;
    %load/vec4 v000000000674a890_0;
    %inv;
    %and;
    %assign/vec4 v000000000674c690_0, 0;
T_90.0 ;
    %jmp T_90;
    .thread T_90;
    .scope S_0000000006750ff0;
T_91 ;
    %pushi/vec4 0, 0, 32;
    %store/vec4 v00000000067568f0_0, 0, 32;
T_91.0 ; Top of for-loop 
    %load/vec4 v00000000067568f0_0;
    %cmpi/s 16, 0, 32;
    %jmp/0xz T_91.1, 5;
    %pushi/vec4 0, 0, 256;
    %load/vec4 v00000000067568f0_0;
    %muli 16, 0, 32;
    %part/s 16;
    %pushi/vec4 0, 0, 32;
    %load/vec4 v00000000067568f0_0;
    %add;
    %ix/vec4/s 4;
    %store/vec4a v0000000006756990, 4, 0;
    %pushi/vec4 0, 0, 256;
    %load/vec4 v00000000067568f0_0;
    %muli 16, 0, 32;
    %part/s 16;
    %pushi/vec4 16, 0, 32;
    %load/vec4 v00000000067568f0_0;
    %add;
    %ix/vec4/s 4;
    %store/vec4a v0000000006756990, 4, 0;
    %pushi/vec4 0, 0, 256;
    %load/vec4 v00000000067568f0_0;
    %muli 16, 0, 32;
    %part/s 16;
    %pushi/vec4 32, 0, 32;
    %load/vec4 v00000000067568f0_0;
    %add;
    %ix/vec4/s 4;
    %store/vec4a v0000000006756990, 4, 0;
    %pushi/vec4 0, 0, 256;
    %load/vec4 v00000000067568f0_0;
    %muli 16, 0, 32;
    %part/s 16;
    %pushi/vec4 48, 0, 32;
    %load/vec4 v00000000067568f0_0;
    %add;
    %ix/vec4/s 4;
    %store/vec4a v0000000006756990, 4, 0;
    %pushi/vec4 0, 0, 256;
    %load/vec4 v00000000067568f0_0;
    %muli 16, 0, 32;
    %part/s 16;
    %pushi/vec4 64, 0, 32;
    %load/vec4 v00000000067568f0_0;
    %add;
    %ix/vec4/s 4;
    %store/vec4a v0000000006756990, 4, 0;
    %pushi/vec4 0, 0, 256;
    %load/vec4 v00000000067568f0_0;
    %muli 16, 0, 32;
    %part/s 16;
    %pushi/vec4 80, 0, 32;
    %load/vec4 v00000000067568f0_0;
    %add;
    %ix/vec4/s 4;
    %store/vec4a v0000000006756990, 4, 0;
    %pushi/vec4 0, 0, 256;
    %load/vec4 v00000000067568f0_0;
    %muli 16, 0, 32;
    %part/s 16;
    %pushi/vec4 96, 0, 32;
    %load/vec4 v00000000067568f0_0;
    %add;
    %ix/vec4/s 4;
    %store/vec4a v0000000006756990, 4, 0;
    %pushi/vec4 0, 0, 256;
    %load/vec4 v00000000067568f0_0;
    %muli 16, 0, 32;
    %part/s 16;
    %pushi/vec4 112, 0, 32;
    %load/vec4 v00000000067568f0_0;
    %add;
    %ix/vec4/s 4;
    %store/vec4a v0000000006756990, 4, 0;
    %pushi/vec4 0, 0, 256;
    %load/vec4 v00000000067568f0_0;
    %muli 16, 0, 32;
    %part/s 16;
    %pushi/vec4 128, 0, 32;
    %load/vec4 v00000000067568f0_0;
    %add;
    %ix/vec4/s 4;
    %store/vec4a v0000000006756990, 4, 0;
    %pushi/vec4 0, 0, 256;
    %load/vec4 v00000000067568f0_0;
    %muli 16, 0, 32;
    %part/s 16;
    %pushi/vec4 144, 0, 32;
    %load/vec4 v00000000067568f0_0;
    %add;
    %ix/vec4/s 4;
    %store/vec4a v0000000006756990, 4, 0;
    %pushi/vec4 0, 0, 256;
    %load/vec4 v00000000067568f0_0;
    %muli 16, 0, 32;
    %part/s 16;
    %pushi/vec4 160, 0, 32;
    %load/vec4 v00000000067568f0_0;
    %add;
    %ix/vec4/s 4;
    %store/vec4a v0000000006756990, 4, 0;
    %pushi/vec4 0, 0, 256;
    %load/vec4 v00000000067568f0_0;
    %muli 16, 0, 32;
    %part/s 16;
    %pushi/vec4 176, 0, 32;
    %load/vec4 v00000000067568f0_0;
    %add;
    %ix/vec4/s 4;
    %store/vec4a v0000000006756990, 4, 0;
    %pushi/vec4 0, 0, 256;
    %load/vec4 v00000000067568f0_0;
    %muli 16, 0, 32;
    %part/s 16;
    %pushi/vec4 192, 0, 32;
    %load/vec4 v00000000067568f0_0;
    %add;
    %ix/vec4/s 4;
    %store/vec4a v0000000006756990, 4, 0;
    %pushi/vec4 0, 0, 256;
    %load/vec4 v00000000067568f0_0;
    %muli 16, 0, 32;
    %part/s 16;
    %pushi/vec4 208, 0, 32;
    %load/vec4 v00000000067568f0_0;
    %add;
    %ix/vec4/s 4;
    %store/vec4a v0000000006756990, 4, 0;
    %pushi/vec4 0, 0, 256;
    %load/vec4 v00000000067568f0_0;
    %muli 16, 0, 32;
    %part/s 16;
    %pushi/vec4 224, 0, 32;
    %load/vec4 v00000000067568f0_0;
    %add;
    %ix/vec4/s 4;
    %store/vec4a v0000000006756990, 4, 0;
    %pushi/vec4 0, 0, 256;
    %load/vec4 v00000000067568f0_0;
    %muli 16, 0, 32;
    %part/s 16;
    %pushi/vec4 240, 0, 32;
    %load/vec4 v00000000067568f0_0;
    %add;
    %ix/vec4/s 4;
    %store/vec4a v0000000006756990, 4, 0;
T_91.2 ; for-loop step statement
    %load/vec4 v00000000067568f0_0;
    %addi 1, 0, 32;
    %store/vec4 v00000000067568f0_0, 0, 32;
    %jmp T_91.0;
T_91.1 ; for-loop exit label
    %end;
    .thread T_91;
    .scope S_0000000006750ff0;
T_92 ;
    %wait E_00000000066b2800;
    %load/vec4 v0000000006756fd0_0;
    %flag_set/vec4 9;
    %flag_get/vec4 9;
    %jmp/0 T_92.2, 9;
    %load/vec4 v0000000006756a30_0;
    %and;
T_92.2;
    %flag_set/vec4 8;
    %jmp/0xz  T_92.0, 8;
    %load/vec4 v0000000006754cd0_0;
    %parti/s 1, 0, 2;
    %nor/r;
    %flag_set/vec4 8;
    %jmp/0xz  T_92.3, 8;
    %load/vec4 v00000000067553b0_0;
    %parti/s 1, 0, 2;
    %load/vec4 v000000000674b0b0_0;
    %parti/s 8, 0, 2;
    %pad/u 10;
    %ix/vec4 3;
    %ix/load 4, 0, 0; Constant delay
    %assign/vec4/a/d v0000000006756990, 0, 4;
T_92.3 ;
    %load/vec4 v0000000006754cd0_0;
    %parti/s 1, 1, 2;
    %nor/r;
    %flag_set/vec4 8;
    %jmp/0xz  T_92.5, 8;
    %load/vec4 v00000000067553b0_0;
    %parti/s 1, 1, 2;
    %load/vec4 v000000000674b0b0_0;
    %parti/s 8, 0, 2;
    %pad/u 10;
    %ix/vec4 3;
    %ix/load 4, 1, 0; part off
    %ix/load 5, 0, 0; Constant delay
    %assign/vec4/a/d v0000000006756990, 4, 5;
T_92.5 ;
    %load/vec4 v0000000006754cd0_0;
    %parti/s 1, 2, 3;
    %nor/r;
    %flag_set/vec4 8;
    %jmp/0xz  T_92.7, 8;
    %load/vec4 v00000000067553b0_0;
    %parti/s 1, 2, 3;
    %load/vec4 v000000000674b0b0_0;
    %parti/s 8, 0, 2;
    %pad/u 10;
    %ix/vec4 3;
    %ix/load 4, 2, 0; part off
    %ix/load 5, 0, 0; Constant delay
    %assign/vec4/a/d v0000000006756990, 4, 5;
T_92.7 ;
    %load/vec4 v0000000006754cd0_0;
    %parti/s 1, 3, 3;
    %nor/r;
    %flag_set/vec4 8;
    %jmp/0xz  T_92.9, 8;
    %load/vec4 v00000000067553b0_0;
    %parti/s 1, 3, 3;
    %load/vec4 v000000000674b0b0_0;
    %parti/s 8, 0, 2;
    %pad/u 10;
    %ix/vec4 3;
    %ix/load 4, 3, 0; part off
    %ix/load 5, 0, 0; Constant delay
    %assign/vec4/a/d v0000000006756990, 4, 5;
T_92.9 ;
    %load/vec4 v0000000006754cd0_0;
    %parti/s 1, 4, 4;
    %nor/r;
    %flag_set/vec4 8;
    %jmp/0xz  T_92.11, 8;
    %load/vec4 v00000000067553b0_0;
    %parti/s 1, 4, 4;
    %load/vec4 v000000000674b0b0_0;
    %parti/s 8, 0, 2;
    %pad/u 10;
    %ix/vec4 3;
    %ix/load 4, 4, 0; part off
    %ix/load 5, 0, 0; Constant delay
    %assign/vec4/a/d v0000000006756990, 4, 5;
T_92.11 ;
    %load/vec4 v0000000006754cd0_0;
    %parti/s 1, 5, 4;
    %nor/r;
    %flag_set/vec4 8;
    %jmp/0xz  T_92.13, 8;
    %load/vec4 v00000000067553b0_0;
    %parti/s 1, 5, 4;
    %load/vec4 v000000000674b0b0_0;
    %parti/s 8, 0, 2;
    %pad/u 10;
    %ix/vec4 3;
    %ix/load 4, 5, 0; part off
    %ix/load 5, 0, 0; Constant delay
    %assign/vec4/a/d v0000000006756990, 4, 5;
T_92.13 ;
    %load/vec4 v0000000006754cd0_0;
    %parti/s 1, 6, 4;
    %nor/r;
    %flag_set/vec4 8;
    %jmp/0xz  T_92.15, 8;
    %load/vec4 v00000000067553b0_0;
    %parti/s 1, 6, 4;
    %load/vec4 v000000000674b0b0_0;
    %parti/s 8, 0, 2;
    %pad/u 10;
    %ix/vec4 3;
    %ix/load 4, 6, 0; part off
    %ix/load 5, 0, 0; Constant delay
    %assign/vec4/a/d v0000000006756990, 4, 5;
T_92.15 ;
    %load/vec4 v0000000006754cd0_0;
    %parti/s 1, 7, 4;
    %nor/r;
    %flag_set/vec4 8;
    %jmp/0xz  T_92.17, 8;
    %load/vec4 v00000000067553b0_0;
    %parti/s 1, 7, 4;
    %load/vec4 v000000000674b0b0_0;
    %parti/s 8, 0, 2;
    %pad/u 10;
    %ix/vec4 3;
    %ix/load 4, 7, 0; part off
    %ix/load 5, 0, 0; Constant delay
    %assign/vec4/a/d v0000000006756990, 4, 5;
T_92.17 ;
    %load/vec4 v0000000006754cd0_0;
    %parti/s 1, 8, 5;
    %nor/r;
    %flag_set/vec4 8;
    %jmp/0xz  T_92.19, 8;
    %load/vec4 v00000000067553b0_0;
    %parti/s 1, 8, 5;
    %load/vec4 v000000000674b0b0_0;
    %parti/s 8, 0, 2;
    %pad/u 10;
    %ix/vec4 3;
    %ix/load 4, 8, 0; part off
    %ix/load 5, 0, 0; Constant delay
    %assign/vec4/a/d v0000000006756990, 4, 5;
T_92.19 ;
    %load/vec4 v0000000006754cd0_0;
    %parti/s 1, 9, 5;
    %nor/r;
    %flag_set/vec4 8;
    %jmp/0xz  T_92.21, 8;
    %load/vec4 v00000000067553b0_0;
    %parti/s 1, 9, 5;
    %load/vec4 v000000000674b0b0_0;
    %parti/s 8, 0, 2;
    %pad/u 10;
    %ix/vec4 3;
    %ix/load 4, 9, 0; part off
    %ix/load 5, 0, 0; Constant delay
    %assign/vec4/a/d v0000000006756990, 4, 5;
T_92.21 ;
    %load/vec4 v0000000006754cd0_0;
    %parti/s 1, 10, 5;
    %nor/r;
    %flag_set/vec4 8;
    %jmp/0xz  T_92.23, 8;
    %load/vec4 v00000000067553b0_0;
    %parti/s 1, 10, 5;
    %load/vec4 v000000000674b0b0_0;
    %parti/s 8, 0, 2;
    %pad/u 10;
    %ix/vec4 3;
    %ix/load 4, 10, 0; part off
    %ix/load 5, 0, 0; Constant delay
    %assign/vec4/a/d v0000000006756990, 4, 5;
T_92.23 ;
    %load/vec4 v0000000006754cd0_0;
    %parti/s 1, 11, 5;
    %nor/r;
    %flag_set/vec4 8;
    %jmp/0xz  T_92.25, 8;
    %load/vec4 v00000000067553b0_0;
    %parti/s 1, 11, 5;
    %load/vec4 v000000000674b0b0_0;
    %parti/s 8, 0, 2;
    %pad/u 10;
    %ix/vec4 3;
    %ix/load 4, 11, 0; part off
    %ix/load 5, 0, 0; Constant delay
    %assign/vec4/a/d v0000000006756990, 4, 5;
T_92.25 ;
    %load/vec4 v0000000006754cd0_0;
    %parti/s 1, 12, 5;
    %nor/r;
    %flag_set/vec4 8;
    %jmp/0xz  T_92.27, 8;
    %load/vec4 v00000000067553b0_0;
    %parti/s 1, 12, 5;
    %load/vec4 v000000000674b0b0_0;
    %parti/s 8, 0, 2;
    %pad/u 10;
    %ix/vec4 3;
    %ix/load 4, 12, 0; part off
    %ix/load 5, 0, 0; Constant delay
    %assign/vec4/a/d v0000000006756990, 4, 5;
T_92.27 ;
    %load/vec4 v0000000006754cd0_0;
    %parti/s 1, 13, 5;
    %nor/r;
    %flag_set/vec4 8;
    %jmp/0xz  T_92.29, 8;
    %load/vec4 v00000000067553b0_0;
    %parti/s 1, 13, 5;
    %load/vec4 v000000000674b0b0_0;
    %parti/s 8, 0, 2;
    %pad/u 10;
    %ix/vec4 3;
    %ix/load 4, 13, 0; part off
    %ix/load 5, 0, 0; Constant delay
    %assign/vec4/a/d v0000000006756990, 4, 5;
T_92.29 ;
    %load/vec4 v0000000006754cd0_0;
    %parti/s 1, 14, 5;
    %nor/r;
    %flag_set/vec4 8;
    %jmp/0xz  T_92.31, 8;
    %load/vec4 v00000000067553b0_0;
    %parti/s 1, 14, 5;
    %load/vec4 v000000000674b0b0_0;
    %parti/s 8, 0, 2;
    %pad/u 10;
    %ix/vec4 3;
    %ix/load 4, 14, 0; part off
    %ix/load 5, 0, 0; Constant delay
    %assign/vec4/a/d v0000000006756990, 4, 5;
T_92.31 ;
    %load/vec4 v0000000006754cd0_0;
    %parti/s 1, 15, 5;
    %nor/r;
    %flag_set/vec4 8;
    %jmp/0xz  T_92.33, 8;
    %load/vec4 v00000000067553b0_0;
    %parti/s 1, 15, 5;
    %load/vec4 v000000000674b0b0_0;
    %parti/s 8, 0, 2;
    %pad/u 10;
    %ix/vec4 3;
    %ix/load 4, 15, 0; part off
    %ix/load 5, 0, 0; Constant delay
    %assign/vec4/a/d v0000000006756990, 4, 5;
T_92.33 ;
T_92.0 ;
    %jmp T_92;
    .thread T_92;
    .scope S_0000000006750ff0;
T_93 ;
    %wait E_00000000066b2200;
    %load/vec4 v000000000674af70_0;
    %flag_set/vec4 9;
    %flag_get/vec4 9;
    %jmp/0 T_93.2, 9;
    %load/vec4 v000000000674ac50_0;
    %and;
T_93.2;
    %flag_set/vec4 8;
    %jmp/0xz  T_93.0, 8;
    %load/vec4 v000000000674b6f0_0;
    %parti/s 8, 0, 2;
    %pad/u 10;
    %ix/vec4 4;
    %load/vec4a v0000000006756990, 4;
    %load/vec4 v000000000674b010_0;
    %inv;
    %and;
    %assign/vec4 v000000000674aed0_0, 0;
T_93.0 ;
    %jmp T_93;
    .thread T_93;
    .scope S_0000000006751ae0;
T_94 ;
    %pushi/vec4 0, 0, 32;
    %store/vec4 v00000000067565d0_0, 0, 32;
T_94.0 ; Top of for-loop 
    %load/vec4 v00000000067565d0_0;
    %cmpi/s 16, 0, 32;
    %jmp/0xz T_94.1, 5;
    %pushi/vec4 0, 0, 256;
    %load/vec4 v00000000067565d0_0;
    %muli 16, 0, 32;
    %part/s 16;
    %pushi/vec4 0, 0, 32;
    %load/vec4 v00000000067565d0_0;
    %add;
    %ix/vec4/s 4;
    %store/vec4a v00000000067559f0, 4, 0;
    %pushi/vec4 0, 0, 256;
    %load/vec4 v00000000067565d0_0;
    %muli 16, 0, 32;
    %part/s 16;
    %pushi/vec4 16, 0, 32;
    %load/vec4 v00000000067565d0_0;
    %add;
    %ix/vec4/s 4;
    %store/vec4a v00000000067559f0, 4, 0;
    %pushi/vec4 0, 0, 256;
    %load/vec4 v00000000067565d0_0;
    %muli 16, 0, 32;
    %part/s 16;
    %pushi/vec4 32, 0, 32;
    %load/vec4 v00000000067565d0_0;
    %add;
    %ix/vec4/s 4;
    %store/vec4a v00000000067559f0, 4, 0;
    %pushi/vec4 0, 0, 256;
    %load/vec4 v00000000067565d0_0;
    %muli 16, 0, 32;
    %part/s 16;
    %pushi/vec4 48, 0, 32;
    %load/vec4 v00000000067565d0_0;
    %add;
    %ix/vec4/s 4;
    %store/vec4a v00000000067559f0, 4, 0;
    %pushi/vec4 0, 0, 256;
    %load/vec4 v00000000067565d0_0;
    %muli 16, 0, 32;
    %part/s 16;
    %pushi/vec4 64, 0, 32;
    %load/vec4 v00000000067565d0_0;
    %add;
    %ix/vec4/s 4;
    %store/vec4a v00000000067559f0, 4, 0;
    %pushi/vec4 0, 0, 256;
    %load/vec4 v00000000067565d0_0;
    %muli 16, 0, 32;
    %part/s 16;
    %pushi/vec4 80, 0, 32;
    %load/vec4 v00000000067565d0_0;
    %add;
    %ix/vec4/s 4;
    %store/vec4a v00000000067559f0, 4, 0;
    %pushi/vec4 0, 0, 256;
    %load/vec4 v00000000067565d0_0;
    %muli 16, 0, 32;
    %part/s 16;
    %pushi/vec4 96, 0, 32;
    %load/vec4 v00000000067565d0_0;
    %add;
    %ix/vec4/s 4;
    %store/vec4a v00000000067559f0, 4, 0;
    %pushi/vec4 0, 0, 256;
    %load/vec4 v00000000067565d0_0;
    %muli 16, 0, 32;
    %part/s 16;
    %pushi/vec4 112, 0, 32;
    %load/vec4 v00000000067565d0_0;
    %add;
    %ix/vec4/s 4;
    %store/vec4a v00000000067559f0, 4, 0;
    %pushi/vec4 0, 0, 256;
    %load/vec4 v00000000067565d0_0;
    %muli 16, 0, 32;
    %part/s 16;
    %pushi/vec4 128, 0, 32;
    %load/vec4 v00000000067565d0_0;
    %add;
    %ix/vec4/s 4;
    %store/vec4a v00000000067559f0, 4, 0;
    %pushi/vec4 0, 0, 256;
    %load/vec4 v00000000067565d0_0;
    %muli 16, 0, 32;
    %part/s 16;
    %pushi/vec4 144, 0, 32;
    %load/vec4 v00000000067565d0_0;
    %add;
    %ix/vec4/s 4;
    %store/vec4a v00000000067559f0, 4, 0;
    %pushi/vec4 0, 0, 256;
    %load/vec4 v00000000067565d0_0;
    %muli 16, 0, 32;
    %part/s 16;
    %pushi/vec4 160, 0, 32;
    %load/vec4 v00000000067565d0_0;
    %add;
    %ix/vec4/s 4;
    %store/vec4a v00000000067559f0, 4, 0;
    %pushi/vec4 0, 0, 256;
    %load/vec4 v00000000067565d0_0;
    %muli 16, 0, 32;
    %part/s 16;
    %pushi/vec4 176, 0, 32;
    %load/vec4 v00000000067565d0_0;
    %add;
    %ix/vec4/s 4;
    %store/vec4a v00000000067559f0, 4, 0;
    %pushi/vec4 0, 0, 256;
    %load/vec4 v00000000067565d0_0;
    %muli 16, 0, 32;
    %part/s 16;
    %pushi/vec4 192, 0, 32;
    %load/vec4 v00000000067565d0_0;
    %add;
    %ix/vec4/s 4;
    %store/vec4a v00000000067559f0, 4, 0;
    %pushi/vec4 0, 0, 256;
    %load/vec4 v00000000067565d0_0;
    %muli 16, 0, 32;
    %part/s 16;
    %pushi/vec4 208, 0, 32;
    %load/vec4 v00000000067565d0_0;
    %add;
    %ix/vec4/s 4;
    %store/vec4a v00000000067559f0, 4, 0;
    %pushi/vec4 0, 0, 256;
    %load/vec4 v00000000067565d0_0;
    %muli 16, 0, 32;
    %part/s 16;
    %pushi/vec4 224, 0, 32;
    %load/vec4 v00000000067565d0_0;
    %add;
    %ix/vec4/s 4;
    %store/vec4a v00000000067559f0, 4, 0;
    %pushi/vec4 0, 0, 256;
    %load/vec4 v00000000067565d0_0;
    %muli 16, 0, 32;
    %part/s 16;
    %pushi/vec4 240, 0, 32;
    %load/vec4 v00000000067565d0_0;
    %add;
    %ix/vec4/s 4;
    %store/vec4a v00000000067559f0, 4, 0;
T_94.2 ; for-loop step statement
    %load/vec4 v00000000067565d0_0;
    %addi 1, 0, 32;
    %store/vec4 v00000000067565d0_0, 0, 32;
    %jmp T_94.0;
T_94.1 ; for-loop exit label
    %end;
    .thread T_94;
    .scope S_0000000006751ae0;
T_95 ;
    %wait E_00000000066b2240;
    %load/vec4 v0000000006755b30_0;
    %flag_set/vec4 9;
    %flag_get/vec4 9;
    %jmp/0 T_95.2, 9;
    %load/vec4 v0000000006755270_0;
    %and;
T_95.2;
    %flag_set/vec4 8;
    %jmp/0xz  T_95.0, 8;
    %load/vec4 v0000000006755590_0;
    %parti/s 1, 0, 2;
    %nor/r;
    %flag_set/vec4 8;
    %jmp/0xz  T_95.3, 8;
    %load/vec4 v0000000006757250_0;
    %parti/s 1, 0, 2;
    %load/vec4 v00000000067571b0_0;
    %parti/s 8, 0, 2;
    %pad/u 10;
    %ix/vec4 3;
    %ix/load 4, 0, 0; Constant delay
    %assign/vec4/a/d v00000000067559f0, 0, 4;
T_95.3 ;
    %load/vec4 v0000000006755590_0;
    %parti/s 1, 1, 2;
    %nor/r;
    %flag_set/vec4 8;
    %jmp/0xz  T_95.5, 8;
    %load/vec4 v0000000006757250_0;
    %parti/s 1, 1, 2;
    %load/vec4 v00000000067571b0_0;
    %parti/s 8, 0, 2;
    %pad/u 10;
    %ix/vec4 3;
    %ix/load 4, 1, 0; part off
    %ix/load 5, 0, 0; Constant delay
    %assign/vec4/a/d v00000000067559f0, 4, 5;
T_95.5 ;
    %load/vec4 v0000000006755590_0;
    %parti/s 1, 2, 3;
    %nor/r;
    %flag_set/vec4 8;
    %jmp/0xz  T_95.7, 8;
    %load/vec4 v0000000006757250_0;
    %parti/s 1, 2, 3;
    %load/vec4 v00000000067571b0_0;
    %parti/s 8, 0, 2;
    %pad/u 10;
    %ix/vec4 3;
    %ix/load 4, 2, 0; part off
    %ix/load 5, 0, 0; Constant delay
    %assign/vec4/a/d v00000000067559f0, 4, 5;
T_95.7 ;
    %load/vec4 v0000000006755590_0;
    %parti/s 1, 3, 3;
    %nor/r;
    %flag_set/vec4 8;
    %jmp/0xz  T_95.9, 8;
    %load/vec4 v0000000006757250_0;
    %parti/s 1, 3, 3;
    %load/vec4 v00000000067571b0_0;
    %parti/s 8, 0, 2;
    %pad/u 10;
    %ix/vec4 3;
    %ix/load 4, 3, 0; part off
    %ix/load 5, 0, 0; Constant delay
    %assign/vec4/a/d v00000000067559f0, 4, 5;
T_95.9 ;
    %load/vec4 v0000000006755590_0;
    %parti/s 1, 4, 4;
    %nor/r;
    %flag_set/vec4 8;
    %jmp/0xz  T_95.11, 8;
    %load/vec4 v0000000006757250_0;
    %parti/s 1, 4, 4;
    %load/vec4 v00000000067571b0_0;
    %parti/s 8, 0, 2;
    %pad/u 10;
    %ix/vec4 3;
    %ix/load 4, 4, 0; part off
    %ix/load 5, 0, 0; Constant delay
    %assign/vec4/a/d v00000000067559f0, 4, 5;
T_95.11 ;
    %load/vec4 v0000000006755590_0;
    %parti/s 1, 5, 4;
    %nor/r;
    %flag_set/vec4 8;
    %jmp/0xz  T_95.13, 8;
    %load/vec4 v0000000006757250_0;
    %parti/s 1, 5, 4;
    %load/vec4 v00000000067571b0_0;
    %parti/s 8, 0, 2;
    %pad/u 10;
    %ix/vec4 3;
    %ix/load 4, 5, 0; part off
    %ix/load 5, 0, 0; Constant delay
    %assign/vec4/a/d v00000000067559f0, 4, 5;
T_95.13 ;
    %load/vec4 v0000000006755590_0;
    %parti/s 1, 6, 4;
    %nor/r;
    %flag_set/vec4 8;
    %jmp/0xz  T_95.15, 8;
    %load/vec4 v0000000006757250_0;
    %parti/s 1, 6, 4;
    %load/vec4 v00000000067571b0_0;
    %parti/s 8, 0, 2;
    %pad/u 10;
    %ix/vec4 3;
    %ix/load 4, 6, 0; part off
    %ix/load 5, 0, 0; Constant delay
    %assign/vec4/a/d v00000000067559f0, 4, 5;
T_95.15 ;
    %load/vec4 v0000000006755590_0;
    %parti/s 1, 7, 4;
    %nor/r;
    %flag_set/vec4 8;
    %jmp/0xz  T_95.17, 8;
    %load/vec4 v0000000006757250_0;
    %parti/s 1, 7, 4;
    %load/vec4 v00000000067571b0_0;
    %parti/s 8, 0, 2;
    %pad/u 10;
    %ix/vec4 3;
    %ix/load 4, 7, 0; part off
    %ix/load 5, 0, 0; Constant delay
    %assign/vec4/a/d v00000000067559f0, 4, 5;
T_95.17 ;
    %load/vec4 v0000000006755590_0;
    %parti/s 1, 8, 5;
    %nor/r;
    %flag_set/vec4 8;
    %jmp/0xz  T_95.19, 8;
    %load/vec4 v0000000006757250_0;
    %parti/s 1, 8, 5;
    %load/vec4 v00000000067571b0_0;
    %parti/s 8, 0, 2;
    %pad/u 10;
    %ix/vec4 3;
    %ix/load 4, 8, 0; part off
    %ix/load 5, 0, 0; Constant delay
    %assign/vec4/a/d v00000000067559f0, 4, 5;
T_95.19 ;
    %load/vec4 v0000000006755590_0;
    %parti/s 1, 9, 5;
    %nor/r;
    %flag_set/vec4 8;
    %jmp/0xz  T_95.21, 8;
    %load/vec4 v0000000006757250_0;
    %parti/s 1, 9, 5;
    %load/vec4 v00000000067571b0_0;
    %parti/s 8, 0, 2;
    %pad/u 10;
    %ix/vec4 3;
    %ix/load 4, 9, 0; part off
    %ix/load 5, 0, 0; Constant delay
    %assign/vec4/a/d v00000000067559f0, 4, 5;
T_95.21 ;
    %load/vec4 v0000000006755590_0;
    %parti/s 1, 10, 5;
    %nor/r;
    %flag_set/vec4 8;
    %jmp/0xz  T_95.23, 8;
    %load/vec4 v0000000006757250_0;
    %parti/s 1, 10, 5;
    %load/vec4 v00000000067571b0_0;
    %parti/s 8, 0, 2;
    %pad/u 10;
    %ix/vec4 3;
    %ix/load 4, 10, 0; part off
    %ix/load 5, 0, 0; Constant delay
    %assign/vec4/a/d v00000000067559f0, 4, 5;
T_95.23 ;
    %load/vec4 v0000000006755590_0;
    %parti/s 1, 11, 5;
    %nor/r;
    %flag_set/vec4 8;
    %jmp/0xz  T_95.25, 8;
    %load/vec4 v0000000006757250_0;
    %parti/s 1, 11, 5;
    %load/vec4 v00000000067571b0_0;
    %parti/s 8, 0, 2;
    %pad/u 10;
    %ix/vec4 3;
    %ix/load 4, 11, 0; part off
    %ix/load 5, 0, 0; Constant delay
    %assign/vec4/a/d v00000000067559f0, 4, 5;
T_95.25 ;
    %load/vec4 v0000000006755590_0;
    %parti/s 1, 12, 5;
    %nor/r;
    %flag_set/vec4 8;
    %jmp/0xz  T_95.27, 8;
    %load/vec4 v0000000006757250_0;
    %parti/s 1, 12, 5;
    %load/vec4 v00000000067571b0_0;
    %parti/s 8, 0, 2;
    %pad/u 10;
    %ix/vec4 3;
    %ix/load 4, 12, 0; part off
    %ix/load 5, 0, 0; Constant delay
    %assign/vec4/a/d v00000000067559f0, 4, 5;
T_95.27 ;
    %load/vec4 v0000000006755590_0;
    %parti/s 1, 13, 5;
    %nor/r;
    %flag_set/vec4 8;
    %jmp/0xz  T_95.29, 8;
    %load/vec4 v0000000006757250_0;
    %parti/s 1, 13, 5;
    %load/vec4 v00000000067571b0_0;
    %parti/s 8, 0, 2;
    %pad/u 10;
    %ix/vec4 3;
    %ix/load 4, 13, 0; part off
    %ix/load 5, 0, 0; Constant delay
    %assign/vec4/a/d v00000000067559f0, 4, 5;
T_95.29 ;
    %load/vec4 v0000000006755590_0;
    %parti/s 1, 14, 5;
    %nor/r;
    %flag_set/vec4 8;
    %jmp/0xz  T_95.31, 8;
    %load/vec4 v0000000006757250_0;
    %parti/s 1, 14, 5;
    %load/vec4 v00000000067571b0_0;
    %parti/s 8, 0, 2;
    %pad/u 10;
    %ix/vec4 3;
    %ix/load 4, 14, 0; part off
    %ix/load 5, 0, 0; Constant delay
    %assign/vec4/a/d v00000000067559f0, 4, 5;
T_95.31 ;
    %load/vec4 v0000000006755590_0;
    %parti/s 1, 15, 5;
    %nor/r;
    %flag_set/vec4 8;
    %jmp/0xz  T_95.33, 8;
    %load/vec4 v0000000006757250_0;
    %parti/s 1, 15, 5;
    %load/vec4 v00000000067571b0_0;
    %parti/s 8, 0, 2;
    %pad/u 10;
    %ix/vec4 3;
    %ix/load 4, 15, 0; part off
    %ix/load 5, 0, 0; Constant delay
    %assign/vec4/a/d v00000000067559f0, 4, 5;
T_95.33 ;
T_95.0 ;
    %jmp T_95;
    .thread T_95;
    .scope S_0000000006751ae0;
T_96 ;
    %wait E_00000000066b2840;
    %load/vec4 v0000000006754f50_0;
    %flag_set/vec4 9;
    %flag_get/vec4 9;
    %jmp/0 T_96.2, 9;
    %load/vec4 v0000000006754eb0_0;
    %and;
T_96.2;
    %flag_set/vec4 8;
    %jmp/0xz  T_96.0, 8;
    %load/vec4 v00000000067551d0_0;
    %parti/s 8, 0, 2;
    %pad/u 10;
    %ix/vec4 4;
    %load/vec4a v00000000067559f0, 4;
    %load/vec4 v0000000006756df0_0;
    %inv;
    %and;
    %assign/vec4 v0000000006755810_0, 0;
T_96.0 ;
    %jmp T_96;
    .thread T_96;
    .scope S_00000000066db550;
T_97 ;
    %wait E_00000000066b3740;
    %pushi/vec4 0, 0, 32;
    %store/vec4 v00000000067586f0_0, 0, 32;
T_97.0 ; Top of for-loop 
    %load/vec4 v00000000067586f0_0;
    %cmpi/s 16383, 0, 32;
    %flag_or 5, 4;
    %jmp/0xz T_97.1, 5;
    %pushi/vec4 65535, 65535, 16;
    %ix/getv/s 4, v00000000067586f0_0;
    %store/vec4a v0000000006758790, 4, 0;
T_97.2 ; for-loop step statement
    %load/vec4 v00000000067586f0_0;
    %addi 1, 0, 32;
    %store/vec4 v00000000067586f0_0, 0, 32;
    %jmp T_97.0;
T_97.1 ; for-loop exit label
    %jmp T_97;
    .thread T_97;
    .scope S_00000000066db550;
T_98 ;
    %wait E_00000000066b3c00;
    %load/vec4 v00000000067588d0_0;
    %flag_set/vec4 8;
    %jmp/0xz  T_98.0, 8;
    %pushi/vec4 0, 0, 16;
    %assign/vec4 v0000000006758b50_0, 0;
    %jmp T_98.1;
T_98.0 ;
    %load/vec4 v0000000006758bf0_0;
    %flag_set/vec4 8;
    %jmp/0xz  T_98.2, 8;
    %pushi/vec4 65535, 65535, 16;
    %assign/vec4 v0000000006758b50_0, 0;
    %jmp T_98.3;
T_98.2 ;
    %load/vec4 v0000000006759910_0;
    %flag_set/vec4 8;
    %jmp/0xz  T_98.4, 8;
    %load/vec4 v0000000006758290_0;
    %nor/r;
    %flag_set/vec4 8;
    %jmp/0xz  T_98.6, 8;
    %load/vec4 v0000000006759690_0;
    %pad/u 16;
    %ix/vec4 4;
    %load/vec4a v0000000006758790, 4;
    %assign/vec4 v0000000006758b50_0, 0;
    %jmp T_98.7;
T_98.6 ;
    %load/vec4 v0000000006757d90_0;
    %parti/s 1, 0, 2;
    %flag_set/vec4 8;
    %jmp/0xz  T_98.8, 8;
    %load/vec4 v0000000006757c50_0;
    %parti/s 4, 0, 2;
    %load/vec4 v0000000006759690_0;
    %pad/u 16;
    %ix/vec4 3;
    %ix/load 4, 0, 0; Constant delay
    %assign/vec4/a/d v0000000006758790, 0, 4;
T_98.8 ;
    %load/vec4 v0000000006757d90_0;
    %parti/s 1, 1, 2;
    %flag_set/vec4 8;
    %jmp/0xz  T_98.10, 8;
    %load/vec4 v0000000006757c50_0;
    %parti/s 4, 4, 4;
    %load/vec4 v0000000006759690_0;
    %pad/u 16;
    %ix/vec4 3;
    %ix/load 4, 4, 0; part off
    %ix/load 5, 0, 0; Constant delay
    %assign/vec4/a/d v0000000006758790, 4, 5;
T_98.10 ;
    %load/vec4 v0000000006757d90_0;
    %parti/s 1, 2, 3;
    %flag_set/vec4 8;
    %jmp/0xz  T_98.12, 8;
    %load/vec4 v0000000006757c50_0;
    %parti/s 4, 8, 5;
    %load/vec4 v0000000006759690_0;
    %pad/u 16;
    %ix/vec4 3;
    %ix/load 4, 8, 0; part off
    %ix/load 5, 0, 0; Constant delay
    %assign/vec4/a/d v0000000006758790, 4, 5;
T_98.12 ;
    %load/vec4 v0000000006757d90_0;
    %parti/s 1, 3, 3;
    %flag_set/vec4 8;
    %jmp/0xz  T_98.14, 8;
    %load/vec4 v0000000006757c50_0;
    %parti/s 4, 12, 5;
    %load/vec4 v0000000006759690_0;
    %pad/u 16;
    %ix/vec4 3;
    %ix/load 4, 12, 0; part off
    %ix/load 5, 0, 0; Constant delay
    %assign/vec4/a/d v0000000006758790, 4, 5;
T_98.14 ;
    %pushi/vec4 65535, 65535, 16;
    %assign/vec4 v0000000006758b50_0, 0;
T_98.7 ;
T_98.4 ;
T_98.3 ;
T_98.1 ;
    %jmp T_98;
    .thread T_98;
    .scope S_0000000006750e60;
T_99 ;
    %wait E_00000000066b40c0;
    %load/vec4 v000000000675c070_0;
    %cmpi/e 1, 0, 1;
    %jmp/0xz  T_99.0, 4;
    %pushi/vec4 0, 0, 9;
    %assign/vec4 v000000000675ba30_0, 0;
    %jmp T_99.1;
T_99.0 ;
    %load/vec4 v000000000675ab30_0;
    %flag_set/vec4 8;
    %jmp/0xz  T_99.2, 8;
    %load/vec4 v000000000675ba30_0;
    %cmpi/e 383, 0, 9;
    %jmp/0xz  T_99.4, 4;
    %pushi/vec4 0, 0, 9;
    %assign/vec4 v000000000675ba30_0, 0;
    %jmp T_99.5;
T_99.4 ;
    %load/vec4 v000000000675ba30_0;
    %addi 1, 0, 9;
    %assign/vec4 v000000000675ba30_0, 0;
T_99.5 ;
T_99.2 ;
T_99.1 ;
    %jmp T_99;
    .thread T_99;
    .scope S_0000000006750e60;
T_100 ;
    %wait E_00000000066b40c0;
    %load/vec4 v000000000675c070_0;
    %cmpi/e 1, 0, 1;
    %jmp/0xz  T_100.0, 4;
    %pushi/vec4 0, 0, 16;
    %assign/vec4 v000000000675a9f0_0, 0;
    %pushi/vec4 0, 0, 16;
    %assign/vec4 v000000000675bd50_0, 0;
    %pushi/vec4 0, 0, 1;
    %assign/vec4 v000000000675b490_0, 0;
    %jmp T_100.1;
T_100.0 ;
    %load/vec4 v000000000675ab30_0;
    %flag_set/vec4 8;
    %jmp/0xz  T_100.2, 8;
    %load/vec4 v000000000675ba30_0;
    %parti/s 1, 0, 2;
    %cmpi/e 0, 0, 1;
    %jmp/0xz  T_100.4, 4;
    %load/vec4 v000000000675c110_0;
    %parti/s 16, 0, 2;
    %assign/vec4 v000000000675a9f0_0, 0;
    %load/vec4 v000000000675c110_0;
    %parti/s 16, 16, 6;
    %assign/vec4 v000000000675bd50_0, 0;
    %pushi/vec4 1, 0, 1;
    %assign/vec4 v000000000675b490_0, 0;
    %jmp T_100.5;
T_100.4 ;
    %load/vec4 v000000000675bd50_0;
    %assign/vec4 v000000000675a9f0_0, 0;
    %pushi/vec4 0, 0, 1;
    %assign/vec4 v000000000675b490_0, 0;
T_100.5 ;
    %jmp T_100.3;
T_100.2 ;
    %pushi/vec4 0, 0, 1;
    %assign/vec4 v000000000675b490_0, 0;
T_100.3 ;
T_100.1 ;
    %jmp T_100;
    .thread T_100;
    .scope S_0000000006750e60;
T_101 ;
    %wait E_00000000066b4080;
    %load/vec4 v000000000675ba30_0;
    %cmpi/e 0, 0, 9;
    %jmp/0xz  T_101.0, 4;
    %pushi/vec4 23, 0, 8;
    %store/vec4 v000000000675a810_0, 0, 8;
    %jmp T_101.1;
T_101.0 ;
    %load/vec4 v000000000675ba30_0;
    %parti/s 1, 0, 2;
    %cmpi/e 1, 0, 1;
    %jmp/0xz  T_101.2, 4;
    %pushi/vec4 39, 0, 8;
    %store/vec4 v000000000675a810_0, 0, 8;
    %jmp T_101.3;
T_101.2 ;
    %pushi/vec4 71, 0, 8;
    %store/vec4 v000000000675a810_0, 0, 8;
T_101.3 ;
T_101.1 ;
    %jmp T_101;
    .thread T_101, $push;
    .scope S_0000000006750e60;
T_102 ;
    %wait E_00000000066b40c0;
    %load/vec4 v000000000675c070_0;
    %cmpi/e 1, 0, 1;
    %jmp/0xz  T_102.0, 4;
    %pushi/vec4 0, 0, 8;
    %assign/vec4 v000000000675a950_0, 0;
    %jmp T_102.1;
T_102.0 ;
    %load/vec4 v000000000675ab30_0;
    %flag_set/vec4 8;
    %jmp/0xz  T_102.2, 8;
    %load/vec4 v000000000675a810_0;
    %assign/vec4 v000000000675a950_0, 0;
T_102.2 ;
T_102.1 ;
    %jmp T_102;
    .thread T_102;
    .scope S_0000000006750e60;
T_103 ;
    %wait E_00000000066b40c0;
    %load/vec4 v000000000675c070_0;
    %cmpi/e 1, 0, 1;
    %jmp/0xz  T_103.0, 4;
    %pushi/vec4 0, 0, 6;
    %assign/vec4 v000000000675a630_0, 0;
    %jmp T_103.1;
T_103.0 ;
    %load/vec4 v000000000675bc10_0;
    %flag_set/vec4 8;
    %jmp/0xz  T_103.2, 8;
    %load/vec4 v000000000675b2b0_0;
    %cmpi/u 8, 0, 6;
    %jmp/0xz  T_103.4, 5;
    %pushi/vec4 0, 0, 6;
    %assign/vec4 v000000000675a630_0, 0;
    %jmp T_103.5;
T_103.4 ;
    %load/vec4 v000000000675b2b0_0;
    %cmpi/u 62, 0, 6;
    %jmp/0xz  T_103.6, 5;
    %load/vec4 v000000000675b2b0_0;
    %parti/s 1, 0, 2;
    %pad/u 32;
    %cmpi/e 0, 0, 32;
    %flag_get/vec4 4;
    %jmp/0 T_103.10, 4;
    %load/vec4 v000000000675aa90_0;
    %load/vec4 v000000000675b2b0_0;
    %pad/u 32;
    %pushi/vec4 2, 0, 32;
    %div;
    %part/u 1;
    %pushi/vec4 1, 0, 1;
    %cmp/e;
    %flag_get/vec4 4;
    %and;
T_103.10;
    %flag_set/vec4 8;
    %jmp/0xz  T_103.8, 8;
    %load/vec4 v000000000675a630_0;
    %addi 1, 0, 6;
    %assign/vec4 v000000000675a630_0, 0;
T_103.8 ;
T_103.6 ;
T_103.5 ;
T_103.2 ;
T_103.1 ;
    %jmp T_103;
    .thread T_103;
    .scope S_0000000006750e60;
T_104 ;
    %wait E_00000000066b40c0;
    %load/vec4 v000000000675c070_0;
    %cmpi/e 1, 0, 1;
    %jmp/0xz  T_104.0, 4;
    %pushi/vec4 0, 0, 6;
    %assign/vec4 v000000000675b2b0_0, 0;
    %pushi/vec4 1, 0, 1;
    %assign/vec4 v000000000675ab30_0, 0;
    %jmp T_104.1;
T_104.0 ;
    %load/vec4 v000000000675bc10_0;
    %flag_set/vec4 8;
    %jmp/0xz  T_104.2, 8;
    %load/vec4 v000000000675b2b0_0;
    %cmpi/e 63, 0, 6;
    %jmp/0xz  T_104.4, 4;
    %pushi/vec4 0, 0, 6;
    %assign/vec4 v000000000675b2b0_0, 0;
    %pushi/vec4 1, 0, 1;
    %assign/vec4 v000000000675ab30_0, 0;
    %jmp T_104.5;
T_104.4 ;
    %load/vec4 v000000000675b2b0_0;
    %addi 1, 0, 6;
    %assign/vec4 v000000000675b2b0_0, 0;
    %pushi/vec4 0, 0, 1;
    %assign/vec4 v000000000675ab30_0, 0;
T_104.5 ;
    %jmp T_104.3;
T_104.2 ;
    %pushi/vec4 0, 0, 1;
    %assign/vec4 v000000000675ab30_0, 0;
T_104.3 ;
T_104.1 ;
    %jmp T_104;
    .thread T_104;
    .scope S_0000000006750e60;
T_105 ;
    %wait E_00000000066b40c0;
    %load/vec4 v000000000675c070_0;
    %cmpi/e 1, 0, 1;
    %jmp/0xz  T_105.0, 4;
    %pushi/vec4 0, 0, 1;
    %assign/vec4 v0000000006759af0_0, 0;
    %jmp T_105.1;
T_105.0 ;
    %load/vec4 v000000000675bc10_0;
    %flag_set/vec4 8;
    %jmp/0xz  T_105.2, 8;
    %load/vec4 v0000000006759af0_0;
    %inv;
    %assign/vec4 v0000000006759af0_0, 0;
T_105.2 ;
T_105.1 ;
    %jmp T_105;
    .thread T_105;
    .scope S_0000000006750e60;
T_106 ;
    %wait E_00000000066b3f80;
    %load/vec4 v0000000006759e10_0;
    %store/vec4 v0000000006759ff0_0, 0, 1;
    %load/vec4 v000000000675bc10_0;
    %flag_set/vec4 8;
    %jmp/0xz  T_106.0, 8;
    %load/vec4 v000000000675b2b0_0;
    %cmpi/u 8, 0, 6;
    %jmp/0xz  T_106.2, 5;
    %load/vec4 v000000000675a950_0;
    %load/vec4 v000000000675b2b0_0;
    %parti/s 3, 0, 2;
    %part/u 1;
    %store/vec4 v0000000006759ff0_0, 0, 1;
    %jmp T_106.3;
T_106.2 ;
    %load/vec4 v000000000675b2b0_0;
    %cmpi/u 62, 0, 6;
    %jmp/0xz  T_106.4, 5;
    %load/vec4 v000000000675aa90_0;
    %load/vec4 v000000000675b2b0_0;
    %pad/u 32;
    %pushi/vec4 2, 0, 32;
    %div;
    %part/u 1;
    %cmpi/e 0, 0, 1;
    %jmp/0xz  T_106.6, 4;
    %load/vec4 v0000000006759af0_0;
    %cmpi/e 0, 0, 1;
    %jmp/0xz  T_106.8, 4;
    %load/vec4 v0000000006759e10_0;
    %inv;
    %store/vec4 v0000000006759ff0_0, 0, 1;
    %jmp T_106.9;
T_106.8 ;
    %load/vec4 v0000000006759e10_0;
    %store/vec4 v0000000006759ff0_0, 0, 1;
T_106.9 ;
    %jmp T_106.7;
T_106.6 ;
    %load/vec4 v0000000006759e10_0;
    %inv;
    %store/vec4 v0000000006759ff0_0, 0, 1;
T_106.7 ;
    %jmp T_106.5;
T_106.4 ;
    %load/vec4 v000000000675a630_0;
    %parti/s 1, 0, 2;
    %cmpi/e 0, 0, 1;
    %jmp/0xz  T_106.10, 4;
    %load/vec4 v0000000006759af0_0;
    %cmpi/e 0, 0, 1;
    %jmp/0xz  T_106.12, 4;
    %load/vec4 v0000000006759e10_0;
    %inv;
    %store/vec4 v0000000006759ff0_0, 0, 1;
    %jmp T_106.13;
T_106.12 ;
    %load/vec4 v0000000006759e10_0;
    %store/vec4 v0000000006759ff0_0, 0, 1;
T_106.13 ;
    %jmp T_106.11;
T_106.10 ;
    %load/vec4 v0000000006759e10_0;
    %inv;
    %store/vec4 v0000000006759ff0_0, 0, 1;
T_106.11 ;
T_106.5 ;
T_106.3 ;
T_106.0 ;
    %jmp T_106;
    .thread T_106, $push;
    .scope S_0000000006750e60;
T_107 ;
    %wait E_00000000066b40c0;
    %load/vec4 v000000000675c070_0;
    %cmpi/e 1, 0, 1;
    %jmp/0xz  T_107.0, 4;
    %pushi/vec4 0, 0, 1;
    %assign/vec4 v0000000006759e10_0, 0;
    %jmp T_107.1;
T_107.0 ;
    %load/vec4 v0000000006759ff0_0;
    %assign/vec4 v0000000006759e10_0, 0;
T_107.1 ;
    %jmp T_107;
    .thread T_107;
    .scope S_0000000006752120;
T_108 ;
    %pushi/vec4 0, 0, 192;
    %store/vec4 v000000000675b350_0, 0, 192;
    %pushi/vec4 0, 0, 192;
    %store/vec4 v000000000675ad10_0, 0, 192;
    %pushi/vec4 0, 0, 1;
    %store/vec4 v000000000675b3f0_0, 0, 1;
    %pushi/vec4 0, 0, 8;
    %store/vec4 v000000000675a1d0_0, 0, 8;
    %pushi/vec4 0, 0, 6;
    %store/vec4 v000000000675ae50_0, 0, 6;
    %pushi/vec4 0, 0, 1;
    %store/vec4 v000000000675ac70_0, 0, 1;
    %pushi/vec4 0, 0, 10;
    %store/vec4 v000000000675a8b0_0, 0, 10;
    %pushi/vec4 0, 0, 1;
    %store/vec4 v000000000675c250_0, 0, 1;
    %pushi/vec4 0, 0, 1;
    %store/vec4 v000000000675a130_0, 0, 1;
    %end;
    .thread T_108;
    .scope S_0000000006752120;
T_109 ;
    %wait E_00000000066b3440;
    %load/vec4 v000000000675b030_0;
    %ix/load 4, 24, 0;
    %flag_set/imm 4, 0;
    %store/vec4 v000000000675b350_0, 4, 4;
    %load/vec4 v000000000675b030_0;
    %ix/load 4, 24, 0;
    %flag_set/imm 4, 0;
    %store/vec4 v000000000675ad10_0, 4, 4;
    %jmp T_109;
    .thread T_109, $push;
    .scope S_0000000006752120;
T_110 ;
    %wait E_00000000066b40c0;
    %load/vec4 v000000000675bb70_0;
    %flag_set/vec4 8;
    %jmp/0xz  T_110.0, 8;
    %pushi/vec4 0, 0, 1;
    %assign/vec4 v000000000675b3f0_0, 0;
    %jmp T_110.1;
T_110.0 ;
    %load/vec4 v000000000675b3f0_0;
    %inv;
    %assign/vec4 v000000000675b3f0_0, 0;
T_110.1 ;
    %jmp T_110;
    .thread T_110;
    .scope S_0000000006752120;
T_111 ;
    %wait E_00000000066b3840;
    %load/vec4 v000000000675b210_0;
    %load/vec4 v000000000675b8f0_0;
    %pushi/vec4 0, 0, 1;
    %load/vec4 v000000000675a270_0;
    %store/vec4 v000000000675a6d0_0, 0, 1;
    %store/vec4 v000000000675a770_0, 0, 1;
    %store/vec4 v000000000675a450_0, 0, 1;
    %store/vec4 v0000000006759b90_0, 0, 32;
    %callf/vec4 TD_spdif_core_tb.uut2.make_subframe, S_00000000067514a0;
    %store/vec4 v000000000675b5d0_0, 0, 28;
    %load/vec4 v000000000675a4f0_0;
    %load/vec4 v000000000675b8f0_0;
    %pushi/vec4 0, 0, 1;
    %load/vec4 v000000000675b7b0_0;
    %store/vec4 v000000000675a6d0_0, 0, 1;
    %store/vec4 v000000000675a770_0, 0, 1;
    %store/vec4 v000000000675a450_0, 0, 1;
    %store/vec4 v0000000006759b90_0, 0, 32;
    %callf/vec4 TD_spdif_core_tb.uut2.make_subframe, S_00000000067514a0;
    %store/vec4 v000000000675b670_0, 0, 28;
    %jmp T_111;
    .thread T_111, $push;
    .scope S_0000000006752120;
T_112 ;
    %wait E_00000000066b41c0;
    %load/vec4 v000000000675bb70_0;
    %flag_set/vec4 8;
    %jmp/0xz  T_112.0, 8;
    %pushi/vec4 0, 0, 6;
    %assign/vec4 v000000000675ae50_0, 0;
    %pushi/vec4 0, 0, 1;
    %assign/vec4 v000000000675ac70_0, 0;
    %pushi/vec4 0, 0, 10;
    %assign/vec4 v000000000675a8b0_0, 0;
    %jmp T_112.1;
T_112.0 ;
    %load/vec4 v000000000675ae50_0;
    %pad/u 32;
    %cmpi/e 31, 0, 32;
    %jmp/0xz  T_112.2, 4;
    %pushi/vec4 0, 0, 6;
    %assign/vec4 v000000000675ae50_0, 0;
    %load/vec4 v000000000675ac70_0;
    %inv;
    %assign/vec4 v000000000675ac70_0, 0;
    %load/vec4 v000000000675ac70_0;
    %flag_set/vec4 8;
    %jmp/0xz  T_112.4, 8;
    %load/vec4 v000000000675a8b0_0;
    %pad/u 32;
    %cmpi/e 191, 0, 32;
    %flag_mov 8, 4;
    %jmp/0 T_112.6, 8;
    %pushi/vec4 0, 0, 10;
    %jmp/1 T_112.7, 8;
T_112.6 ; End of true expr.
    %load/vec4 v000000000675a8b0_0;
    %addi 1, 0, 10;
    %jmp/0 T_112.7, 8;
 ; End of false expr.
    %blend;
T_112.7;
    %assign/vec4 v000000000675a8b0_0, 0;
T_112.4 ;
    %jmp T_112.3;
T_112.2 ;
    %load/vec4 v000000000675ae50_0;
    %addi 1, 0, 6;
    %assign/vec4 v000000000675ae50_0, 0;
T_112.3 ;
T_112.1 ;
    %jmp T_112;
    .thread T_112;
    .scope S_0000000006752120;
T_113 ;
    %wait E_00000000066b40c0;
    %load/vec4 v000000000675bb70_0;
    %flag_set/vec4 8;
    %jmp/0xz  T_113.0, 8;
    %pushi/vec4 0, 0, 1;
    %assign/vec4 v000000000675c250_0, 0;
    %pushi/vec4 0, 0, 1;
    %assign/vec4 v000000000675a130_0, 0;
    %pushi/vec4 0, 0, 28;
    %assign/vec4 v000000000675b0d0_0, 0;
    %pushi/vec4 0, 0, 4;
    %assign/vec4 v000000000675aef0_0, 0;
    %jmp T_113.1;
T_113.0 ;
    %load/vec4 v000000000675ae50_0;
    %pad/u 32;
    %cmpi/e 0, 0, 32;
    %jmp/0xz  T_113.2, 4;
    %load/vec4 v000000000675ac70_0;
    %pad/u 32;
    %cmpi/e 0, 0, 32;
    %jmp/0xz  T_113.4, 4;
    %load/vec4 v000000000675b5d0_0;
    %assign/vec4 v000000000675b0d0_0, 0;
    %load/vec4 v000000000675a8b0_0;
    %pad/u 32;
    %cmpi/e 0, 0, 32;
    %jmp/0xz  T_113.6, 4;
    %pushi/vec4 1, 0, 4;
    %assign/vec4 v000000000675aef0_0, 0;
    %jmp T_113.7;
T_113.6 ;
    %pushi/vec4 2, 0, 4;
    %assign/vec4 v000000000675aef0_0, 0;
T_113.7 ;
    %jmp T_113.5;
T_113.4 ;
    %load/vec4 v000000000675b670_0;
    %assign/vec4 v000000000675b0d0_0, 0;
    %pushi/vec4 3, 0, 4;
    %assign/vec4 v000000000675aef0_0, 0;
T_113.5 ;
T_113.2 ;
    %load/vec4 v000000000675ae50_0;
    %pad/u 32;
    %cmpi/u 4, 0, 32;
    %jmp/0xz  T_113.8, 5;
    %load/vec4 v000000000675aef0_0;
    %dup/vec4;
    %pushi/vec4 1, 0, 4;
    %cmp/u;
    %jmp/1 T_113.10, 6;
    %dup/vec4;
    %pushi/vec4 2, 0, 4;
    %cmp/u;
    %jmp/1 T_113.11, 6;
    %dup/vec4;
    %pushi/vec4 3, 0, 4;
    %cmp/u;
    %jmp/1 T_113.12, 6;
    %pushi/vec4 1, 0, 1;
    %assign/vec4 v000000000675c250_0, 0;
    %jmp T_113.14;
T_113.10 ;
    %load/vec4 v000000000675ae50_0;
    %store/vec4 v0000000006759eb0_0, 0, 6;
    %callf/vec4 TD_spdif_core_tb.uut2.preamble_b, S_0000000006750cd0;
    %assign/vec4 v000000000675c250_0, 0;
    %jmp T_113.14;
T_113.11 ;
    %load/vec4 v000000000675ae50_0;
    %store/vec4 v000000000675be90_0, 0, 6;
    %callf/vec4 TD_spdif_core_tb.uut2.preamble_m, S_0000000006751c70;
    %assign/vec4 v000000000675c250_0, 0;
    %jmp T_113.14;
T_113.12 ;
    %load/vec4 v000000000675ae50_0;
    %store/vec4 v000000000675a090_0, 0, 6;
    %callf/vec4 TD_spdif_core_tb.uut2.preamble_w, S_0000000006751630;
    %assign/vec4 v000000000675c250_0, 0;
    %jmp T_113.14;
T_113.14 ;
    %pop/vec4 1;
    %jmp T_113.9;
T_113.8 ;
    %load/vec4 v000000000675a130_0;
    %pad/u 32;
    %cmpi/e 0, 0, 32;
    %jmp/0xz  T_113.15, 4;
    %load/vec4 v000000000675c250_0;
    %inv;
    %assign/vec4 v000000000675c250_0, 0;
    %pushi/vec4 1, 0, 1;
    %assign/vec4 v000000000675a130_0, 0;
    %jmp T_113.16;
T_113.15 ;
    %load/vec4 v000000000675b0d0_0;
    %parti/s 1, 27, 6;
    %flag_set/vec4 8;
    %jmp/0xz  T_113.17, 8;
    %load/vec4 v000000000675c250_0;
    %inv;
    %assign/vec4 v000000000675c250_0, 0;
    %jmp T_113.18;
T_113.17 ;
    %load/vec4 v000000000675c250_0;
    %assign/vec4 v000000000675c250_0, 0;
T_113.18 ;
    %pushi/vec4 0, 0, 1;
    %assign/vec4 v000000000675a130_0, 0;
    %load/vec4 v000000000675b0d0_0;
    %parti/s 27, 0, 2;
    %concati/vec4 0, 0, 1;
    %assign/vec4 v000000000675b0d0_0, 0;
T_113.16 ;
T_113.9 ;
T_113.1 ;
    %jmp T_113;
    .thread T_113;
    .scope S_0000000006752120;
T_114 ;
    %wait E_00000000066b3c40;
    %load/vec4 v000000000675c250_0;
    %assign/vec4 v000000000675b170_0, 0;
    %jmp T_114;
    .thread T_114;
    .scope S_00000000066db3c0;
T_115 ;
    %pushi/vec4 0, 0, 3;
    %store/vec4 v000000000675c570_0, 0, 3;
    %pushi/vec4 0, 0, 32;
    %store/vec4 v000000000675c6b0_0, 0, 32;
    %pushi/vec4 0, 0, 32;
    %store/vec4 v000000000675c930_0, 0, 32;
    %end;
    .thread T_115;
    .scope S_00000000066db3c0;
T_116 ;
    %wait E_00000000066b3540;
    %load/vec4 v000000000675c430_0;
    %flag_set/vec4 8;
    %jmp/0xz  T_116.0, 8;
    %pushi/vec4 0, 0, 3;
    %assign/vec4 v000000000675c570_0, 0;
    %jmp T_116.1;
T_116.0 ;
    %load/vec4 v000000000675c570_0;
    %parti/s 2, 0, 2;
    %load/vec4 v000000000675c4d0_0;
    %concat/vec4; draw_concat_vec4
    %assign/vec4 v000000000675c570_0, 0;
T_116.1 ;
    %jmp T_116;
    .thread T_116;
    .scope S_00000000066db3c0;
T_117 ;
    %pushi/vec4 1, 0, 1;
    %store/vec4 v000000000675c7f0_0, 0, 1;
    %end;
    .thread T_117;
    .scope S_00000000066db3c0;
T_118 ;
    %delay 20000, 0;
    %load/vec4 v000000000675c7f0_0;
    %inv;
    %store/vec4 v000000000675c7f0_0, 0, 1;
    %jmp T_118;
    .thread T_118;
    .scope S_00000000066db3c0;
T_119 ;
    %pushi/vec4 0, 0, 1;
    %store/vec4 v000000000675c390_0, 0, 1;
T_119.0 ;
    %delay 40000, 0;
    %pushi/vec4 1, 0, 1;
    %store/vec4 v000000000675c390_0, 0, 1;
    %delay 40000, 0;
    %pushi/vec4 0, 0, 1;
    %store/vec4 v000000000675c390_0, 0, 1;
    %jmp T_119.0;
T_119.1 ;
    %end;
    .thread T_119;
    .scope S_00000000066db3c0;
T_120 ;
    %pushi/vec4 1, 0, 1;
    %store/vec4 v000000000675c430_0, 0, 1;
    %pushi/vec4 0, 0, 32;
    %store/vec4 v000000000675c890_0, 0, 32;
    %delay 100000, 0;
    %pushi/vec4 0, 0, 1;
    %store/vec4 v000000000675c430_0, 0, 1;
    %end;
    .thread T_120;
    .scope S_00000000066db3c0;
T_121 ;
    %wait E_00000000066b3540;
    %load/vec4 v000000000675c430_0;
    %nor/r;
    %flag_set/vec4 9;
    %flag_get/vec4 9;
    %jmp/0 T_121.2, 9;
    %load/vec4 v000000000675c9d0_0;
    %and;
T_121.2;
    %flag_set/vec4 8;
    %jmp/0xz  T_121.0, 8;
    %load/vec4 v000000000675c6b0_0;
    %addi 4369, 0, 32;
    %assign/vec4 v000000000675c6b0_0, 0;
    %load/vec4 v000000000675c930_0;
    %addi 8738, 0, 32;
    %assign/vec4 v000000000675c930_0, 0;
    %load/vec4 v000000000675c930_0;
    %parti/s 16, 0, 2;
    %load/vec4 v000000000675c6b0_0;
    %parti/s 16, 0, 2;
    %concat/vec4; draw_concat_vec4
    %assign/vec4 v000000000675c890_0, 0;
T_121.0 ;
    %jmp T_121;
    .thread T_121;
    .scope S_00000000066db3c0;
T_122 ;
    %vpi_call 3 84 "$display", "Time\011spdif_o\011sample_req" {0 0 0};
    %vpi_call 3 85 "$monitor", "%0t\011%b\011%b", $time, v000000000675c2f0_0, v000000000675c9d0_0 {0 0 0};
    %end;
    .thread T_122;
    .scope S_00000000066db3c0;
T_123 ;
    %vpi_call 3 90 "$dumpfile", "spdif_core_tb.vcd" {0 0 0};
    %vpi_call 3 91 "$dumpvars", 32'sb00000000000000000000000000000000, S_00000000066db3c0 {0 0 0};
    %end;
    .thread T_123;
    .scope S_00000000066db3c0;
T_124 ;
    %delay 200000000, 0;
    %vpi_call 3 97 "$finish" {0 0 0};
    %end;
    .thread T_124;
# The file index is used to find the file name in the following table.
:file_names 6;
    "N/A";
    "<interactive>";
    "C:\Users\niekt\.apio\packages\tools-oss-cad-suite\share\yosys/ice40/cells_sim.v";
    "spdif_core_tb.v";
    "spdif_core.v";
    "spdif_transmit.v";
