#! 
:ivl_version "13.0 (devel)" "(s20221226-321-gd22bb3d25)";
:ivl_delay_selection "TYPICAL";
:vpi_time_precision - 12;
:vpi_module "C:\Users\niekt\APIO~1\packages\TOOLS-~3\lib\ivl\system.vpi";
:vpi_module "C:\Users\niekt\APIO~1\packages\TOOLS-~3\lib\ivl\vhdl_sys.vpi";
:vpi_module "C:\Users\niekt\APIO~1\packages\TOOLS-~3\lib\ivl\vhdl_textio.vpi";
:vpi_module "C:\Users\niekt\APIO~1\packages\TOOLS-~3\lib\ivl\v2005_math.vpi";
:vpi_module "C:\Users\niekt\APIO~1\packages\TOOLS-~3\lib\ivl\va_math.vpi";
S_000000000640e070 .scope module, "ICESTORM_LC" "ICESTORM_LC" 2 2136;
 .timescale -12 -12;
    .port_info 0 /INPUT 1 "I0";
    .port_info 1 /INPUT 1 "I1";
    .port_info 2 /INPUT 1 "I2";
    .port_info 3 /INPUT 1 "I3";
    .port_info 4 /INPUT 1 "CIN";
    .port_info 5 /INPUT 1 "CLK";
    .port_info 6 /INPUT 1 "CEN";
    .port_info 7 /INPUT 1 "SR";
    .port_info 8 /OUTPUT 1 "LO";
    .port_info 9 /OUTPUT 1 "O";
    .port_info 10 /OUTPUT 1 "COUT";
P_0000000006409c10 .param/l "ASYNC_SR" 0 2 2148, C4<0>;
P_0000000006409c48 .param/l "CARRY_ENABLE" 0 2 2145, C4<0>;
P_0000000006409c80 .param/l "CIN_CONST" 0 2 2150, C4<0>;
P_0000000006409cb8 .param/l "CIN_SET" 0 2 2151, C4<0>;
P_0000000006409cf0 .param/l "DFF_ENABLE" 0 2 2146, C4<0>;
P_0000000006409d28 .param/l "LUT_INIT" 0 2 2142, C4<0000000000000000>;
P_0000000006409d60 .param/l "NEG_CLK" 0 2 2144, C4<0>;
P_0000000006409d98 .param/l "SET_NORESET" 0 2 2147, C4<0>;
o00000000065f00e8 .functor BUFZ 1, C4<z>; HiZ drive
L_0000000006581f10 .functor BUFZ 1, o00000000065f00e8, C4<0>, C4<0>, C4<0>;
L_0000000006582450 .functor BUFZ 1, L_0000000006660d90, C4<0>, C4<0>, C4<0>;
o00000000065f0118 .functor BUFZ 1, C4<z>; HiZ drive
L_0000000006662b30 .functor BUFT 1, C4<0>, C4<0>, C4<0>, C4<0>;
L_0000000006581dc0 .functor XOR 1, o00000000065f0118, L_0000000006662b30, C4<0>, C4<0>;
L_0000000006581f80 .functor BUFZ 1, L_0000000006660d90, C4<0>, C4<0>, C4<0>;
o00000000065f0088 .functor BUFZ 1, C4<z>; HiZ drive
v00000000065854c0_0 .net "CEN", 0 0, o00000000065f0088;  0 drivers
v0000000006586140_0 .net "CEN_pu", 0 0, L_000000000665fb70;  1 drivers
v0000000006585600_0 .net "CIN", 0 0, o00000000065f00e8;  0 drivers
v00000000065857e0_0 .net "CLK", 0 0, o00000000065f0118;  0 drivers
L_0000000006662a58 .functor BUFT 1, C4<x>, C4<0>, C4<0>, C4<0>;
v00000000065856a0_0 .net "COUT", 0 0, L_0000000006662a58;  1 drivers
o00000000065f0178 .functor BUFZ 1, C4<z>; HiZ drive
v0000000006586280_0 .net "I0", 0 0, o00000000065f0178;  0 drivers
v0000000006586320_0 .net "I0_pd", 0 0, L_000000000665da50;  1 drivers
o00000000065f01d8 .functor BUFZ 1, C4<z>; HiZ drive
v0000000006586460_0 .net "I1", 0 0, o00000000065f01d8;  0 drivers
v0000000006586500_0 .net "I1_pd", 0 0, L_00000000066601b0;  1 drivers
o00000000065f0238 .functor BUFZ 1, C4<z>; HiZ drive
v00000000065865a0_0 .net "I2", 0 0, o00000000065f0238;  0 drivers
v00000000065868c0_0 .net "I2_pd", 0 0, L_0000000006660930;  1 drivers
o00000000065f0298 .functor BUFZ 1, C4<z>; HiZ drive
v0000000006586aa0_0 .net "I3", 0 0, o00000000065f0298;  0 drivers
v0000000006586be0_0 .net "I3_pd", 0 0, L_000000000665fa30;  1 drivers
v000000000657e8b0_0 .net "LO", 0 0, L_0000000006582450;  1 drivers
v000000000657f490_0 .net "O", 0 0, L_0000000006581f80;  1 drivers
o00000000065f0358 .functor BUFZ 1, C4<z>; HiZ drive
v000000000657eef0_0 .net "SR", 0 0, o00000000065f0358;  0 drivers
v000000000657f5d0_0 .net "SR_pd", 0 0, L_000000000665fad0;  1 drivers
o00000000065f03b8 .functor BUFZ 1, C4<z>; HiZ drive
; Elide local net with no drivers, v0000000006580430_0 name=_ivl_0
v000000000657f670_0 .net *"_ivl_10", 0 0, L_000000000665daf0;  1 drivers
L_00000000066628f0 .functor BUFT 1, C4<0>, C4<0>, C4<0>, C4<0>;
v000000000657f990_0 .net/2u *"_ivl_12", 0 0, L_00000000066628f0;  1 drivers
o00000000065f0448 .functor BUFZ 1, C4<z>; HiZ drive
; Elide local net with no drivers, v000000000657fd50_0 name=_ivl_16
v000000000654e130_0 .net *"_ivl_18", 0 0, L_0000000006661010;  1 drivers
v000000000654cc90_0 .net *"_ivl_2", 0 0, L_000000000665d9b0;  1 drivers
L_0000000006662938 .functor BUFT 1, C4<0>, C4<0>, C4<0>, C4<0>;
v000000000654deb0_0 .net/2u *"_ivl_20", 0 0, L_0000000006662938;  1 drivers
o00000000065f0508 .functor BUFZ 1, C4<z>; HiZ drive
; Elide local net with no drivers, v000000000654df50_0 name=_ivl_24
v000000000654c6f0_0 .net *"_ivl_26", 0 0, L_0000000006660890;  1 drivers
L_0000000006662980 .functor BUFT 1, C4<0>, C4<0>, C4<0>, C4<0>;
v0000000006526d70_0 .net/2u *"_ivl_28", 0 0, L_0000000006662980;  1 drivers
o00000000065f0598 .functor BUFZ 1, C4<z>; HiZ drive
; Elide local net with no drivers, v0000000006526e10_0 name=_ivl_32
v000000000656c350_0 .net *"_ivl_34", 0 0, L_000000000665f990;  1 drivers
L_00000000066629c8 .functor BUFT 1, C4<0>, C4<0>, C4<0>, C4<0>;
v0000000006630ce0_0 .net/2u *"_ivl_36", 0 0, L_00000000066629c8;  1 drivers
L_00000000066628a8 .functor BUFT 1, C4<0>, C4<0>, C4<0>, C4<0>;
v00000000066307e0_0 .net/2u *"_ivl_4", 0 0, L_00000000066628a8;  1 drivers
o00000000065f0658 .functor BUFZ 1, C4<z>; HiZ drive
; Elide local net with no drivers, v0000000006631be0_0 name=_ivl_40
v0000000006631e60_0 .net *"_ivl_42", 0 0, L_0000000006661dd0;  1 drivers
L_0000000006662a10 .functor BUFT 1, C4<1>, C4<0>, C4<0>, C4<0>;
v0000000006631780_0 .net/2u *"_ivl_44", 0 0, L_0000000006662a10;  1 drivers
L_0000000006662aa0 .functor BUFT 1, C4<00000000>, C4<0>, C4<0>, C4<0>;
v0000000006631f00_0 .net/2u *"_ivl_52", 7 0, L_0000000006662aa0;  1 drivers
L_0000000006662ae8 .functor BUFT 1, C4<00000000>, C4<0>, C4<0>, C4<0>;
v0000000006630e20_0 .net/2u *"_ivl_54", 7 0, L_0000000006662ae8;  1 drivers
v0000000006631460_0 .net *"_ivl_59", 3 0, L_0000000006661ab0;  1 drivers
v0000000006630d80_0 .net *"_ivl_61", 3 0, L_0000000006661830;  1 drivers
v00000000066315a0_0 .net *"_ivl_65", 1 0, L_0000000006660f70;  1 drivers
v00000000066301a0_0 .net *"_ivl_67", 1 0, L_000000000665ffd0;  1 drivers
v00000000066309c0_0 .net *"_ivl_71", 0 0, L_0000000006660570;  1 drivers
v0000000006630920_0 .net *"_ivl_73", 0 0, L_0000000006661d30;  1 drivers
v0000000006630240_0 .net/2u *"_ivl_78", 0 0, L_0000000006662b30;  1 drivers
o00000000065f0898 .functor BUFZ 1, C4<z>; HiZ drive
; Elide local net with no drivers, v0000000006630a60_0 name=_ivl_8
v00000000066313c0_0 .net "lut_o", 0 0, L_0000000006660d90;  1 drivers
v0000000006630560_0 .net "lut_s1", 1 0, L_0000000006660cf0;  1 drivers
v0000000006630b00_0 .net "lut_s2", 3 0, L_00000000066604d0;  1 drivers
v0000000006630ba0_0 .net "lut_s3", 7 0, L_0000000006660a70;  1 drivers
v0000000006630740_0 .net "mux_cin", 0 0, L_0000000006581f10;  1 drivers
v0000000006631280_0 .var "o_reg", 0 0;
v00000000066316e0_0 .var "o_reg_async", 0 0;
v00000000066302e0_0 .net "polarized_clk", 0 0, L_0000000006581dc0;  1 drivers
E_00000000065b10d0 .event posedge, v000000000657f5d0_0, v00000000066302e0_0;
E_00000000065b0a90 .event posedge, v00000000066302e0_0;
L_000000000665d9b0 .cmp/eeq 1, o00000000065f0178, o00000000065f03b8;
L_000000000665da50 .functor MUXZ 1, o00000000065f0178, L_00000000066628a8, L_000000000665d9b0, C4<>;
L_000000000665daf0 .cmp/eeq 1, o00000000065f01d8, o00000000065f0898;
L_00000000066601b0 .functor MUXZ 1, o00000000065f01d8, L_00000000066628f0, L_000000000665daf0, C4<>;
L_0000000006661010 .cmp/eeq 1, o00000000065f0238, o00000000065f0448;
L_0000000006660930 .functor MUXZ 1, o00000000065f0238, L_0000000006662938, L_0000000006661010, C4<>;
L_0000000006660890 .cmp/eeq 1, o00000000065f0298, o00000000065f0508;
L_000000000665fa30 .functor MUXZ 1, o00000000065f0298, L_0000000006662980, L_0000000006660890, C4<>;
L_000000000665f990 .cmp/eeq 1, o00000000065f0358, o00000000065f0598;
L_000000000665fad0 .functor MUXZ 1, o00000000065f0358, L_00000000066629c8, L_000000000665f990, C4<>;
L_0000000006661dd0 .cmp/eeq 1, o00000000065f0088, o00000000065f0658;
L_000000000665fb70 .functor MUXZ 1, o00000000065f0088, L_0000000006662a10, L_0000000006661dd0, C4<>;
L_0000000006660a70 .functor MUXZ 8, L_0000000006662ae8, L_0000000006662aa0, L_000000000665fa30, C4<>;
L_0000000006661ab0 .part L_0000000006660a70, 4, 4;
L_0000000006661830 .part L_0000000006660a70, 0, 4;
L_00000000066604d0 .functor MUXZ 4, L_0000000006661830, L_0000000006661ab0, L_0000000006660930, C4<>;
L_0000000006660f70 .part L_00000000066604d0, 2, 2;
L_000000000665ffd0 .part L_00000000066604d0, 0, 2;
L_0000000006660cf0 .functor MUXZ 2, L_000000000665ffd0, L_0000000006660f70, L_00000000066601b0, C4<>;
L_0000000006660570 .part L_0000000006660cf0, 1, 1;
L_0000000006661d30 .part L_0000000006660cf0, 0, 1;
L_0000000006660d90 .functor MUXZ 1, L_0000000006661d30, L_0000000006660570, L_000000000665da50, C4<>;
S_00000000065d12c0 .scope module, "ICESTORM_RAM" "ICESTORM_RAM" 2 3167;
 .timescale -12 -12;
    .port_info 0 /OUTPUT 1 "RDATA_15";
    .port_info 1 /OUTPUT 1 "RDATA_14";
    .port_info 2 /OUTPUT 1 "RDATA_13";
    .port_info 3 /OUTPUT 1 "RDATA_12";
    .port_info 4 /OUTPUT 1 "RDATA_11";
    .port_info 5 /OUTPUT 1 "RDATA_10";
    .port_info 6 /OUTPUT 1 "RDATA_9";
    .port_info 7 /OUTPUT 1 "RDATA_8";
    .port_info 8 /OUTPUT 1 "RDATA_7";
    .port_info 9 /OUTPUT 1 "RDATA_6";
    .port_info 10 /OUTPUT 1 "RDATA_5";
    .port_info 11 /OUTPUT 1 "RDATA_4";
    .port_info 12 /OUTPUT 1 "RDATA_3";
    .port_info 13 /OUTPUT 1 "RDATA_2";
    .port_info 14 /OUTPUT 1 "RDATA_1";
    .port_info 15 /OUTPUT 1 "RDATA_0";
    .port_info 16 /INPUT 1 "RCLK";
    .port_info 17 /INPUT 1 "RCLKE";
    .port_info 18 /INPUT 1 "RE";
    .port_info 19 /INPUT 1 "RADDR_10";
    .port_info 20 /INPUT 1 "RADDR_9";
    .port_info 21 /INPUT 1 "RADDR_8";
    .port_info 22 /INPUT 1 "RADDR_7";
    .port_info 23 /INPUT 1 "RADDR_6";
    .port_info 24 /INPUT 1 "RADDR_5";
    .port_info 25 /INPUT 1 "RADDR_4";
    .port_info 26 /INPUT 1 "RADDR_3";
    .port_info 27 /INPUT 1 "RADDR_2";
    .port_info 28 /INPUT 1 "RADDR_1";
    .port_info 29 /INPUT 1 "RADDR_0";
    .port_info 30 /INPUT 1 "WCLK";
    .port_info 31 /INPUT 1 "WCLKE";
    .port_info 32 /INPUT 1 "WE";
    .port_info 33 /INPUT 1 "WADDR_10";
    .port_info 34 /INPUT 1 "WADDR_9";
    .port_info 35 /INPUT 1 "WADDR_8";
    .port_info 36 /INPUT 1 "WADDR_7";
    .port_info 37 /INPUT 1 "WADDR_6";
    .port_info 38 /INPUT 1 "WADDR_5";
    .port_info 39 /INPUT 1 "WADDR_4";
    .port_info 40 /INPUT 1 "WADDR_3";
    .port_info 41 /INPUT 1 "WADDR_2";
    .port_info 42 /INPUT 1 "WADDR_1";
    .port_info 43 /INPUT 1 "WADDR_0";
    .port_info 44 /INPUT 1 "MASK_15";
    .port_info 45 /INPUT 1 "MASK_14";
    .port_info 46 /INPUT 1 "MASK_13";
    .port_info 47 /INPUT 1 "MASK_12";
    .port_info 48 /INPUT 1 "MASK_11";
    .port_info 49 /INPUT 1 "MASK_10";
    .port_info 50 /INPUT 1 "MASK_9";
    .port_info 51 /INPUT 1 "MASK_8";
    .port_info 52 /INPUT 1 "MASK_7";
    .port_info 53 /INPUT 1 "MASK_6";
    .port_info 54 /INPUT 1 "MASK_5";
    .port_info 55 /INPUT 1 "MASK_4";
    .port_info 56 /INPUT 1 "MASK_3";
    .port_info 57 /INPUT 1 "MASK_2";
    .port_info 58 /INPUT 1 "MASK_1";
    .port_info 59 /INPUT 1 "MASK_0";
    .port_info 60 /INPUT 1 "WDATA_15";
    .port_info 61 /INPUT 1 "WDATA_14";
    .port_info 62 /INPUT 1 "WDATA_13";
    .port_info 63 /INPUT 1 "WDATA_12";
    .port_info 64 /INPUT 1 "WDATA_11";
    .port_info 65 /INPUT 1 "WDATA_10";
    .port_info 66 /INPUT 1 "WDATA_9";
    .port_info 67 /INPUT 1 "WDATA_8";
    .port_info 68 /INPUT 1 "WDATA_7";
    .port_info 69 /INPUT 1 "WDATA_6";
    .port_info 70 /INPUT 1 "WDATA_5";
    .port_info 71 /INPUT 1 "WDATA_4";
    .port_info 72 /INPUT 1 "WDATA_3";
    .port_info 73 /INPUT 1 "WDATA_2";
    .port_info 74 /INPUT 1 "WDATA_1";
    .port_info 75 /INPUT 1 "WDATA_0";
P_0000000006348ca0 .param/l "INIT_0" 0 2 3182, C4<0000000000000000000000000000000000000000000000000000000000000000000000000000000000000000000000000000000000000000000000000000000000000000000000000000000000000000000000000000000000000000000000000000000000000000000000000000000000000000000000000000000000000000>;
P_0000000006348cd8 .param/l "INIT_1" 0 2 3183, C4<0000000000000000000000000000000000000000000000000000000000000000000000000000000000000000000000000000000000000000000000000000000000000000000000000000000000000000000000000000000000000000000000000000000000000000000000000000000000000000000000000000000000000000>;
P_0000000006348d10 .param/l "INIT_2" 0 2 3184, C4<0000000000000000000000000000000000000000000000000000000000000000000000000000000000000000000000000000000000000000000000000000000000000000000000000000000000000000000000000000000000000000000000000000000000000000000000000000000000000000000000000000000000000000>;
P_0000000006348d48 .param/l "INIT_3" 0 2 3185, C4<0000000000000000000000000000000000000000000000000000000000000000000000000000000000000000000000000000000000000000000000000000000000000000000000000000000000000000000000000000000000000000000000000000000000000000000000000000000000000000000000000000000000000000>;
P_0000000006348d80 .param/l "INIT_4" 0 2 3186, C4<0000000000000000000000000000000000000000000000000000000000000000000000000000000000000000000000000000000000000000000000000000000000000000000000000000000000000000000000000000000000000000000000000000000000000000000000000000000000000000000000000000000000000000>;
P_0000000006348db8 .param/l "INIT_5" 0 2 3187, C4<0000000000000000000000000000000000000000000000000000000000000000000000000000000000000000000000000000000000000000000000000000000000000000000000000000000000000000000000000000000000000000000000000000000000000000000000000000000000000000000000000000000000000000>;
P_0000000006348df0 .param/l "INIT_6" 0 2 3188, C4<0000000000000000000000000000000000000000000000000000000000000000000000000000000000000000000000000000000000000000000000000000000000000000000000000000000000000000000000000000000000000000000000000000000000000000000000000000000000000000000000000000000000000000>;
P_0000000006348e28 .param/l "INIT_7" 0 2 3189, C4<0000000000000000000000000000000000000000000000000000000000000000000000000000000000000000000000000000000000000000000000000000000000000000000000000000000000000000000000000000000000000000000000000000000000000000000000000000000000000000000000000000000000000000>;
P_0000000006348e60 .param/l "INIT_8" 0 2 3190, C4<0000000000000000000000000000000000000000000000000000000000000000000000000000000000000000000000000000000000000000000000000000000000000000000000000000000000000000000000000000000000000000000000000000000000000000000000000000000000000000000000000000000000000000>;
P_0000000006348e98 .param/l "INIT_9" 0 2 3191, C4<0000000000000000000000000000000000000000000000000000000000000000000000000000000000000000000000000000000000000000000000000000000000000000000000000000000000000000000000000000000000000000000000000000000000000000000000000000000000000000000000000000000000000000>;
P_0000000006348ed0 .param/l "INIT_A" 0 2 3192, C4<0000000000000000000000000000000000000000000000000000000000000000000000000000000000000000000000000000000000000000000000000000000000000000000000000000000000000000000000000000000000000000000000000000000000000000000000000000000000000000000000000000000000000000>;
P_0000000006348f08 .param/l "INIT_B" 0 2 3193, C4<0000000000000000000000000000000000000000000000000000000000000000000000000000000000000000000000000000000000000000000000000000000000000000000000000000000000000000000000000000000000000000000000000000000000000000000000000000000000000000000000000000000000000000>;
P_0000000006348f40 .param/l "INIT_C" 0 2 3194, C4<0000000000000000000000000000000000000000000000000000000000000000000000000000000000000000000000000000000000000000000000000000000000000000000000000000000000000000000000000000000000000000000000000000000000000000000000000000000000000000000000000000000000000000>;
P_0000000006348f78 .param/l "INIT_D" 0 2 3195, C4<0000000000000000000000000000000000000000000000000000000000000000000000000000000000000000000000000000000000000000000000000000000000000000000000000000000000000000000000000000000000000000000000000000000000000000000000000000000000000000000000000000000000000000>;
P_0000000006348fb0 .param/l "INIT_E" 0 2 3196, C4<0000000000000000000000000000000000000000000000000000000000000000000000000000000000000000000000000000000000000000000000000000000000000000000000000000000000000000000000000000000000000000000000000000000000000000000000000000000000000000000000000000000000000000>;
P_0000000006348fe8 .param/l "INIT_F" 0 2 3197, C4<0000000000000000000000000000000000000000000000000000000000000000000000000000000000000000000000000000000000000000000000000000000000000000000000000000000000000000000000000000000000000000000000000000000000000000000000000000000000000000000000000000000000000000>;
P_0000000006349020 .param/l "NEG_CLK_R" 0 2 3179, C4<0>;
P_0000000006349058 .param/l "NEG_CLK_W" 0 2 3180, C4<0>;
P_0000000006349090 .param/l "READ_MODE" 0 2 3177, +C4<00000000000000000000000000000000>;
P_00000000063490c8 .param/l "WRITE_MODE" 0 2 3176, +C4<00000000000000000000000000000000>;
L_0000000006662bc0 .functor BUFT 1, C4<0>, C4<0>, C4<0>, C4<0>;
L_0000000006582760 .functor XOR 1, L_0000000006661a10, L_0000000006662bc0, C4<0>, C4<0>;
L_0000000006662c08 .functor BUFT 1, C4<0>, C4<0>, C4<0>, C4<0>;
L_0000000006582680 .functor XOR 1, L_0000000006661f10, L_0000000006662c08, C4<0>, C4<0>;
o00000000065f1228 .functor BUFZ 1, C4<z>; HiZ drive
v0000000006631fa0_0 .net "MASK_0", 0 0, o00000000065f1228;  0 drivers
o00000000065f1258 .functor BUFZ 1, C4<z>; HiZ drive
v0000000006630380_0 .net "MASK_1", 0 0, o00000000065f1258;  0 drivers
o00000000065f1288 .functor BUFZ 1, C4<z>; HiZ drive
v0000000006630600_0 .net "MASK_10", 0 0, o00000000065f1288;  0 drivers
o00000000065f12b8 .functor BUFZ 1, C4<z>; HiZ drive
v0000000006630420_0 .net "MASK_11", 0 0, o00000000065f12b8;  0 drivers
o00000000065f12e8 .functor BUFZ 1, C4<z>; HiZ drive
v00000000066304c0_0 .net "MASK_12", 0 0, o00000000065f12e8;  0 drivers
o00000000065f1318 .functor BUFZ 1, C4<z>; HiZ drive
v00000000066306a0_0 .net "MASK_13", 0 0, o00000000065f1318;  0 drivers
o00000000065f1348 .functor BUFZ 1, C4<z>; HiZ drive
v00000000065ec590_0 .net "MASK_14", 0 0, o00000000065f1348;  0 drivers
o00000000065f1378 .functor BUFZ 1, C4<z>; HiZ drive
v00000000065eba50_0 .net "MASK_15", 0 0, o00000000065f1378;  0 drivers
o00000000065f13a8 .functor BUFZ 1, C4<z>; HiZ drive
v00000000065eb2d0_0 .net "MASK_2", 0 0, o00000000065f13a8;  0 drivers
o00000000065f13d8 .functor BUFZ 1, C4<z>; HiZ drive
v00000000065eb410_0 .net "MASK_3", 0 0, o00000000065f13d8;  0 drivers
o00000000065f1408 .functor BUFZ 1, C4<z>; HiZ drive
v00000000065ebe10_0 .net "MASK_4", 0 0, o00000000065f1408;  0 drivers
o00000000065f1438 .functor BUFZ 1, C4<z>; HiZ drive
v00000000065ec770_0 .net "MASK_5", 0 0, o00000000065f1438;  0 drivers
o00000000065f1468 .functor BUFZ 1, C4<z>; HiZ drive
v00000000065eb5f0_0 .net "MASK_6", 0 0, o00000000065f1468;  0 drivers
o00000000065f1498 .functor BUFZ 1, C4<z>; HiZ drive
v00000000065ec450_0 .net "MASK_7", 0 0, o00000000065f1498;  0 drivers
o00000000065f14c8 .functor BUFZ 1, C4<z>; HiZ drive
v00000000065ebcd0_0 .net "MASK_8", 0 0, o00000000065f14c8;  0 drivers
o00000000065f14f8 .functor BUFZ 1, C4<z>; HiZ drive
v00000000065eb910_0 .net "MASK_9", 0 0, o00000000065f14f8;  0 drivers
o00000000065f1528 .functor BUFZ 1, C4<z>; HiZ drive
v00000000065ec130_0 .net "RADDR_0", 0 0, o00000000065f1528;  0 drivers
o00000000065f1558 .functor BUFZ 1, C4<z>; HiZ drive
v00000000065eb370_0 .net "RADDR_1", 0 0, o00000000065f1558;  0 drivers
o00000000065f1588 .functor BUFZ 1, C4<z>; HiZ drive
v00000000065eaa10_0 .net "RADDR_10", 0 0, o00000000065f1588;  0 drivers
o00000000065f15b8 .functor BUFZ 1, C4<z>; HiZ drive
v00000000065ea970_0 .net "RADDR_2", 0 0, o00000000065f15b8;  0 drivers
o00000000065f15e8 .functor BUFZ 1, C4<z>; HiZ drive
v00000000065ebd70_0 .net "RADDR_3", 0 0, o00000000065f15e8;  0 drivers
o00000000065f1618 .functor BUFZ 1, C4<z>; HiZ drive
v00000000065eb4b0_0 .net "RADDR_4", 0 0, o00000000065f1618;  0 drivers
o00000000065f1648 .functor BUFZ 1, C4<z>; HiZ drive
v00000000065eab50_0 .net "RADDR_5", 0 0, o00000000065f1648;  0 drivers
o00000000065f1678 .functor BUFZ 1, C4<z>; HiZ drive
v00000000065eb870_0 .net "RADDR_6", 0 0, o00000000065f1678;  0 drivers
o00000000065f16a8 .functor BUFZ 1, C4<z>; HiZ drive
v00000000065eb550_0 .net "RADDR_7", 0 0, o00000000065f16a8;  0 drivers
o00000000065f16d8 .functor BUFZ 1, C4<z>; HiZ drive
v00000000065eabf0_0 .net "RADDR_8", 0 0, o00000000065f16d8;  0 drivers
o00000000065f1708 .functor BUFZ 1, C4<z>; HiZ drive
v00000000065ebaf0_0 .net "RADDR_9", 0 0, o00000000065f1708;  0 drivers
o00000000065f1738 .functor BUFZ 1, C4<z>; HiZ drive
v00000000065eac90_0 .net "RCLK", 0 0, o00000000065f1738;  0 drivers
o00000000065f1768 .functor BUFZ 1, C4<z>; HiZ drive
v00000000065eb690_0 .net "RCLKE", 0 0, o00000000065f1768;  0 drivers
v00000000065ead30_0 .net "RDATA_0", 0 0, L_000000000665fd50;  1 drivers
v00000000065ebc30_0 .net "RDATA_1", 0 0, L_00000000066607f0;  1 drivers
v00000000065eb0f0_0 .net "RDATA_10", 0 0, L_0000000006660c50;  1 drivers
v00000000065ebeb0_0 .net "RDATA_11", 0 0, L_0000000006661c90;  1 drivers
v00000000065ec090_0 .net "RDATA_12", 0 0, L_0000000006661330;  1 drivers
v00000000065eadd0_0 .net "RDATA_13", 0 0, L_00000000066602f0;  1 drivers
v00000000065ec1d0_0 .net "RDATA_14", 0 0, L_0000000006661bf0;  1 drivers
v00000000065eb9b0_0 .net "RDATA_15", 0 0, L_00000000066618d0;  1 drivers
v00000000065ec270_0 .net "RDATA_2", 0 0, L_000000000665fcb0;  1 drivers
v00000000065ebb90_0 .net "RDATA_3", 0 0, L_000000000665fc10;  1 drivers
v00000000065ebf50_0 .net "RDATA_4", 0 0, L_0000000006660390;  1 drivers
v00000000065eae70_0 .net "RDATA_5", 0 0, L_0000000006660e30;  1 drivers
v00000000065ec310_0 .net "RDATA_6", 0 0, L_00000000066609d0;  1 drivers
v00000000065ec4f0_0 .net "RDATA_7", 0 0, L_0000000006661470;  1 drivers
v00000000065eaf10_0 .net "RDATA_8", 0 0, L_00000000066613d0;  1 drivers
v00000000065eb190_0 .net "RDATA_9", 0 0, L_0000000006660070;  1 drivers
o00000000065f1a98 .functor BUFZ 1, C4<z>; HiZ drive
v00000000065ec3b0_0 .net "RE", 0 0, o00000000065f1a98;  0 drivers
o00000000065f1ac8 .functor BUFZ 1, C4<z>; HiZ drive
v00000000065ebff0_0 .net "WADDR_0", 0 0, o00000000065f1ac8;  0 drivers
o00000000065f1af8 .functor BUFZ 1, C4<z>; HiZ drive
v00000000065ec630_0 .net "WADDR_1", 0 0, o00000000065f1af8;  0 drivers
o00000000065f1b28 .functor BUFZ 1, C4<z>; HiZ drive
v00000000065ec6d0_0 .net "WADDR_10", 0 0, o00000000065f1b28;  0 drivers
o00000000065f1b58 .functor BUFZ 1, C4<z>; HiZ drive
v00000000065eafb0_0 .net "WADDR_2", 0 0, o00000000065f1b58;  0 drivers
o00000000065f1b88 .functor BUFZ 1, C4<z>; HiZ drive
v00000000065ec810_0 .net "WADDR_3", 0 0, o00000000065f1b88;  0 drivers
o00000000065f1bb8 .functor BUFZ 1, C4<z>; HiZ drive
v00000000065eaab0_0 .net "WADDR_4", 0 0, o00000000065f1bb8;  0 drivers
o00000000065f1be8 .functor BUFZ 1, C4<z>; HiZ drive
v00000000065eb730_0 .net "WADDR_5", 0 0, o00000000065f1be8;  0 drivers
o00000000065f1c18 .functor BUFZ 1, C4<z>; HiZ drive
v00000000065eb050_0 .net "WADDR_6", 0 0, o00000000065f1c18;  0 drivers
o00000000065f1c48 .functor BUFZ 1, C4<z>; HiZ drive
v00000000065eb230_0 .net "WADDR_7", 0 0, o00000000065f1c48;  0 drivers
o00000000065f1c78 .functor BUFZ 1, C4<z>; HiZ drive
v00000000065eb7d0_0 .net "WADDR_8", 0 0, o00000000065f1c78;  0 drivers
o00000000065f1ca8 .functor BUFZ 1, C4<z>; HiZ drive
v0000000006634850_0 .net "WADDR_9", 0 0, o00000000065f1ca8;  0 drivers
o00000000065f1cd8 .functor BUFZ 1, C4<z>; HiZ drive
v0000000006634170_0 .net "WCLK", 0 0, o00000000065f1cd8;  0 drivers
o00000000065f1d08 .functor BUFZ 1, C4<z>; HiZ drive
v0000000006634530_0 .net "WCLKE", 0 0, o00000000065f1d08;  0 drivers
o00000000065f1d38 .functor BUFZ 1, C4<z>; HiZ drive
v0000000006633db0_0 .net "WDATA_0", 0 0, o00000000065f1d38;  0 drivers
o00000000065f1d68 .functor BUFZ 1, C4<z>; HiZ drive
v0000000006634210_0 .net "WDATA_1", 0 0, o00000000065f1d68;  0 drivers
o00000000065f1d98 .functor BUFZ 1, C4<z>; HiZ drive
v0000000006635430_0 .net "WDATA_10", 0 0, o00000000065f1d98;  0 drivers
o00000000065f1dc8 .functor BUFZ 1, C4<z>; HiZ drive
v00000000066348f0_0 .net "WDATA_11", 0 0, o00000000065f1dc8;  0 drivers
o00000000065f1df8 .functor BUFZ 1, C4<z>; HiZ drive
v0000000006635070_0 .net "WDATA_12", 0 0, o00000000065f1df8;  0 drivers
o00000000065f1e28 .functor BUFZ 1, C4<z>; HiZ drive
v0000000006633950_0 .net "WDATA_13", 0 0, o00000000065f1e28;  0 drivers
o00000000065f1e58 .functor BUFZ 1, C4<z>; HiZ drive
v0000000006635390_0 .net "WDATA_14", 0 0, o00000000065f1e58;  0 drivers
o00000000065f1e88 .functor BUFZ 1, C4<z>; HiZ drive
v00000000066339f0_0 .net "WDATA_15", 0 0, o00000000065f1e88;  0 drivers
o00000000065f1eb8 .functor BUFZ 1, C4<z>; HiZ drive
v0000000006633ef0_0 .net "WDATA_2", 0 0, o00000000065f1eb8;  0 drivers
o00000000065f1ee8 .functor BUFZ 1, C4<z>; HiZ drive
v00000000066336d0_0 .net "WDATA_3", 0 0, o00000000065f1ee8;  0 drivers
o00000000065f1f18 .functor BUFZ 1, C4<z>; HiZ drive
v0000000006633310_0 .net "WDATA_4", 0 0, o00000000065f1f18;  0 drivers
o00000000065f1f48 .functor BUFZ 1, C4<z>; HiZ drive
v0000000006633a90_0 .net "WDATA_5", 0 0, o00000000065f1f48;  0 drivers
o00000000065f1f78 .functor BUFZ 1, C4<z>; HiZ drive
v0000000006632d70_0 .net "WDATA_6", 0 0, o00000000065f1f78;  0 drivers
o00000000065f1fa8 .functor BUFZ 1, C4<z>; HiZ drive
v0000000006634e90_0 .net "WDATA_7", 0 0, o00000000065f1fa8;  0 drivers
o00000000065f1fd8 .functor BUFZ 1, C4<z>; HiZ drive
v0000000006634350_0 .net "WDATA_8", 0 0, o00000000065f1fd8;  0 drivers
o00000000065f2008 .functor BUFZ 1, C4<z>; HiZ drive
v0000000006634f30_0 .net "WDATA_9", 0 0, o00000000065f2008;  0 drivers
o00000000065f2038 .functor BUFZ 1, C4<z>; HiZ drive
v0000000006633e50_0 .net "WE", 0 0, o00000000065f2038;  0 drivers
v00000000066351b0_0 .net *"_ivl_100", 0 0, L_0000000006662690;  1 drivers
v0000000006632eb0_0 .net *"_ivl_102", 0 0, L_00000000066620f0;  1 drivers
v0000000006634cb0_0 .net *"_ivl_104", 0 0, L_0000000006662190;  1 drivers
v00000000066343f0_0 .net *"_ivl_106", 0 0, L_0000000006662230;  1 drivers
v0000000006634c10_0 .net *"_ivl_108", 0 0, L_00000000066be690;  1 drivers
v0000000006633450_0 .net *"_ivl_110", 0 0, L_00000000066bd830;  1 drivers
v0000000006634fd0_0 .net *"_ivl_112", 0 0, L_00000000066bd8d0;  1 drivers
v0000000006634490_0 .net *"_ivl_114", 0 0, L_00000000066bdf10;  1 drivers
v0000000006633b30_0 .net *"_ivl_116", 0 0, L_00000000066be7d0;  1 drivers
v0000000006633130_0 .net *"_ivl_120", 0 0, L_00000000066be870;  1 drivers
v00000000066347b0_0 .net *"_ivl_122", 0 0, L_00000000066bf130;  1 drivers
v0000000006634990_0 .net *"_ivl_124", 0 0, L_00000000066beb90;  1 drivers
v0000000006633f90_0 .net *"_ivl_126", 0 0, L_00000000066bdb50;  1 drivers
v0000000006633d10_0 .net *"_ivl_128", 0 0, L_00000000066bd970;  1 drivers
v00000000066333b0_0 .net *"_ivl_130", 0 0, L_00000000066beff0;  1 drivers
v0000000006634030_0 .net *"_ivl_132", 0 0, L_00000000066beaf0;  1 drivers
v00000000066331d0_0 .net *"_ivl_134", 0 0, L_00000000066bec30;  1 drivers
v0000000006633c70_0 .net *"_ivl_136", 0 0, L_00000000066be910;  1 drivers
v0000000006632ff0_0 .net *"_ivl_138", 0 0, L_00000000066becd0;  1 drivers
v00000000066354d0_0 .net *"_ivl_140", 0 0, L_00000000066bdbf0;  1 drivers
v0000000006634b70_0 .net *"_ivl_142", 0 0, L_00000000066bf810;  1 drivers
v00000000066340d0_0 .net *"_ivl_144", 0 0, L_00000000066bddd0;  1 drivers
v00000000066342b0_0 .net *"_ivl_146", 0 0, L_00000000066bf270;  1 drivers
v00000000066345d0_0 .net *"_ivl_148", 0 0, L_00000000066be9b0;  1 drivers
v0000000006634670_0 .net *"_ivl_150", 0 0, L_00000000066bf090;  1 drivers
v0000000006634a30_0 .net *"_ivl_18", 0 0, L_0000000006661a10;  1 drivers
v0000000006632e10_0 .net/2u *"_ivl_19", 0 0, L_0000000006662bc0;  1 drivers
v0000000006633590_0 .net *"_ivl_28", 0 0, L_00000000066606b0;  1 drivers
v00000000066334f0_0 .net *"_ivl_30", 0 0, L_0000000006660b10;  1 drivers
v0000000006634710_0 .net *"_ivl_32", 0 0, L_0000000006661e70;  1 drivers
v0000000006634ad0_0 .net *"_ivl_34", 0 0, L_00000000066610b0;  1 drivers
v0000000006634d50_0 .net *"_ivl_36", 0 0, L_0000000006661150;  1 drivers
v0000000006634df0_0 .net *"_ivl_38", 0 0, L_0000000006660bb0;  1 drivers
v0000000006635110_0 .net *"_ivl_40", 0 0, L_000000000665fe90;  1 drivers
v0000000006635250_0 .net *"_ivl_42", 0 0, L_00000000066611f0;  1 drivers
v00000000066352f0_0 .net *"_ivl_44", 0 0, L_000000000665ff30;  1 drivers
v0000000006632f50_0 .net *"_ivl_46", 0 0, L_0000000006661290;  1 drivers
v0000000006633090_0 .net *"_ivl_48", 0 0, L_0000000006660110;  1 drivers
v0000000006633270_0 .net *"_ivl_52", 0 0, L_0000000006661f10;  1 drivers
v0000000006633630_0 .net/2u *"_ivl_53", 0 0, L_0000000006662c08;  1 drivers
v0000000006633770_0 .net *"_ivl_62", 0 0, L_0000000006661790;  1 drivers
v0000000006633810_0 .net *"_ivl_64", 0 0, L_0000000006661510;  1 drivers
v00000000066338b0_0 .net *"_ivl_66", 0 0, L_0000000006662050;  1 drivers
v0000000006633bd0_0 .net *"_ivl_68", 0 0, L_00000000066615b0;  1 drivers
v0000000006635c50_0 .net *"_ivl_70", 0 0, L_0000000006661650;  1 drivers
v0000000006635cf0_0 .net *"_ivl_72", 0 0, L_0000000006660430;  1 drivers
v0000000006635b10_0 .net *"_ivl_74", 0 0, L_0000000006660250;  1 drivers
v00000000066361f0_0 .net *"_ivl_76", 0 0, L_00000000066616f0;  1 drivers
v0000000006635610_0 .net *"_ivl_78", 0 0, L_0000000006661970;  1 drivers
v0000000006636a10_0 .net *"_ivl_80", 0 0, L_0000000006661b50;  1 drivers
v00000000066356b0_0 .net *"_ivl_82", 0 0, L_000000000665f8f0;  1 drivers
v0000000006636790_0 .net *"_ivl_86", 0 0, L_00000000066622d0;  1 drivers
v0000000006636290_0 .net *"_ivl_88", 0 0, L_0000000006662410;  1 drivers
v00000000066366f0_0 .net *"_ivl_90", 0 0, L_0000000006662730;  1 drivers
v0000000006635930_0 .net *"_ivl_92", 0 0, L_0000000006662370;  1 drivers
v0000000006636830_0 .net *"_ivl_94", 0 0, L_00000000066627d0;  1 drivers
v0000000006636330_0 .net *"_ivl_96", 0 0, L_0000000006662550;  1 drivers
v0000000006635d90_0 .net *"_ivl_98", 0 0, L_00000000066624b0;  1 drivers
L_00000000066618d0 .part v0000000006631320_0, 15, 1;
L_0000000006661bf0 .part v0000000006631320_0, 14, 1;
L_00000000066602f0 .part v0000000006631320_0, 13, 1;
L_0000000006661330 .part v0000000006631320_0, 12, 1;
L_0000000006661c90 .part v0000000006631320_0, 11, 1;
L_0000000006660c50 .part v0000000006631320_0, 10, 1;
L_0000000006660070 .part v0000000006631320_0, 9, 1;
L_00000000066613d0 .part v0000000006631320_0, 8, 1;
L_0000000006661470 .part v0000000006631320_0, 7, 1;
L_00000000066609d0 .part v0000000006631320_0, 6, 1;
L_0000000006660e30 .part v0000000006631320_0, 5, 1;
L_0000000006660390 .part v0000000006631320_0, 4, 1;
L_000000000665fc10 .part v0000000006631320_0, 3, 1;
L_000000000665fcb0 .part v0000000006631320_0, 2, 1;
L_00000000066607f0 .part v0000000006631320_0, 1, 1;
L_000000000665fd50 .part v0000000006631320_0, 0, 1;
L_0000000006661a10 .ufunc/vec4 TD_ICESTORM_RAM.pd, 1, o00000000065f1738 (v0000000006631b40_0) S_00000000065dbe00;
L_0000000006660610 .ufunc/vec4 TD_ICESTORM_RAM.pu, 1, o00000000065f1768 (v0000000006631dc0_0) S_00000000065dc760;
L_000000000665fdf0 .ufunc/vec4 TD_ICESTORM_RAM.pd, 1, o00000000065f1a98 (v0000000006631b40_0) S_00000000065dbe00;
L_00000000066606b0 .ufunc/vec4 TD_ICESTORM_RAM.pd, 1, o00000000065f1588 (v0000000006631b40_0) S_00000000065dbe00;
L_0000000006660b10 .ufunc/vec4 TD_ICESTORM_RAM.pd, 1, o00000000065f1708 (v0000000006631b40_0) S_00000000065dbe00;
L_0000000006661e70 .ufunc/vec4 TD_ICESTORM_RAM.pd, 1, o00000000065f16d8 (v0000000006631b40_0) S_00000000065dbe00;
L_00000000066610b0 .ufunc/vec4 TD_ICESTORM_RAM.pd, 1, o00000000065f16a8 (v0000000006631b40_0) S_00000000065dbe00;
L_0000000006661150 .ufunc/vec4 TD_ICESTORM_RAM.pd, 1, o00000000065f1678 (v0000000006631b40_0) S_00000000065dbe00;
L_0000000006660bb0 .ufunc/vec4 TD_ICESTORM_RAM.pd, 1, o00000000065f1648 (v0000000006631b40_0) S_00000000065dbe00;
L_000000000665fe90 .ufunc/vec4 TD_ICESTORM_RAM.pd, 1, o00000000065f1618 (v0000000006631b40_0) S_00000000065dbe00;
L_00000000066611f0 .ufunc/vec4 TD_ICESTORM_RAM.pd, 1, o00000000065f15e8 (v0000000006631b40_0) S_00000000065dbe00;
L_000000000665ff30 .ufunc/vec4 TD_ICESTORM_RAM.pd, 1, o00000000065f15b8 (v0000000006631b40_0) S_00000000065dbe00;
L_0000000006661290 .ufunc/vec4 TD_ICESTORM_RAM.pd, 1, o00000000065f1558 (v0000000006631b40_0) S_00000000065dbe00;
L_0000000006660110 .ufunc/vec4 TD_ICESTORM_RAM.pd, 1, o00000000065f1528 (v0000000006631b40_0) S_00000000065dbe00;
LS_0000000006660750_0_0 .concat [ 1 1 1 1], L_0000000006660110, L_0000000006661290, L_000000000665ff30, L_00000000066611f0;
LS_0000000006660750_0_4 .concat [ 1 1 1 1], L_000000000665fe90, L_0000000006660bb0, L_0000000006661150, L_00000000066610b0;
LS_0000000006660750_0_8 .concat [ 1 1 1 0], L_0000000006661e70, L_0000000006660b10, L_00000000066606b0;
L_0000000006660750 .concat [ 4 4 3 0], LS_0000000006660750_0_0, LS_0000000006660750_0_4, LS_0000000006660750_0_8;
L_0000000006661f10 .ufunc/vec4 TD_ICESTORM_RAM.pd, 1, o00000000065f1cd8 (v0000000006631b40_0) S_00000000065dbe00;
L_0000000006660ed0 .ufunc/vec4 TD_ICESTORM_RAM.pu, 1, o00000000065f1d08 (v0000000006631dc0_0) S_00000000065dc760;
L_0000000006661fb0 .ufunc/vec4 TD_ICESTORM_RAM.pd, 1, o00000000065f2038 (v0000000006631b40_0) S_00000000065dbe00;
L_0000000006661790 .ufunc/vec4 TD_ICESTORM_RAM.pd, 1, o00000000065f1b28 (v0000000006631b40_0) S_00000000065dbe00;
L_0000000006661510 .ufunc/vec4 TD_ICESTORM_RAM.pd, 1, o00000000065f1ca8 (v0000000006631b40_0) S_00000000065dbe00;
L_0000000006662050 .ufunc/vec4 TD_ICESTORM_RAM.pd, 1, o00000000065f1c78 (v0000000006631b40_0) S_00000000065dbe00;
L_00000000066615b0 .ufunc/vec4 TD_ICESTORM_RAM.pd, 1, o00000000065f1c48 (v0000000006631b40_0) S_00000000065dbe00;
L_0000000006661650 .ufunc/vec4 TD_ICESTORM_RAM.pd, 1, o00000000065f1c18 (v0000000006631b40_0) S_00000000065dbe00;
L_0000000006660430 .ufunc/vec4 TD_ICESTORM_RAM.pd, 1, o00000000065f1be8 (v0000000006631b40_0) S_00000000065dbe00;
L_0000000006660250 .ufunc/vec4 TD_ICESTORM_RAM.pd, 1, o00000000065f1bb8 (v0000000006631b40_0) S_00000000065dbe00;
L_00000000066616f0 .ufunc/vec4 TD_ICESTORM_RAM.pd, 1, o00000000065f1b88 (v0000000006631b40_0) S_00000000065dbe00;
L_0000000006661970 .ufunc/vec4 TD_ICESTORM_RAM.pd, 1, o00000000065f1b58 (v0000000006631b40_0) S_00000000065dbe00;
L_0000000006661b50 .ufunc/vec4 TD_ICESTORM_RAM.pd, 1, o00000000065f1af8 (v0000000006631b40_0) S_00000000065dbe00;
L_000000000665f8f0 .ufunc/vec4 TD_ICESTORM_RAM.pd, 1, o00000000065f1ac8 (v0000000006631b40_0) S_00000000065dbe00;
LS_00000000066625f0_0_0 .concat [ 1 1 1 1], L_000000000665f8f0, L_0000000006661b50, L_0000000006661970, L_00000000066616f0;
LS_00000000066625f0_0_4 .concat [ 1 1 1 1], L_0000000006660250, L_0000000006660430, L_0000000006661650, L_00000000066615b0;
LS_00000000066625f0_0_8 .concat [ 1 1 1 0], L_0000000006662050, L_0000000006661510, L_0000000006661790;
L_00000000066625f0 .concat [ 4 4 3 0], LS_00000000066625f0_0_0, LS_00000000066625f0_0_4, LS_00000000066625f0_0_8;
L_00000000066622d0 .ufunc/vec4 TD_ICESTORM_RAM.pd, 1, o00000000065f1378 (v0000000006631b40_0) S_00000000065dbe00;
L_0000000006662410 .ufunc/vec4 TD_ICESTORM_RAM.pd, 1, o00000000065f1348 (v0000000006631b40_0) S_00000000065dbe00;
L_0000000006662730 .ufunc/vec4 TD_ICESTORM_RAM.pd, 1, o00000000065f1318 (v0000000006631b40_0) S_00000000065dbe00;
L_0000000006662370 .ufunc/vec4 TD_ICESTORM_RAM.pd, 1, o00000000065f12e8 (v0000000006631b40_0) S_00000000065dbe00;
L_00000000066627d0 .ufunc/vec4 TD_ICESTORM_RAM.pd, 1, o00000000065f12b8 (v0000000006631b40_0) S_00000000065dbe00;
L_0000000006662550 .ufunc/vec4 TD_ICESTORM_RAM.pd, 1, o00000000065f1288 (v0000000006631b40_0) S_00000000065dbe00;
L_00000000066624b0 .ufunc/vec4 TD_ICESTORM_RAM.pd, 1, o00000000065f14f8 (v0000000006631b40_0) S_00000000065dbe00;
L_0000000006662690 .ufunc/vec4 TD_ICESTORM_RAM.pd, 1, o00000000065f14c8 (v0000000006631b40_0) S_00000000065dbe00;
L_00000000066620f0 .ufunc/vec4 TD_ICESTORM_RAM.pd, 1, o00000000065f1498 (v0000000006631b40_0) S_00000000065dbe00;
L_0000000006662190 .ufunc/vec4 TD_ICESTORM_RAM.pd, 1, o00000000065f1468 (v0000000006631b40_0) S_00000000065dbe00;
L_0000000006662230 .ufunc/vec4 TD_ICESTORM_RAM.pd, 1, o00000000065f1438 (v0000000006631b40_0) S_00000000065dbe00;
L_00000000066be690 .ufunc/vec4 TD_ICESTORM_RAM.pd, 1, o00000000065f1408 (v0000000006631b40_0) S_00000000065dbe00;
L_00000000066bd830 .ufunc/vec4 TD_ICESTORM_RAM.pd, 1, o00000000065f13d8 (v0000000006631b40_0) S_00000000065dbe00;
L_00000000066bd8d0 .ufunc/vec4 TD_ICESTORM_RAM.pd, 1, o00000000065f13a8 (v0000000006631b40_0) S_00000000065dbe00;
L_00000000066bdf10 .ufunc/vec4 TD_ICESTORM_RAM.pd, 1, o00000000065f1258 (v0000000006631b40_0) S_00000000065dbe00;
L_00000000066be7d0 .ufunc/vec4 TD_ICESTORM_RAM.pd, 1, o00000000065f1228 (v0000000006631b40_0) S_00000000065dbe00;
LS_00000000066bf1d0_0_0 .concat [ 1 1 1 1], L_00000000066be7d0, L_00000000066bdf10, L_00000000066bd8d0, L_00000000066bd830;
LS_00000000066bf1d0_0_4 .concat [ 1 1 1 1], L_00000000066be690, L_0000000006662230, L_0000000006662190, L_00000000066620f0;
LS_00000000066bf1d0_0_8 .concat [ 1 1 1 1], L_0000000006662690, L_00000000066624b0, L_0000000006662550, L_00000000066627d0;
LS_00000000066bf1d0_0_12 .concat [ 1 1 1 1], L_0000000006662370, L_0000000006662730, L_0000000006662410, L_00000000066622d0;
L_00000000066bf1d0 .concat [ 4 4 4 4], LS_00000000066bf1d0_0_0, LS_00000000066bf1d0_0_4, LS_00000000066bf1d0_0_8, LS_00000000066bf1d0_0_12;
L_00000000066be870 .ufunc/vec4 TD_ICESTORM_RAM.pd, 1, o00000000065f1e88 (v0000000006631b40_0) S_00000000065dbe00;
L_00000000066bf130 .ufunc/vec4 TD_ICESTORM_RAM.pd, 1, o00000000065f1e58 (v0000000006631b40_0) S_00000000065dbe00;
L_00000000066beb90 .ufunc/vec4 TD_ICESTORM_RAM.pd, 1, o00000000065f1e28 (v0000000006631b40_0) S_00000000065dbe00;
L_00000000066bdb50 .ufunc/vec4 TD_ICESTORM_RAM.pd, 1, o00000000065f1df8 (v0000000006631b40_0) S_00000000065dbe00;
L_00000000066bd970 .ufunc/vec4 TD_ICESTORM_RAM.pd, 1, o00000000065f1dc8 (v0000000006631b40_0) S_00000000065dbe00;
L_00000000066beff0 .ufunc/vec4 TD_ICESTORM_RAM.pd, 1, o00000000065f1d98 (v0000000006631b40_0) S_00000000065dbe00;
L_00000000066beaf0 .ufunc/vec4 TD_ICESTORM_RAM.pd, 1, o00000000065f2008 (v0000000006631b40_0) S_00000000065dbe00;
L_00000000066bec30 .ufunc/vec4 TD_ICESTORM_RAM.pd, 1, o00000000065f1fd8 (v0000000006631b40_0) S_00000000065dbe00;
L_00000000066be910 .ufunc/vec4 TD_ICESTORM_RAM.pd, 1, o00000000065f1fa8 (v0000000006631b40_0) S_00000000065dbe00;
L_00000000066becd0 .ufunc/vec4 TD_ICESTORM_RAM.pd, 1, o00000000065f1f78 (v0000000006631b40_0) S_00000000065dbe00;
L_00000000066bdbf0 .ufunc/vec4 TD_ICESTORM_RAM.pd, 1, o00000000065f1f48 (v0000000006631b40_0) S_00000000065dbe00;
L_00000000066bf810 .ufunc/vec4 TD_ICESTORM_RAM.pd, 1, o00000000065f1f18 (v0000000006631b40_0) S_00000000065dbe00;
L_00000000066bddd0 .ufunc/vec4 TD_ICESTORM_RAM.pd, 1, o00000000065f1ee8 (v0000000006631b40_0) S_00000000065dbe00;
L_00000000066bf270 .ufunc/vec4 TD_ICESTORM_RAM.pd, 1, o00000000065f1eb8 (v0000000006631b40_0) S_00000000065dbe00;
L_00000000066be9b0 .ufunc/vec4 TD_ICESTORM_RAM.pd, 1, o00000000065f1d68 (v0000000006631b40_0) S_00000000065dbe00;
L_00000000066bf090 .ufunc/vec4 TD_ICESTORM_RAM.pd, 1, o00000000065f1d38 (v0000000006631b40_0) S_00000000065dbe00;
LS_00000000066be0f0_0_0 .concat [ 1 1 1 1], L_00000000066bf090, L_00000000066be9b0, L_00000000066bf270, L_00000000066bddd0;
LS_00000000066be0f0_0_4 .concat [ 1 1 1 1], L_00000000066bf810, L_00000000066bdbf0, L_00000000066becd0, L_00000000066be910;
LS_00000000066be0f0_0_8 .concat [ 1 1 1 1], L_00000000066bec30, L_00000000066beaf0, L_00000000066beff0, L_00000000066bd970;
LS_00000000066be0f0_0_12 .concat [ 1 1 1 1], L_00000000066bdb50, L_00000000066beb90, L_00000000066bf130, L_00000000066be870;
L_00000000066be0f0 .concat [ 4 4 4 4], LS_00000000066be0f0_0_0, LS_00000000066be0f0_0_4, LS_00000000066be0f0_0_8, LS_00000000066be0f0_0_12;
S_00000000065dcc10 .scope module, "RAM" "SB_RAM40_4K" 2 3233, 2 1487 0, S_00000000065d12c0;
 .timescale -12 -12;
    .port_info 0 /OUTPUT 16 "RDATA";
    .port_info 1 /INPUT 1 "RCLK";
    .port_info 2 /INPUT 1 "RCLKE";
    .port_info 3 /INPUT 1 "RE";
    .port_info 4 /INPUT 11 "RADDR";
    .port_info 5 /INPUT 1 "WCLK";
    .port_info 6 /INPUT 1 "WCLKE";
    .port_info 7 /INPUT 1 "WE";
    .port_info 8 /INPUT 11 "WADDR";
    .port_info 9 /INPUT 16 "MASK";
    .port_info 10 /INPUT 16 "WDATA";
P_00000000066326d0 .param/l "INIT_0" 0 2 1507, C4<0000000000000000000000000000000000000000000000000000000000000000000000000000000000000000000000000000000000000000000000000000000000000000000000000000000000000000000000000000000000000000000000000000000000000000000000000000000000000000000000000000000000000000>;
P_0000000006632708 .param/l "INIT_1" 0 2 1508, C4<0000000000000000000000000000000000000000000000000000000000000000000000000000000000000000000000000000000000000000000000000000000000000000000000000000000000000000000000000000000000000000000000000000000000000000000000000000000000000000000000000000000000000000>;
P_0000000006632740 .param/l "INIT_2" 0 2 1509, C4<0000000000000000000000000000000000000000000000000000000000000000000000000000000000000000000000000000000000000000000000000000000000000000000000000000000000000000000000000000000000000000000000000000000000000000000000000000000000000000000000000000000000000000>;
P_0000000006632778 .param/l "INIT_3" 0 2 1510, C4<0000000000000000000000000000000000000000000000000000000000000000000000000000000000000000000000000000000000000000000000000000000000000000000000000000000000000000000000000000000000000000000000000000000000000000000000000000000000000000000000000000000000000000>;
P_00000000066327b0 .param/l "INIT_4" 0 2 1511, C4<0000000000000000000000000000000000000000000000000000000000000000000000000000000000000000000000000000000000000000000000000000000000000000000000000000000000000000000000000000000000000000000000000000000000000000000000000000000000000000000000000000000000000000>;
P_00000000066327e8 .param/l "INIT_5" 0 2 1512, C4<0000000000000000000000000000000000000000000000000000000000000000000000000000000000000000000000000000000000000000000000000000000000000000000000000000000000000000000000000000000000000000000000000000000000000000000000000000000000000000000000000000000000000000>;
P_0000000006632820 .param/l "INIT_6" 0 2 1513, C4<0000000000000000000000000000000000000000000000000000000000000000000000000000000000000000000000000000000000000000000000000000000000000000000000000000000000000000000000000000000000000000000000000000000000000000000000000000000000000000000000000000000000000000>;
P_0000000006632858 .param/l "INIT_7" 0 2 1514, C4<0000000000000000000000000000000000000000000000000000000000000000000000000000000000000000000000000000000000000000000000000000000000000000000000000000000000000000000000000000000000000000000000000000000000000000000000000000000000000000000000000000000000000000>;
P_0000000006632890 .param/l "INIT_8" 0 2 1515, C4<0000000000000000000000000000000000000000000000000000000000000000000000000000000000000000000000000000000000000000000000000000000000000000000000000000000000000000000000000000000000000000000000000000000000000000000000000000000000000000000000000000000000000000>;
P_00000000066328c8 .param/l "INIT_9" 0 2 1516, C4<0000000000000000000000000000000000000000000000000000000000000000000000000000000000000000000000000000000000000000000000000000000000000000000000000000000000000000000000000000000000000000000000000000000000000000000000000000000000000000000000000000000000000000>;
P_0000000006632900 .param/l "INIT_A" 0 2 1517, C4<0000000000000000000000000000000000000000000000000000000000000000000000000000000000000000000000000000000000000000000000000000000000000000000000000000000000000000000000000000000000000000000000000000000000000000000000000000000000000000000000000000000000000000>;
P_0000000006632938 .param/l "INIT_B" 0 2 1518, C4<0000000000000000000000000000000000000000000000000000000000000000000000000000000000000000000000000000000000000000000000000000000000000000000000000000000000000000000000000000000000000000000000000000000000000000000000000000000000000000000000000000000000000000>;
P_0000000006632970 .param/l "INIT_C" 0 2 1519, C4<0000000000000000000000000000000000000000000000000000000000000000000000000000000000000000000000000000000000000000000000000000000000000000000000000000000000000000000000000000000000000000000000000000000000000000000000000000000000000000000000000000000000000000>;
P_00000000066329a8 .param/l "INIT_D" 0 2 1520, C4<0000000000000000000000000000000000000000000000000000000000000000000000000000000000000000000000000000000000000000000000000000000000000000000000000000000000000000000000000000000000000000000000000000000000000000000000000000000000000000000000000000000000000000>;
P_00000000066329e0 .param/l "INIT_E" 0 2 1521, C4<0000000000000000000000000000000000000000000000000000000000000000000000000000000000000000000000000000000000000000000000000000000000000000000000000000000000000000000000000000000000000000000000000000000000000000000000000000000000000000000000000000000000000000>;
P_0000000006632a18 .param/l "INIT_F" 0 2 1522, C4<0000000000000000000000000000000000000000000000000000000000000000000000000000000000000000000000000000000000000000000000000000000000000000000000000000000000000000000000000000000000000000000000000000000000000000000000000000000000000000000000000000000000000000>;
P_0000000006632a50 .param/str "INIT_FILE" 0 2 1524, "\000";
P_0000000006632a88 .param/l "READ_MODE" 0 2 1505, +C4<00000000000000000000000000000000>;
P_0000000006632ac0 .param/l "WRITE_MODE" 0 2 1504, +C4<00000000000000000000000000000000>;
v0000000006631960_0 .net "MASK", 15 0, L_00000000066bf1d0;  1 drivers
v0000000006631c80_0 .net "RADDR", 10 0, L_0000000006660750;  1 drivers
v0000000006631500_0 .net "RCLK", 0 0, L_0000000006582760;  1 drivers
v0000000006631640_0 .net "RCLKE", 0 0, L_0000000006660610;  1 drivers
v0000000006630100_0 .net "RDATA", 15 0, v0000000006631320_0;  1 drivers
v0000000006631320_0 .var "RDATA_I", 15 0;
v0000000006630880_0 .net "RE", 0 0, L_000000000665fdf0;  1 drivers
L_0000000006662b78 .functor BUFT 1, C4<0000000000000000>, C4<0>, C4<0>, C4<0>;
v0000000006631820_0 .net "RMASK_I", 15 0, L_0000000006662b78;  1 drivers
v0000000006630f60_0 .net "WADDR", 10 0, L_00000000066625f0;  1 drivers
v0000000006630c40_0 .net "WCLK", 0 0, L_0000000006582680;  1 drivers
v0000000006631aa0_0 .net "WCLKE", 0 0, L_0000000006660ed0;  1 drivers
v0000000006631000_0 .net "WDATA", 15 0, L_00000000066be0f0;  1 drivers
v0000000006630ec0_0 .net "WDATA_I", 15 0, L_0000000006580f50;  1 drivers
v0000000006631140_0 .net "WE", 0 0, L_0000000006661fb0;  1 drivers
v00000000066310a0_0 .net "WMASK_I", 15 0, L_0000000006581ff0;  1 drivers
v0000000006631a00_0 .var/i "i", 31 0;
v00000000066311e0 .array "memory", 255 0, 15 0;
E_00000000065b13d0 .event posedge, v0000000006631500_0;
E_00000000065b0710 .event posedge, v0000000006630c40_0;
S_00000000065dbf90 .scope generate, "genblk1" "genblk1" 2 1534, 2 1534 0, S_00000000065dcc10;
 .timescale -12 -12;
L_0000000006581ff0 .functor BUFZ 16, L_00000000066bf1d0, C4<0000000000000000>, C4<0000000000000000>, C4<0000000000000000>;
S_00000000065dc440 .scope generate, "genblk2" "genblk2" 2 1555, 2 1555 0, S_00000000065dcc10;
 .timescale -12 -12;
S_00000000065dd0c0 .scope generate, "genblk3" "genblk3" 2 1576, 2 1576 0, S_00000000065dcc10;
 .timescale -12 -12;
L_0000000006580f50 .functor BUFZ 16, L_00000000066be0f0, C4<0000000000000000>, C4<0000000000000000>, C4<0000000000000000>;
S_00000000065dc5d0 .scope generate, "genblk4" "genblk4" 2 1595, 2 1595 0, S_00000000065dcc10;
 .timescale -12 -12;
S_00000000065dbe00 .scope function.vec4.s1, "pd" "pd" 2 3200, 2 3200 0, S_00000000065d12c0;
 .timescale -12 -12;
; Variable pd is vec4 return value of scope S_00000000065dbe00
v0000000006631b40_0 .var "x", 0 0;
TD_ICESTORM_RAM.pd ;
    %load/vec4 v0000000006631b40_0;
    %cmpi/e 0, 1, 1;
    %flag_mov 8, 6;
    %jmp/0 T_0.0, 8;
    %pushi/vec4 0, 0, 1;
    %jmp/1 T_0.1, 8;
T_0.0 ; End of true expr.
    %load/vec4 v0000000006631b40_0;
    %jmp/0 T_0.1, 8;
 ; End of false expr.
    %blend;
T_0.1;
    %ret/vec4 0, 0, 1;  Assign to pd (store_vec4_to_lval)
    %end;
S_00000000065dc760 .scope function.vec4.s1, "pu" "pu" 2 3207, 2 3207 0, S_00000000065d12c0;
 .timescale -12 -12;
; Variable pu is vec4 return value of scope S_00000000065dc760
v0000000006631dc0_0 .var "x", 0 0;
TD_ICESTORM_RAM.pu ;
    %load/vec4 v0000000006631dc0_0;
    %cmpi/e 0, 1, 1;
    %flag_mov 8, 6;
    %jmp/0 T_1.2, 8;
    %pushi/vec4 1, 0, 1;
    %jmp/1 T_1.3, 8;
T_1.2 ; End of true expr.
    %load/vec4 v0000000006631dc0_0;
    %jmp/0 T_1.3, 8;
 ; End of false expr.
    %blend;
T_1.3;
    %ret/vec4 0, 0, 1;  Assign to pu (store_vec4_to_lval)
    %end;
S_00000000063527e0 .scope module, "SB_CARRY" "SB_CARRY" 2 228;
 .timescale -12 -12;
    .port_info 0 /OUTPUT 1 "CO";
    .port_info 1 /INPUT 1 "I0";
    .port_info 2 /INPUT 1 "I1";
    .port_info 3 /INPUT 1 "CI";
o00000000065f39e8 .functor BUFZ 1, C4<z>; HiZ drive
o00000000065f3a18 .functor BUFZ 1, C4<z>; HiZ drive
L_0000000006582530 .functor AND 1, o00000000065f39e8, o00000000065f3a18, C4<1>, C4<1>;
L_00000000065825a0 .functor OR 1, o00000000065f39e8, o00000000065f3a18, C4<0>, C4<0>;
o00000000065f3988 .functor BUFZ 1, C4<z>; HiZ drive
L_0000000006582610 .functor AND 1, L_00000000065825a0, o00000000065f3988, C4<1>, C4<1>;
L_00000000065826f0 .functor OR 1, L_0000000006582530, L_0000000006582610, C4<0>, C4<0>;
v0000000006635bb0_0 .net "CI", 0 0, o00000000065f3988;  0 drivers
v0000000006636510_0 .net "CO", 0 0, L_00000000065826f0;  1 drivers
v0000000006635e30_0 .net "I0", 0 0, o00000000065f39e8;  0 drivers
v0000000006636ab0_0 .net "I1", 0 0, o00000000065f3a18;  0 drivers
v00000000066363d0_0 .net *"_ivl_1", 0 0, L_0000000006582530;  1 drivers
v0000000006636470_0 .net *"_ivl_3", 0 0, L_00000000065825a0;  1 drivers
v0000000006635ed0_0 .net *"_ivl_5", 0 0, L_0000000006582610;  1 drivers
S_0000000006343e00 .scope module, "SB_DFF" "SB_DFF" 2 265;
 .timescale -12 -12;
    .port_info 0 /OUTPUT 1 "Q";
    .port_info 1 /INPUT 1 "C";
    .port_info 2 /INPUT 1 "D";
o00000000065f3b98 .functor BUFZ 1, C4<z>; HiZ drive
v00000000066365b0_0 .net "C", 0 0, o00000000065f3b98;  0 drivers
o00000000065f3bc8 .functor BUFZ 1, C4<z>; HiZ drive
v0000000006635f70_0 .net "D", 0 0, o00000000065f3bc8;  0 drivers
v0000000006636650_0 .var "Q", 0 0;
E_00000000065b1210 .event posedge, v00000000066365b0_0;
S_0000000006343f90 .scope module, "SB_DFFE" "SB_DFFE" 2 303;
 .timescale -12 -12;
    .port_info 0 /OUTPUT 1 "Q";
    .port_info 1 /INPUT 1 "C";
    .port_info 2 /INPUT 1 "E";
    .port_info 3 /INPUT 1 "D";
o00000000065f3cb8 .functor BUFZ 1, C4<z>; HiZ drive
v0000000006635570_0 .net "C", 0 0, o00000000065f3cb8;  0 drivers
o00000000065f3ce8 .functor BUFZ 1, C4<z>; HiZ drive
v0000000006636150_0 .net "D", 0 0, o00000000065f3ce8;  0 drivers
o00000000065f3d18 .functor BUFZ 1, C4<z>; HiZ drive
v0000000006635750_0 .net "E", 0 0, o00000000065f3d18;  0 drivers
v00000000066368d0_0 .var "Q", 0 0;
E_00000000065b1250 .event posedge, v0000000006635570_0;
S_0000000006344120 .scope module, "SB_DFFER" "SB_DFFER" 2 653;
 .timescale -12 -12;
    .port_info 0 /OUTPUT 1 "Q";
    .port_info 1 /INPUT 1 "C";
    .port_info 2 /INPUT 1 "E";
    .port_info 3 /INPUT 1 "R";
    .port_info 4 /INPUT 1 "D";
o00000000065f3e38 .functor BUFZ 1, C4<z>; HiZ drive
v0000000006636010_0 .net "C", 0 0, o00000000065f3e38;  0 drivers
o00000000065f3e68 .functor BUFZ 1, C4<z>; HiZ drive
v0000000006636bf0_0 .net "D", 0 0, o00000000065f3e68;  0 drivers
o00000000065f3e98 .functor BUFZ 1, C4<z>; HiZ drive
v0000000006635890_0 .net "E", 0 0, o00000000065f3e98;  0 drivers
v0000000006636970_0 .var "Q", 0 0;
o00000000065f3ef8 .functor BUFZ 1, C4<z>; HiZ drive
v0000000006636b50_0 .net "R", 0 0, o00000000065f3ef8;  0 drivers
E_00000000065b12d0 .event posedge, v0000000006636b50_0, v0000000006636010_0;
S_0000000006348720 .scope module, "SB_DFFES" "SB_DFFES" 2 794;
 .timescale -12 -12;
    .port_info 0 /OUTPUT 1 "Q";
    .port_info 1 /INPUT 1 "C";
    .port_info 2 /INPUT 1 "E";
    .port_info 3 /INPUT 1 "S";
    .port_info 4 /INPUT 1 "D";
o00000000065f4018 .functor BUFZ 1, C4<z>; HiZ drive
v00000000066357f0_0 .net "C", 0 0, o00000000065f4018;  0 drivers
o00000000065f4048 .functor BUFZ 1, C4<z>; HiZ drive
v00000000066359d0_0 .net "D", 0 0, o00000000065f4048;  0 drivers
o00000000065f4078 .functor BUFZ 1, C4<z>; HiZ drive
v00000000066360b0_0 .net "E", 0 0, o00000000065f4078;  0 drivers
v0000000006635a70_0 .var "Q", 0 0;
o00000000065f40d8 .functor BUFZ 1, C4<z>; HiZ drive
v0000000006638340_0 .net "S", 0 0, o00000000065f40d8;  0 drivers
E_00000000065b08d0 .event posedge, v0000000006638340_0, v00000000066357f0_0;
S_00000000063488b0 .scope module, "SB_DFFESR" "SB_DFFESR" 2 592;
 .timescale -12 -12;
    .port_info 0 /OUTPUT 1 "Q";
    .port_info 1 /INPUT 1 "C";
    .port_info 2 /INPUT 1 "E";
    .port_info 3 /INPUT 1 "R";
    .port_info 4 /INPUT 1 "D";
o00000000065f41f8 .functor BUFZ 1, C4<z>; HiZ drive
v0000000006638ac0_0 .net "C", 0 0, o00000000065f41f8;  0 drivers
o00000000065f4228 .functor BUFZ 1, C4<z>; HiZ drive
v0000000006638980_0 .net "D", 0 0, o00000000065f4228;  0 drivers
o00000000065f4258 .functor BUFZ 1, C4<z>; HiZ drive
v0000000006639420_0 .net "E", 0 0, o00000000065f4258;  0 drivers
v0000000006639ec0_0 .var "Q", 0 0;
o00000000065f42b8 .functor BUFZ 1, C4<z>; HiZ drive
v00000000066388e0_0 .net "R", 0 0, o00000000065f42b8;  0 drivers
E_00000000065b0910 .event posedge, v0000000006638ac0_0;
S_0000000006348a40 .scope module, "SB_DFFESS" "SB_DFFESS" 2 733;
 .timescale -12 -12;
    .port_info 0 /OUTPUT 1 "Q";
    .port_info 1 /INPUT 1 "C";
    .port_info 2 /INPUT 1 "E";
    .port_info 3 /INPUT 1 "S";
    .port_info 4 /INPUT 1 "D";
o00000000065f43d8 .functor BUFZ 1, C4<z>; HiZ drive
v00000000066380c0_0 .net "C", 0 0, o00000000065f43d8;  0 drivers
o00000000065f4408 .functor BUFZ 1, C4<z>; HiZ drive
v0000000006639ba0_0 .net "D", 0 0, o00000000065f4408;  0 drivers
o00000000065f4438 .functor BUFZ 1, C4<z>; HiZ drive
v0000000006637a80_0 .net "E", 0 0, o00000000065f4438;  0 drivers
v0000000006639b00_0 .var "Q", 0 0;
o00000000065f4498 .functor BUFZ 1, C4<z>; HiZ drive
v00000000066396a0_0 .net "S", 0 0, o00000000065f4498;  0 drivers
E_00000000065b0950 .event posedge, v00000000066380c0_0;
S_000000000634f3b0 .scope module, "SB_DFFN" "SB_DFFN" 2 876;
 .timescale -12 -12;
    .port_info 0 /OUTPUT 1 "Q";
    .port_info 1 /INPUT 1 "C";
    .port_info 2 /INPUT 1 "D";
o00000000065f45b8 .functor BUFZ 1, C4<z>; HiZ drive
v0000000006638700_0 .net "C", 0 0, o00000000065f45b8;  0 drivers
o00000000065f45e8 .functor BUFZ 1, C4<z>; HiZ drive
v0000000006639380_0 .net "D", 0 0, o00000000065f45e8;  0 drivers
v0000000006638020_0 .var "Q", 0 0;
E_00000000065b0990 .event negedge, v0000000006638700_0;
S_000000000634f540 .scope module, "SB_DFFNE" "SB_DFFNE" 2 914;
 .timescale -12 -12;
    .port_info 0 /OUTPUT 1 "Q";
    .port_info 1 /INPUT 1 "C";
    .port_info 2 /INPUT 1 "E";
    .port_info 3 /INPUT 1 "D";
o00000000065f46d8 .functor BUFZ 1, C4<z>; HiZ drive
v0000000006638160_0 .net "C", 0 0, o00000000065f46d8;  0 drivers
o00000000065f4708 .functor BUFZ 1, C4<z>; HiZ drive
v00000000066379e0_0 .net "D", 0 0, o00000000065f4708;  0 drivers
o00000000065f4738 .functor BUFZ 1, C4<z>; HiZ drive
v0000000006637800_0 .net "E", 0 0, o00000000065f4738;  0 drivers
v0000000006637b20_0 .var "Q", 0 0;
E_00000000065b0a50 .event negedge, v0000000006638160_0;
S_000000000634f6d0 .scope module, "SB_DFFNER" "SB_DFFNER" 2 1264;
 .timescale -12 -12;
    .port_info 0 /OUTPUT 1 "Q";
    .port_info 1 /INPUT 1 "C";
    .port_info 2 /INPUT 1 "E";
    .port_info 3 /INPUT 1 "R";
    .port_info 4 /INPUT 1 "D";
o00000000065f4858 .functor BUFZ 1, C4<z>; HiZ drive
v0000000006637940_0 .net "C", 0 0, o00000000065f4858;  0 drivers
o00000000065f4888 .functor BUFZ 1, C4<z>; HiZ drive
v0000000006639740_0 .net "D", 0 0, o00000000065f4888;  0 drivers
o00000000065f48b8 .functor BUFZ 1, C4<z>; HiZ drive
v0000000006638e80_0 .net "E", 0 0, o00000000065f48b8;  0 drivers
v00000000066397e0_0 .var "Q", 0 0;
o00000000065f4918 .functor BUFZ 1, C4<z>; HiZ drive
v0000000006638fc0_0 .net "R", 0 0, o00000000065f4918;  0 drivers
E_00000000065b2590/0 .event negedge, v0000000006637940_0;
E_00000000065b2590/1 .event posedge, v0000000006638fc0_0;
E_00000000065b2590 .event/or E_00000000065b2590/0, E_00000000065b2590/1;
S_0000000006354a70 .scope module, "SB_DFFNES" "SB_DFFNES" 2 1405;
 .timescale -12 -12;
    .port_info 0 /OUTPUT 1 "Q";
    .port_info 1 /INPUT 1 "C";
    .port_info 2 /INPUT 1 "E";
    .port_info 3 /INPUT 1 "S";
    .port_info 4 /INPUT 1 "D";
o00000000065f4a38 .functor BUFZ 1, C4<z>; HiZ drive
v0000000006637ee0_0 .net "C", 0 0, o00000000065f4a38;  0 drivers
o00000000065f4a68 .functor BUFZ 1, C4<z>; HiZ drive
v00000000066383e0_0 .net "D", 0 0, o00000000065f4a68;  0 drivers
o00000000065f4a98 .functor BUFZ 1, C4<z>; HiZ drive
v00000000066392e0_0 .net "E", 0 0, o00000000065f4a98;  0 drivers
v0000000006638200_0 .var "Q", 0 0;
o00000000065f4af8 .functor BUFZ 1, C4<z>; HiZ drive
v0000000006639560_0 .net "S", 0 0, o00000000065f4af8;  0 drivers
E_00000000065b1ed0/0 .event negedge, v0000000006637ee0_0;
E_00000000065b1ed0/1 .event posedge, v0000000006639560_0;
E_00000000065b1ed0 .event/or E_00000000065b1ed0/0, E_00000000065b1ed0/1;
S_0000000006354c00 .scope module, "SB_DFFNESR" "SB_DFFNESR" 2 1203;
 .timescale -12 -12;
    .port_info 0 /OUTPUT 1 "Q";
    .port_info 1 /INPUT 1 "C";
    .port_info 2 /INPUT 1 "E";
    .port_info 3 /INPUT 1 "R";
    .port_info 4 /INPUT 1 "D";
o00000000065f4c18 .functor BUFZ 1, C4<z>; HiZ drive
v0000000006639240_0 .net "C", 0 0, o00000000065f4c18;  0 drivers
o00000000065f4c48 .functor BUFZ 1, C4<z>; HiZ drive
v00000000066394c0_0 .net "D", 0 0, o00000000065f4c48;  0 drivers
o00000000065f4c78 .functor BUFZ 1, C4<z>; HiZ drive
v0000000006639880_0 .net "E", 0 0, o00000000065f4c78;  0 drivers
v00000000066382a0_0 .var "Q", 0 0;
o00000000065f4cd8 .functor BUFZ 1, C4<z>; HiZ drive
v0000000006639600_0 .net "R", 0 0, o00000000065f4cd8;  0 drivers
E_00000000065b1d90 .event negedge, v0000000006639240_0;
S_00000000065d3f20 .scope module, "SB_DFFNESS" "SB_DFFNESS" 2 1344;
 .timescale -12 -12;
    .port_info 0 /OUTPUT 1 "Q";
    .port_info 1 /INPUT 1 "C";
    .port_info 2 /INPUT 1 "E";
    .port_info 3 /INPUT 1 "S";
    .port_info 4 /INPUT 1 "D";
o00000000065f4df8 .functor BUFZ 1, C4<z>; HiZ drive
v0000000006639e20_0 .net "C", 0 0, o00000000065f4df8;  0 drivers
o00000000065f4e28 .functor BUFZ 1, C4<z>; HiZ drive
v0000000006639920_0 .net "D", 0 0, o00000000065f4e28;  0 drivers
o00000000065f4e58 .functor BUFZ 1, C4<z>; HiZ drive
v0000000006638520_0 .net "E", 0 0, o00000000065f4e58;  0 drivers
v0000000006637e40_0 .var "Q", 0 0;
o00000000065f4eb8 .functor BUFZ 1, C4<z>; HiZ drive
v0000000006638f20_0 .net "S", 0 0, o00000000065f4eb8;  0 drivers
E_00000000065b1f10 .event negedge, v0000000006639e20_0;
S_00000000065d3d90 .scope module, "SB_DFFNR" "SB_DFFNR" 2 1011;
 .timescale -12 -12;
    .port_info 0 /OUTPUT 1 "Q";
    .port_info 1 /INPUT 1 "C";
    .port_info 2 /INPUT 1 "R";
    .port_info 3 /INPUT 1 "D";
o00000000065f4fd8 .functor BUFZ 1, C4<z>; HiZ drive
v0000000006637f80_0 .net "C", 0 0, o00000000065f4fd8;  0 drivers
o00000000065f5008 .functor BUFZ 1, C4<z>; HiZ drive
v00000000066385c0_0 .net "D", 0 0, o00000000065f5008;  0 drivers
v0000000006637bc0_0 .var "Q", 0 0;
o00000000065f5068 .functor BUFZ 1, C4<z>; HiZ drive
v0000000006638660_0 .net "R", 0 0, o00000000065f5068;  0 drivers
E_00000000065b19d0/0 .event negedge, v0000000006637f80_0;
E_00000000065b19d0/1 .event posedge, v0000000006638660_0;
E_00000000065b19d0 .event/or E_00000000065b19d0/0, E_00000000065b19d0/1;
S_00000000065d4240 .scope module, "SB_DFFNS" "SB_DFFNS" 2 1132;
 .timescale -12 -12;
    .port_info 0 /OUTPUT 1 "Q";
    .port_info 1 /INPUT 1 "C";
    .port_info 2 /INPUT 1 "S";
    .port_info 3 /INPUT 1 "D";
o00000000065f5158 .functor BUFZ 1, C4<z>; HiZ drive
v0000000006638de0_0 .net "C", 0 0, o00000000065f5158;  0 drivers
o00000000065f5188 .functor BUFZ 1, C4<z>; HiZ drive
v00000000066391a0_0 .net "D", 0 0, o00000000065f5188;  0 drivers
v00000000066399c0_0 .var "Q", 0 0;
o00000000065f51e8 .functor BUFZ 1, C4<z>; HiZ drive
v0000000006639f60_0 .net "S", 0 0, o00000000065f51e8;  0 drivers
E_00000000065b1c50/0 .event negedge, v0000000006638de0_0;
E_00000000065b1c50/1 .event posedge, v0000000006639f60_0;
E_00000000065b1c50 .event/or E_00000000065b1c50/0, E_00000000065b1c50/1;
S_00000000065d4880 .scope module, "SB_DFFNSR" "SB_DFFNSR" 2 961;
 .timescale -12 -12;
    .port_info 0 /OUTPUT 1 "Q";
    .port_info 1 /INPUT 1 "C";
    .port_info 2 /INPUT 1 "R";
    .port_info 3 /INPUT 1 "D";
o00000000065f52d8 .functor BUFZ 1, C4<z>; HiZ drive
v0000000006639a60_0 .net "C", 0 0, o00000000065f52d8;  0 drivers
o00000000065f5308 .functor BUFZ 1, C4<z>; HiZ drive
v00000000066387a0_0 .net "D", 0 0, o00000000065f5308;  0 drivers
v0000000006638480_0 .var "Q", 0 0;
o00000000065f5368 .functor BUFZ 1, C4<z>; HiZ drive
v0000000006638840_0 .net "R", 0 0, o00000000065f5368;  0 drivers
E_00000000065b1910 .event negedge, v0000000006639a60_0;
S_00000000065d4a10 .scope module, "SB_DFFNSS" "SB_DFFNSS" 2 1082;
 .timescale -12 -12;
    .port_info 0 /OUTPUT 1 "Q";
    .port_info 1 /INPUT 1 "C";
    .port_info 2 /INPUT 1 "S";
    .port_info 3 /INPUT 1 "D";
o00000000065f5458 .functor BUFZ 1, C4<z>; HiZ drive
v0000000006639100_0 .net "C", 0 0, o00000000065f5458;  0 drivers
o00000000065f5488 .functor BUFZ 1, C4<z>; HiZ drive
v0000000006639c40_0 .net "D", 0 0, o00000000065f5488;  0 drivers
v0000000006638a20_0 .var "Q", 0 0;
o00000000065f54e8 .functor BUFZ 1, C4<z>; HiZ drive
v0000000006639060_0 .net "S", 0 0, o00000000065f54e8;  0 drivers
E_00000000065b1c90 .event negedge, v0000000006639100_0;
S_00000000065d40b0 .scope module, "SB_DFFR" "SB_DFFR" 2 400;
 .timescale -12 -12;
    .port_info 0 /OUTPUT 1 "Q";
    .port_info 1 /INPUT 1 "C";
    .port_info 2 /INPUT 1 "R";
    .port_info 3 /INPUT 1 "D";
o00000000065f55d8 .functor BUFZ 1, C4<z>; HiZ drive
v0000000006638b60_0 .net "C", 0 0, o00000000065f55d8;  0 drivers
o00000000065f5608 .functor BUFZ 1, C4<z>; HiZ drive
v0000000006639ce0_0 .net "D", 0 0, o00000000065f5608;  0 drivers
v0000000006637d00_0 .var "Q", 0 0;
o00000000065f5668 .functor BUFZ 1, C4<z>; HiZ drive
v0000000006639d80_0 .net "R", 0 0, o00000000065f5668;  0 drivers
E_00000000065b21d0 .event posedge, v0000000006639d80_0, v0000000006638b60_0;
S_00000000065d3c00 .scope module, "SB_DFFS" "SB_DFFS" 2 521;
 .timescale -12 -12;
    .port_info 0 /OUTPUT 1 "Q";
    .port_info 1 /INPUT 1 "C";
    .port_info 2 /INPUT 1 "S";
    .port_info 3 /INPUT 1 "D";
o00000000065f5758 .functor BUFZ 1, C4<z>; HiZ drive
v0000000006638c00_0 .net "C", 0 0, o00000000065f5758;  0 drivers
o00000000065f5788 .functor BUFZ 1, C4<z>; HiZ drive
v00000000066378a0_0 .net "D", 0 0, o00000000065f5788;  0 drivers
v0000000006638ca0_0 .var "Q", 0 0;
o00000000065f57e8 .functor BUFZ 1, C4<z>; HiZ drive
v0000000006637c60_0 .net "S", 0 0, o00000000065f57e8;  0 drivers
E_00000000065b1750 .event posedge, v0000000006637c60_0, v0000000006638c00_0;
S_00000000065d43d0 .scope module, "SB_DFFSR" "SB_DFFSR" 2 350;
 .timescale -12 -12;
    .port_info 0 /OUTPUT 1 "Q";
    .port_info 1 /INPUT 1 "C";
    .port_info 2 /INPUT 1 "R";
    .port_info 3 /INPUT 1 "D";
o00000000065f58d8 .functor BUFZ 1, C4<z>; HiZ drive
v0000000006638d40_0 .net "C", 0 0, o00000000065f58d8;  0 drivers
o00000000065f5908 .functor BUFZ 1, C4<z>; HiZ drive
v0000000006637da0_0 .net "D", 0 0, o00000000065f5908;  0 drivers
v000000000663b040_0 .var "Q", 0 0;
o00000000065f5968 .functor BUFZ 1, C4<z>; HiZ drive
v000000000663a640_0 .net "R", 0 0, o00000000065f5968;  0 drivers
E_00000000065b2350 .event posedge, v0000000006638d40_0;
S_00000000065d4560 .scope module, "SB_DFFSS" "SB_DFFSS" 2 471;
 .timescale -12 -12;
    .port_info 0 /OUTPUT 1 "Q";
    .port_info 1 /INPUT 1 "C";
    .port_info 2 /INPUT 1 "S";
    .port_info 3 /INPUT 1 "D";
o00000000065f5a58 .functor BUFZ 1, C4<z>; HiZ drive
v000000000663aa00_0 .net "C", 0 0, o00000000065f5a58;  0 drivers
o00000000065f5a88 .functor BUFZ 1, C4<z>; HiZ drive
v000000000663b0e0_0 .net "D", 0 0, o00000000065f5a88;  0 drivers
v000000000663b5e0_0 .var "Q", 0 0;
o00000000065f5ae8 .functor BUFZ 1, C4<z>; HiZ drive
v000000000663a460_0 .net "S", 0 0, o00000000065f5ae8;  0 drivers
E_00000000065b1e90 .event posedge, v000000000663aa00_0;
S_00000000065d46f0 .scope module, "SB_FILTER_50NS" "SB_FILTER_50NS" 2 2856;
 .timescale -12 -12;
    .port_info 0 /INPUT 1 "FILTERIN";
    .port_info 1 /OUTPUT 1 "FILTEROUT";
o00000000065f5bd8 .functor BUFZ 1, C4<z>; HiZ drive
v000000000663ae60_0 .net "FILTERIN", 0 0, o00000000065f5bd8;  0 drivers
o00000000065f5c08 .functor BUFZ 1, C4<z>; HiZ drive
v000000000663a140_0 .net "FILTEROUT", 0 0, o00000000065f5c08;  0 drivers
S_00000000065d5700 .scope module, "SB_GB" "SB_GB" 2 162;
 .timescale -12 -12;
    .port_info 0 /INPUT 1 "USER_SIGNAL_TO_GLOBAL_BUFFER";
    .port_info 1 /OUTPUT 1 "GLOBAL_BUFFER_OUTPUT";
o00000000065f5cc8 .functor BUFZ 1, C4<z>; HiZ drive
L_00000000065820d0 .functor BUFZ 1, o00000000065f5cc8, C4<0>, C4<0>, C4<0>;
v000000000663a3c0_0 .net "GLOBAL_BUFFER_OUTPUT", 0 0, L_00000000065820d0;  1 drivers
v000000000663ab40_0 .net "USER_SIGNAL_TO_GLOBAL_BUFFER", 0 0, o00000000065f5cc8;  0 drivers
S_00000000065d5ed0 .scope module, "SB_GB_IO" "SB_GB_IO" 2 123;
 .timescale -12 -12;
    .port_info 0 /INOUT 1 "PACKAGE_PIN";
    .port_info 1 /OUTPUT 1 "GLOBAL_BUFFER_OUTPUT";
    .port_info 2 /INPUT 1 "LATCH_INPUT_VALUE";
    .port_info 3 /INPUT 1 "CLOCK_ENABLE";
    .port_info 4 /INPUT 1 "INPUT_CLK";
    .port_info 5 /INPUT 1 "OUTPUT_CLK";
    .port_info 6 /INPUT 1 "OUTPUT_ENABLE";
    .port_info 7 /INPUT 1 "D_OUT_0";
    .port_info 8 /INPUT 1 "D_OUT_1";
    .port_info 9 /OUTPUT 1 "D_IN_0";
    .port_info 10 /OUTPUT 1 "D_IN_1";
P_0000000006409f30 .param/str "IO_STANDARD" 0 2 139, "SB_LVCMOS";
P_0000000006409f68 .param/l "NEG_TRIGGER" 0 2 138, C4<0>;
P_0000000006409fa0 .param/l "PIN_TYPE" 0 2 136, C4<000000>;
P_0000000006409fd8 .param/l "PULLUP" 0 2 137, C4<0>;
o00000000065f5f08 .functor BUFZ 1, C4<z>; HiZ drive
L_000000000653ffe0 .functor BUFZ 1, o00000000065f5f08, C4<0>, C4<0>, C4<0>;
o00000000065f5d58 .functor BUFZ 1, C4<z>; HiZ drive
v000000000663a0a0_0 .net "CLOCK_ENABLE", 0 0, o00000000065f5d58;  0 drivers
v000000000663a320_0 .net "D_IN_0", 0 0, L_0000000006540050;  1 drivers
v000000000663e970_0 .net "D_IN_1", 0 0, L_0000000006540d00;  1 drivers
o00000000065f5de8 .functor BUFZ 1, C4<z>; HiZ drive
v000000000663eab0_0 .net "D_OUT_0", 0 0, o00000000065f5de8;  0 drivers
o00000000065f5e18 .functor BUFZ 1, C4<z>; HiZ drive
v000000000663e330_0 .net "D_OUT_1", 0 0, o00000000065f5e18;  0 drivers
v000000000663f050_0 .net "GLOBAL_BUFFER_OUTPUT", 0 0, L_000000000653ffe0;  1 drivers
o00000000065f5e48 .functor BUFZ 1, C4<z>; HiZ drive
v000000000663ea10_0 .net "INPUT_CLK", 0 0, o00000000065f5e48;  0 drivers
o00000000065f5e78 .functor BUFZ 1, C4<z>; HiZ drive
v000000000663f230_0 .net "LATCH_INPUT_VALUE", 0 0, o00000000065f5e78;  0 drivers
o00000000065f5ea8 .functor BUFZ 1, C4<z>; HiZ drive
v000000000663e1f0_0 .net "OUTPUT_CLK", 0 0, o00000000065f5ea8;  0 drivers
o00000000065f5ed8 .functor BUFZ 1, C4<z>; HiZ drive
v000000000663ed30_0 .net "OUTPUT_ENABLE", 0 0, o00000000065f5ed8;  0 drivers
v000000000663e290_0 .net "PACKAGE_PIN", 0 0, o00000000065f5f08;  0 drivers
S_00000000065dc8f0 .scope module, "IO" "SB_IO" 2 148, 2 17 0, S_00000000065d5ed0;
 .timescale -12 -12;
    .port_info 0 /INOUT 1 "PACKAGE_PIN";
    .port_info 1 /INPUT 1 "LATCH_INPUT_VALUE";
    .port_info 2 /INPUT 1 "CLOCK_ENABLE";
    .port_info 3 /INPUT 1 "INPUT_CLK";
    .port_info 4 /INPUT 1 "OUTPUT_CLK";
    .port_info 5 /INPUT 1 "OUTPUT_ENABLE";
    .port_info 6 /INPUT 1 "D_OUT_0";
    .port_info 7 /INPUT 1 "D_OUT_1";
    .port_info 8 /OUTPUT 1 "D_IN_0";
    .port_info 9 /OUTPUT 1 "D_IN_1";
P_000000000635e860 .param/str "IO_STANDARD" 0 2 32, "SB_LVCMOS";
P_000000000635e898 .param/l "NEG_TRIGGER" 0 2 31, C4<0>;
P_000000000635e8d0 .param/l "PIN_TYPE" 0 2 29, C4<000000>;
P_000000000635e908 .param/l "PULLUP" 0 2 30, C4<0>;
L_0000000006541240 .functor OR 1, o00000000065f5d58, L_00000000066beeb0, C4<0>, C4<0>;
L_0000000006540050 .functor BUFZ 1, v000000000663b220_0, C4<0>, C4<0>, C4<0>;
L_0000000006540d00 .functor BUFZ 1, v000000000663abe0_0, C4<0>, C4<0>, C4<0>;
v000000000663b400_0 .net "CLOCK_ENABLE", 0 0, o00000000065f5d58;  alias, 0 drivers
v000000000663a820_0 .net "D_IN_0", 0 0, L_0000000006540050;  alias, 1 drivers
v000000000663a960_0 .net "D_IN_1", 0 0, L_0000000006540d00;  alias, 1 drivers
v000000000663b4a0_0 .net "D_OUT_0", 0 0, o00000000065f5de8;  alias, 0 drivers
v000000000663b180_0 .net "D_OUT_1", 0 0, o00000000065f5e18;  alias, 0 drivers
v000000000663a500_0 .net "INPUT_CLK", 0 0, o00000000065f5e48;  alias, 0 drivers
v000000000663af00_0 .net "LATCH_INPUT_VALUE", 0 0, o00000000065f5e78;  alias, 0 drivers
v000000000663a000_0 .net "OUTPUT_CLK", 0 0, o00000000065f5ea8;  alias, 0 drivers
v000000000663ad20_0 .net "OUTPUT_ENABLE", 0 0, o00000000065f5ed8;  alias, 0 drivers
v000000000663a8c0_0 .net "PACKAGE_PIN", 0 0, o00000000065f5f08;  alias, 0 drivers
o00000000065f5f38 .functor BUFZ 1, C4<z>; HiZ drive
; Elide local net with no drivers, v000000000663a5a0_0 name=_ivl_0
v000000000663a780_0 .net *"_ivl_2", 0 0, L_00000000066beeb0;  1 drivers
v000000000663aaa0_0 .net "clken_pulled", 0 0, L_0000000006541240;  1 drivers
v000000000663afa0_0 .var "clken_pulled_ri", 0 0;
v000000000663a6e0_0 .var "clken_pulled_ro", 0 0;
v000000000663b220_0 .var "din_0", 0 0;
v000000000663abe0_0 .var "din_1", 0 0;
v000000000663ac80_0 .var "din_q_0", 0 0;
v000000000663b540_0 .var "din_q_1", 0 0;
v000000000663adc0_0 .var "dout", 0 0;
v000000000663a280_0 .var "dout_q_0", 0 0;
v000000000663b2c0_0 .var "dout_q_1", 0 0;
v000000000663b360_0 .var "outclk_delayed_1", 0 0;
v000000000663a1e0_0 .var "outclk_delayed_2", 0 0;
v000000000663b680_0 .var "outena_q", 0 0;
E_00000000065b1a50 .event anyedge, v000000000663a1e0_0, v000000000663a280_0, v000000000663b2c0_0;
E_00000000065b1890 .event anyedge, v000000000663b360_0;
E_00000000065b1bd0 .event anyedge, v000000000663a000_0;
E_00000000065b2210 .event anyedge, v000000000663ac80_0, v000000000663b540_0;
L_00000000066beeb0 .cmp/eeq 1, o00000000065f5d58, o00000000065f5f38;
S_00000000065db7c0 .scope generate, "genblk1" "genblk1" 2 45, 2 45 0, S_00000000065dc8f0;
 .timescale -12 -12;
E_00000000065b2390 .event posedge, v000000000663a000_0;
E_00000000065b2450 .event negedge, v000000000663a000_0;
E_00000000065b1d10 .event negedge, v000000000663a500_0;
E_00000000065b1dd0 .event posedge, v000000000663a500_0;
S_00000000065d5890 .scope module, "SB_HFOSC" "SB_HFOSC" 2 2664;
 .timescale -12 -12;
    .port_info 0 /INPUT 1 "TRIM0";
    .port_info 1 /INPUT 1 "TRIM1";
    .port_info 2 /INPUT 1 "TRIM2";
    .port_info 3 /INPUT 1 "TRIM3";
    .port_info 4 /INPUT 1 "TRIM4";
    .port_info 5 /INPUT 1 "TRIM5";
    .port_info 6 /INPUT 1 "TRIM6";
    .port_info 7 /INPUT 1 "TRIM7";
    .port_info 8 /INPUT 1 "TRIM8";
    .port_info 9 /INPUT 1 "TRIM9";
    .port_info 10 /INPUT 1 "CLKHFPU";
    .port_info 11 /INPUT 1 "CLKHFEN";
    .port_info 12 /OUTPUT 1 "CLKHF";
P_0000000006490e60 .param/str "CLKHF_DIV" 0 2 2680, "0b00";
P_0000000006490e98 .param/str "TRIM_EN" 0 2 2679, "0b0";
o00000000065f6628 .functor BUFZ 1, C4<z>; HiZ drive
v000000000663ebf0_0 .net "CLKHF", 0 0, o00000000065f6628;  0 drivers
o00000000065f6658 .functor BUFZ 1, C4<z>; HiZ drive
v000000000663ee70_0 .net "CLKHFEN", 0 0, o00000000065f6658;  0 drivers
o00000000065f6688 .functor BUFZ 1, C4<z>; HiZ drive
v000000000663ec90_0 .net "CLKHFPU", 0 0, o00000000065f6688;  0 drivers
o00000000065f66b8 .functor BUFZ 1, C4<z>; HiZ drive
v000000000663ef10_0 .net "TRIM0", 0 0, o00000000065f66b8;  0 drivers
o00000000065f66e8 .functor BUFZ 1, C4<z>; HiZ drive
v000000000663e150_0 .net "TRIM1", 0 0, o00000000065f66e8;  0 drivers
o00000000065f6718 .functor BUFZ 1, C4<z>; HiZ drive
v000000000663f410_0 .net "TRIM2", 0 0, o00000000065f6718;  0 drivers
o00000000065f6748 .functor BUFZ 1, C4<z>; HiZ drive
v000000000663f190_0 .net "TRIM3", 0 0, o00000000065f6748;  0 drivers
o00000000065f6778 .functor BUFZ 1, C4<z>; HiZ drive
v000000000663edd0_0 .net "TRIM4", 0 0, o00000000065f6778;  0 drivers
o00000000065f67a8 .functor BUFZ 1, C4<z>; HiZ drive
v000000000663e3d0_0 .net "TRIM5", 0 0, o00000000065f67a8;  0 drivers
o00000000065f67d8 .functor BUFZ 1, C4<z>; HiZ drive
v000000000663efb0_0 .net "TRIM6", 0 0, o00000000065f67d8;  0 drivers
o00000000065f6808 .functor BUFZ 1, C4<z>; HiZ drive
v000000000663eb50_0 .net "TRIM7", 0 0, o00000000065f6808;  0 drivers
o00000000065f6838 .functor BUFZ 1, C4<z>; HiZ drive
v000000000663f0f0_0 .net "TRIM8", 0 0, o00000000065f6838;  0 drivers
o00000000065f6868 .functor BUFZ 1, C4<z>; HiZ drive
v000000000663f5f0_0 .net "TRIM9", 0 0, o00000000065f6868;  0 drivers
S_00000000065d5a20 .scope module, "SB_I2C" "SB_I2C" 2 2733;
 .timescale -12 -12;
    .port_info 0 /INPUT 1 "SBCLKI";
    .port_info 1 /INPUT 1 "SBRWI";
    .port_info 2 /INPUT 1 "SBSTBI";
    .port_info 3 /INPUT 1 "SBADRI7";
    .port_info 4 /INPUT 1 "SBADRI6";
    .port_info 5 /INPUT 1 "SBADRI5";
    .port_info 6 /INPUT 1 "SBADRI4";
    .port_info 7 /INPUT 1 "SBADRI3";
    .port_info 8 /INPUT 1 "SBADRI2";
    .port_info 9 /INPUT 1 "SBADRI1";
    .port_info 10 /INPUT 1 "SBADRI0";
    .port_info 11 /INPUT 1 "SBDATI7";
    .port_info 12 /INPUT 1 "SBDATI6";
    .port_info 13 /INPUT 1 "SBDATI5";
    .port_info 14 /INPUT 1 "SBDATI4";
    .port_info 15 /INPUT 1 "SBDATI3";
    .port_info 16 /INPUT 1 "SBDATI2";
    .port_info 17 /INPUT 1 "SBDATI1";
    .port_info 18 /INPUT 1 "SBDATI0";
    .port_info 19 /INPUT 1 "SCLI";
    .port_info 20 /INPUT 1 "SDAI";
    .port_info 21 /OUTPUT 1 "SBDATO7";
    .port_info 22 /OUTPUT 1 "SBDATO6";
    .port_info 23 /OUTPUT 1 "SBDATO5";
    .port_info 24 /OUTPUT 1 "SBDATO4";
    .port_info 25 /OUTPUT 1 "SBDATO3";
    .port_info 26 /OUTPUT 1 "SBDATO2";
    .port_info 27 /OUTPUT 1 "SBDATO1";
    .port_info 28 /OUTPUT 1 "SBDATO0";
    .port_info 29 /OUTPUT 1 "SBACKO";
    .port_info 30 /OUTPUT 1 "I2CIRQ";
    .port_info 31 /OUTPUT 1 "I2CWKUP";
    .port_info 32 /OUTPUT 1 "SCLO";
    .port_info 33 /OUTPUT 1 "SCLOE";
    .port_info 34 /OUTPUT 1 "SDAO";
    .port_info 35 /OUTPUT 1 "SDAOE";
P_00000000064915e0 .param/str "BUS_ADDR74" 0 2 2772, "0b0001";
P_0000000006491618 .param/str "I2C_SLAVE_INIT_ADDR" 0 2 2771, "0b1111100001";
o00000000065f6b08 .functor BUFZ 1, C4<z>; HiZ drive
v000000000663e6f0_0 .net "I2CIRQ", 0 0, o00000000065f6b08;  0 drivers
o00000000065f6b38 .functor BUFZ 1, C4<z>; HiZ drive
v000000000663e790_0 .net "I2CWKUP", 0 0, o00000000065f6b38;  0 drivers
o00000000065f6b68 .functor BUFZ 1, C4<z>; HiZ drive
v000000000663e5b0_0 .net "SBACKO", 0 0, o00000000065f6b68;  0 drivers
o00000000065f6b98 .functor BUFZ 1, C4<z>; HiZ drive
v000000000663f2d0_0 .net "SBADRI0", 0 0, o00000000065f6b98;  0 drivers
o00000000065f6bc8 .functor BUFZ 1, C4<z>; HiZ drive
v000000000663f370_0 .net "SBADRI1", 0 0, o00000000065f6bc8;  0 drivers
o00000000065f6bf8 .functor BUFZ 1, C4<z>; HiZ drive
v000000000663f690_0 .net "SBADRI2", 0 0, o00000000065f6bf8;  0 drivers
o00000000065f6c28 .functor BUFZ 1, C4<z>; HiZ drive
v000000000663f4b0_0 .net "SBADRI3", 0 0, o00000000065f6c28;  0 drivers
o00000000065f6c58 .functor BUFZ 1, C4<z>; HiZ drive
v000000000663e0b0_0 .net "SBADRI4", 0 0, o00000000065f6c58;  0 drivers
o00000000065f6c88 .functor BUFZ 1, C4<z>; HiZ drive
v000000000663f550_0 .net "SBADRI5", 0 0, o00000000065f6c88;  0 drivers
o00000000065f6cb8 .functor BUFZ 1, C4<z>; HiZ drive
v000000000663e010_0 .net "SBADRI6", 0 0, o00000000065f6cb8;  0 drivers
o00000000065f6ce8 .functor BUFZ 1, C4<z>; HiZ drive
v000000000663e470_0 .net "SBADRI7", 0 0, o00000000065f6ce8;  0 drivers
o00000000065f6d18 .functor BUFZ 1, C4<z>; HiZ drive
v000000000663e510_0 .net "SBCLKI", 0 0, o00000000065f6d18;  0 drivers
o00000000065f6d48 .functor BUFZ 1, C4<z>; HiZ drive
v000000000663e650_0 .net "SBDATI0", 0 0, o00000000065f6d48;  0 drivers
o00000000065f6d78 .functor BUFZ 1, C4<z>; HiZ drive
v000000000663e830_0 .net "SBDATI1", 0 0, o00000000065f6d78;  0 drivers
o00000000065f6da8 .functor BUFZ 1, C4<z>; HiZ drive
v000000000663e8d0_0 .net "SBDATI2", 0 0, o00000000065f6da8;  0 drivers
o00000000065f6dd8 .functor BUFZ 1, C4<z>; HiZ drive
v000000000663db10_0 .net "SBDATI3", 0 0, o00000000065f6dd8;  0 drivers
o00000000065f6e08 .functor BUFZ 1, C4<z>; HiZ drive
v000000000663d430_0 .net "SBDATI4", 0 0, o00000000065f6e08;  0 drivers
o00000000065f6e38 .functor BUFZ 1, C4<z>; HiZ drive
v000000000663b810_0 .net "SBDATI5", 0 0, o00000000065f6e38;  0 drivers
o00000000065f6e68 .functor BUFZ 1, C4<z>; HiZ drive
v000000000663bbd0_0 .net "SBDATI6", 0 0, o00000000065f6e68;  0 drivers
o00000000065f6e98 .functor BUFZ 1, C4<z>; HiZ drive
v000000000663c3f0_0 .net "SBDATI7", 0 0, o00000000065f6e98;  0 drivers
o00000000065f6ec8 .functor BUFZ 1, C4<z>; HiZ drive
v000000000663c7b0_0 .net "SBDATO0", 0 0, o00000000065f6ec8;  0 drivers
o00000000065f6ef8 .functor BUFZ 1, C4<z>; HiZ drive
v000000000663d250_0 .net "SBDATO1", 0 0, o00000000065f6ef8;  0 drivers
o00000000065f6f28 .functor BUFZ 1, C4<z>; HiZ drive
v000000000663c210_0 .net "SBDATO2", 0 0, o00000000065f6f28;  0 drivers
o00000000065f6f58 .functor BUFZ 1, C4<z>; HiZ drive
v000000000663d570_0 .net "SBDATO3", 0 0, o00000000065f6f58;  0 drivers
o00000000065f6f88 .functor BUFZ 1, C4<z>; HiZ drive
v000000000663c850_0 .net "SBDATO4", 0 0, o00000000065f6f88;  0 drivers
o00000000065f6fb8 .functor BUFZ 1, C4<z>; HiZ drive
v000000000663c530_0 .net "SBDATO5", 0 0, o00000000065f6fb8;  0 drivers
o00000000065f6fe8 .functor BUFZ 1, C4<z>; HiZ drive
v000000000663dd90_0 .net "SBDATO6", 0 0, o00000000065f6fe8;  0 drivers
o00000000065f7018 .functor BUFZ 1, C4<z>; HiZ drive
v000000000663c990_0 .net "SBDATO7", 0 0, o00000000065f7018;  0 drivers
o00000000065f7048 .functor BUFZ 1, C4<z>; HiZ drive
v000000000663c0d0_0 .net "SBRWI", 0 0, o00000000065f7048;  0 drivers
o00000000065f7078 .functor BUFZ 1, C4<z>; HiZ drive
v000000000663d2f0_0 .net "SBSTBI", 0 0, o00000000065f7078;  0 drivers
o00000000065f70a8 .functor BUFZ 1, C4<z>; HiZ drive
v000000000663c710_0 .net "SCLI", 0 0, o00000000065f70a8;  0 drivers
o00000000065f70d8 .functor BUFZ 1, C4<z>; HiZ drive
v000000000663bef0_0 .net "SCLO", 0 0, o00000000065f70d8;  0 drivers
o00000000065f7108 .functor BUFZ 1, C4<z>; HiZ drive
v000000000663d7f0_0 .net "SCLOE", 0 0, o00000000065f7108;  0 drivers
o00000000065f7138 .functor BUFZ 1, C4<z>; HiZ drive
v000000000663ded0_0 .net "SDAI", 0 0, o00000000065f7138;  0 drivers
o00000000065f7168 .functor BUFZ 1, C4<z>; HiZ drive
v000000000663de30_0 .net "SDAO", 0 0, o00000000065f7168;  0 drivers
o00000000065f7198 .functor BUFZ 1, C4<z>; HiZ drive
v000000000663bc70_0 .net "SDAOE", 0 0, o00000000065f7198;  0 drivers
S_00000000065d5570 .scope module, "SB_IO_I3C" "SB_IO_I3C" 2 2862;
 .timescale -12 -12;
    .port_info 0 /INOUT 1 "PACKAGE_PIN";
    .port_info 1 /INPUT 1 "LATCH_INPUT_VALUE";
    .port_info 2 /INPUT 1 "CLOCK_ENABLE";
    .port_info 3 /INPUT 1 "INPUT_CLK";
    .port_info 4 /INPUT 1 "OUTPUT_CLK";
    .port_info 5 /INPUT 1 "OUTPUT_ENABLE";
    .port_info 6 /INPUT 1 "D_OUT_0";
    .port_info 7 /INPUT 1 "D_OUT_1";
    .port_info 8 /OUTPUT 1 "D_IN_0";
    .port_info 9 /OUTPUT 1 "D_IN_1";
    .port_info 10 /INPUT 1 "PU_ENB";
    .port_info 11 /INPUT 1 "WEAK_PU_ENB";
P_000000000635f530 .param/str "IO_STANDARD" 0 2 2880, "SB_LVCMOS";
P_000000000635f568 .param/l "NEG_TRIGGER" 0 2 2879, C4<0>;
P_000000000635f5a0 .param/l "PIN_TYPE" 0 2 2876, C4<000000>;
P_000000000635f5d8 .param/l "PULLUP" 0 2 2877, C4<0>;
P_000000000635f610 .param/l "WEAK_PULLUP" 0 2 2878, C4<0>;
L_000000000653fbf0 .functor BUFZ 1, v000000000663cad0_0, C4<0>, C4<0>, C4<0>;
L_00000000063fc5e0 .functor BUFZ 1, v000000000663d6b0_0, C4<0>, C4<0>, C4<0>;
o00000000065f7888 .functor BUFZ 1, C4<z>; HiZ drive
v000000000663cc10_0 .net "CLOCK_ENABLE", 0 0, o00000000065f7888;  0 drivers
v000000000663ccb0_0 .net "D_IN_0", 0 0, L_000000000653fbf0;  1 drivers
v000000000663d110_0 .net "D_IN_1", 0 0, L_00000000063fc5e0;  1 drivers
o00000000065f7918 .functor BUFZ 1, C4<z>; HiZ drive
v000000000663be50_0 .net "D_OUT_0", 0 0, o00000000065f7918;  0 drivers
o00000000065f7948 .functor BUFZ 1, C4<z>; HiZ drive
v000000000663bf90_0 .net "D_OUT_1", 0 0, o00000000065f7948;  0 drivers
o00000000065f7978 .functor BUFZ 1, C4<z>; HiZ drive
v000000000663cfd0_0 .net "INPUT_CLK", 0 0, o00000000065f7978;  0 drivers
o00000000065f79a8 .functor BUFZ 1, C4<z>; HiZ drive
v000000000663c2b0_0 .net "LATCH_INPUT_VALUE", 0 0, o00000000065f79a8;  0 drivers
o00000000065f79d8 .functor BUFZ 1, C4<z>; HiZ drive
v000000000663b8b0_0 .net "OUTPUT_CLK", 0 0, o00000000065f79d8;  0 drivers
o00000000065f7a08 .functor BUFZ 1, C4<z>; HiZ drive
v000000000663ca30_0 .net "OUTPUT_ENABLE", 0 0, o00000000065f7a08;  0 drivers
o00000000065f7a38 .functor BUFZ 1, C4<z>; HiZ drive
v000000000663dcf0_0 .net "PACKAGE_PIN", 0 0, o00000000065f7a38;  0 drivers
o00000000065f7a68 .functor BUFZ 1, C4<z>; HiZ drive
v000000000663d070_0 .net "PU_ENB", 0 0, o00000000065f7a68;  0 drivers
o00000000065f7a98 .functor BUFZ 1, C4<z>; HiZ drive
v000000000663bdb0_0 .net "WEAK_PU_ENB", 0 0, o00000000065f7a98;  0 drivers
v000000000663cad0_0 .var "din_0", 0 0;
v000000000663d6b0_0 .var "din_1", 0 0;
v000000000663d610_0 .var "din_q_0", 0 0;
v000000000663ce90_0 .var "din_q_1", 0 0;
v000000000663d4d0_0 .var "dout", 0 0;
v000000000663d750_0 .var "dout_q_0", 0 0;
v000000000663b950_0 .var "dout_q_1", 0 0;
v000000000663d890_0 .var "outclk_delayed_1", 0 0;
v000000000663cb70_0 .var "outclk_delayed_2", 0 0;
v000000000663d930_0 .var "outena_q", 0 0;
E_00000000065b2650 .event anyedge, v000000000663cb70_0, v000000000663d750_0, v000000000663b950_0;
E_00000000065b1b50 .event anyedge, v000000000663d890_0;
E_00000000065b2250 .event anyedge, v000000000663b8b0_0;
E_00000000065b1d50 .event anyedge, v000000000663d610_0, v000000000663ce90_0;
S_00000000065dd250 .scope generate, "genblk1" "genblk1" 2 2888, 2 2888 0, S_00000000065d5570;
 .timescale -12 -12;
E_00000000065b23d0 .event posedge, v000000000663b8b0_0;
E_00000000065b1cd0 .event negedge, v000000000663b8b0_0;
E_00000000065b2090 .event negedge, v000000000663cfd0_0;
E_00000000065b1e10 .event posedge, v000000000663cfd0_0;
S_00000000065d6060 .scope module, "SB_IO_OD" "SB_IO_OD" 2 2931;
 .timescale -12 -12;
    .port_info 0 /INOUT 1 "PACKAGEPIN";
    .port_info 1 /INPUT 1 "LATCHINPUTVALUE";
    .port_info 2 /INPUT 1 "CLOCKENABLE";
    .port_info 3 /INPUT 1 "INPUTCLK";
    .port_info 4 /INPUT 1 "OUTPUTCLK";
    .port_info 5 /INPUT 1 "OUTPUTENABLE";
    .port_info 6 /INPUT 1 "DOUT1";
    .port_info 7 /INPUT 1 "DOUT0";
    .port_info 8 /OUTPUT 1 "DIN1";
    .port_info 9 /OUTPUT 1 "DIN0";
P_0000000006491be0 .param/l "NEG_TRIGGER" 0 2 2944, C4<0>;
P_0000000006491c18 .param/l "PIN_TYPE" 0 2 2943, C4<000000>;
L_00000000063fc730 .functor BUFZ 1, v000000000663c8f0_0, C4<0>, C4<0>, C4<0>;
L_00000000063cddf0 .functor BUFZ 1, v000000000663cdf0_0, C4<0>, C4<0>, C4<0>;
o00000000065f7ee8 .functor BUFZ 1, C4<z>; HiZ drive
v000000000663b9f0_0 .net "CLOCKENABLE", 0 0, o00000000065f7ee8;  0 drivers
v000000000663c5d0_0 .net "DIN0", 0 0, L_00000000063fc730;  1 drivers
v000000000663d9d0_0 .net "DIN1", 0 0, L_00000000063cddf0;  1 drivers
o00000000065f7f78 .functor BUFZ 1, C4<z>; HiZ drive
v000000000663dbb0_0 .net "DOUT0", 0 0, o00000000065f7f78;  0 drivers
o00000000065f7fa8 .functor BUFZ 1, C4<z>; HiZ drive
v000000000663ba90_0 .net "DOUT1", 0 0, o00000000065f7fa8;  0 drivers
o00000000065f7fd8 .functor BUFZ 1, C4<z>; HiZ drive
v000000000663c170_0 .net "INPUTCLK", 0 0, o00000000065f7fd8;  0 drivers
o00000000065f8008 .functor BUFZ 1, C4<z>; HiZ drive
v000000000663c030_0 .net "LATCHINPUTVALUE", 0 0, o00000000065f8008;  0 drivers
o00000000065f8038 .functor BUFZ 1, C4<z>; HiZ drive
v000000000663c670_0 .net "OUTPUTCLK", 0 0, o00000000065f8038;  0 drivers
o00000000065f8068 .functor BUFZ 1, C4<z>; HiZ drive
v000000000663d390_0 .net "OUTPUTENABLE", 0 0, o00000000065f8068;  0 drivers
o00000000065f8098 .functor BUFZ 1, C4<z>; HiZ drive
v000000000663cd50_0 .net "PACKAGEPIN", 0 0, o00000000065f8098;  0 drivers
v000000000663c8f0_0 .var "din_0", 0 0;
v000000000663cdf0_0 .var "din_1", 0 0;
v000000000663bd10_0 .var "din_q_0", 0 0;
v000000000663cf30_0 .var "din_q_1", 0 0;
v000000000663d1b0_0 .var "dout", 0 0;
v000000000663da70_0 .var "dout_q_0", 0 0;
v000000000663bb30_0 .var "dout_q_1", 0 0;
v000000000663c350_0 .var "outclk_delayed_1", 0 0;
v000000000663c490_0 .var "outclk_delayed_2", 0 0;
v000000000663dc50_0 .var "outena_q", 0 0;
E_00000000065b1e50 .event anyedge, v000000000663c490_0, v000000000663da70_0, v000000000663bb30_0;
E_00000000065b2010 .event anyedge, v000000000663c350_0;
E_00000000065b1f90 .event anyedge, v000000000663c670_0;
E_00000000065b2050 .event anyedge, v000000000663bd10_0, v000000000663cf30_0;
S_00000000065dcda0 .scope generate, "genblk1" "genblk1" 2 2952, 2 2952 0, S_00000000065d6060;
 .timescale -12 -12;
E_00000000065b1f50 .event posedge, v000000000663c670_0;
E_00000000065b1a10 .event negedge, v000000000663c670_0;
E_00000000065b1990 .event negedge, v000000000663c170_0;
E_00000000065b1fd0 .event posedge, v000000000663c170_0;
S_00000000065d4c10 .scope module, "SB_LEDDA_IP" "SB_LEDDA_IP" 2 2830;
 .timescale -12 -12;
    .port_info 0 /INPUT 1 "LEDDCS";
    .port_info 1 /INPUT 1 "LEDDCLK";
    .port_info 2 /INPUT 1 "LEDDDAT7";
    .port_info 3 /INPUT 1 "LEDDDAT6";
    .port_info 4 /INPUT 1 "LEDDDAT5";
    .port_info 5 /INPUT 1 "LEDDDAT4";
    .port_info 6 /INPUT 1 "LEDDDAT3";
    .port_info 7 /INPUT 1 "LEDDDAT2";
    .port_info 8 /INPUT 1 "LEDDDAT1";
    .port_info 9 /INPUT 1 "LEDDDAT0";
    .port_info 10 /INPUT 1 "LEDDADDR3";
    .port_info 11 /INPUT 1 "LEDDADDR2";
    .port_info 12 /INPUT 1 "LEDDADDR1";
    .port_info 13 /INPUT 1 "LEDDADDR0";
    .port_info 14 /INPUT 1 "LEDDDEN";
    .port_info 15 /INPUT 1 "LEDDEXE";
    .port_info 16 /INPUT 1 "LEDDRST";
    .port_info 17 /OUTPUT 1 "PWMOUT0";
    .port_info 18 /OUTPUT 1 "PWMOUT1";
    .port_info 19 /OUTPUT 1 "PWMOUT2";
    .port_info 20 /OUTPUT 1 "LEDDON";
o00000000065f8488 .functor BUFZ 1, C4<z>; HiZ drive
v000000000663df70_0 .net "LEDDADDR0", 0 0, o00000000065f8488;  0 drivers
o00000000065f84b8 .functor BUFZ 1, C4<z>; HiZ drive
v0000000006642160_0 .net "LEDDADDR1", 0 0, o00000000065f84b8;  0 drivers
o00000000065f84e8 .functor BUFZ 1, C4<z>; HiZ drive
v00000000066431a0_0 .net "LEDDADDR2", 0 0, o00000000065f84e8;  0 drivers
o00000000065f8518 .functor BUFZ 1, C4<z>; HiZ drive
v0000000006643060_0 .net "LEDDADDR3", 0 0, o00000000065f8518;  0 drivers
o00000000065f8548 .functor BUFZ 1, C4<z>; HiZ drive
v00000000066420c0_0 .net "LEDDCLK", 0 0, o00000000065f8548;  0 drivers
o00000000065f8578 .functor BUFZ 1, C4<z>; HiZ drive
v0000000006642de0_0 .net "LEDDCS", 0 0, o00000000065f8578;  0 drivers
o00000000065f85a8 .functor BUFZ 1, C4<z>; HiZ drive
v00000000066428e0_0 .net "LEDDDAT0", 0 0, o00000000065f85a8;  0 drivers
o00000000065f85d8 .functor BUFZ 1, C4<z>; HiZ drive
v0000000006642700_0 .net "LEDDDAT1", 0 0, o00000000065f85d8;  0 drivers
o00000000065f8608 .functor BUFZ 1, C4<z>; HiZ drive
v0000000006643420_0 .net "LEDDDAT2", 0 0, o00000000065f8608;  0 drivers
o00000000065f8638 .functor BUFZ 1, C4<z>; HiZ drive
v0000000006642200_0 .net "LEDDDAT3", 0 0, o00000000065f8638;  0 drivers
o00000000065f8668 .functor BUFZ 1, C4<z>; HiZ drive
v0000000006643100_0 .net "LEDDDAT4", 0 0, o00000000065f8668;  0 drivers
o00000000065f8698 .functor BUFZ 1, C4<z>; HiZ drive
v00000000066432e0_0 .net "LEDDDAT5", 0 0, o00000000065f8698;  0 drivers
o00000000065f86c8 .functor BUFZ 1, C4<z>; HiZ drive
v00000000066422a0_0 .net "LEDDDAT6", 0 0, o00000000065f86c8;  0 drivers
o00000000065f86f8 .functor BUFZ 1, C4<z>; HiZ drive
v0000000006642480_0 .net "LEDDDAT7", 0 0, o00000000065f86f8;  0 drivers
o00000000065f8728 .functor BUFZ 1, C4<z>; HiZ drive
v0000000006643240_0 .net "LEDDDEN", 0 0, o00000000065f8728;  0 drivers
o00000000065f8758 .functor BUFZ 1, C4<z>; HiZ drive
v0000000006642ca0_0 .net "LEDDEXE", 0 0, o00000000065f8758;  0 drivers
o00000000065f8788 .functor BUFZ 1, C4<z>; HiZ drive
v0000000006642c00_0 .net "LEDDON", 0 0, o00000000065f8788;  0 drivers
o00000000065f87b8 .functor BUFZ 1, C4<z>; HiZ drive
v0000000006642e80_0 .net "LEDDRST", 0 0, o00000000065f87b8;  0 drivers
o00000000065f87e8 .functor BUFZ 1, C4<z>; HiZ drive
v0000000006642520_0 .net "PWMOUT0", 0 0, o00000000065f87e8;  0 drivers
o00000000065f8818 .functor BUFZ 1, C4<z>; HiZ drive
v0000000006642660_0 .net "PWMOUT1", 0 0, o00000000065f8818;  0 drivers
o00000000065f8848 .functor BUFZ 1, C4<z>; HiZ drive
v0000000006642f20_0 .net "PWMOUT2", 0 0, o00000000065f8848;  0 drivers
S_00000000065d5bb0 .scope module, "SB_LED_DRV_CUR" "SB_LED_DRV_CUR" 2 2709;
 .timescale -12 -12;
    .port_info 0 /INPUT 1 "EN";
    .port_info 1 /OUTPUT 1 "LEDPU";
o00000000065f8c68 .functor BUFZ 1, C4<z>; HiZ drive
v00000000066434c0_0 .net "EN", 0 0, o00000000065f8c68;  0 drivers
o00000000065f8c98 .functor BUFZ 1, C4<z>; HiZ drive
v0000000006642d40_0 .net "LEDPU", 0 0, o00000000065f8c98;  0 drivers
S_00000000065d5d40 .scope module, "SB_LFOSC" "SB_LFOSC" 2 2684;
 .timescale -12 -12;
    .port_info 0 /INPUT 1 "CLKLFPU";
    .port_info 1 /INPUT 1 "CLKLFEN";
    .port_info 2 /OUTPUT 1 "CLKLF";
o00000000065f8d28 .functor BUFZ 1, C4<z>; HiZ drive
v0000000006642a20_0 .net "CLKLF", 0 0, o00000000065f8d28;  0 drivers
o00000000065f8d58 .functor BUFZ 1, C4<z>; HiZ drive
v00000000066427a0_0 .net "CLKLFEN", 0 0, o00000000065f8d58;  0 drivers
o00000000065f8d88 .functor BUFZ 1, C4<z>; HiZ drive
v0000000006642840_0 .net "CLKLFPU", 0 0, o00000000065f8d88;  0 drivers
S_00000000065d6380 .scope module, "SB_LUT4" "SB_LUT4" 2 177;
 .timescale -12 -12;
    .port_info 0 /OUTPUT 1 "O";
    .port_info 1 /INPUT 1 "I0";
    .port_info 2 /INPUT 1 "I1";
    .port_info 3 /INPUT 1 "I2";
    .port_info 4 /INPUT 1 "I3";
P_00000000065b0e90 .param/l "LUT_INIT" 0 2 184, C4<0000000000000000>;
o00000000065f8e48 .functor BUFZ 1, C4<z>; HiZ drive
v0000000006642980_0 .net "I0", 0 0, o00000000065f8e48;  0 drivers
o00000000065f8e78 .functor BUFZ 1, C4<z>; HiZ drive
v0000000006642ac0_0 .net "I1", 0 0, o00000000065f8e78;  0 drivers
o00000000065f8ea8 .functor BUFZ 1, C4<z>; HiZ drive
v0000000006643560_0 .net "I2", 0 0, o00000000065f8ea8;  0 drivers
o00000000065f8ed8 .functor BUFZ 1, C4<z>; HiZ drive
v0000000006642b60_0 .net "I3", 0 0, o00000000065f8ed8;  0 drivers
v0000000006643380_0 .net "O", 0 0, L_00000000066bd510;  1 drivers
L_0000000006662c50 .functor BUFT 1, C4<00000000>, C4<0>, C4<0>, C4<0>;
v0000000006642fc0_0 .net/2u *"_ivl_0", 7 0, L_0000000006662c50;  1 drivers
v0000000006643600_0 .net *"_ivl_13", 1 0, L_00000000066bf8b0;  1 drivers
v00000000066423e0_0 .net *"_ivl_15", 1 0, L_00000000066bdd30;  1 drivers
v00000000066436a0_0 .net *"_ivl_19", 0 0, L_00000000066bee10;  1 drivers
L_0000000006662c98 .functor BUFT 1, C4<00000000>, C4<0>, C4<0>, C4<0>;
v0000000006642020_0 .net/2u *"_ivl_2", 7 0, L_0000000006662c98;  1 drivers
v0000000006642340_0 .net *"_ivl_21", 0 0, L_00000000066be4b0;  1 drivers
v00000000066425c0_0 .net *"_ivl_7", 3 0, L_00000000066bed70;  1 drivers
v00000000066407c0_0 .net *"_ivl_9", 3 0, L_00000000066bdc90;  1 drivers
v000000000663fb40_0 .net "s1", 1 0, L_00000000066be230;  1 drivers
v0000000006641580_0 .net "s2", 3 0, L_00000000066bf310;  1 drivers
v0000000006640680_0 .net "s3", 7 0, L_00000000066bdab0;  1 drivers
L_00000000066bdab0 .functor MUXZ 8, L_0000000006662c98, L_0000000006662c50, o00000000065f8ed8, C4<>;
L_00000000066bed70 .part L_00000000066bdab0, 4, 4;
L_00000000066bdc90 .part L_00000000066bdab0, 0, 4;
L_00000000066bf310 .functor MUXZ 4, L_00000000066bdc90, L_00000000066bed70, o00000000065f8ea8, C4<>;
L_00000000066bf8b0 .part L_00000000066bf310, 2, 2;
L_00000000066bdd30 .part L_00000000066bf310, 0, 2;
L_00000000066be230 .functor MUXZ 2, L_00000000066bdd30, L_00000000066bf8b0, o00000000065f8e78, C4<>;
L_00000000066bee10 .part L_00000000066be230, 1, 1;
L_00000000066be4b0 .part L_00000000066be230, 0, 1;
L_00000000066bd510 .functor MUXZ 1, L_00000000066be4b0, L_00000000066bee10, o00000000065f8e48, C4<>;
S_00000000065d61f0 .scope module, "SB_MAC16" "SB_MAC16" 2 2996;
 .timescale -12 -12;
    .port_info 0 /INPUT 1 "CLK";
    .port_info 1 /INPUT 1 "CE";
    .port_info 2 /INPUT 16 "C";
    .port_info 3 /INPUT 16 "A";
    .port_info 4 /INPUT 16 "B";
    .port_info 5 /INPUT 16 "D";
    .port_info 6 /INPUT 1 "AHOLD";
    .port_info 7 /INPUT 1 "BHOLD";
    .port_info 8 /INPUT 1 "CHOLD";
    .port_info 9 /INPUT 1 "DHOLD";
    .port_info 10 /INPUT 1 "IRSTTOP";
    .port_info 11 /INPUT 1 "IRSTBOT";
    .port_info 12 /INPUT 1 "ORSTTOP";
    .port_info 13 /INPUT 1 "ORSTBOT";
    .port_info 14 /INPUT 1 "OLOADTOP";
    .port_info 15 /INPUT 1 "OLOADBOT";
    .port_info 16 /INPUT 1 "ADDSUBTOP";
    .port_info 17 /INPUT 1 "ADDSUBBOT";
    .port_info 18 /INPUT 1 "OHOLDTOP";
    .port_info 19 /INPUT 1 "OHOLDBOT";
    .port_info 20 /INPUT 1 "CI";
    .port_info 21 /INPUT 1 "ACCUMCI";
    .port_info 22 /INPUT 1 "SIGNEXTIN";
    .port_info 23 /OUTPUT 32 "O";
    .port_info 24 /OUTPUT 1 "CO";
    .port_info 25 /OUTPUT 1 "ACCUMCO";
    .port_info 26 /OUTPUT 1 "SIGNEXTOUT";
P_0000000006359730 .param/l "A_REG" 0 2 3011, C4<0>;
P_0000000006359768 .param/l "A_SIGNED" 0 2 3027, C4<0>;
P_00000000063597a0 .param/l "BOTADDSUB_CARRYSELECT" 0 2 3025, C4<00>;
P_00000000063597d8 .param/l "BOTADDSUB_LOWERINPUT" 0 2 3023, C4<00>;
P_0000000006359810 .param/l "BOTADDSUB_UPPERINPUT" 0 2 3024, C4<0>;
P_0000000006359848 .param/l "BOTOUTPUT_SELECT" 0 2 3022, C4<00>;
P_0000000006359880 .param/l "BOT_8x8_MULT_REG" 0 2 3015, C4<0>;
P_00000000063598b8 .param/l "B_REG" 0 2 3012, C4<0>;
P_00000000063598f0 .param/l "B_SIGNED" 0 2 3028, C4<0>;
P_0000000006359928 .param/l "C_REG" 0 2 3010, C4<0>;
P_0000000006359960 .param/l "D_REG" 0 2 3013, C4<0>;
P_0000000006359998 .param/l "MODE_8x8" 0 2 3026, C4<0>;
P_00000000063599d0 .param/l "NEG_TRIGGER" 0 2 3009, C4<0>;
P_0000000006359a08 .param/l "PIPELINE_16x16_MULT_REG1" 0 2 3016, C4<0>;
P_0000000006359a40 .param/l "PIPELINE_16x16_MULT_REG2" 0 2 3017, C4<0>;
P_0000000006359a78 .param/l "TOPADDSUB_CARRYSELECT" 0 2 3021, C4<00>;
P_0000000006359ab0 .param/l "TOPADDSUB_LOWERINPUT" 0 2 3019, C4<00>;
P_0000000006359ae8 .param/l "TOPADDSUB_UPPERINPUT" 0 2 3020, C4<0>;
P_0000000006359b20 .param/l "TOPOUTPUT_SELECT" 0 2 3018, C4<00>;
P_0000000006359b58 .param/l "TOP_8x8_MULT_REG" 0 2 3014, C4<0>;
o00000000065f9538 .functor BUFZ 1, C4<z>; HiZ drive
L_0000000006662ce0 .functor BUFT 1, C4<0>, C4<0>, C4<0>, C4<0>;
L_00000000063ce1e0 .functor XOR 1, o00000000065f9538, L_0000000006662ce0, C4<0>, C4<0>;
o00000000065f9478 .functor BUFZ 16, C4<zzzzzzzzzzzzzzzz>; HiZ drive
L_00000000066d63b0 .functor BUFZ 16, o00000000065f9478, C4<0000000000000000>, C4<0000000000000000>, C4<0000000000000000>;
o00000000065f9238 .functor BUFZ 16, C4<zzzzzzzzzzzzzzzz>; HiZ drive
L_00000000066d5930 .functor BUFZ 16, o00000000065f9238, C4<0000000000000000>, C4<0000000000000000>, C4<0000000000000000>;
o00000000065f93b8 .functor BUFZ 16, C4<zzzzzzzzzzzzzzzz>; HiZ drive
L_00000000066d5310 .functor BUFZ 16, o00000000065f93b8, C4<0000000000000000>, C4<0000000000000000>, C4<0000000000000000>;
o00000000065f9598 .functor BUFZ 16, C4<zzzzzzzzzzzzzzzz>; HiZ drive
L_00000000066d5af0 .functor BUFZ 16, o00000000065f9598, C4<0000000000000000>, C4<0000000000000000>, C4<0000000000000000>;
L_00000000066d66c0 .functor BUFZ 16, L_00000000066be370, C4<0000000000000000>, C4<0000000000000000>, C4<0000000000000000>;
L_00000000066d6a40 .functor BUFZ 16, L_00000000066be410, C4<0000000000000000>, C4<0000000000000000>, C4<0000000000000000>;
L_00000000066d59a0 .functor BUFZ 16, L_00000000066bf4f0, C4<0000000000000000>, C4<0000000000000000>, C4<0000000000000000>;
L_00000000066d61f0 .functor BUFZ 16, L_00000000066bfb30, C4<0000000000000000>, C4<0000000000000000>, C4<0000000000000000>;
L_00000000066d5380 .functor BUFZ 32, L_00000000066c08f0, C4<00000000000000000000000000000000>, C4<00000000000000000000000000000000>, C4<00000000000000000000000000000000>;
L_00000000066d52a0 .functor BUFZ 16, v0000000006650a20_0, C4<0000000000000000>, C4<0000000000000000>, C4<0000000000000000>;
L_00000000066d5d20 .functor BUFZ 16, L_00000000066d5930, C4<0000000000000000>, C4<0000000000000000>, C4<0000000000000000>;
L_00000000066d6650 .functor XOR 17, L_00000000066c1c50, L_00000000066c1610, C4<00000000000000000>, C4<00000000000000000>;
o00000000065f92f8 .functor BUFZ 1, C4<z>; HiZ drive
L_00000000066d5850 .functor XOR 1, L_00000000066c1070, o00000000065f92f8, C4<0>, C4<0>;
L_00000000066d62d0 .functor XOR 16, L_00000000066c1bb0, L_00000000066c0990, C4<0000000000000000>, C4<0000000000000000>;
L_00000000066d5690 .functor BUFZ 16, L_00000000066c0a30, C4<0000000000000000>, C4<0000000000000000>, C4<0000000000000000>;
L_00000000066d5cb0 .functor BUFZ 16, v0000000006650ca0_0, C4<0000000000000000>, C4<0000000000000000>, C4<0000000000000000>;
L_00000000066d6260 .functor BUFZ 16, L_00000000066d5310, C4<0000000000000000>, C4<0000000000000000>, C4<0000000000000000>;
L_00000000066d6810 .functor XOR 17, L_00000000066c1570, L_00000000066c1930, C4<00000000000000000>, C4<00000000000000000>;
L_00000000066d6730 .functor XOR 16, L_00000000066c2010, L_00000000066c0ad0, C4<0000000000000000>, C4<0000000000000000>;
L_00000000066d6570 .functor BUFZ 16, L_00000000066c0530, C4<0000000000000000>, C4<0000000000000000>, C4<0000000000000000>;
v0000000006641620_0 .net "A", 15 0, o00000000065f9238;  0 drivers
o00000000065f9268 .functor BUFZ 1, C4<z>; HiZ drive
v000000000663fbe0_0 .net "ACCUMCI", 0 0, o00000000065f9268;  0 drivers
v0000000006640ea0_0 .net "ACCUMCO", 0 0, L_00000000066c1070;  1 drivers
o00000000065f92c8 .functor BUFZ 1, C4<z>; HiZ drive
v0000000006640180_0 .net "ADDSUBBOT", 0 0, o00000000065f92c8;  0 drivers
v0000000006640540_0 .net "ADDSUBTOP", 0 0, o00000000065f92f8;  0 drivers
o00000000065f9328 .functor BUFZ 1, C4<z>; HiZ drive
v000000000663fa00_0 .net "AHOLD", 0 0, o00000000065f9328;  0 drivers
v00000000066402c0_0 .net "Ah", 15 0, L_00000000066bea50;  1 drivers
v0000000006641300_0 .net "Al", 15 0, L_00000000066bf950;  1 drivers
v0000000006640860_0 .net "B", 15 0, o00000000065f93b8;  0 drivers
o00000000065f93e8 .functor BUFZ 1, C4<z>; HiZ drive
v0000000006640b80_0 .net "BHOLD", 0 0, o00000000065f93e8;  0 drivers
v00000000066400e0_0 .net "Bh", 15 0, L_00000000066be550;  1 drivers
v0000000006640f40_0 .net "Bl", 15 0, L_00000000066bf630;  1 drivers
v00000000066413a0_0 .net "C", 15 0, o00000000065f9478;  0 drivers
o00000000065f94a8 .functor BUFZ 1, C4<z>; HiZ drive
v00000000066409a0_0 .net "CE", 0 0, o00000000065f94a8;  0 drivers
o00000000065f94d8 .functor BUFZ 1, C4<z>; HiZ drive
v0000000006640900_0 .net "CHOLD", 0 0, o00000000065f94d8;  0 drivers
o00000000065f9508 .functor BUFZ 1, C4<z>; HiZ drive
v0000000006640c20_0 .net "CI", 0 0, o00000000065f9508;  0 drivers
v000000000663fd20_0 .net "CLK", 0 0, o00000000065f9538;  0 drivers
v00000000066416c0_0 .net "CO", 0 0, L_00000000066d5850;  1 drivers
v0000000006641440_0 .net "D", 15 0, o00000000065f9598;  0 drivers
o00000000065f95c8 .functor BUFZ 1, C4<z>; HiZ drive
v000000000663f960_0 .net "DHOLD", 0 0, o00000000065f95c8;  0 drivers
L_0000000006663238 .functor BUFT 1, C4<0>, C4<0>, C4<0>, C4<0>;
v000000000663f8c0_0 .net "HCI", 0 0, L_0000000006663238;  1 drivers
o00000000065f9628 .functor BUFZ 1, C4<z>; HiZ drive
v0000000006640fe0_0 .net "IRSTBOT", 0 0, o00000000065f9628;  0 drivers
o00000000065f9658 .functor BUFZ 1, C4<z>; HiZ drive
v0000000006640220_0 .net "IRSTTOP", 0 0, o00000000065f9658;  0 drivers
L_0000000006663358 .functor BUFT 1, C4<0>, C4<0>, C4<0>, C4<0>;
v000000000663faa0_0 .net "LCI", 0 0, L_0000000006663358;  1 drivers
v0000000006640a40_0 .net "LCO", 0 0, L_00000000066c0b70;  1 drivers
v0000000006640400_0 .net "O", 31 0, L_00000000066c1430;  1 drivers
o00000000065f9718 .functor BUFZ 1, C4<z>; HiZ drive
v0000000006641080_0 .net "OHOLDBOT", 0 0, o00000000065f9718;  0 drivers
o00000000065f9748 .functor BUFZ 1, C4<z>; HiZ drive
v000000000663fdc0_0 .net "OHOLDTOP", 0 0, o00000000065f9748;  0 drivers
o00000000065f9778 .functor BUFZ 1, C4<z>; HiZ drive
v0000000006640ae0_0 .net "OLOADBOT", 0 0, o00000000065f9778;  0 drivers
o00000000065f97a8 .functor BUFZ 1, C4<z>; HiZ drive
v00000000066414e0_0 .net "OLOADTOP", 0 0, o00000000065f97a8;  0 drivers
o00000000065f97d8 .functor BUFZ 1, C4<z>; HiZ drive
v0000000006641f80_0 .net "ORSTBOT", 0 0, o00000000065f97d8;  0 drivers
o00000000065f9808 .functor BUFZ 1, C4<z>; HiZ drive
v0000000006640360_0 .net "ORSTTOP", 0 0, o00000000065f9808;  0 drivers
v0000000006641760_0 .net "Oh", 15 0, L_00000000066d5690;  1 drivers
v0000000006641800_0 .net "Ol", 15 0, L_00000000066d6570;  1 drivers
o00000000065f9898 .functor BUFZ 1, C4<z>; HiZ drive
v00000000066404a0_0 .net "SIGNEXTIN", 0 0, o00000000065f9898;  0 drivers
v0000000006641120_0 .net "SIGNEXTOUT", 0 0, L_00000000066c1890;  1 drivers
v0000000006640cc0_0 .net "XW", 15 0, L_00000000066c1bb0;  1 drivers
v0000000006640d60_0 .net "YZ", 15 0, L_00000000066c2010;  1 drivers
v0000000006640e00_0 .net/2u *"_ivl_0", 0 0, L_0000000006662ce0;  1 drivers
v00000000066418a0_0 .net *"_ivl_100", 31 0, L_00000000066bd650;  1 drivers
L_00000000066630d0 .functor BUFT 1, C4<0000000000000000>, C4<0>, C4<0>, C4<0>;
v0000000006641ee0_0 .net *"_ivl_103", 15 0, L_00000000066630d0;  1 drivers
v0000000006640040_0 .net *"_ivl_104", 31 0, L_00000000066bd790;  1 drivers
v000000000663fe60_0 .net *"_ivl_106", 15 0, L_00000000066bfc70;  1 drivers
L_0000000006663118 .functor BUFT 1, C4<0000000000000000>, C4<0>, C4<0>, C4<0>;
v00000000066411c0_0 .net *"_ivl_108", 15 0, L_0000000006663118;  1 drivers
L_0000000006662d28 .functor BUFT 1, C4<00000000>, C4<0>, C4<0>, C4<0>;
v0000000006641260_0 .net/2u *"_ivl_12", 7 0, L_0000000006662d28;  1 drivers
v0000000006641940_0 .net *"_ivl_121", 16 0, L_00000000066c17f0;  1 drivers
L_0000000006663160 .functor BUFT 1, C4<0>, C4<0>, C4<0>, C4<0>;
v00000000066419e0_0 .net *"_ivl_124", 0 0, L_0000000006663160;  1 drivers
v0000000006641a80_0 .net *"_ivl_125", 16 0, L_00000000066c1c50;  1 drivers
L_00000000066631a8 .functor BUFT 1, C4<0>, C4<0>, C4<0>, C4<0>;
v0000000006641b20_0 .net *"_ivl_128", 0 0, L_00000000066631a8;  1 drivers
v0000000006641bc0_0 .net *"_ivl_129", 15 0, L_00000000066c0fd0;  1 drivers
v0000000006641c60_0 .net *"_ivl_131", 16 0, L_00000000066c1610;  1 drivers
L_00000000066631f0 .functor BUFT 1, C4<0>, C4<0>, C4<0>, C4<0>;
v000000000663fc80_0 .net *"_ivl_134", 0 0, L_00000000066631f0;  1 drivers
v0000000006641d00_0 .net *"_ivl_135", 16 0, L_00000000066d6650;  1 drivers
v00000000066405e0_0 .net *"_ivl_137", 16 0, L_00000000066c0490;  1 drivers
L_0000000006663478 .functor BUFT 1, C4<00000000000000000>, C4<0>, C4<0>, C4<0>;
v0000000006641da0_0 .net *"_ivl_139", 16 0, L_0000000006663478;  1 drivers
v0000000006641e40_0 .net *"_ivl_143", 16 0, L_00000000066c2150;  1 drivers
v000000000663f820_0 .net *"_ivl_147", 15 0, L_00000000066c0990;  1 drivers
v000000000663ff00_0 .net *"_ivl_149", 15 0, L_00000000066d62d0;  1 drivers
v0000000006640720_0 .net *"_ivl_15", 7 0, L_00000000066be190;  1 drivers
v000000000663ffa0_0 .net *"_ivl_168", 16 0, L_00000000066c1f70;  1 drivers
L_0000000006663280 .functor BUFT 1, C4<0>, C4<0>, C4<0>, C4<0>;
v000000000664ed60_0 .net *"_ivl_171", 0 0, L_0000000006663280;  1 drivers
v000000000664fee0_0 .net *"_ivl_172", 16 0, L_00000000066c1570;  1 drivers
L_00000000066632c8 .functor BUFT 1, C4<0>, C4<0>, C4<0>, C4<0>;
v00000000066500c0_0 .net *"_ivl_175", 0 0, L_00000000066632c8;  1 drivers
v00000000066503e0_0 .net *"_ivl_176", 15 0, L_00000000066c20b0;  1 drivers
v000000000664eea0_0 .net *"_ivl_178", 16 0, L_00000000066c1930;  1 drivers
L_0000000006662d70 .functor BUFT 1, C4<00000000>, C4<0>, C4<0>, C4<0>;
v000000000664f580_0 .net/2u *"_ivl_18", 7 0, L_0000000006662d70;  1 drivers
L_0000000006663310 .functor BUFT 1, C4<0>, C4<0>, C4<0>, C4<0>;
v000000000664eae0_0 .net *"_ivl_181", 0 0, L_0000000006663310;  1 drivers
v000000000664f800_0 .net *"_ivl_182", 16 0, L_00000000066d6810;  1 drivers
v000000000664fa80_0 .net *"_ivl_184", 16 0, L_00000000066c1110;  1 drivers
L_00000000066634c0 .functor BUFT 1, C4<00000000000000000>, C4<0>, C4<0>, C4<0>;
v0000000006650340_0 .net *"_ivl_186", 16 0, L_00000000066634c0;  1 drivers
v000000000664f3a0_0 .net *"_ivl_190", 16 0, L_00000000066c0850;  1 drivers
v000000000664e720_0 .net *"_ivl_192", 15 0, L_00000000066c0ad0;  1 drivers
v000000000664ec20_0 .net *"_ivl_194", 15 0, L_00000000066d6730;  1 drivers
v000000000664fb20_0 .net *"_ivl_21", 7 0, L_00000000066be2d0;  1 drivers
L_0000000006662db8 .functor BUFT 1, C4<00000000>, C4<0>, C4<0>, C4<0>;
v000000000664ea40_0 .net/2u *"_ivl_24", 7 0, L_0000000006662db8;  1 drivers
v000000000664e360_0 .net *"_ivl_27", 7 0, L_00000000066be050;  1 drivers
L_0000000006662e00 .functor BUFT 1, C4<00000000>, C4<0>, C4<0>, C4<0>;
v000000000664f760_0 .net/2u *"_ivl_30", 7 0, L_0000000006662e00;  1 drivers
v000000000664eb80_0 .net *"_ivl_33", 7 0, L_00000000066bde70;  1 drivers
L_0000000006662e48 .functor BUFT 1, C4<00000000>, C4<0>, C4<0>, C4<0>;
v000000000664e900_0 .net/2u *"_ivl_38", 7 0, L_0000000006662e48;  1 drivers
v000000000664fd00_0 .net *"_ivl_41", 7 0, L_00000000066be730;  1 drivers
v000000000664e7c0_0 .net *"_ivl_42", 15 0, L_00000000066bda10;  1 drivers
L_0000000006662e90 .functor BUFT 1, C4<00000000>, C4<0>, C4<0>, C4<0>;
v0000000006650160_0 .net/2u *"_ivl_46", 7 0, L_0000000006662e90;  1 drivers
v0000000006650660_0 .net *"_ivl_49", 7 0, L_00000000066bd6f0;  1 drivers
v000000000664fda0_0 .net *"_ivl_50", 15 0, L_00000000066bef50;  1 drivers
L_0000000006662ed8 .functor BUFT 1, C4<00000000>, C4<0>, C4<0>, C4<0>;
v000000000664ecc0_0 .net/2u *"_ivl_64", 7 0, L_0000000006662ed8;  1 drivers
L_0000000006662f20 .functor BUFT 1, C4<00000000>, C4<0>, C4<0>, C4<0>;
v00000000066507a0_0 .net/2u *"_ivl_68", 7 0, L_0000000006662f20;  1 drivers
v000000000664fe40_0 .net *"_ivl_72", 31 0, L_00000000066bf450;  1 drivers
L_0000000006662f68 .functor BUFT 1, C4<0000000000000000>, C4<0>, C4<0>, C4<0>;
v000000000664ee00_0 .net *"_ivl_75", 15 0, L_0000000006662f68;  1 drivers
v000000000664f6c0_0 .net *"_ivl_76", 31 0, L_00000000066be5f0;  1 drivers
L_0000000006662fb0 .functor BUFT 1, C4<00000000>, C4<0>, C4<0>, C4<0>;
v000000000664f620_0 .net *"_ivl_79", 7 0, L_0000000006662fb0;  1 drivers
v000000000664f8a0_0 .net *"_ivl_80", 31 0, L_00000000066bf590;  1 drivers
v000000000664f1c0_0 .net *"_ivl_82", 23 0, L_00000000066bf9f0;  1 drivers
L_0000000006662ff8 .functor BUFT 1, C4<00000000>, C4<0>, C4<0>, C4<0>;
v000000000664ff80_0 .net *"_ivl_84", 7 0, L_0000000006662ff8;  1 drivers
v0000000006650480_0 .net *"_ivl_86", 31 0, L_00000000066bf6d0;  1 drivers
v000000000664e400_0 .net *"_ivl_88", 31 0, L_00000000066bf770;  1 drivers
L_0000000006663040 .functor BUFT 1, C4<00000000>, C4<0>, C4<0>, C4<0>;
v000000000664ef40_0 .net *"_ivl_91", 7 0, L_0000000006663040;  1 drivers
v000000000664e4a0_0 .net *"_ivl_92", 31 0, L_00000000066bfbd0;  1 drivers
v000000000664e040_0 .net *"_ivl_94", 23 0, L_00000000066bfa90;  1 drivers
L_0000000006663088 .functor BUFT 1, C4<00000000>, C4<0>, C4<0>, C4<0>;
v000000000664f940_0 .net *"_ivl_96", 7 0, L_0000000006663088;  1 drivers
v000000000664f9e0_0 .net *"_ivl_98", 31 0, L_00000000066bd5b0;  1 drivers
v000000000664e220_0 .net "clock", 0 0, L_00000000063ce1e0;  1 drivers
v000000000664fbc0_0 .net "iA", 15 0, L_00000000066d5930;  1 drivers
v000000000664fc60_0 .net "iB", 15 0, L_00000000066d5310;  1 drivers
v0000000006650020_0 .net "iC", 15 0, L_00000000066d63b0;  1 drivers
v0000000006650200_0 .net "iD", 15 0, L_00000000066d5af0;  1 drivers
v00000000066502a0_0 .net "iF", 15 0, L_00000000066d66c0;  1 drivers
v000000000664f440_0 .net "iG", 15 0, L_00000000066d61f0;  1 drivers
v000000000664e2c0_0 .net "iH", 31 0, L_00000000066d5380;  1 drivers
v000000000664f4e0_0 .net "iJ", 15 0, L_00000000066d6a40;  1 drivers
v000000000664e9a0_0 .net "iJ_e", 23 0, L_00000000066bdfb0;  1 drivers
v0000000006650520_0 .net "iK", 15 0, L_00000000066d59a0;  1 drivers
v00000000066505c0_0 .net "iK_e", 23 0, L_00000000066bf3b0;  1 drivers
v0000000006650700_0 .net "iL", 31 0, L_00000000066c08f0;  1 drivers
v000000000664f260_0 .net "iP", 15 0, L_00000000066c0a30;  1 drivers
v000000000664efe0_0 .net "iQ", 15 0, v0000000006650a20_0;  1 drivers
v000000000664f080_0 .net "iR", 15 0, L_00000000066c0530;  1 drivers
v000000000664f120_0 .net "iS", 15 0, v0000000006650ca0_0;  1 drivers
v000000000664e0e0_0 .net "iW", 15 0, L_00000000066d52a0;  1 drivers
v000000000664f300_0 .net "iX", 15 0, L_00000000066d5d20;  1 drivers
v000000000664e180_0 .net "iY", 15 0, L_00000000066d5cb0;  1 drivers
v000000000664e540_0 .net "iZ", 15 0, L_00000000066d6260;  1 drivers
v000000000664e5e0_0 .net "p_Ah_Bh", 15 0, L_00000000066be370;  1 drivers
v000000000664e680_0 .net "p_Ah_Bl", 15 0, L_00000000066bf4f0;  1 drivers
v000000000664e860_0 .net "p_Al_Bh", 15 0, L_00000000066be410;  1 drivers
v0000000006650f20_0 .net "p_Al_Bl", 15 0, L_00000000066bfb30;  1 drivers
v0000000006652960_0 .var "rA", 15 0;
v0000000006651e20_0 .var "rB", 15 0;
v0000000006651560_0 .var "rC", 15 0;
v0000000006650c00_0 .var "rD", 15 0;
v0000000006652280_0 .var "rF", 15 0;
v0000000006652320_0 .var "rG", 15 0;
v0000000006651920_0 .var "rH", 31 0;
v0000000006651ce0_0 .var "rJ", 15 0;
v0000000006651240_0 .var "rK", 15 0;
v0000000006650a20_0 .var "rQ", 15 0;
v0000000006650ca0_0 .var "rS", 15 0;
E_00000000065b2290 .event posedge, v0000000006641f80_0, v000000000664e220_0;
E_00000000065b1a90 .event posedge, v0000000006640360_0, v000000000664e220_0;
E_00000000065b2410 .event posedge, v0000000006640fe0_0, v000000000664e220_0;
E_00000000065b2690 .event posedge, v0000000006640220_0, v000000000664e220_0;
L_00000000066be190 .part L_00000000066d5930, 8, 8;
L_00000000066bea50 .concat [ 8 8 0 0], L_00000000066be190, L_0000000006662d28;
L_00000000066be2d0 .part L_00000000066d5930, 0, 8;
L_00000000066bf950 .concat [ 8 8 0 0], L_00000000066be2d0, L_0000000006662d70;
L_00000000066be050 .part L_00000000066d5310, 8, 8;
L_00000000066be550 .concat [ 8 8 0 0], L_00000000066be050, L_0000000006662db8;
L_00000000066bde70 .part L_00000000066d5310, 0, 8;
L_00000000066bf630 .concat [ 8 8 0 0], L_00000000066bde70, L_0000000006662e00;
L_00000000066be370 .arith/mult 16, L_00000000066bea50, L_00000000066be550;
L_00000000066be730 .part L_00000000066bf950, 0, 8;
L_00000000066bda10 .concat [ 8 8 0 0], L_00000000066be730, L_0000000006662e48;
L_00000000066be410 .arith/mult 16, L_00000000066bda10, L_00000000066be550;
L_00000000066bd6f0 .part L_00000000066bf630, 0, 8;
L_00000000066bef50 .concat [ 8 8 0 0], L_00000000066bd6f0, L_0000000006662e90;
L_00000000066bf4f0 .arith/mult 16, L_00000000066bea50, L_00000000066bef50;
L_00000000066bfb30 .arith/mult 16, L_00000000066bf950, L_00000000066bf630;
L_00000000066bf3b0 .concat [ 16 8 0 0], L_00000000066d59a0, L_0000000006662ed8;
L_00000000066bdfb0 .concat [ 16 8 0 0], L_00000000066d6a40, L_0000000006662f20;
L_00000000066bf450 .concat [ 16 16 0 0], L_00000000066d61f0, L_0000000006662f68;
L_00000000066be5f0 .concat [ 24 8 0 0], L_00000000066bf3b0, L_0000000006662fb0;
L_00000000066bf9f0 .part L_00000000066be5f0, 0, 24;
L_00000000066bf590 .concat [ 8 24 0 0], L_0000000006662ff8, L_00000000066bf9f0;
L_00000000066bf6d0 .arith/sum 32, L_00000000066bf450, L_00000000066bf590;
L_00000000066bf770 .concat [ 24 8 0 0], L_00000000066bdfb0, L_0000000006663040;
L_00000000066bfa90 .part L_00000000066bf770, 0, 24;
L_00000000066bfbd0 .concat [ 8 24 0 0], L_0000000006663088, L_00000000066bfa90;
L_00000000066bd5b0 .arith/sum 32, L_00000000066bf6d0, L_00000000066bfbd0;
L_00000000066bd650 .concat [ 16 16 0 0], L_00000000066d66c0, L_00000000066630d0;
L_00000000066bfc70 .part L_00000000066bd650, 0, 16;
L_00000000066bd790 .concat [ 16 16 0 0], L_0000000006663118, L_00000000066bfc70;
L_00000000066c08f0 .arith/sum 32, L_00000000066bd5b0, L_00000000066bd790;
L_00000000066c1070 .part L_00000000066c2150, 16, 1;
L_00000000066c1bb0 .part L_00000000066c2150, 0, 16;
L_00000000066c17f0 .concat [ 16 1 0 0], L_00000000066d5d20, L_0000000006663160;
L_00000000066c1c50 .concat [ 16 1 0 0], L_00000000066d52a0, L_00000000066631a8;
LS_00000000066c0fd0_0_0 .concat [ 1 1 1 1], o00000000065f92f8, o00000000065f92f8, o00000000065f92f8, o00000000065f92f8;
LS_00000000066c0fd0_0_4 .concat [ 1 1 1 1], o00000000065f92f8, o00000000065f92f8, o00000000065f92f8, o00000000065f92f8;
LS_00000000066c0fd0_0_8 .concat [ 1 1 1 1], o00000000065f92f8, o00000000065f92f8, o00000000065f92f8, o00000000065f92f8;
LS_00000000066c0fd0_0_12 .concat [ 1 1 1 1], o00000000065f92f8, o00000000065f92f8, o00000000065f92f8, o00000000065f92f8;
L_00000000066c0fd0 .concat [ 4 4 4 4], LS_00000000066c0fd0_0_0, LS_00000000066c0fd0_0_4, LS_00000000066c0fd0_0_8, LS_00000000066c0fd0_0_12;
L_00000000066c1610 .concat [ 16 1 0 0], L_00000000066c0fd0, L_00000000066631f0;
L_00000000066c0490 .arith/sum 17, L_00000000066c17f0, L_00000000066d6650;
L_00000000066c2150 .arith/sum 17, L_00000000066c0490, L_0000000006663478;
LS_00000000066c0990_0_0 .concat [ 1 1 1 1], o00000000065f92f8, o00000000065f92f8, o00000000065f92f8, o00000000065f92f8;
LS_00000000066c0990_0_4 .concat [ 1 1 1 1], o00000000065f92f8, o00000000065f92f8, o00000000065f92f8, o00000000065f92f8;
LS_00000000066c0990_0_8 .concat [ 1 1 1 1], o00000000065f92f8, o00000000065f92f8, o00000000065f92f8, o00000000065f92f8;
LS_00000000066c0990_0_12 .concat [ 1 1 1 1], o00000000065f92f8, o00000000065f92f8, o00000000065f92f8, o00000000065f92f8;
L_00000000066c0990 .concat [ 4 4 4 4], LS_00000000066c0990_0_0, LS_00000000066c0990_0_4, LS_00000000066c0990_0_8, LS_00000000066c0990_0_12;
L_00000000066c0a30 .functor MUXZ 16, L_00000000066d62d0, L_00000000066d63b0, o00000000065f97a8, C4<>;
L_00000000066c1890 .part L_00000000066d5d20, 15, 1;
L_00000000066c0b70 .part L_00000000066c0850, 16, 1;
L_00000000066c2010 .part L_00000000066c0850, 0, 16;
L_00000000066c1f70 .concat [ 16 1 0 0], L_00000000066d6260, L_0000000006663280;
L_00000000066c1570 .concat [ 16 1 0 0], L_00000000066d5cb0, L_00000000066632c8;
LS_00000000066c20b0_0_0 .concat [ 1 1 1 1], o00000000065f92c8, o00000000065f92c8, o00000000065f92c8, o00000000065f92c8;
LS_00000000066c20b0_0_4 .concat [ 1 1 1 1], o00000000065f92c8, o00000000065f92c8, o00000000065f92c8, o00000000065f92c8;
LS_00000000066c20b0_0_8 .concat [ 1 1 1 1], o00000000065f92c8, o00000000065f92c8, o00000000065f92c8, o00000000065f92c8;
LS_00000000066c20b0_0_12 .concat [ 1 1 1 1], o00000000065f92c8, o00000000065f92c8, o00000000065f92c8, o00000000065f92c8;
L_00000000066c20b0 .concat [ 4 4 4 4], LS_00000000066c20b0_0_0, LS_00000000066c20b0_0_4, LS_00000000066c20b0_0_8, LS_00000000066c20b0_0_12;
L_00000000066c1930 .concat [ 16 1 0 0], L_00000000066c20b0, L_0000000006663310;
L_00000000066c1110 .arith/sum 17, L_00000000066c1f70, L_00000000066d6810;
L_00000000066c0850 .arith/sum 17, L_00000000066c1110, L_00000000066634c0;
LS_00000000066c0ad0_0_0 .concat [ 1 1 1 1], o00000000065f92c8, o00000000065f92c8, o00000000065f92c8, o00000000065f92c8;
LS_00000000066c0ad0_0_4 .concat [ 1 1 1 1], o00000000065f92c8, o00000000065f92c8, o00000000065f92c8, o00000000065f92c8;
LS_00000000066c0ad0_0_8 .concat [ 1 1 1 1], o00000000065f92c8, o00000000065f92c8, o00000000065f92c8, o00000000065f92c8;
LS_00000000066c0ad0_0_12 .concat [ 1 1 1 1], o00000000065f92c8, o00000000065f92c8, o00000000065f92c8, o00000000065f92c8;
L_00000000066c0ad0 .concat [ 4 4 4 4], LS_00000000066c0ad0_0_0, LS_00000000066c0ad0_0_4, LS_00000000066c0ad0_0_8, LS_00000000066c0ad0_0_12;
L_00000000066c0530 .functor MUXZ 16, L_00000000066d6730, L_00000000066d5af0, o00000000065f9778, C4<>;
L_00000000066c1430 .concat [ 16 16 0 0], L_00000000066d6570, L_00000000066d5690;
S_00000000065d6510 .scope module, "SB_PLL40_2F_CORE" "SB_PLL40_2F_CORE" 2 2521;
 .timescale -12 -12;
    .port_info 0 /INPUT 1 "REFERENCECLK";
    .port_info 1 /OUTPUT 1 "PLLOUTCOREA";
    .port_info 2 /OUTPUT 1 "PLLOUTGLOBALA";
    .port_info 3 /OUTPUT 1 "PLLOUTCOREB";
    .port_info 4 /OUTPUT 1 "PLLOUTGLOBALB";
    .port_info 5 /INPUT 1 "EXTFEEDBACK";
    .port_info 6 /INPUT 8 "DYNAMICDELAY";
    .port_info 7 /OUTPUT 1 "LOCK";
    .port_info 8 /INPUT 1 "BYPASS";
    .port_info 9 /INPUT 1 "RESETB";
    .port_info 10 /INPUT 1 "LATCHINPUTVALUE";
    .port_info 11 /OUTPUT 1 "SDO";
    .port_info 12 /INPUT 1 "SDI";
    .port_info 13 /INPUT 1 "SCLK";
P_000000000634ded0 .param/str "DELAY_ADJUSTMENT_MODE_FEEDBACK" 0 2 2538, "FIXED";
P_000000000634df08 .param/str "DELAY_ADJUSTMENT_MODE_RELATIVE" 0 2 2539, "FIXED";
P_000000000634df40 .param/l "DIVF" 0 2 2546, C4<0000000>;
P_000000000634df78 .param/l "DIVQ" 0 2 2547, C4<000>;
P_000000000634dfb0 .param/l "DIVR" 0 2 2545, C4<0000>;
P_000000000634dfe8 .param/l "ENABLE_ICEGATE_PORTA" 0 2 2549, C4<0>;
P_000000000634e020 .param/l "ENABLE_ICEGATE_PORTB" 0 2 2550, C4<0>;
P_000000000634e058 .param/l "EXTERNAL_DIVIDE_FACTOR" 0 2 2552, +C4<00000000000000000000000000000001>;
P_000000000634e090 .param/l "FDA_FEEDBACK" 0 2 2541, C4<0000>;
P_000000000634e0c8 .param/l "FDA_RELATIVE" 0 2 2542, C4<0000>;
P_000000000634e100 .param/str "FEEDBACK_PATH" 0 2 2537, "SIMPLE";
P_000000000634e138 .param/l "FILTER_RANGE" 0 2 2548, C4<000>;
P_000000000634e170 .param/str "PLLOUT_SELECT_PORTA" 0 2 2543, "GENCLK";
P_000000000634e1a8 .param/str "PLLOUT_SELECT_PORTB" 0 2 2544, "GENCLK";
P_000000000634e1e0 .param/l "SHIFTREG_DIV_MODE" 0 2 2540, C4<0>;
P_000000000634e218 .param/l "TEST_MODE" 0 2 2551, C4<0>;
o00000000065fb0c8 .functor BUFZ 1, C4<z>; HiZ drive
v0000000006651b00_0 .net "BYPASS", 0 0, o00000000065fb0c8;  0 drivers
o00000000065fb0f8 .functor BUFZ 8, C4<zzzzzzzz>; HiZ drive
v0000000006652a00_0 .net "DYNAMICDELAY", 7 0, o00000000065fb0f8;  0 drivers
o00000000065fb128 .functor BUFZ 1, C4<z>; HiZ drive
v00000000066519c0_0 .net "EXTFEEDBACK", 0 0, o00000000065fb128;  0 drivers
o00000000065fb158 .functor BUFZ 1, C4<z>; HiZ drive
v0000000006651ba0_0 .net "LATCHINPUTVALUE", 0 0, o00000000065fb158;  0 drivers
o00000000065fb188 .functor BUFZ 1, C4<z>; HiZ drive
v0000000006652b40_0 .net "LOCK", 0 0, o00000000065fb188;  0 drivers
o00000000065fb1b8 .functor BUFZ 1, C4<z>; HiZ drive
v0000000006651420_0 .net "PLLOUTCOREA", 0 0, o00000000065fb1b8;  0 drivers
o00000000065fb1e8 .functor BUFZ 1, C4<z>; HiZ drive
v00000000066511a0_0 .net "PLLOUTCOREB", 0 0, o00000000065fb1e8;  0 drivers
o00000000065fb218 .functor BUFZ 1, C4<z>; HiZ drive
v0000000006651600_0 .net "PLLOUTGLOBALA", 0 0, o00000000065fb218;  0 drivers
o00000000065fb248 .functor BUFZ 1, C4<z>; HiZ drive
v0000000006652e60_0 .net "PLLOUTGLOBALB", 0 0, o00000000065fb248;  0 drivers
o00000000065fb278 .functor BUFZ 1, C4<z>; HiZ drive
v00000000066512e0_0 .net "REFERENCECLK", 0 0, o00000000065fb278;  0 drivers
o00000000065fb2a8 .functor BUFZ 1, C4<z>; HiZ drive
v0000000006652140_0 .net "RESETB", 0 0, o00000000065fb2a8;  0 drivers
o00000000065fb2d8 .functor BUFZ 1, C4<z>; HiZ drive
v0000000006652aa0_0 .net "SCLK", 0 0, o00000000065fb2d8;  0 drivers
o00000000065fb308 .functor BUFZ 1, C4<z>; HiZ drive
v00000000066517e0_0 .net "SDI", 0 0, o00000000065fb308;  0 drivers
o00000000065fb338 .functor BUFZ 1, C4<z>; HiZ drive
v0000000006651100_0 .net "SDO", 0 0, o00000000065fb338;  0 drivers
S_00000000065d50c0 .scope module, "SB_PLL40_2F_PAD" "SB_PLL40_2F_PAD" 2 2556;
 .timescale -12 -12;
    .port_info 0 /INPUT 1 "PACKAGEPIN";
    .port_info 1 /OUTPUT 1 "PLLOUTCOREA";
    .port_info 2 /OUTPUT 1 "PLLOUTGLOBALA";
    .port_info 3 /OUTPUT 1 "PLLOUTCOREB";
    .port_info 4 /OUTPUT 1 "PLLOUTGLOBALB";
    .port_info 5 /INPUT 1 "EXTFEEDBACK";
    .port_info 6 /INPUT 8 "DYNAMICDELAY";
    .port_info 7 /OUTPUT 1 "LOCK";
    .port_info 8 /INPUT 1 "BYPASS";
    .port_info 9 /INPUT 1 "RESETB";
    .port_info 10 /INPUT 1 "LATCHINPUTVALUE";
    .port_info 11 /OUTPUT 1 "SDO";
    .port_info 12 /INPUT 1 "SDI";
    .port_info 13 /INPUT 1 "SCLK";
P_000000000634d1f0 .param/str "DELAY_ADJUSTMENT_MODE_FEEDBACK" 0 2 2573, "FIXED";
P_000000000634d228 .param/str "DELAY_ADJUSTMENT_MODE_RELATIVE" 0 2 2574, "FIXED";
P_000000000634d260 .param/l "DIVF" 0 2 2581, C4<0000000>;
P_000000000634d298 .param/l "DIVQ" 0 2 2582, C4<000>;
P_000000000634d2d0 .param/l "DIVR" 0 2 2580, C4<0000>;
P_000000000634d308 .param/l "ENABLE_ICEGATE_PORTA" 0 2 2584, C4<0>;
P_000000000634d340 .param/l "ENABLE_ICEGATE_PORTB" 0 2 2585, C4<0>;
P_000000000634d378 .param/l "EXTERNAL_DIVIDE_FACTOR" 0 2 2587, +C4<00000000000000000000000000000001>;
P_000000000634d3b0 .param/l "FDA_FEEDBACK" 0 2 2576, C4<0000>;
P_000000000634d3e8 .param/l "FDA_RELATIVE" 0 2 2577, C4<0000>;
P_000000000634d420 .param/str "FEEDBACK_PATH" 0 2 2572, "SIMPLE";
P_000000000634d458 .param/l "FILTER_RANGE" 0 2 2583, C4<000>;
P_000000000634d490 .param/str "PLLOUT_SELECT_PORTA" 0 2 2578, "GENCLK";
P_000000000634d4c8 .param/str "PLLOUT_SELECT_PORTB" 0 2 2579, "GENCLK";
P_000000000634d500 .param/l "SHIFTREG_DIV_MODE" 0 2 2575, C4<00>;
P_000000000634d538 .param/l "TEST_MODE" 0 2 2586, C4<0>;
o00000000065fb608 .functor BUFZ 1, C4<z>; HiZ drive
v0000000006651c40_0 .net "BYPASS", 0 0, o00000000065fb608;  0 drivers
o00000000065fb638 .functor BUFZ 8, C4<zzzzzzzz>; HiZ drive
v0000000006651d80_0 .net "DYNAMICDELAY", 7 0, o00000000065fb638;  0 drivers
o00000000065fb668 .functor BUFZ 1, C4<z>; HiZ drive
v00000000066523c0_0 .net "EXTFEEDBACK", 0 0, o00000000065fb668;  0 drivers
o00000000065fb698 .functor BUFZ 1, C4<z>; HiZ drive
v0000000006650980_0 .net "LATCHINPUTVALUE", 0 0, o00000000065fb698;  0 drivers
o00000000065fb6c8 .functor BUFZ 1, C4<z>; HiZ drive
v00000000066508e0_0 .net "LOCK", 0 0, o00000000065fb6c8;  0 drivers
o00000000065fb6f8 .functor BUFZ 1, C4<z>; HiZ drive
v00000000066514c0_0 .net "PACKAGEPIN", 0 0, o00000000065fb6f8;  0 drivers
o00000000065fb728 .functor BUFZ 1, C4<z>; HiZ drive
v0000000006650ac0_0 .net "PLLOUTCOREA", 0 0, o00000000065fb728;  0 drivers
o00000000065fb758 .functor BUFZ 1, C4<z>; HiZ drive
v0000000006650b60_0 .net "PLLOUTCOREB", 0 0, o00000000065fb758;  0 drivers
o00000000065fb788 .functor BUFZ 1, C4<z>; HiZ drive
v0000000006651a60_0 .net "PLLOUTGLOBALA", 0 0, o00000000065fb788;  0 drivers
o00000000065fb7b8 .functor BUFZ 1, C4<z>; HiZ drive
v0000000006650d40_0 .net "PLLOUTGLOBALB", 0 0, o00000000065fb7b8;  0 drivers
o00000000065fb7e8 .functor BUFZ 1, C4<z>; HiZ drive
v0000000006651ec0_0 .net "RESETB", 0 0, o00000000065fb7e8;  0 drivers
o00000000065fb818 .functor BUFZ 1, C4<z>; HiZ drive
v0000000006650de0_0 .net "SCLK", 0 0, o00000000065fb818;  0 drivers
o00000000065fb848 .functor BUFZ 1, C4<z>; HiZ drive
v0000000006651380_0 .net "SDI", 0 0, o00000000065fb848;  0 drivers
o00000000065fb878 .functor BUFZ 1, C4<z>; HiZ drive
v0000000006651f60_0 .net "SDO", 0 0, o00000000065fb878;  0 drivers
S_00000000065d66a0 .scope module, "SB_PLL40_2_PAD" "SB_PLL40_2_PAD" 2 2487;
 .timescale -12 -12;
    .port_info 0 /INPUT 1 "PACKAGEPIN";
    .port_info 1 /OUTPUT 1 "PLLOUTCOREA";
    .port_info 2 /OUTPUT 1 "PLLOUTGLOBALA";
    .port_info 3 /OUTPUT 1 "PLLOUTCOREB";
    .port_info 4 /OUTPUT 1 "PLLOUTGLOBALB";
    .port_info 5 /INPUT 1 "EXTFEEDBACK";
    .port_info 6 /INPUT 8 "DYNAMICDELAY";
    .port_info 7 /OUTPUT 1 "LOCK";
    .port_info 8 /INPUT 1 "BYPASS";
    .port_info 9 /INPUT 1 "RESETB";
    .port_info 10 /INPUT 1 "LATCHINPUTVALUE";
    .port_info 11 /OUTPUT 1 "SDO";
    .port_info 12 /INPUT 1 "SDI";
    .port_info 13 /INPUT 1 "SCLK";
P_000000000634bdc0 .param/str "DELAY_ADJUSTMENT_MODE_FEEDBACK" 0 2 2504, "FIXED";
P_000000000634bdf8 .param/str "DELAY_ADJUSTMENT_MODE_RELATIVE" 0 2 2505, "FIXED";
P_000000000634be30 .param/l "DIVF" 0 2 2511, C4<0000000>;
P_000000000634be68 .param/l "DIVQ" 0 2 2512, C4<000>;
P_000000000634bea0 .param/l "DIVR" 0 2 2510, C4<0000>;
P_000000000634bed8 .param/l "ENABLE_ICEGATE_PORTA" 0 2 2514, C4<0>;
P_000000000634bf10 .param/l "ENABLE_ICEGATE_PORTB" 0 2 2515, C4<0>;
P_000000000634bf48 .param/l "EXTERNAL_DIVIDE_FACTOR" 0 2 2517, +C4<00000000000000000000000000000001>;
P_000000000634bf80 .param/l "FDA_FEEDBACK" 0 2 2507, C4<0000>;
P_000000000634bfb8 .param/l "FDA_RELATIVE" 0 2 2508, C4<0000>;
P_000000000634bff0 .param/str "FEEDBACK_PATH" 0 2 2503, "SIMPLE";
P_000000000634c028 .param/l "FILTER_RANGE" 0 2 2513, C4<000>;
P_000000000634c060 .param/str "PLLOUT_SELECT_PORTB" 0 2 2509, "GENCLK";
P_000000000634c098 .param/l "SHIFTREG_DIV_MODE" 0 2 2506, C4<0>;
P_000000000634c0d0 .param/l "TEST_MODE" 0 2 2516, C4<0>;
o00000000065fbb48 .functor BUFZ 1, C4<z>; HiZ drive
v00000000066526e0_0 .net "BYPASS", 0 0, o00000000065fbb48;  0 drivers
o00000000065fbb78 .functor BUFZ 8, C4<zzzzzzzz>; HiZ drive
v0000000006650fc0_0 .net "DYNAMICDELAY", 7 0, o00000000065fbb78;  0 drivers
o00000000065fbba8 .functor BUFZ 1, C4<z>; HiZ drive
v0000000006650e80_0 .net "EXTFEEDBACK", 0 0, o00000000065fbba8;  0 drivers
o00000000065fbbd8 .functor BUFZ 1, C4<z>; HiZ drive
v0000000006652460_0 .net "LATCHINPUTVALUE", 0 0, o00000000065fbbd8;  0 drivers
o00000000065fbc08 .functor BUFZ 1, C4<z>; HiZ drive
v00000000066516a0_0 .net "LOCK", 0 0, o00000000065fbc08;  0 drivers
o00000000065fbc38 .functor BUFZ 1, C4<z>; HiZ drive
v0000000006651060_0 .net "PACKAGEPIN", 0 0, o00000000065fbc38;  0 drivers
o00000000065fbc68 .functor BUFZ 1, C4<z>; HiZ drive
v0000000006651740_0 .net "PLLOUTCOREA", 0 0, o00000000065fbc68;  0 drivers
o00000000065fbc98 .functor BUFZ 1, C4<z>; HiZ drive
v0000000006651880_0 .net "PLLOUTCOREB", 0 0, o00000000065fbc98;  0 drivers
o00000000065fbcc8 .functor BUFZ 1, C4<z>; HiZ drive
v0000000006652500_0 .net "PLLOUTGLOBALA", 0 0, o00000000065fbcc8;  0 drivers
o00000000065fbcf8 .functor BUFZ 1, C4<z>; HiZ drive
v0000000006652000_0 .net "PLLOUTGLOBALB", 0 0, o00000000065fbcf8;  0 drivers
o00000000065fbd28 .functor BUFZ 1, C4<z>; HiZ drive
v00000000066520a0_0 .net "RESETB", 0 0, o00000000065fbd28;  0 drivers
o00000000065fbd58 .functor BUFZ 1, C4<z>; HiZ drive
v00000000066521e0_0 .net "SCLK", 0 0, o00000000065fbd58;  0 drivers
o00000000065fbd88 .functor BUFZ 1, C4<z>; HiZ drive
v00000000066525a0_0 .net "SDI", 0 0, o00000000065fbd88;  0 drivers
o00000000065fbdb8 .functor BUFZ 1, C4<z>; HiZ drive
v0000000006652640_0 .net "SDO", 0 0, o00000000065fbdb8;  0 drivers
S_00000000065d6830 .scope module, "SB_PLL40_CORE" "SB_PLL40_CORE" 2 2425;
 .timescale -12 -12;
    .port_info 0 /INPUT 1 "REFERENCECLK";
    .port_info 1 /OUTPUT 1 "PLLOUTCORE";
    .port_info 2 /OUTPUT 1 "PLLOUTGLOBAL";
    .port_info 3 /INPUT 1 "EXTFEEDBACK";
    .port_info 4 /INPUT 8 "DYNAMICDELAY";
    .port_info 5 /OUTPUT 1 "LOCK";
    .port_info 6 /INPUT 1 "BYPASS";
    .port_info 7 /INPUT 1 "RESETB";
    .port_info 8 /INPUT 1 "LATCHINPUTVALUE";
    .port_info 9 /OUTPUT 1 "SDO";
    .port_info 10 /INPUT 1 "SDI";
    .port_info 11 /INPUT 1 "SCLK";
P_0000000006302e40 .param/str "DELAY_ADJUSTMENT_MODE_FEEDBACK" 0 2 2440, "FIXED";
P_0000000006302e78 .param/str "DELAY_ADJUSTMENT_MODE_RELATIVE" 0 2 2441, "FIXED";
P_0000000006302eb0 .param/l "DIVF" 0 2 2447, C4<0000000>;
P_0000000006302ee8 .param/l "DIVQ" 0 2 2448, C4<000>;
P_0000000006302f20 .param/l "DIVR" 0 2 2446, C4<0000>;
P_0000000006302f58 .param/l "ENABLE_ICEGATE" 0 2 2450, C4<0>;
P_0000000006302f90 .param/l "EXTERNAL_DIVIDE_FACTOR" 0 2 2452, +C4<00000000000000000000000000000001>;
P_0000000006302fc8 .param/l "FDA_FEEDBACK" 0 2 2443, C4<0000>;
P_0000000006303000 .param/l "FDA_RELATIVE" 0 2 2444, C4<0000>;
P_0000000006303038 .param/str "FEEDBACK_PATH" 0 2 2439, "SIMPLE";
P_0000000006303070 .param/l "FILTER_RANGE" 0 2 2449, C4<000>;
P_00000000063030a8 .param/str "PLLOUT_SELECT" 0 2 2445, "GENCLK";
P_00000000063030e0 .param/l "SHIFTREG_DIV_MODE" 0 2 2442, C4<0>;
P_0000000006303118 .param/l "TEST_MODE" 0 2 2451, C4<0>;
o00000000065fc088 .functor BUFZ 1, C4<z>; HiZ drive
v0000000006652780_0 .net "BYPASS", 0 0, o00000000065fc088;  0 drivers
o00000000065fc0b8 .functor BUFZ 8, C4<zzzzzzzz>; HiZ drive
v0000000006652be0_0 .net "DYNAMICDELAY", 7 0, o00000000065fc0b8;  0 drivers
o00000000065fc0e8 .functor BUFZ 1, C4<z>; HiZ drive
v0000000006652fa0_0 .net "EXTFEEDBACK", 0 0, o00000000065fc0e8;  0 drivers
o00000000065fc118 .functor BUFZ 1, C4<z>; HiZ drive
v0000000006652820_0 .net "LATCHINPUTVALUE", 0 0, o00000000065fc118;  0 drivers
o00000000065fc148 .functor BUFZ 1, C4<z>; HiZ drive
v00000000066528c0_0 .net "LOCK", 0 0, o00000000065fc148;  0 drivers
o00000000065fc178 .functor BUFZ 1, C4<z>; HiZ drive
v0000000006652c80_0 .net "PLLOUTCORE", 0 0, o00000000065fc178;  0 drivers
o00000000065fc1a8 .functor BUFZ 1, C4<z>; HiZ drive
v0000000006652d20_0 .net "PLLOUTGLOBAL", 0 0, o00000000065fc1a8;  0 drivers
o00000000065fc1d8 .functor BUFZ 1, C4<z>; HiZ drive
v0000000006652dc0_0 .net "REFERENCECLK", 0 0, o00000000065fc1d8;  0 drivers
o00000000065fc208 .functor BUFZ 1, C4<z>; HiZ drive
v0000000006652f00_0 .net "RESETB", 0 0, o00000000065fc208;  0 drivers
o00000000065fc238 .functor BUFZ 1, C4<z>; HiZ drive
v0000000006650840_0 .net "SCLK", 0 0, o00000000065fc238;  0 drivers
o00000000065fc268 .functor BUFZ 1, C4<z>; HiZ drive
v0000000006653680_0 .net "SDI", 0 0, o00000000065fc268;  0 drivers
o00000000065fc298 .functor BUFZ 1, C4<z>; HiZ drive
v0000000006653360_0 .net "SDO", 0 0, o00000000065fc298;  0 drivers
S_00000000065d69c0 .scope module, "SB_PLL40_PAD" "SB_PLL40_PAD" 2 2456;
 .timescale -12 -12;
    .port_info 0 /INPUT 1 "PACKAGEPIN";
    .port_info 1 /OUTPUT 1 "PLLOUTCORE";
    .port_info 2 /OUTPUT 1 "PLLOUTGLOBAL";
    .port_info 3 /INPUT 1 "EXTFEEDBACK";
    .port_info 4 /INPUT 8 "DYNAMICDELAY";
    .port_info 5 /OUTPUT 1 "LOCK";
    .port_info 6 /INPUT 1 "BYPASS";
    .port_info 7 /INPUT 1 "RESETB";
    .port_info 8 /INPUT 1 "LATCHINPUTVALUE";
    .port_info 9 /OUTPUT 1 "SDO";
    .port_info 10 /INPUT 1 "SDI";
    .port_info 11 /INPUT 1 "SCLK";
P_000000000635e010 .param/str "DELAY_ADJUSTMENT_MODE_FEEDBACK" 0 2 2471, "FIXED";
P_000000000635e048 .param/str "DELAY_ADJUSTMENT_MODE_RELATIVE" 0 2 2472, "FIXED";
P_000000000635e080 .param/l "DIVF" 0 2 2478, C4<0000000>;
P_000000000635e0b8 .param/l "DIVQ" 0 2 2479, C4<000>;
P_000000000635e0f0 .param/l "DIVR" 0 2 2477, C4<0000>;
P_000000000635e128 .param/l "ENABLE_ICEGATE" 0 2 2481, C4<0>;
P_000000000635e160 .param/l "EXTERNAL_DIVIDE_FACTOR" 0 2 2483, +C4<00000000000000000000000000000001>;
P_000000000635e198 .param/l "FDA_FEEDBACK" 0 2 2474, C4<0000>;
P_000000000635e1d0 .param/l "FDA_RELATIVE" 0 2 2475, C4<0000>;
P_000000000635e208 .param/str "FEEDBACK_PATH" 0 2 2470, "SIMPLE";
P_000000000635e240 .param/l "FILTER_RANGE" 0 2 2480, C4<000>;
P_000000000635e278 .param/str "PLLOUT_SELECT" 0 2 2476, "GENCLK";
P_000000000635e2b0 .param/l "SHIFTREG_DIV_MODE" 0 2 2473, C4<0>;
P_000000000635e2e8 .param/l "TEST_MODE" 0 2 2482, C4<0>;
o00000000065fc508 .functor BUFZ 1, C4<z>; HiZ drive
v0000000006653220_0 .net "BYPASS", 0 0, o00000000065fc508;  0 drivers
o00000000065fc538 .functor BUFZ 8, C4<zzzzzzzz>; HiZ drive
v00000000066535e0_0 .net "DYNAMICDELAY", 7 0, o00000000065fc538;  0 drivers
o00000000065fc568 .functor BUFZ 1, C4<z>; HiZ drive
v0000000006653180_0 .net "EXTFEEDBACK", 0 0, o00000000065fc568;  0 drivers
o00000000065fc598 .functor BUFZ 1, C4<z>; HiZ drive
v0000000006653720_0 .net "LATCHINPUTVALUE", 0 0, o00000000065fc598;  0 drivers
o00000000065fc5c8 .functor BUFZ 1, C4<z>; HiZ drive
v0000000006653540_0 .net "LOCK", 0 0, o00000000065fc5c8;  0 drivers
o00000000065fc5f8 .functor BUFZ 1, C4<z>; HiZ drive
v00000000066532c0_0 .net "PACKAGEPIN", 0 0, o00000000065fc5f8;  0 drivers
o00000000065fc628 .functor BUFZ 1, C4<z>; HiZ drive
v0000000006653040_0 .net "PLLOUTCORE", 0 0, o00000000065fc628;  0 drivers
o00000000065fc658 .functor BUFZ 1, C4<z>; HiZ drive
v00000000066530e0_0 .net "PLLOUTGLOBAL", 0 0, o00000000065fc658;  0 drivers
o00000000065fc688 .functor BUFZ 1, C4<z>; HiZ drive
v0000000006653400_0 .net "RESETB", 0 0, o00000000065fc688;  0 drivers
o00000000065fc6b8 .functor BUFZ 1, C4<z>; HiZ drive
v00000000066534a0_0 .net "SCLK", 0 0, o00000000065fc6b8;  0 drivers
o00000000065fc6e8 .functor BUFZ 1, C4<z>; HiZ drive
v000000000664bd40_0 .net "SDI", 0 0, o00000000065fc6e8;  0 drivers
o00000000065fc718 .functor BUFZ 1, C4<z>; HiZ drive
v000000000664c7e0_0 .net "SDO", 0 0, o00000000065fc718;  0 drivers
S_00000000065d4da0 .scope module, "SB_RAM40_4KNR" "SB_RAM40_4KNR" 2 1726;
 .timescale -12 -12;
    .port_info 0 /OUTPUT 16 "RDATA";
    .port_info 1 /INPUT 1 "RCLKN";
    .port_info 2 /INPUT 1 "RCLKE";
    .port_info 3 /INPUT 1 "RE";
    .port_info 4 /INPUT 11 "RADDR";
    .port_info 5 /INPUT 1 "WCLK";
    .port_info 6 /INPUT 1 "WCLKE";
    .port_info 7 /INPUT 1 "WE";
    .port_info 8 /INPUT 11 "WADDR";
    .port_info 9 /INPUT 16 "MASK";
    .port_info 10 /INPUT 16 "WDATA";
P_000000000635e330 .param/l "INIT_0" 0 2 1742, C4<0000000000000000000000000000000000000000000000000000000000000000000000000000000000000000000000000000000000000000000000000000000000000000000000000000000000000000000000000000000000000000000000000000000000000000000000000000000000000000000000000000000000000000>;
P_000000000635e368 .param/l "INIT_1" 0 2 1743, C4<0000000000000000000000000000000000000000000000000000000000000000000000000000000000000000000000000000000000000000000000000000000000000000000000000000000000000000000000000000000000000000000000000000000000000000000000000000000000000000000000000000000000000000>;
P_000000000635e3a0 .param/l "INIT_2" 0 2 1744, C4<0000000000000000000000000000000000000000000000000000000000000000000000000000000000000000000000000000000000000000000000000000000000000000000000000000000000000000000000000000000000000000000000000000000000000000000000000000000000000000000000000000000000000000>;
P_000000000635e3d8 .param/l "INIT_3" 0 2 1745, C4<0000000000000000000000000000000000000000000000000000000000000000000000000000000000000000000000000000000000000000000000000000000000000000000000000000000000000000000000000000000000000000000000000000000000000000000000000000000000000000000000000000000000000000>;
P_000000000635e410 .param/l "INIT_4" 0 2 1746, C4<0000000000000000000000000000000000000000000000000000000000000000000000000000000000000000000000000000000000000000000000000000000000000000000000000000000000000000000000000000000000000000000000000000000000000000000000000000000000000000000000000000000000000000>;
P_000000000635e448 .param/l "INIT_5" 0 2 1747, C4<0000000000000000000000000000000000000000000000000000000000000000000000000000000000000000000000000000000000000000000000000000000000000000000000000000000000000000000000000000000000000000000000000000000000000000000000000000000000000000000000000000000000000000>;
P_000000000635e480 .param/l "INIT_6" 0 2 1748, C4<0000000000000000000000000000000000000000000000000000000000000000000000000000000000000000000000000000000000000000000000000000000000000000000000000000000000000000000000000000000000000000000000000000000000000000000000000000000000000000000000000000000000000000>;
P_000000000635e4b8 .param/l "INIT_7" 0 2 1749, C4<0000000000000000000000000000000000000000000000000000000000000000000000000000000000000000000000000000000000000000000000000000000000000000000000000000000000000000000000000000000000000000000000000000000000000000000000000000000000000000000000000000000000000000>;
P_000000000635e4f0 .param/l "INIT_8" 0 2 1750, C4<0000000000000000000000000000000000000000000000000000000000000000000000000000000000000000000000000000000000000000000000000000000000000000000000000000000000000000000000000000000000000000000000000000000000000000000000000000000000000000000000000000000000000000>;
P_000000000635e528 .param/l "INIT_9" 0 2 1751, C4<0000000000000000000000000000000000000000000000000000000000000000000000000000000000000000000000000000000000000000000000000000000000000000000000000000000000000000000000000000000000000000000000000000000000000000000000000000000000000000000000000000000000000000>;
P_000000000635e560 .param/l "INIT_A" 0 2 1752, C4<0000000000000000000000000000000000000000000000000000000000000000000000000000000000000000000000000000000000000000000000000000000000000000000000000000000000000000000000000000000000000000000000000000000000000000000000000000000000000000000000000000000000000000>;
P_000000000635e598 .param/l "INIT_B" 0 2 1753, C4<0000000000000000000000000000000000000000000000000000000000000000000000000000000000000000000000000000000000000000000000000000000000000000000000000000000000000000000000000000000000000000000000000000000000000000000000000000000000000000000000000000000000000000>;
P_000000000635e5d0 .param/l "INIT_C" 0 2 1754, C4<0000000000000000000000000000000000000000000000000000000000000000000000000000000000000000000000000000000000000000000000000000000000000000000000000000000000000000000000000000000000000000000000000000000000000000000000000000000000000000000000000000000000000000>;
P_000000000635e608 .param/l "INIT_D" 0 2 1755, C4<0000000000000000000000000000000000000000000000000000000000000000000000000000000000000000000000000000000000000000000000000000000000000000000000000000000000000000000000000000000000000000000000000000000000000000000000000000000000000000000000000000000000000000>;
P_000000000635e640 .param/l "INIT_E" 0 2 1756, C4<0000000000000000000000000000000000000000000000000000000000000000000000000000000000000000000000000000000000000000000000000000000000000000000000000000000000000000000000000000000000000000000000000000000000000000000000000000000000000000000000000000000000000000>;
P_000000000635e678 .param/l "INIT_F" 0 2 1757, C4<0000000000000000000000000000000000000000000000000000000000000000000000000000000000000000000000000000000000000000000000000000000000000000000000000000000000000000000000000000000000000000000000000000000000000000000000000000000000000000000000000000000000000000>;
P_000000000635e6b0 .param/str "INIT_FILE" 0 2 1759, "\000";
P_000000000635e6e8 .param/l "READ_MODE" 0 2 1740, +C4<00000000000000000000000000000000>;
P_000000000635e720 .param/l "WRITE_MODE" 0 2 1739, +C4<00000000000000000000000000000000>;
o00000000065fce98 .functor BUFZ 1, C4<z>; HiZ drive
L_00000000066d5d90 .functor NOT 1, o00000000065fce98, C4<0>, C4<0>, C4<0>;
o00000000065fc988 .functor BUFZ 16, C4<zzzzzzzzzzzzzzzz>; HiZ drive
v000000000664c560_0 .net "MASK", 15 0, o00000000065fc988;  0 drivers
o00000000065fc9b8 .functor BUFZ 11, C4<zzzzzzzzzzz>; HiZ drive
v000000000664c600_0 .net "RADDR", 10 0, o00000000065fc9b8;  0 drivers
o00000000065fca18 .functor BUFZ 1, C4<z>; HiZ drive
v000000000664c880_0 .net "RCLKE", 0 0, o00000000065fca18;  0 drivers
v000000000664d140_0 .net "RCLKN", 0 0, o00000000065fce98;  0 drivers
v000000000664da00_0 .net "RDATA", 15 0, L_00000000066d5b60;  1 drivers
o00000000065fcaa8 .functor BUFZ 1, C4<z>; HiZ drive
v000000000664c100_0 .net "RE", 0 0, o00000000065fcaa8;  0 drivers
o00000000065fcb08 .functor BUFZ 11, C4<zzzzzzzzzzz>; HiZ drive
v000000000664cba0_0 .net "WADDR", 10 0, o00000000065fcb08;  0 drivers
o00000000065fcb38 .functor BUFZ 1, C4<z>; HiZ drive
v000000000664d320_0 .net "WCLK", 0 0, o00000000065fcb38;  0 drivers
o00000000065fcb68 .functor BUFZ 1, C4<z>; HiZ drive
v000000000664cf60_0 .net "WCLKE", 0 0, o00000000065fcb68;  0 drivers
o00000000065fcb98 .functor BUFZ 16, C4<zzzzzzzzzzzzzzzz>; HiZ drive
v000000000664d640_0 .net "WDATA", 15 0, o00000000065fcb98;  0 drivers
o00000000065fcbf8 .functor BUFZ 1, C4<z>; HiZ drive
v000000000664cc40_0 .net "WE", 0 0, o00000000065fcbf8;  0 drivers
S_00000000065db4a0 .scope module, "RAM" "SB_RAM40_4K" 2 1781, 2 1487 0, S_00000000065d4da0;
 .timescale -12 -12;
    .port_info 0 /OUTPUT 16 "RDATA";
    .port_info 1 /INPUT 1 "RCLK";
    .port_info 2 /INPUT 1 "RCLKE";
    .port_info 3 /INPUT 1 "RE";
    .port_info 4 /INPUT 11 "RADDR";
    .port_info 5 /INPUT 1 "WCLK";
    .port_info 6 /INPUT 1 "WCLKE";
    .port_info 7 /INPUT 1 "WE";
    .port_info 8 /INPUT 11 "WADDR";
    .port_info 9 /INPUT 16 "MASK";
    .port_info 10 /INPUT 16 "WDATA";
P_00000000065ee940 .param/l "INIT_0" 0 2 1507, C4<0000000000000000000000000000000000000000000000000000000000000000000000000000000000000000000000000000000000000000000000000000000000000000000000000000000000000000000000000000000000000000000000000000000000000000000000000000000000000000000000000000000000000000>;
P_00000000065ee978 .param/l "INIT_1" 0 2 1508, C4<0000000000000000000000000000000000000000000000000000000000000000000000000000000000000000000000000000000000000000000000000000000000000000000000000000000000000000000000000000000000000000000000000000000000000000000000000000000000000000000000000000000000000000>;
P_00000000065ee9b0 .param/l "INIT_2" 0 2 1509, C4<0000000000000000000000000000000000000000000000000000000000000000000000000000000000000000000000000000000000000000000000000000000000000000000000000000000000000000000000000000000000000000000000000000000000000000000000000000000000000000000000000000000000000000>;
P_00000000065ee9e8 .param/l "INIT_3" 0 2 1510, C4<0000000000000000000000000000000000000000000000000000000000000000000000000000000000000000000000000000000000000000000000000000000000000000000000000000000000000000000000000000000000000000000000000000000000000000000000000000000000000000000000000000000000000000>;
P_00000000065eea20 .param/l "INIT_4" 0 2 1511, C4<0000000000000000000000000000000000000000000000000000000000000000000000000000000000000000000000000000000000000000000000000000000000000000000000000000000000000000000000000000000000000000000000000000000000000000000000000000000000000000000000000000000000000000>;
P_00000000065eea58 .param/l "INIT_5" 0 2 1512, C4<0000000000000000000000000000000000000000000000000000000000000000000000000000000000000000000000000000000000000000000000000000000000000000000000000000000000000000000000000000000000000000000000000000000000000000000000000000000000000000000000000000000000000000>;
P_00000000065eea90 .param/l "INIT_6" 0 2 1513, C4<0000000000000000000000000000000000000000000000000000000000000000000000000000000000000000000000000000000000000000000000000000000000000000000000000000000000000000000000000000000000000000000000000000000000000000000000000000000000000000000000000000000000000000>;
P_00000000065eeac8 .param/l "INIT_7" 0 2 1514, C4<0000000000000000000000000000000000000000000000000000000000000000000000000000000000000000000000000000000000000000000000000000000000000000000000000000000000000000000000000000000000000000000000000000000000000000000000000000000000000000000000000000000000000000>;
P_00000000065eeb00 .param/l "INIT_8" 0 2 1515, C4<0000000000000000000000000000000000000000000000000000000000000000000000000000000000000000000000000000000000000000000000000000000000000000000000000000000000000000000000000000000000000000000000000000000000000000000000000000000000000000000000000000000000000000>;
P_00000000065eeb38 .param/l "INIT_9" 0 2 1516, C4<0000000000000000000000000000000000000000000000000000000000000000000000000000000000000000000000000000000000000000000000000000000000000000000000000000000000000000000000000000000000000000000000000000000000000000000000000000000000000000000000000000000000000000>;
P_00000000065eeb70 .param/l "INIT_A" 0 2 1517, C4<0000000000000000000000000000000000000000000000000000000000000000000000000000000000000000000000000000000000000000000000000000000000000000000000000000000000000000000000000000000000000000000000000000000000000000000000000000000000000000000000000000000000000000>;
P_00000000065eeba8 .param/l "INIT_B" 0 2 1518, C4<0000000000000000000000000000000000000000000000000000000000000000000000000000000000000000000000000000000000000000000000000000000000000000000000000000000000000000000000000000000000000000000000000000000000000000000000000000000000000000000000000000000000000000>;
P_00000000065eebe0 .param/l "INIT_C" 0 2 1519, C4<0000000000000000000000000000000000000000000000000000000000000000000000000000000000000000000000000000000000000000000000000000000000000000000000000000000000000000000000000000000000000000000000000000000000000000000000000000000000000000000000000000000000000000>;
P_00000000065eec18 .param/l "INIT_D" 0 2 1520, C4<0000000000000000000000000000000000000000000000000000000000000000000000000000000000000000000000000000000000000000000000000000000000000000000000000000000000000000000000000000000000000000000000000000000000000000000000000000000000000000000000000000000000000000>;
P_00000000065eec50 .param/l "INIT_E" 0 2 1521, C4<0000000000000000000000000000000000000000000000000000000000000000000000000000000000000000000000000000000000000000000000000000000000000000000000000000000000000000000000000000000000000000000000000000000000000000000000000000000000000000000000000000000000000000>;
P_00000000065eec88 .param/l "INIT_F" 0 2 1522, C4<0000000000000000000000000000000000000000000000000000000000000000000000000000000000000000000000000000000000000000000000000000000000000000000000000000000000000000000000000000000000000000000000000000000000000000000000000000000000000000000000000000000000000000>;
P_00000000065eecc0 .param/str "INIT_FILE" 0 2 1524, "\000";
P_00000000065eecf8 .param/l "READ_MODE" 0 2 1505, +C4<00000000000000000000000000000000>;
P_00000000065eed30 .param/l "WRITE_MODE" 0 2 1504, +C4<00000000000000000000000000000000>;
v000000000664d3c0_0 .net "MASK", 15 0, o00000000065fc988;  alias, 0 drivers
v000000000664c420_0 .net "RADDR", 10 0, o00000000065fc9b8;  alias, 0 drivers
v000000000664d000_0 .net "RCLK", 0 0, L_00000000066d5d90;  1 drivers
v000000000664c9c0_0 .net "RCLKE", 0 0, o00000000065fca18;  alias, 0 drivers
v000000000664c1a0_0 .net "RDATA", 15 0, L_00000000066d5b60;  alias, 1 drivers
v000000000664c4c0_0 .var "RDATA_I", 15 0;
v000000000664c6a0_0 .net "RE", 0 0, o00000000065fcaa8;  alias, 0 drivers
L_00000000066633a0 .functor BUFT 1, C4<0000000000000000>, C4<0>, C4<0>, C4<0>;
v000000000664d960_0 .net "RMASK_I", 15 0, L_00000000066633a0;  1 drivers
v000000000664be80_0 .net "WADDR", 10 0, o00000000065fcb08;  alias, 0 drivers
v000000000664dc80_0 .net "WCLK", 0 0, o00000000065fcb38;  alias, 0 drivers
v000000000664d460_0 .net "WCLKE", 0 0, o00000000065fcb68;  alias, 0 drivers
v000000000664c740_0 .net "WDATA", 15 0, o00000000065fcb98;  alias, 0 drivers
v000000000664c920_0 .net "WDATA_I", 15 0, L_00000000066d67a0;  1 drivers
v000000000664d5a0_0 .net "WE", 0 0, o00000000065fcbf8;  alias, 0 drivers
v000000000664d500_0 .net "WMASK_I", 15 0, L_00000000066d6420;  1 drivers
v000000000664ca60_0 .var/i "i", 31 0;
v000000000664cb00 .array "memory", 255 0, 15 0;
E_00000000065b20d0 .event posedge, v000000000664d000_0;
E_00000000065b2490 .event posedge, v000000000664dc80_0;
S_00000000065db630 .scope generate, "genblk1" "genblk1" 2 1534, 2 1534 0, S_00000000065db4a0;
 .timescale -12 -12;
L_00000000066d6420 .functor BUFZ 16, o00000000065fc988, C4<0000000000000000>, C4<0000000000000000>, C4<0000000000000000>;
S_00000000065dbc70 .scope generate, "genblk2" "genblk2" 2 1555, 2 1555 0, S_00000000065db4a0;
 .timescale -12 -12;
S_0000000006657c80 .scope generate, "genblk3" "genblk3" 2 1576, 2 1576 0, S_00000000065db4a0;
 .timescale -12 -12;
L_00000000066d67a0 .functor BUFZ 16, o00000000065fcb98, C4<0000000000000000>, C4<0000000000000000>, C4<0000000000000000>;
S_0000000006657e10 .scope generate, "genblk4" "genblk4" 2 1595, 2 1595 0, S_00000000065db4a0;
 .timescale -12 -12;
L_00000000066d5b60 .functor BUFZ 16, v000000000664c4c0_0, C4<0000000000000000>, C4<0000000000000000>, C4<0000000000000000>;
S_00000000065d4f30 .scope module, "SB_RAM40_4KNRNW" "SB_RAM40_4KNRNW" 2 1998;
 .timescale -12 -12;
    .port_info 0 /OUTPUT 16 "RDATA";
    .port_info 1 /INPUT 1 "RCLKN";
    .port_info 2 /INPUT 1 "RCLKE";
    .port_info 3 /INPUT 1 "RE";
    .port_info 4 /INPUT 11 "RADDR";
    .port_info 5 /INPUT 1 "WCLKN";
    .port_info 6 /INPUT 1 "WCLKE";
    .port_info 7 /INPUT 1 "WE";
    .port_info 8 /INPUT 11 "WADDR";
    .port_info 9 /INPUT 16 "MASK";
    .port_info 10 /INPUT 16 "WDATA";
P_00000000065d6bd0 .param/l "INIT_0" 0 2 2014, C4<0000000000000000000000000000000000000000000000000000000000000000000000000000000000000000000000000000000000000000000000000000000000000000000000000000000000000000000000000000000000000000000000000000000000000000000000000000000000000000000000000000000000000000>;
P_00000000065d6c08 .param/l "INIT_1" 0 2 2015, C4<0000000000000000000000000000000000000000000000000000000000000000000000000000000000000000000000000000000000000000000000000000000000000000000000000000000000000000000000000000000000000000000000000000000000000000000000000000000000000000000000000000000000000000>;
P_00000000065d6c40 .param/l "INIT_2" 0 2 2016, C4<0000000000000000000000000000000000000000000000000000000000000000000000000000000000000000000000000000000000000000000000000000000000000000000000000000000000000000000000000000000000000000000000000000000000000000000000000000000000000000000000000000000000000000>;
P_00000000065d6c78 .param/l "INIT_3" 0 2 2017, C4<0000000000000000000000000000000000000000000000000000000000000000000000000000000000000000000000000000000000000000000000000000000000000000000000000000000000000000000000000000000000000000000000000000000000000000000000000000000000000000000000000000000000000000>;
P_00000000065d6cb0 .param/l "INIT_4" 0 2 2018, C4<0000000000000000000000000000000000000000000000000000000000000000000000000000000000000000000000000000000000000000000000000000000000000000000000000000000000000000000000000000000000000000000000000000000000000000000000000000000000000000000000000000000000000000>;
P_00000000065d6ce8 .param/l "INIT_5" 0 2 2019, C4<0000000000000000000000000000000000000000000000000000000000000000000000000000000000000000000000000000000000000000000000000000000000000000000000000000000000000000000000000000000000000000000000000000000000000000000000000000000000000000000000000000000000000000>;
P_00000000065d6d20 .param/l "INIT_6" 0 2 2020, C4<0000000000000000000000000000000000000000000000000000000000000000000000000000000000000000000000000000000000000000000000000000000000000000000000000000000000000000000000000000000000000000000000000000000000000000000000000000000000000000000000000000000000000000>;
P_00000000065d6d58 .param/l "INIT_7" 0 2 2021, C4<0000000000000000000000000000000000000000000000000000000000000000000000000000000000000000000000000000000000000000000000000000000000000000000000000000000000000000000000000000000000000000000000000000000000000000000000000000000000000000000000000000000000000000>;
P_00000000065d6d90 .param/l "INIT_8" 0 2 2022, C4<0000000000000000000000000000000000000000000000000000000000000000000000000000000000000000000000000000000000000000000000000000000000000000000000000000000000000000000000000000000000000000000000000000000000000000000000000000000000000000000000000000000000000000>;
P_00000000065d6dc8 .param/l "INIT_9" 0 2 2023, C4<0000000000000000000000000000000000000000000000000000000000000000000000000000000000000000000000000000000000000000000000000000000000000000000000000000000000000000000000000000000000000000000000000000000000000000000000000000000000000000000000000000000000000000>;
P_00000000065d6e00 .param/l "INIT_A" 0 2 2024, C4<0000000000000000000000000000000000000000000000000000000000000000000000000000000000000000000000000000000000000000000000000000000000000000000000000000000000000000000000000000000000000000000000000000000000000000000000000000000000000000000000000000000000000000>;
P_00000000065d6e38 .param/l "INIT_B" 0 2 2025, C4<0000000000000000000000000000000000000000000000000000000000000000000000000000000000000000000000000000000000000000000000000000000000000000000000000000000000000000000000000000000000000000000000000000000000000000000000000000000000000000000000000000000000000000>;
P_00000000065d6e70 .param/l "INIT_C" 0 2 2026, C4<0000000000000000000000000000000000000000000000000000000000000000000000000000000000000000000000000000000000000000000000000000000000000000000000000000000000000000000000000000000000000000000000000000000000000000000000000000000000000000000000000000000000000000>;
P_00000000065d6ea8 .param/l "INIT_D" 0 2 2027, C4<0000000000000000000000000000000000000000000000000000000000000000000000000000000000000000000000000000000000000000000000000000000000000000000000000000000000000000000000000000000000000000000000000000000000000000000000000000000000000000000000000000000000000000>;
P_00000000065d6ee0 .param/l "INIT_E" 0 2 2028, C4<0000000000000000000000000000000000000000000000000000000000000000000000000000000000000000000000000000000000000000000000000000000000000000000000000000000000000000000000000000000000000000000000000000000000000000000000000000000000000000000000000000000000000000>;
P_00000000065d6f18 .param/l "INIT_F" 0 2 2029, C4<0000000000000000000000000000000000000000000000000000000000000000000000000000000000000000000000000000000000000000000000000000000000000000000000000000000000000000000000000000000000000000000000000000000000000000000000000000000000000000000000000000000000000000>;
P_00000000065d6f50 .param/str "INIT_FILE" 0 2 2031, "\000";
P_00000000065d6f88 .param/l "READ_MODE" 0 2 2012, +C4<00000000000000000000000000000000>;
P_00000000065d6fc0 .param/l "WRITE_MODE" 0 2 2011, +C4<00000000000000000000000000000000>;
o00000000065fd5e8 .functor BUFZ 1, C4<z>; HiZ drive
L_00000000066d6960 .functor NOT 1, o00000000065fd5e8, C4<0>, C4<0>, C4<0>;
o00000000065fd618 .functor BUFZ 1, C4<z>; HiZ drive
L_00000000066d53f0 .functor NOT 1, o00000000065fd618, C4<0>, C4<0>, C4<0>;
o00000000065fd0d8 .functor BUFZ 16, C4<zzzzzzzzzzzzzzzz>; HiZ drive
v000000000664cec0_0 .net "MASK", 15 0, o00000000065fd0d8;  0 drivers
o00000000065fd108 .functor BUFZ 11, C4<zzzzzzzzzzz>; HiZ drive
v000000000664bc00_0 .net "RADDR", 10 0, o00000000065fd108;  0 drivers
o00000000065fd168 .functor BUFZ 1, C4<z>; HiZ drive
v000000000664d280_0 .net "RCLKE", 0 0, o00000000065fd168;  0 drivers
v000000000664bb60_0 .net "RCLKN", 0 0, o00000000065fd5e8;  0 drivers
v000000000664d820_0 .net "RDATA", 15 0, L_00000000066d5a10;  1 drivers
o00000000065fd1f8 .functor BUFZ 1, C4<z>; HiZ drive
v000000000664d8c0_0 .net "RE", 0 0, o00000000065fd1f8;  0 drivers
o00000000065fd258 .functor BUFZ 11, C4<zzzzzzzzzzz>; HiZ drive
v000000000664c240_0 .net "WADDR", 10 0, o00000000065fd258;  0 drivers
o00000000065fd2b8 .functor BUFZ 1, C4<z>; HiZ drive
v000000000664ba20_0 .net "WCLKE", 0 0, o00000000065fd2b8;  0 drivers
v000000000664c2e0_0 .net "WCLKN", 0 0, o00000000065fd618;  0 drivers
o00000000065fd2e8 .functor BUFZ 16, C4<zzzzzzzzzzzzzzzz>; HiZ drive
v000000000664daa0_0 .net "WDATA", 15 0, o00000000065fd2e8;  0 drivers
o00000000065fd348 .functor BUFZ 1, C4<z>; HiZ drive
v000000000664c380_0 .net "WE", 0 0, o00000000065fd348;  0 drivers
S_0000000006656060 .scope module, "RAM" "SB_RAM40_4K" 2 2053, 2 1487 0, S_00000000065d4f30;
 .timescale -12 -12;
    .port_info 0 /OUTPUT 16 "RDATA";
    .port_info 1 /INPUT 1 "RCLK";
    .port_info 2 /INPUT 1 "RCLKE";
    .port_info 3 /INPUT 1 "RE";
    .port_info 4 /INPUT 11 "RADDR";
    .port_info 5 /INPUT 1 "WCLK";
    .port_info 6 /INPUT 1 "WCLKE";
    .port_info 7 /INPUT 1 "WE";
    .port_info 8 /INPUT 11 "WADDR";
    .port_info 9 /INPUT 16 "MASK";
    .port_info 10 /INPUT 16 "WDATA";
P_0000000006658020 .param/l "INIT_0" 0 2 1507, C4<0000000000000000000000000000000000000000000000000000000000000000000000000000000000000000000000000000000000000000000000000000000000000000000000000000000000000000000000000000000000000000000000000000000000000000000000000000000000000000000000000000000000000000>;
P_0000000006658058 .param/l "INIT_1" 0 2 1508, C4<0000000000000000000000000000000000000000000000000000000000000000000000000000000000000000000000000000000000000000000000000000000000000000000000000000000000000000000000000000000000000000000000000000000000000000000000000000000000000000000000000000000000000000>;
P_0000000006658090 .param/l "INIT_2" 0 2 1509, C4<0000000000000000000000000000000000000000000000000000000000000000000000000000000000000000000000000000000000000000000000000000000000000000000000000000000000000000000000000000000000000000000000000000000000000000000000000000000000000000000000000000000000000000>;
P_00000000066580c8 .param/l "INIT_3" 0 2 1510, C4<0000000000000000000000000000000000000000000000000000000000000000000000000000000000000000000000000000000000000000000000000000000000000000000000000000000000000000000000000000000000000000000000000000000000000000000000000000000000000000000000000000000000000000>;
P_0000000006658100 .param/l "INIT_4" 0 2 1511, C4<0000000000000000000000000000000000000000000000000000000000000000000000000000000000000000000000000000000000000000000000000000000000000000000000000000000000000000000000000000000000000000000000000000000000000000000000000000000000000000000000000000000000000000>;
P_0000000006658138 .param/l "INIT_5" 0 2 1512, C4<0000000000000000000000000000000000000000000000000000000000000000000000000000000000000000000000000000000000000000000000000000000000000000000000000000000000000000000000000000000000000000000000000000000000000000000000000000000000000000000000000000000000000000>;
P_0000000006658170 .param/l "INIT_6" 0 2 1513, C4<0000000000000000000000000000000000000000000000000000000000000000000000000000000000000000000000000000000000000000000000000000000000000000000000000000000000000000000000000000000000000000000000000000000000000000000000000000000000000000000000000000000000000000>;
P_00000000066581a8 .param/l "INIT_7" 0 2 1514, C4<0000000000000000000000000000000000000000000000000000000000000000000000000000000000000000000000000000000000000000000000000000000000000000000000000000000000000000000000000000000000000000000000000000000000000000000000000000000000000000000000000000000000000000>;
P_00000000066581e0 .param/l "INIT_8" 0 2 1515, C4<0000000000000000000000000000000000000000000000000000000000000000000000000000000000000000000000000000000000000000000000000000000000000000000000000000000000000000000000000000000000000000000000000000000000000000000000000000000000000000000000000000000000000000>;
P_0000000006658218 .param/l "INIT_9" 0 2 1516, C4<0000000000000000000000000000000000000000000000000000000000000000000000000000000000000000000000000000000000000000000000000000000000000000000000000000000000000000000000000000000000000000000000000000000000000000000000000000000000000000000000000000000000000000>;
P_0000000006658250 .param/l "INIT_A" 0 2 1517, C4<0000000000000000000000000000000000000000000000000000000000000000000000000000000000000000000000000000000000000000000000000000000000000000000000000000000000000000000000000000000000000000000000000000000000000000000000000000000000000000000000000000000000000000>;
P_0000000006658288 .param/l "INIT_B" 0 2 1518, C4<0000000000000000000000000000000000000000000000000000000000000000000000000000000000000000000000000000000000000000000000000000000000000000000000000000000000000000000000000000000000000000000000000000000000000000000000000000000000000000000000000000000000000000>;
P_00000000066582c0 .param/l "INIT_C" 0 2 1519, C4<0000000000000000000000000000000000000000000000000000000000000000000000000000000000000000000000000000000000000000000000000000000000000000000000000000000000000000000000000000000000000000000000000000000000000000000000000000000000000000000000000000000000000000>;
P_00000000066582f8 .param/l "INIT_D" 0 2 1520, C4<0000000000000000000000000000000000000000000000000000000000000000000000000000000000000000000000000000000000000000000000000000000000000000000000000000000000000000000000000000000000000000000000000000000000000000000000000000000000000000000000000000000000000000>;
P_0000000006658330 .param/l "INIT_E" 0 2 1521, C4<0000000000000000000000000000000000000000000000000000000000000000000000000000000000000000000000000000000000000000000000000000000000000000000000000000000000000000000000000000000000000000000000000000000000000000000000000000000000000000000000000000000000000000>;
P_0000000006658368 .param/l "INIT_F" 0 2 1522, C4<0000000000000000000000000000000000000000000000000000000000000000000000000000000000000000000000000000000000000000000000000000000000000000000000000000000000000000000000000000000000000000000000000000000000000000000000000000000000000000000000000000000000000000>;
P_00000000066583a0 .param/str "INIT_FILE" 0 2 1524, "\000";
P_00000000066583d8 .param/l "READ_MODE" 0 2 1505, +C4<00000000000000000000000000000000>;
P_0000000006658410 .param/l "WRITE_MODE" 0 2 1504, +C4<00000000000000000000000000000000>;
v000000000664bfc0_0 .net "MASK", 15 0, o00000000065fd0d8;  alias, 0 drivers
v000000000664bf20_0 .net "RADDR", 10 0, o00000000065fd108;  alias, 0 drivers
v000000000664df00_0 .net "RCLK", 0 0, L_00000000066d6960;  1 drivers
v000000000664dd20_0 .net "RCLKE", 0 0, o00000000065fd168;  alias, 0 drivers
v000000000664c060_0 .net "RDATA", 15 0, L_00000000066d5a10;  alias, 1 drivers
v000000000664de60_0 .var "RDATA_I", 15 0;
v000000000664d1e0_0 .net "RE", 0 0, o00000000065fd1f8;  alias, 0 drivers
L_00000000066633e8 .functor BUFT 1, C4<0000000000000000>, C4<0>, C4<0>, C4<0>;
v000000000664d6e0_0 .net "RMASK_I", 15 0, L_00000000066633e8;  1 drivers
v000000000664bde0_0 .net "WADDR", 10 0, o00000000065fd258;  alias, 0 drivers
v000000000664b840_0 .net "WCLK", 0 0, L_00000000066d53f0;  1 drivers
v000000000664cce0_0 .net "WCLKE", 0 0, o00000000065fd2b8;  alias, 0 drivers
v000000000664ddc0_0 .net "WDATA", 15 0, o00000000065fd2e8;  alias, 0 drivers
v000000000664cd80_0 .net "WDATA_I", 15 0, L_00000000066d6110;  1 drivers
v000000000664dfa0_0 .net "WE", 0 0, o00000000065fd348;  alias, 0 drivers
v000000000664d780_0 .net "WMASK_I", 15 0, L_00000000066d65e0;  1 drivers
v000000000664d0a0_0 .var/i "i", 31 0;
v000000000664ce20 .array "memory", 255 0, 15 0;
E_00000000065b17d0 .event posedge, v000000000664df00_0;
E_00000000065b1b90 .event posedge, v000000000664b840_0;
S_00000000066566a0 .scope generate, "genblk1" "genblk1" 2 1534, 2 1534 0, S_0000000006656060;
 .timescale -12 -12;
L_00000000066d65e0 .functor BUFZ 16, o00000000065fd0d8, C4<0000000000000000>, C4<0000000000000000>, C4<0000000000000000>;
S_0000000006657190 .scope generate, "genblk2" "genblk2" 2 1555, 2 1555 0, S_0000000006656060;
 .timescale -12 -12;
S_0000000006657960 .scope generate, "genblk3" "genblk3" 2 1576, 2 1576 0, S_0000000006656060;
 .timescale -12 -12;
L_00000000066d6110 .functor BUFZ 16, o00000000065fd2e8, C4<0000000000000000>, C4<0000000000000000>, C4<0000000000000000>;
S_0000000006656830 .scope generate, "genblk4" "genblk4" 2 1595, 2 1595 0, S_0000000006656060;
 .timescale -12 -12;
L_00000000066d5a10 .functor BUFZ 16, v000000000664de60_0, C4<0000000000000000>, C4<0000000000000000>, C4<0000000000000000>;
S_00000000065d5250 .scope module, "SB_RAM40_4KNW" "SB_RAM40_4KNW" 2 1862;
 .timescale -12 -12;
    .port_info 0 /OUTPUT 16 "RDATA";
    .port_info 1 /INPUT 1 "RCLK";
    .port_info 2 /INPUT 1 "RCLKE";
    .port_info 3 /INPUT 1 "RE";
    .port_info 4 /INPUT 11 "RADDR";
    .port_info 5 /INPUT 1 "WCLKN";
    .port_info 6 /INPUT 1 "WCLKE";
    .port_info 7 /INPUT 1 "WE";
    .port_info 8 /INPUT 11 "WADDR";
    .port_info 9 /INPUT 16 "MASK";
    .port_info 10 /INPUT 16 "WDATA";
P_00000000065d9010 .param/l "INIT_0" 0 2 1878, C4<0000000000000000000000000000000000000000000000000000000000000000000000000000000000000000000000000000000000000000000000000000000000000000000000000000000000000000000000000000000000000000000000000000000000000000000000000000000000000000000000000000000000000000>;
P_00000000065d9048 .param/l "INIT_1" 0 2 1879, C4<0000000000000000000000000000000000000000000000000000000000000000000000000000000000000000000000000000000000000000000000000000000000000000000000000000000000000000000000000000000000000000000000000000000000000000000000000000000000000000000000000000000000000000>;
P_00000000065d9080 .param/l "INIT_2" 0 2 1880, C4<0000000000000000000000000000000000000000000000000000000000000000000000000000000000000000000000000000000000000000000000000000000000000000000000000000000000000000000000000000000000000000000000000000000000000000000000000000000000000000000000000000000000000000>;
P_00000000065d90b8 .param/l "INIT_3" 0 2 1881, C4<0000000000000000000000000000000000000000000000000000000000000000000000000000000000000000000000000000000000000000000000000000000000000000000000000000000000000000000000000000000000000000000000000000000000000000000000000000000000000000000000000000000000000000>;
P_00000000065d90f0 .param/l "INIT_4" 0 2 1882, C4<0000000000000000000000000000000000000000000000000000000000000000000000000000000000000000000000000000000000000000000000000000000000000000000000000000000000000000000000000000000000000000000000000000000000000000000000000000000000000000000000000000000000000000>;
P_00000000065d9128 .param/l "INIT_5" 0 2 1883, C4<0000000000000000000000000000000000000000000000000000000000000000000000000000000000000000000000000000000000000000000000000000000000000000000000000000000000000000000000000000000000000000000000000000000000000000000000000000000000000000000000000000000000000000>;
P_00000000065d9160 .param/l "INIT_6" 0 2 1884, C4<0000000000000000000000000000000000000000000000000000000000000000000000000000000000000000000000000000000000000000000000000000000000000000000000000000000000000000000000000000000000000000000000000000000000000000000000000000000000000000000000000000000000000000>;
P_00000000065d9198 .param/l "INIT_7" 0 2 1885, C4<0000000000000000000000000000000000000000000000000000000000000000000000000000000000000000000000000000000000000000000000000000000000000000000000000000000000000000000000000000000000000000000000000000000000000000000000000000000000000000000000000000000000000000>;
P_00000000065d91d0 .param/l "INIT_8" 0 2 1886, C4<0000000000000000000000000000000000000000000000000000000000000000000000000000000000000000000000000000000000000000000000000000000000000000000000000000000000000000000000000000000000000000000000000000000000000000000000000000000000000000000000000000000000000000>;
P_00000000065d9208 .param/l "INIT_9" 0 2 1887, C4<0000000000000000000000000000000000000000000000000000000000000000000000000000000000000000000000000000000000000000000000000000000000000000000000000000000000000000000000000000000000000000000000000000000000000000000000000000000000000000000000000000000000000000>;
P_00000000065d9240 .param/l "INIT_A" 0 2 1888, C4<0000000000000000000000000000000000000000000000000000000000000000000000000000000000000000000000000000000000000000000000000000000000000000000000000000000000000000000000000000000000000000000000000000000000000000000000000000000000000000000000000000000000000000>;
P_00000000065d9278 .param/l "INIT_B" 0 2 1889, C4<0000000000000000000000000000000000000000000000000000000000000000000000000000000000000000000000000000000000000000000000000000000000000000000000000000000000000000000000000000000000000000000000000000000000000000000000000000000000000000000000000000000000000000>;
P_00000000065d92b0 .param/l "INIT_C" 0 2 1890, C4<0000000000000000000000000000000000000000000000000000000000000000000000000000000000000000000000000000000000000000000000000000000000000000000000000000000000000000000000000000000000000000000000000000000000000000000000000000000000000000000000000000000000000000>;
P_00000000065d92e8 .param/l "INIT_D" 0 2 1891, C4<0000000000000000000000000000000000000000000000000000000000000000000000000000000000000000000000000000000000000000000000000000000000000000000000000000000000000000000000000000000000000000000000000000000000000000000000000000000000000000000000000000000000000000>;
P_00000000065d9320 .param/l "INIT_E" 0 2 1892, C4<0000000000000000000000000000000000000000000000000000000000000000000000000000000000000000000000000000000000000000000000000000000000000000000000000000000000000000000000000000000000000000000000000000000000000000000000000000000000000000000000000000000000000000>;
P_00000000065d9358 .param/l "INIT_F" 0 2 1893, C4<0000000000000000000000000000000000000000000000000000000000000000000000000000000000000000000000000000000000000000000000000000000000000000000000000000000000000000000000000000000000000000000000000000000000000000000000000000000000000000000000000000000000000000>;
P_00000000065d9390 .param/str "INIT_FILE" 0 2 1895, "\000";
P_00000000065d93c8 .param/l "READ_MODE" 0 2 1876, +C4<00000000000000000000000000000000>;
P_00000000065d9400 .param/l "WRITE_MODE" 0 2 1875, +C4<00000000000000000000000000000000>;
o00000000065fdd68 .functor BUFZ 1, C4<z>; HiZ drive
L_00000000066d5a80 .functor NOT 1, o00000000065fdd68, C4<0>, C4<0>, C4<0>;
o00000000065fd858 .functor BUFZ 16, C4<zzzzzzzzzzzzzzzz>; HiZ drive
v000000000665b4d0_0 .net "MASK", 15 0, o00000000065fd858;  0 drivers
o00000000065fd888 .functor BUFZ 11, C4<zzzzzzzzzzz>; HiZ drive
v000000000665c330_0 .net "RADDR", 10 0, o00000000065fd888;  0 drivers
o00000000065fd8b8 .functor BUFZ 1, C4<z>; HiZ drive
v000000000665c650_0 .net "RCLK", 0 0, o00000000065fd8b8;  0 drivers
o00000000065fd8e8 .functor BUFZ 1, C4<z>; HiZ drive
v000000000665b6b0_0 .net "RCLKE", 0 0, o00000000065fd8e8;  0 drivers
v000000000665b2f0_0 .net "RDATA", 15 0, L_00000000066d6180;  1 drivers
o00000000065fd978 .functor BUFZ 1, C4<z>; HiZ drive
v000000000665bbb0_0 .net "RE", 0 0, o00000000065fd978;  0 drivers
o00000000065fd9d8 .functor BUFZ 11, C4<zzzzzzzzzzz>; HiZ drive
v000000000665acb0_0 .net "WADDR", 10 0, o00000000065fd9d8;  0 drivers
o00000000065fda38 .functor BUFZ 1, C4<z>; HiZ drive
v000000000665b7f0_0 .net "WCLKE", 0 0, o00000000065fda38;  0 drivers
v000000000665afd0_0 .net "WCLKN", 0 0, o00000000065fdd68;  0 drivers
o00000000065fda68 .functor BUFZ 16, C4<zzzzzzzzzzzzzzzz>; HiZ drive
v000000000665ca10_0 .net "WDATA", 15 0, o00000000065fda68;  0 drivers
o00000000065fdac8 .functor BUFZ 1, C4<z>; HiZ drive
v000000000665cf10_0 .net "WE", 0 0, o00000000065fdac8;  0 drivers
S_00000000066561f0 .scope module, "RAM" "SB_RAM40_4K" 2 1917, 2 1487 0, S_00000000065d5250;
 .timescale -12 -12;
    .port_info 0 /OUTPUT 16 "RDATA";
    .port_info 1 /INPUT 1 "RCLK";
    .port_info 2 /INPUT 1 "RCLKE";
    .port_info 3 /INPUT 1 "RE";
    .port_info 4 /INPUT 11 "RADDR";
    .port_info 5 /INPUT 1 "WCLK";
    .port_info 6 /INPUT 1 "WCLKE";
    .port_info 7 /INPUT 1 "WE";
    .port_info 8 /INPUT 11 "WADDR";
    .port_info 9 /INPUT 16 "MASK";
    .port_info 10 /INPUT 16 "WDATA";
P_000000000665a460 .param/l "INIT_0" 0 2 1507, C4<0000000000000000000000000000000000000000000000000000000000000000000000000000000000000000000000000000000000000000000000000000000000000000000000000000000000000000000000000000000000000000000000000000000000000000000000000000000000000000000000000000000000000000>;
P_000000000665a498 .param/l "INIT_1" 0 2 1508, C4<0000000000000000000000000000000000000000000000000000000000000000000000000000000000000000000000000000000000000000000000000000000000000000000000000000000000000000000000000000000000000000000000000000000000000000000000000000000000000000000000000000000000000000>;
P_000000000665a4d0 .param/l "INIT_2" 0 2 1509, C4<0000000000000000000000000000000000000000000000000000000000000000000000000000000000000000000000000000000000000000000000000000000000000000000000000000000000000000000000000000000000000000000000000000000000000000000000000000000000000000000000000000000000000000>;
P_000000000665a508 .param/l "INIT_3" 0 2 1510, C4<0000000000000000000000000000000000000000000000000000000000000000000000000000000000000000000000000000000000000000000000000000000000000000000000000000000000000000000000000000000000000000000000000000000000000000000000000000000000000000000000000000000000000000>;
P_000000000665a540 .param/l "INIT_4" 0 2 1511, C4<0000000000000000000000000000000000000000000000000000000000000000000000000000000000000000000000000000000000000000000000000000000000000000000000000000000000000000000000000000000000000000000000000000000000000000000000000000000000000000000000000000000000000000>;
P_000000000665a578 .param/l "INIT_5" 0 2 1512, C4<0000000000000000000000000000000000000000000000000000000000000000000000000000000000000000000000000000000000000000000000000000000000000000000000000000000000000000000000000000000000000000000000000000000000000000000000000000000000000000000000000000000000000000>;
P_000000000665a5b0 .param/l "INIT_6" 0 2 1513, C4<0000000000000000000000000000000000000000000000000000000000000000000000000000000000000000000000000000000000000000000000000000000000000000000000000000000000000000000000000000000000000000000000000000000000000000000000000000000000000000000000000000000000000000>;
P_000000000665a5e8 .param/l "INIT_7" 0 2 1514, C4<0000000000000000000000000000000000000000000000000000000000000000000000000000000000000000000000000000000000000000000000000000000000000000000000000000000000000000000000000000000000000000000000000000000000000000000000000000000000000000000000000000000000000000>;
P_000000000665a620 .param/l "INIT_8" 0 2 1515, C4<0000000000000000000000000000000000000000000000000000000000000000000000000000000000000000000000000000000000000000000000000000000000000000000000000000000000000000000000000000000000000000000000000000000000000000000000000000000000000000000000000000000000000000>;
P_000000000665a658 .param/l "INIT_9" 0 2 1516, C4<0000000000000000000000000000000000000000000000000000000000000000000000000000000000000000000000000000000000000000000000000000000000000000000000000000000000000000000000000000000000000000000000000000000000000000000000000000000000000000000000000000000000000000>;
P_000000000665a690 .param/l "INIT_A" 0 2 1517, C4<0000000000000000000000000000000000000000000000000000000000000000000000000000000000000000000000000000000000000000000000000000000000000000000000000000000000000000000000000000000000000000000000000000000000000000000000000000000000000000000000000000000000000000>;
P_000000000665a6c8 .param/l "INIT_B" 0 2 1518, C4<0000000000000000000000000000000000000000000000000000000000000000000000000000000000000000000000000000000000000000000000000000000000000000000000000000000000000000000000000000000000000000000000000000000000000000000000000000000000000000000000000000000000000000>;
P_000000000665a700 .param/l "INIT_C" 0 2 1519, C4<0000000000000000000000000000000000000000000000000000000000000000000000000000000000000000000000000000000000000000000000000000000000000000000000000000000000000000000000000000000000000000000000000000000000000000000000000000000000000000000000000000000000000000>;
P_000000000665a738 .param/l "INIT_D" 0 2 1520, C4<0000000000000000000000000000000000000000000000000000000000000000000000000000000000000000000000000000000000000000000000000000000000000000000000000000000000000000000000000000000000000000000000000000000000000000000000000000000000000000000000000000000000000000>;
P_000000000665a770 .param/l "INIT_E" 0 2 1521, C4<0000000000000000000000000000000000000000000000000000000000000000000000000000000000000000000000000000000000000000000000000000000000000000000000000000000000000000000000000000000000000000000000000000000000000000000000000000000000000000000000000000000000000000>;
P_000000000665a7a8 .param/l "INIT_F" 0 2 1522, C4<0000000000000000000000000000000000000000000000000000000000000000000000000000000000000000000000000000000000000000000000000000000000000000000000000000000000000000000000000000000000000000000000000000000000000000000000000000000000000000000000000000000000000000>;
P_000000000665a7e0 .param/str "INIT_FILE" 0 2 1524, "\000";
P_000000000665a818 .param/l "READ_MODE" 0 2 1505, +C4<00000000000000000000000000000000>;
P_000000000665a850 .param/l "WRITE_MODE" 0 2 1504, +C4<00000000000000000000000000000000>;
v000000000664b8e0_0 .net "MASK", 15 0, o00000000065fd858;  alias, 0 drivers
v000000000664db40_0 .net "RADDR", 10 0, o00000000065fd888;  alias, 0 drivers
v000000000664dbe0_0 .net "RCLK", 0 0, o00000000065fd8b8;  alias, 0 drivers
v000000000664bca0_0 .net "RCLKE", 0 0, o00000000065fd8e8;  alias, 0 drivers
v000000000664b980_0 .net "RDATA", 15 0, L_00000000066d6180;  alias, 1 drivers
v000000000664bac0_0 .var "RDATA_I", 15 0;
v000000000665c5b0_0 .net "RE", 0 0, o00000000065fd978;  alias, 0 drivers
L_0000000006663430 .functor BUFT 1, C4<0000000000000000>, C4<0>, C4<0>, C4<0>;
v000000000665bc50_0 .net "RMASK_I", 15 0, L_0000000006663430;  1 drivers
v000000000665b610_0 .net "WADDR", 10 0, o00000000065fd9d8;  alias, 0 drivers
v000000000665af30_0 .net "WCLK", 0 0, L_00000000066d5a80;  1 drivers
v000000000665c970_0 .net "WCLKE", 0 0, o00000000065fda38;  alias, 0 drivers
v000000000665cd30_0 .net "WDATA", 15 0, o00000000065fda68;  alias, 0 drivers
v000000000665aa30_0 .net "WDATA_I", 15 0, L_00000000066d5460;  1 drivers
v000000000665c830_0 .net "WE", 0 0, o00000000065fdac8;  alias, 0 drivers
v000000000665be30_0 .net "WMASK_I", 15 0, L_00000000066d6490;  1 drivers
v000000000665b390_0 .var/i "i", 31 0;
v000000000665c0b0 .array "memory", 255 0, 15 0;
E_00000000065b2110 .event posedge, v000000000664dbe0_0;
E_00000000065b24d0 .event posedge, v000000000665af30_0;
S_00000000066577d0 .scope generate, "genblk1" "genblk1" 2 1534, 2 1534 0, S_00000000066561f0;
 .timescale -12 -12;
L_00000000066d6490 .functor BUFZ 16, o00000000065fd858, C4<0000000000000000>, C4<0000000000000000>, C4<0000000000000000>;
S_0000000006657640 .scope generate, "genblk2" "genblk2" 2 1555, 2 1555 0, S_00000000066561f0;
 .timescale -12 -12;
S_00000000066569c0 .scope generate, "genblk3" "genblk3" 2 1576, 2 1576 0, S_00000000066561f0;
 .timescale -12 -12;
L_00000000066d5460 .functor BUFZ 16, o00000000065fda68, C4<0000000000000000>, C4<0000000000000000>, C4<0000000000000000>;
S_0000000006656380 .scope generate, "genblk4" "genblk4" 2 1595, 2 1595 0, S_00000000066561f0;
 .timescale -12 -12;
L_00000000066d6180 .functor BUFZ 16, v000000000664bac0_0, C4<0000000000000000>, C4<0000000000000000>, C4<0000000000000000>;
S_00000000065d53e0 .scope module, "SB_RGBA_DRV" "SB_RGBA_DRV" 2 2692;
 .timescale -12 -12;
    .port_info 0 /INPUT 1 "CURREN";
    .port_info 1 /INPUT 1 "RGBLEDEN";
    .port_info 2 /INPUT 1 "RGB0PWM";
    .port_info 3 /INPUT 1 "RGB1PWM";
    .port_info 4 /INPUT 1 "RGB2PWM";
    .port_info 5 /OUTPUT 1 "RGB0";
    .port_info 6 /OUTPUT 1 "RGB1";
    .port_info 7 /OUTPUT 1 "RGB2";
P_000000000634d580 .param/str "CURRENT_MODE" 0 2 2702, "0b0";
P_000000000634d5b8 .param/str "RGB0_CURRENT" 0 2 2703, "0b000000";
P_000000000634d5f0 .param/str "RGB1_CURRENT" 0 2 2704, "0b000000";
P_000000000634d628 .param/str "RGB2_CURRENT" 0 2 2705, "0b000000";
o00000000065fdfa8 .functor BUFZ 1, C4<z>; HiZ drive
v000000000665c510_0 .net "CURREN", 0 0, o00000000065fdfa8;  0 drivers
o00000000065fdfd8 .functor BUFZ 1, C4<z>; HiZ drive
v000000000665b9d0_0 .net "RGB0", 0 0, o00000000065fdfd8;  0 drivers
o00000000065fe008 .functor BUFZ 1, C4<z>; HiZ drive
v000000000665bcf0_0 .net "RGB0PWM", 0 0, o00000000065fe008;  0 drivers
o00000000065fe038 .functor BUFZ 1, C4<z>; HiZ drive
v000000000665cab0_0 .net "RGB1", 0 0, o00000000065fe038;  0 drivers
o00000000065fe068 .functor BUFZ 1, C4<z>; HiZ drive
v000000000665c6f0_0 .net "RGB1PWM", 0 0, o00000000065fe068;  0 drivers
o00000000065fe098 .functor BUFZ 1, C4<z>; HiZ drive
v000000000665cc90_0 .net "RGB2", 0 0, o00000000065fe098;  0 drivers
o00000000065fe0c8 .functor BUFZ 1, C4<z>; HiZ drive
v000000000665bd90_0 .net "RGB2PWM", 0 0, o00000000065fe0c8;  0 drivers
o00000000065fe0f8 .functor BUFZ 1, C4<z>; HiZ drive
v000000000665cbf0_0 .net "RGBLEDEN", 0 0, o00000000065fe0f8;  0 drivers
S_00000000065dbae0 .scope module, "SB_RGB_DRV" "SB_RGB_DRV" 2 2716;
 .timescale -12 -12;
    .port_info 0 /INPUT 1 "RGBLEDEN";
    .port_info 1 /INPUT 1 "RGB0PWM";
    .port_info 2 /INPUT 1 "RGB1PWM";
    .port_info 3 /INPUT 1 "RGB2PWM";
    .port_info 4 /INPUT 1 "RGBPU";
    .port_info 5 /OUTPUT 1 "RGB0";
    .port_info 6 /OUTPUT 1 "RGB1";
    .port_info 7 /OUTPUT 1 "RGB2";
P_000000000634e260 .param/str "CURRENT_MODE" 0 2 2726, "0b0";
P_000000000634e298 .param/str "RGB0_CURRENT" 0 2 2727, "0b000000";
P_000000000634e2d0 .param/str "RGB1_CURRENT" 0 2 2728, "0b000000";
P_000000000634e308 .param/str "RGB2_CURRENT" 0 2 2729, "0b000000";
o00000000065fe2a8 .functor BUFZ 1, C4<z>; HiZ drive
v000000000665b750_0 .net "RGB0", 0 0, o00000000065fe2a8;  0 drivers
o00000000065fe2d8 .functor BUFZ 1, C4<z>; HiZ drive
v000000000665c1f0_0 .net "RGB0PWM", 0 0, o00000000065fe2d8;  0 drivers
o00000000065fe308 .functor BUFZ 1, C4<z>; HiZ drive
v000000000665cb50_0 .net "RGB1", 0 0, o00000000065fe308;  0 drivers
o00000000065fe338 .functor BUFZ 1, C4<z>; HiZ drive
v000000000665b1b0_0 .net "RGB1PWM", 0 0, o00000000065fe338;  0 drivers
o00000000065fe368 .functor BUFZ 1, C4<z>; HiZ drive
v000000000665bed0_0 .net "RGB2", 0 0, o00000000065fe368;  0 drivers
o00000000065fe398 .functor BUFZ 1, C4<z>; HiZ drive
v000000000665c3d0_0 .net "RGB2PWM", 0 0, o00000000065fe398;  0 drivers
o00000000065fe3c8 .functor BUFZ 1, C4<z>; HiZ drive
v000000000665c010_0 .net "RGBLEDEN", 0 0, o00000000065fe3c8;  0 drivers
o00000000065fe3f8 .functor BUFZ 1, C4<z>; HiZ drive
v000000000665c790_0 .net "RGBPU", 0 0, o00000000065fe3f8;  0 drivers
S_00000000065dc2b0 .scope module, "SB_SPI" "SB_SPI" 2 2776;
 .timescale -12 -12;
    .port_info 0 /INPUT 1 "SBCLKI";
    .port_info 1 /INPUT 1 "SBRWI";
    .port_info 2 /INPUT 1 "SBSTBI";
    .port_info 3 /INPUT 1 "SBADRI7";
    .port_info 4 /INPUT 1 "SBADRI6";
    .port_info 5 /INPUT 1 "SBADRI5";
    .port_info 6 /INPUT 1 "SBADRI4";
    .port_info 7 /INPUT 1 "SBADRI3";
    .port_info 8 /INPUT 1 "SBADRI2";
    .port_info 9 /INPUT 1 "SBADRI1";
    .port_info 10 /INPUT 1 "SBADRI0";
    .port_info 11 /INPUT 1 "SBDATI7";
    .port_info 12 /INPUT 1 "SBDATI6";
    .port_info 13 /INPUT 1 "SBDATI5";
    .port_info 14 /INPUT 1 "SBDATI4";
    .port_info 15 /INPUT 1 "SBDATI3";
    .port_info 16 /INPUT 1 "SBDATI2";
    .port_info 17 /INPUT 1 "SBDATI1";
    .port_info 18 /INPUT 1 "SBDATI0";
    .port_info 19 /INPUT 1 "MI";
    .port_info 20 /INPUT 1 "SI";
    .port_info 21 /INPUT 1 "SCKI";
    .port_info 22 /INPUT 1 "SCSNI";
    .port_info 23 /OUTPUT 1 "SBDATO7";
    .port_info 24 /OUTPUT 1 "SBDATO6";
    .port_info 25 /OUTPUT 1 "SBDATO5";
    .port_info 26 /OUTPUT 1 "SBDATO4";
    .port_info 27 /OUTPUT 1 "SBDATO3";
    .port_info 28 /OUTPUT 1 "SBDATO2";
    .port_info 29 /OUTPUT 1 "SBDATO1";
    .port_info 30 /OUTPUT 1 "SBDATO0";
    .port_info 31 /OUTPUT 1 "SBACKO";
    .port_info 32 /OUTPUT 1 "SPIIRQ";
    .port_info 33 /OUTPUT 1 "SPIWKUP";
    .port_info 34 /OUTPUT 1 "SO";
    .port_info 35 /OUTPUT 1 "SOE";
    .port_info 36 /OUTPUT 1 "MO";
    .port_info 37 /OUTPUT 1 "MOE";
    .port_info 38 /OUTPUT 1 "SCKO";
    .port_info 39 /OUTPUT 1 "SCKOE";
    .port_info 40 /OUTPUT 1 "MCSNO3";
    .port_info 41 /OUTPUT 1 "MCSNO2";
    .port_info 42 /OUTPUT 1 "MCSNO1";
    .port_info 43 /OUTPUT 1 "MCSNO0";
    .port_info 44 /OUTPUT 1 "MCSNOE3";
    .port_info 45 /OUTPUT 1 "MCSNOE2";
    .port_info 46 /OUTPUT 1 "MCSNOE1";
    .port_info 47 /OUTPUT 1 "MCSNOE0";
P_00000000065b16d0 .param/str "BUS_ADDR74" 0 2 2826, "0b0000";
o00000000065fe5a8 .functor BUFZ 1, C4<z>; HiZ drive
v000000000665bf70_0 .net "MCSNO0", 0 0, o00000000065fe5a8;  0 drivers
o00000000065fe5d8 .functor BUFZ 1, C4<z>; HiZ drive
v000000000665c290_0 .net "MCSNO1", 0 0, o00000000065fe5d8;  0 drivers
o00000000065fe608 .functor BUFZ 1, C4<z>; HiZ drive
v000000000665b070_0 .net "MCSNO2", 0 0, o00000000065fe608;  0 drivers
o00000000065fe638 .functor BUFZ 1, C4<z>; HiZ drive
v000000000665a990_0 .net "MCSNO3", 0 0, o00000000065fe638;  0 drivers
o00000000065fe668 .functor BUFZ 1, C4<z>; HiZ drive
v000000000665c150_0 .net "MCSNOE0", 0 0, o00000000065fe668;  0 drivers
o00000000065fe698 .functor BUFZ 1, C4<z>; HiZ drive
v000000000665aad0_0 .net "MCSNOE1", 0 0, o00000000065fe698;  0 drivers
o00000000065fe6c8 .functor BUFZ 1, C4<z>; HiZ drive
v000000000665ab70_0 .net "MCSNOE2", 0 0, o00000000065fe6c8;  0 drivers
o00000000065fe6f8 .functor BUFZ 1, C4<z>; HiZ drive
v000000000665b110_0 .net "MCSNOE3", 0 0, o00000000065fe6f8;  0 drivers
o00000000065fe728 .functor BUFZ 1, C4<z>; HiZ drive
v000000000665c470_0 .net "MI", 0 0, o00000000065fe728;  0 drivers
o00000000065fe758 .functor BUFZ 1, C4<z>; HiZ drive
v000000000665cdd0_0 .net "MO", 0 0, o00000000065fe758;  0 drivers
o00000000065fe788 .functor BUFZ 1, C4<z>; HiZ drive
v000000000665c8d0_0 .net "MOE", 0 0, o00000000065fe788;  0 drivers
o00000000065fe7b8 .functor BUFZ 1, C4<z>; HiZ drive
v000000000665b890_0 .net "SBACKO", 0 0, o00000000065fe7b8;  0 drivers
o00000000065fe7e8 .functor BUFZ 1, C4<z>; HiZ drive
v000000000665b250_0 .net "SBADRI0", 0 0, o00000000065fe7e8;  0 drivers
o00000000065fe818 .functor BUFZ 1, C4<z>; HiZ drive
v000000000665ce70_0 .net "SBADRI1", 0 0, o00000000065fe818;  0 drivers
o00000000065fe848 .functor BUFZ 1, C4<z>; HiZ drive
v000000000665cfb0_0 .net "SBADRI2", 0 0, o00000000065fe848;  0 drivers
o00000000065fe878 .functor BUFZ 1, C4<z>; HiZ drive
v000000000665d050_0 .net "SBADRI3", 0 0, o00000000065fe878;  0 drivers
o00000000065fe8a8 .functor BUFZ 1, C4<z>; HiZ drive
v000000000665ac10_0 .net "SBADRI4", 0 0, o00000000065fe8a8;  0 drivers
o00000000065fe8d8 .functor BUFZ 1, C4<z>; HiZ drive
v000000000665a8f0_0 .net "SBADRI5", 0 0, o00000000065fe8d8;  0 drivers
o00000000065fe908 .functor BUFZ 1, C4<z>; HiZ drive
v000000000665ad50_0 .net "SBADRI6", 0 0, o00000000065fe908;  0 drivers
o00000000065fe938 .functor BUFZ 1, C4<z>; HiZ drive
v000000000665adf0_0 .net "SBADRI7", 0 0, o00000000065fe938;  0 drivers
o00000000065fe968 .functor BUFZ 1, C4<z>; HiZ drive
v000000000665ae90_0 .net "SBCLKI", 0 0, o00000000065fe968;  0 drivers
o00000000065fe998 .functor BUFZ 1, C4<z>; HiZ drive
v000000000665b430_0 .net "SBDATI0", 0 0, o00000000065fe998;  0 drivers
o00000000065fe9c8 .functor BUFZ 1, C4<z>; HiZ drive
v000000000665b570_0 .net "SBDATI1", 0 0, o00000000065fe9c8;  0 drivers
o00000000065fe9f8 .functor BUFZ 1, C4<z>; HiZ drive
v000000000665b930_0 .net "SBDATI2", 0 0, o00000000065fe9f8;  0 drivers
o00000000065fea28 .functor BUFZ 1, C4<z>; HiZ drive
v000000000665ba70_0 .net "SBDATI3", 0 0, o00000000065fea28;  0 drivers
o00000000065fea58 .functor BUFZ 1, C4<z>; HiZ drive
v000000000665bb10_0 .net "SBDATI4", 0 0, o00000000065fea58;  0 drivers
o00000000065fea88 .functor BUFZ 1, C4<z>; HiZ drive
v000000000665f0d0_0 .net "SBDATI5", 0 0, o00000000065fea88;  0 drivers
o00000000065feab8 .functor BUFZ 1, C4<z>; HiZ drive
v000000000665f7b0_0 .net "SBDATI6", 0 0, o00000000065feab8;  0 drivers
o00000000065feae8 .functor BUFZ 1, C4<z>; HiZ drive
v000000000665f710_0 .net "SBDATI7", 0 0, o00000000065feae8;  0 drivers
o00000000065feb18 .functor BUFZ 1, C4<z>; HiZ drive
v000000000665d4b0_0 .net "SBDATO0", 0 0, o00000000065feb18;  0 drivers
o00000000065feb48 .functor BUFZ 1, C4<z>; HiZ drive
v000000000665e310_0 .net "SBDATO1", 0 0, o00000000065feb48;  0 drivers
o00000000065feb78 .functor BUFZ 1, C4<z>; HiZ drive
v000000000665dc30_0 .net "SBDATO2", 0 0, o00000000065feb78;  0 drivers
o00000000065feba8 .functor BUFZ 1, C4<z>; HiZ drive
v000000000665f350_0 .net "SBDATO3", 0 0, o00000000065feba8;  0 drivers
o00000000065febd8 .functor BUFZ 1, C4<z>; HiZ drive
v000000000665e450_0 .net "SBDATO4", 0 0, o00000000065febd8;  0 drivers
o00000000065fec08 .functor BUFZ 1, C4<z>; HiZ drive
v000000000665ee50_0 .net "SBDATO5", 0 0, o00000000065fec08;  0 drivers
o00000000065fec38 .functor BUFZ 1, C4<z>; HiZ drive
v000000000665ed10_0 .net "SBDATO6", 0 0, o00000000065fec38;  0 drivers
o00000000065fec68 .functor BUFZ 1, C4<z>; HiZ drive
v000000000665f210_0 .net "SBDATO7", 0 0, o00000000065fec68;  0 drivers
o00000000065fec98 .functor BUFZ 1, C4<z>; HiZ drive
v000000000665e770_0 .net "SBRWI", 0 0, o00000000065fec98;  0 drivers
o00000000065fecc8 .functor BUFZ 1, C4<z>; HiZ drive
v000000000665e3b0_0 .net "SBSTBI", 0 0, o00000000065fecc8;  0 drivers
o00000000065fecf8 .functor BUFZ 1, C4<z>; HiZ drive
v000000000665d730_0 .net "SCKI", 0 0, o00000000065fecf8;  0 drivers
o00000000065fed28 .functor BUFZ 1, C4<z>; HiZ drive
v000000000665e810_0 .net "SCKO", 0 0, o00000000065fed28;  0 drivers
o00000000065fed58 .functor BUFZ 1, C4<z>; HiZ drive
v000000000665eef0_0 .net "SCKOE", 0 0, o00000000065fed58;  0 drivers
o00000000065fed88 .functor BUFZ 1, C4<z>; HiZ drive
v000000000665f490_0 .net "SCSNI", 0 0, o00000000065fed88;  0 drivers
o00000000065fedb8 .functor BUFZ 1, C4<z>; HiZ drive
v000000000665e4f0_0 .net "SI", 0 0, o00000000065fedb8;  0 drivers
o00000000065fede8 .functor BUFZ 1, C4<z>; HiZ drive
v000000000665f3f0_0 .net "SO", 0 0, o00000000065fede8;  0 drivers
o00000000065fee18 .functor BUFZ 1, C4<z>; HiZ drive
v000000000665e8b0_0 .net "SOE", 0 0, o00000000065fee18;  0 drivers
o00000000065fee48 .functor BUFZ 1, C4<z>; HiZ drive
v000000000665d7d0_0 .net "SPIIRQ", 0 0, o00000000065fee48;  0 drivers
o00000000065fee78 .functor BUFZ 1, C4<z>; HiZ drive
v000000000665f2b0_0 .net "SPIWKUP", 0 0, o00000000065fee78;  0 drivers
S_00000000065dc120 .scope module, "SB_SPRAM256KA" "SB_SPRAM256KA" 2 2600;
 .timescale -12 -12;
    .port_info 0 /INPUT 14 "ADDRESS";
    .port_info 1 /INPUT 16 "DATAIN";
    .port_info 2 /INPUT 4 "MASKWREN";
    .port_info 3 /INPUT 1 "WREN";
    .port_info 4 /INPUT 1 "CHIPSELECT";
    .port_info 5 /INPUT 1 "CLOCK";
    .port_info 6 /INPUT 1 "STANDBY";
    .port_info 7 /INPUT 1 "SLEEP";
    .port_info 8 /INPUT 1 "POWEROFF";
    .port_info 9 /OUTPUT 16 "DATAOUT";
o00000000065ff8f8 .functor BUFZ 1, C4<z>; HiZ drive
L_00000000066d5700 .functor OR 1, o00000000065ff8f8, L_00000000066c1750, C4<0>, C4<0>;
o00000000065ff7a8 .functor BUFZ 14, C4<zzzzzzzzzzzzzz>; HiZ drive
v000000000665e630_0 .net "ADDRESS", 13 0, o00000000065ff7a8;  0 drivers
o00000000065ff7d8 .functor BUFZ 1, C4<z>; HiZ drive
v000000000665db90_0 .net "CHIPSELECT", 0 0, o00000000065ff7d8;  0 drivers
o00000000065ff808 .functor BUFZ 1, C4<z>; HiZ drive
v000000000665dcd0_0 .net "CLOCK", 0 0, o00000000065ff808;  0 drivers
o00000000065ff838 .functor BUFZ 16, C4<zzzzzzzzzzzzzzzz>; HiZ drive
v000000000665f530_0 .net "DATAIN", 15 0, o00000000065ff838;  0 drivers
v000000000665f5d0_0 .var "DATAOUT", 15 0;
o00000000065ff898 .functor BUFZ 4, C4<zzzz>; HiZ drive
v000000000665dd70_0 .net "MASKWREN", 3 0, o00000000065ff898;  0 drivers
o00000000065ff8c8 .functor BUFZ 1, C4<z>; HiZ drive
v000000000665e590_0 .net "POWEROFF", 0 0, o00000000065ff8c8;  0 drivers
v000000000665edb0_0 .net "SLEEP", 0 0, o00000000065ff8f8;  0 drivers
o00000000065ff928 .functor BUFZ 1, C4<z>; HiZ drive
v000000000665e6d0_0 .net "STANDBY", 0 0, o00000000065ff928;  0 drivers
o00000000065ff958 .functor BUFZ 1, C4<z>; HiZ drive
v000000000665e270_0 .net "WREN", 0 0, o00000000065ff958;  0 drivers
v000000000665ef90_0 .net *"_ivl_1", 0 0, L_00000000066c1750;  1 drivers
v000000000665d370_0 .var/i "i", 31 0;
v000000000665f670 .array "mem", 16383 0, 15 0;
v000000000665e950_0 .net "off", 0 0, L_00000000066d5700;  1 drivers
E_00000000065b2150 .event posedge, v000000000665e950_0, v000000000665dcd0_0;
E_00000000065b25d0 .event negedge, v000000000665e590_0;
L_00000000066c1750 .reduce/nor o00000000065ff8c8;
S_00000000065dcf30 .scope module, "SB_WARMBOOT" "SB_WARMBOOT" 2 2593;
 .timescale -12 -12;
    .port_info 0 /INPUT 1 "BOOT";
    .port_info 1 /INPUT 1 "S1";
    .port_info 2 /INPUT 1 "S0";
o00000000065ffbf8 .functor BUFZ 1, C4<z>; HiZ drive
v000000000665de10_0 .net "BOOT", 0 0, o00000000065ffbf8;  0 drivers
o00000000065ffc28 .functor BUFZ 1, C4<z>; HiZ drive
v000000000665d870_0 .net "S0", 0 0, o00000000065ffc28;  0 drivers
o00000000065ffc58 .functor BUFZ 1, C4<z>; HiZ drive
v000000000665e9f0_0 .net "S1", 0 0, o00000000065ffc58;  0 drivers
S_00000000065db950 .scope module, "spdif_transmit_tb2" "spdif_transmit_tb2" 3 3;
 .timescale -9 -12;
P_0000000006456d80 .param/real "CLK_FREQ" 1 3 6, Cr<m5dc0000000000000gfda>; value=2.45760e+07
P_0000000006456db8 .param/real "CLK_PERIOD" 1 3 8, Cr<m5161555555555400gfc7>; value=40.6901
P_0000000006456df0 .param/real "SPDIF_BAUD" 1 3 7, Cr<m5dc0000000000000gfd9>; value=1.22880e+07
v000000000665ec70_0 .var "clk", 0 0;
v000000000665e130_0 .var "data_left", 31 0;
v000000000665f030_0 .var "data_right", 31 0;
v000000000665f170_0 .var "rst", 0 0;
v000000000665d410_0 .var "sample_rate_code", 3 0;
v000000000665d550_0 .net "spdif_out", 0 0, v000000000665d230_0;  1 drivers
v000000000665d690_0 .var "validity", 0 0;
S_0000000006656e70 .scope module, "dut" "spdif_transmit2" 3 22, 4 1 0, S_00000000065db950;
 .timescale -12 -12;
    .port_info 0 /INPUT 1 "rst";
    .port_info 1 /INPUT 1 "clk";
    .port_info 2 /INPUT 32 "data_left";
    .port_info 3 /INPUT 32 "data_right";
    .port_info 4 /INPUT 1 "validity";
    .port_info 5 /INPUT 4 "sample_rate_code";
    .port_info 6 /OUTPUT 1 "spdif_out";
v000000000665d910_0 .var "bit_counter", 5 0;
v000000000665f850_0 .var "channel_status", 23 0;
v000000000665ea90_0 .var "channel_status_shift", 23 0;
v000000000665eb30_0 .net "clk", 0 0, v000000000665ec70_0;  1 drivers
v000000000665d5f0_0 .var "data_biphase", 0 0;
v000000000665df50_0 .var "data_in_buffer", 23 0;
v000000000665d0f0_0 .net "data_left", 31 0, v000000000665e130_0;  1 drivers
v000000000665dff0_0 .var "data_out_buffer", 7 0;
v000000000665d190_0 .net "data_right", 31 0, v000000000665f030_0;  1 drivers
v000000000665e090_0 .var "frame_counter", 8 0;
v000000000665e1d0_0 .var "parity", 0 0;
v000000000665ebd0_0 .net "rst", 0 0, v000000000665f170_0;  1 drivers
v000000000665deb0_0 .net "sample_rate_code", 3 0, v000000000665d410_0;  1 drivers
v000000000665d230_0 .var "spdif_out", 0 0;
v000000000665d2d0_0 .net "validity", 0 0, v000000000665d690_0;  1 drivers
E_00000000065b1ad0 .event posedge, v000000000665eb30_0;
E_00000000065b2190 .event posedge, v000000000665ebd0_0, v000000000665eb30_0;
E_00000000065b2310 .event anyedge, v000000000665deb0_0;
    .scope S_000000000640e070;
T_2 ;
    %pushi/vec4 0, 0, 1;
    %store/vec4 v0000000006631280_0, 0, 1;
    %pushi/vec4 0, 0, 1;
    %store/vec4 v00000000066316e0_0, 0, 1;
    %end;
    .thread T_2;
    .scope S_000000000640e070;
T_3 ;
    %wait E_00000000065b0a90;
    %load/vec4 v0000000006586140_0;
    %flag_set/vec4 8;
    %jmp/0xz  T_3.0, 8;
    %load/vec4 v000000000657f5d0_0;
    %flag_set/vec4 8;
    %jmp/0 T_3.2, 8;
    %pushi/vec4 0, 0, 1;
    %jmp/1 T_3.3, 8;
T_3.2 ; End of true expr.
    %load/vec4 v00000000066313c0_0;
    %jmp/0 T_3.3, 8;
 ; End of false expr.
    %blend;
T_3.3;
    %assign/vec4 v0000000006631280_0, 0;
T_3.0 ;
    %jmp T_3;
    .thread T_3;
    .scope S_000000000640e070;
T_4 ;
    %wait E_00000000065b10d0;
    %load/vec4 v000000000657f5d0_0;
    %flag_set/vec4 8;
    %jmp/0xz  T_4.0, 8;
    %pushi/vec4 0, 0, 1;
    %assign/vec4 v00000000066316e0_0, 0;
    %jmp T_4.1;
T_4.0 ;
    %load/vec4 v0000000006586140_0;
    %flag_set/vec4 8;
    %jmp/0xz  T_4.2, 8;
    %load/vec4 v00000000066313c0_0;
    %assign/vec4 v00000000066316e0_0, 0;
T_4.2 ;
T_4.1 ;
    %jmp T_4;
    .thread T_4;
    .scope S_00000000065dcc10;
T_5 ;
    %pushi/vec4 0, 0, 32;
    %store/vec4 v0000000006631a00_0, 0, 32;
T_5.0 ; Top of for-loop 
    %load/vec4 v0000000006631a00_0;
    %cmpi/s 16, 0, 32;
    %jmp/0xz T_5.1, 5;
    %pushi/vec4 0, 0, 256;
    %load/vec4 v0000000006631a00_0;
    %muli 16, 0, 32;
    %part/s 16;
    %pushi/vec4 0, 0, 32;
    %load/vec4 v0000000006631a00_0;
    %add;
    %ix/vec4/s 4;
    %store/vec4a v00000000066311e0, 4, 0;
    %pushi/vec4 0, 0, 256;
    %load/vec4 v0000000006631a00_0;
    %muli 16, 0, 32;
    %part/s 16;
    %pushi/vec4 16, 0, 32;
    %load/vec4 v0000000006631a00_0;
    %add;
    %ix/vec4/s 4;
    %store/vec4a v00000000066311e0, 4, 0;
    %pushi/vec4 0, 0, 256;
    %load/vec4 v0000000006631a00_0;
    %muli 16, 0, 32;
    %part/s 16;
    %pushi/vec4 32, 0, 32;
    %load/vec4 v0000000006631a00_0;
    %add;
    %ix/vec4/s 4;
    %store/vec4a v00000000066311e0, 4, 0;
    %pushi/vec4 0, 0, 256;
    %load/vec4 v0000000006631a00_0;
    %muli 16, 0, 32;
    %part/s 16;
    %pushi/vec4 48, 0, 32;
    %load/vec4 v0000000006631a00_0;
    %add;
    %ix/vec4/s 4;
    %store/vec4a v00000000066311e0, 4, 0;
    %pushi/vec4 0, 0, 256;
    %load/vec4 v0000000006631a00_0;
    %muli 16, 0, 32;
    %part/s 16;
    %pushi/vec4 64, 0, 32;
    %load/vec4 v0000000006631a00_0;
    %add;
    %ix/vec4/s 4;
    %store/vec4a v00000000066311e0, 4, 0;
    %pushi/vec4 0, 0, 256;
    %load/vec4 v0000000006631a00_0;
    %muli 16, 0, 32;
    %part/s 16;
    %pushi/vec4 80, 0, 32;
    %load/vec4 v0000000006631a00_0;
    %add;
    %ix/vec4/s 4;
    %store/vec4a v00000000066311e0, 4, 0;
    %pushi/vec4 0, 0, 256;
    %load/vec4 v0000000006631a00_0;
    %muli 16, 0, 32;
    %part/s 16;
    %pushi/vec4 96, 0, 32;
    %load/vec4 v0000000006631a00_0;
    %add;
    %ix/vec4/s 4;
    %store/vec4a v00000000066311e0, 4, 0;
    %pushi/vec4 0, 0, 256;
    %load/vec4 v0000000006631a00_0;
    %muli 16, 0, 32;
    %part/s 16;
    %pushi/vec4 112, 0, 32;
    %load/vec4 v0000000006631a00_0;
    %add;
    %ix/vec4/s 4;
    %store/vec4a v00000000066311e0, 4, 0;
    %pushi/vec4 0, 0, 256;
    %load/vec4 v0000000006631a00_0;
    %muli 16, 0, 32;
    %part/s 16;
    %pushi/vec4 128, 0, 32;
    %load/vec4 v0000000006631a00_0;
    %add;
    %ix/vec4/s 4;
    %store/vec4a v00000000066311e0, 4, 0;
    %pushi/vec4 0, 0, 256;
    %load/vec4 v0000000006631a00_0;
    %muli 16, 0, 32;
    %part/s 16;
    %pushi/vec4 144, 0, 32;
    %load/vec4 v0000000006631a00_0;
    %add;
    %ix/vec4/s 4;
    %store/vec4a v00000000066311e0, 4, 0;
    %pushi/vec4 0, 0, 256;
    %load/vec4 v0000000006631a00_0;
    %muli 16, 0, 32;
    %part/s 16;
    %pushi/vec4 160, 0, 32;
    %load/vec4 v0000000006631a00_0;
    %add;
    %ix/vec4/s 4;
    %store/vec4a v00000000066311e0, 4, 0;
    %pushi/vec4 0, 0, 256;
    %load/vec4 v0000000006631a00_0;
    %muli 16, 0, 32;
    %part/s 16;
    %pushi/vec4 176, 0, 32;
    %load/vec4 v0000000006631a00_0;
    %add;
    %ix/vec4/s 4;
    %store/vec4a v00000000066311e0, 4, 0;
    %pushi/vec4 0, 0, 256;
    %load/vec4 v0000000006631a00_0;
    %muli 16, 0, 32;
    %part/s 16;
    %pushi/vec4 192, 0, 32;
    %load/vec4 v0000000006631a00_0;
    %add;
    %ix/vec4/s 4;
    %store/vec4a v00000000066311e0, 4, 0;
    %pushi/vec4 0, 0, 256;
    %load/vec4 v0000000006631a00_0;
    %muli 16, 0, 32;
    %part/s 16;
    %pushi/vec4 208, 0, 32;
    %load/vec4 v0000000006631a00_0;
    %add;
    %ix/vec4/s 4;
    %store/vec4a v00000000066311e0, 4, 0;
    %pushi/vec4 0, 0, 256;
    %load/vec4 v0000000006631a00_0;
    %muli 16, 0, 32;
    %part/s 16;
    %pushi/vec4 224, 0, 32;
    %load/vec4 v0000000006631a00_0;
    %add;
    %ix/vec4/s 4;
    %store/vec4a v00000000066311e0, 4, 0;
    %pushi/vec4 0, 0, 256;
    %load/vec4 v0000000006631a00_0;
    %muli 16, 0, 32;
    %part/s 16;
    %pushi/vec4 240, 0, 32;
    %load/vec4 v0000000006631a00_0;
    %add;
    %ix/vec4/s 4;
    %store/vec4a v00000000066311e0, 4, 0;
T_5.2 ; for-loop step statement
    %load/vec4 v0000000006631a00_0;
    %addi 1, 0, 32;
    %store/vec4 v0000000006631a00_0, 0, 32;
    %jmp T_5.0;
T_5.1 ; for-loop exit label
    %end;
    .thread T_5;
    .scope S_00000000065dcc10;
T_6 ;
    %wait E_00000000065b0710;
    %load/vec4 v0000000006631140_0;
    %flag_set/vec4 9;
    %flag_get/vec4 9;
    %jmp/0 T_6.2, 9;
    %load/vec4 v0000000006631aa0_0;
    %and;
T_6.2;
    %flag_set/vec4 8;
    %jmp/0xz  T_6.0, 8;
    %load/vec4 v00000000066310a0_0;
    %parti/s 1, 0, 2;
    %nor/r;
    %flag_set/vec4 8;
    %jmp/0xz  T_6.3, 8;
    %load/vec4 v0000000006630ec0_0;
    %parti/s 1, 0, 2;
    %load/vec4 v0000000006630f60_0;
    %parti/s 8, 0, 2;
    %pad/u 10;
    %ix/vec4 3;
    %ix/load 4, 0, 0; Constant delay
    %assign/vec4/a/d v00000000066311e0, 0, 4;
T_6.3 ;
    %load/vec4 v00000000066310a0_0;
    %parti/s 1, 1, 2;
    %nor/r;
    %flag_set/vec4 8;
    %jmp/0xz  T_6.5, 8;
    %load/vec4 v0000000006630ec0_0;
    %parti/s 1, 1, 2;
    %load/vec4 v0000000006630f60_0;
    %parti/s 8, 0, 2;
    %pad/u 10;
    %ix/vec4 3;
    %ix/load 4, 1, 0; part off
    %ix/load 5, 0, 0; Constant delay
    %assign/vec4/a/d v00000000066311e0, 4, 5;
T_6.5 ;
    %load/vec4 v00000000066310a0_0;
    %parti/s 1, 2, 3;
    %nor/r;
    %flag_set/vec4 8;
    %jmp/0xz  T_6.7, 8;
    %load/vec4 v0000000006630ec0_0;
    %parti/s 1, 2, 3;
    %load/vec4 v0000000006630f60_0;
    %parti/s 8, 0, 2;
    %pad/u 10;
    %ix/vec4 3;
    %ix/load 4, 2, 0; part off
    %ix/load 5, 0, 0; Constant delay
    %assign/vec4/a/d v00000000066311e0, 4, 5;
T_6.7 ;
    %load/vec4 v00000000066310a0_0;
    %parti/s 1, 3, 3;
    %nor/r;
    %flag_set/vec4 8;
    %jmp/0xz  T_6.9, 8;
    %load/vec4 v0000000006630ec0_0;
    %parti/s 1, 3, 3;
    %load/vec4 v0000000006630f60_0;
    %parti/s 8, 0, 2;
    %pad/u 10;
    %ix/vec4 3;
    %ix/load 4, 3, 0; part off
    %ix/load 5, 0, 0; Constant delay
    %assign/vec4/a/d v00000000066311e0, 4, 5;
T_6.9 ;
    %load/vec4 v00000000066310a0_0;
    %parti/s 1, 4, 4;
    %nor/r;
    %flag_set/vec4 8;
    %jmp/0xz  T_6.11, 8;
    %load/vec4 v0000000006630ec0_0;
    %parti/s 1, 4, 4;
    %load/vec4 v0000000006630f60_0;
    %parti/s 8, 0, 2;
    %pad/u 10;
    %ix/vec4 3;
    %ix/load 4, 4, 0; part off
    %ix/load 5, 0, 0; Constant delay
    %assign/vec4/a/d v00000000066311e0, 4, 5;
T_6.11 ;
    %load/vec4 v00000000066310a0_0;
    %parti/s 1, 5, 4;
    %nor/r;
    %flag_set/vec4 8;
    %jmp/0xz  T_6.13, 8;
    %load/vec4 v0000000006630ec0_0;
    %parti/s 1, 5, 4;
    %load/vec4 v0000000006630f60_0;
    %parti/s 8, 0, 2;
    %pad/u 10;
    %ix/vec4 3;
    %ix/load 4, 5, 0; part off
    %ix/load 5, 0, 0; Constant delay
    %assign/vec4/a/d v00000000066311e0, 4, 5;
T_6.13 ;
    %load/vec4 v00000000066310a0_0;
    %parti/s 1, 6, 4;
    %nor/r;
    %flag_set/vec4 8;
    %jmp/0xz  T_6.15, 8;
    %load/vec4 v0000000006630ec0_0;
    %parti/s 1, 6, 4;
    %load/vec4 v0000000006630f60_0;
    %parti/s 8, 0, 2;
    %pad/u 10;
    %ix/vec4 3;
    %ix/load 4, 6, 0; part off
    %ix/load 5, 0, 0; Constant delay
    %assign/vec4/a/d v00000000066311e0, 4, 5;
T_6.15 ;
    %load/vec4 v00000000066310a0_0;
    %parti/s 1, 7, 4;
    %nor/r;
    %flag_set/vec4 8;
    %jmp/0xz  T_6.17, 8;
    %load/vec4 v0000000006630ec0_0;
    %parti/s 1, 7, 4;
    %load/vec4 v0000000006630f60_0;
    %parti/s 8, 0, 2;
    %pad/u 10;
    %ix/vec4 3;
    %ix/load 4, 7, 0; part off
    %ix/load 5, 0, 0; Constant delay
    %assign/vec4/a/d v00000000066311e0, 4, 5;
T_6.17 ;
    %load/vec4 v00000000066310a0_0;
    %parti/s 1, 8, 5;
    %nor/r;
    %flag_set/vec4 8;
    %jmp/0xz  T_6.19, 8;
    %load/vec4 v0000000006630ec0_0;
    %parti/s 1, 8, 5;
    %load/vec4 v0000000006630f60_0;
    %parti/s 8, 0, 2;
    %pad/u 10;
    %ix/vec4 3;
    %ix/load 4, 8, 0; part off
    %ix/load 5, 0, 0; Constant delay
    %assign/vec4/a/d v00000000066311e0, 4, 5;
T_6.19 ;
    %load/vec4 v00000000066310a0_0;
    %parti/s 1, 9, 5;
    %nor/r;
    %flag_set/vec4 8;
    %jmp/0xz  T_6.21, 8;
    %load/vec4 v0000000006630ec0_0;
    %parti/s 1, 9, 5;
    %load/vec4 v0000000006630f60_0;
    %parti/s 8, 0, 2;
    %pad/u 10;
    %ix/vec4 3;
    %ix/load 4, 9, 0; part off
    %ix/load 5, 0, 0; Constant delay
    %assign/vec4/a/d v00000000066311e0, 4, 5;
T_6.21 ;
    %load/vec4 v00000000066310a0_0;
    %parti/s 1, 10, 5;
    %nor/r;
    %flag_set/vec4 8;
    %jmp/0xz  T_6.23, 8;
    %load/vec4 v0000000006630ec0_0;
    %parti/s 1, 10, 5;
    %load/vec4 v0000000006630f60_0;
    %parti/s 8, 0, 2;
    %pad/u 10;
    %ix/vec4 3;
    %ix/load 4, 10, 0; part off
    %ix/load 5, 0, 0; Constant delay
    %assign/vec4/a/d v00000000066311e0, 4, 5;
T_6.23 ;
    %load/vec4 v00000000066310a0_0;
    %parti/s 1, 11, 5;
    %nor/r;
    %flag_set/vec4 8;
    %jmp/0xz  T_6.25, 8;
    %load/vec4 v0000000006630ec0_0;
    %parti/s 1, 11, 5;
    %load/vec4 v0000000006630f60_0;
    %parti/s 8, 0, 2;
    %pad/u 10;
    %ix/vec4 3;
    %ix/load 4, 11, 0; part off
    %ix/load 5, 0, 0; Constant delay
    %assign/vec4/a/d v00000000066311e0, 4, 5;
T_6.25 ;
    %load/vec4 v00000000066310a0_0;
    %parti/s 1, 12, 5;
    %nor/r;
    %flag_set/vec4 8;
    %jmp/0xz  T_6.27, 8;
    %load/vec4 v0000000006630ec0_0;
    %parti/s 1, 12, 5;
    %load/vec4 v0000000006630f60_0;
    %parti/s 8, 0, 2;
    %pad/u 10;
    %ix/vec4 3;
    %ix/load 4, 12, 0; part off
    %ix/load 5, 0, 0; Constant delay
    %assign/vec4/a/d v00000000066311e0, 4, 5;
T_6.27 ;
    %load/vec4 v00000000066310a0_0;
    %parti/s 1, 13, 5;
    %nor/r;
    %flag_set/vec4 8;
    %jmp/0xz  T_6.29, 8;
    %load/vec4 v0000000006630ec0_0;
    %parti/s 1, 13, 5;
    %load/vec4 v0000000006630f60_0;
    %parti/s 8, 0, 2;
    %pad/u 10;
    %ix/vec4 3;
    %ix/load 4, 13, 0; part off
    %ix/load 5, 0, 0; Constant delay
    %assign/vec4/a/d v00000000066311e0, 4, 5;
T_6.29 ;
    %load/vec4 v00000000066310a0_0;
    %parti/s 1, 14, 5;
    %nor/r;
    %flag_set/vec4 8;
    %jmp/0xz  T_6.31, 8;
    %load/vec4 v0000000006630ec0_0;
    %parti/s 1, 14, 5;
    %load/vec4 v0000000006630f60_0;
    %parti/s 8, 0, 2;
    %pad/u 10;
    %ix/vec4 3;
    %ix/load 4, 14, 0; part off
    %ix/load 5, 0, 0; Constant delay
    %assign/vec4/a/d v00000000066311e0, 4, 5;
T_6.31 ;
    %load/vec4 v00000000066310a0_0;
    %parti/s 1, 15, 5;
    %nor/r;
    %flag_set/vec4 8;
    %jmp/0xz  T_6.33, 8;
    %load/vec4 v0000000006630ec0_0;
    %parti/s 1, 15, 5;
    %load/vec4 v0000000006630f60_0;
    %parti/s 8, 0, 2;
    %pad/u 10;
    %ix/vec4 3;
    %ix/load 4, 15, 0; part off
    %ix/load 5, 0, 0; Constant delay
    %assign/vec4/a/d v00000000066311e0, 4, 5;
T_6.33 ;
T_6.0 ;
    %jmp T_6;
    .thread T_6;
    .scope S_00000000065dcc10;
T_7 ;
    %wait E_00000000065b13d0;
    %load/vec4 v0000000006630880_0;
    %flag_set/vec4 9;
    %flag_get/vec4 9;
    %jmp/0 T_7.2, 9;
    %load/vec4 v0000000006631640_0;
    %and;
T_7.2;
    %flag_set/vec4 8;
    %jmp/0xz  T_7.0, 8;
    %load/vec4 v0000000006631c80_0;
    %parti/s 8, 0, 2;
    %pad/u 10;
    %ix/vec4 4;
    %load/vec4a v00000000066311e0, 4;
    %load/vec4 v0000000006631820_0;
    %inv;
    %and;
    %assign/vec4 v0000000006631320_0, 0;
T_7.0 ;
    %jmp T_7;
    .thread T_7;
    .scope S_0000000006343e00;
T_8 ;
    %pushi/vec4 0, 0, 1;
    %store/vec4 v0000000006636650_0, 0, 1;
    %end;
    .thread T_8;
    .scope S_0000000006343e00;
T_9 ;
    %wait E_00000000065b1210;
    %load/vec4 v0000000006635f70_0;
    %assign/vec4 v0000000006636650_0, 0;
    %jmp T_9;
    .thread T_9;
    .scope S_0000000006343f90;
T_10 ;
    %pushi/vec4 0, 0, 1;
    %store/vec4 v00000000066368d0_0, 0, 1;
    %end;
    .thread T_10;
    .scope S_0000000006343f90;
T_11 ;
    %wait E_00000000065b1250;
    %load/vec4 v0000000006635750_0;
    %flag_set/vec4 8;
    %jmp/0xz  T_11.0, 8;
    %load/vec4 v0000000006636150_0;
    %assign/vec4 v00000000066368d0_0, 0;
T_11.0 ;
    %jmp T_11;
    .thread T_11;
    .scope S_0000000006344120;
T_12 ;
    %pushi/vec4 0, 0, 1;
    %store/vec4 v0000000006636970_0, 0, 1;
    %end;
    .thread T_12;
    .scope S_0000000006344120;
T_13 ;
    %wait E_00000000065b12d0;
    %load/vec4 v0000000006636b50_0;
    %flag_set/vec4 8;
    %jmp/0xz  T_13.0, 8;
    %pushi/vec4 0, 0, 1;
    %assign/vec4 v0000000006636970_0, 0;
    %jmp T_13.1;
T_13.0 ;
    %load/vec4 v0000000006635890_0;
    %flag_set/vec4 8;
    %jmp/0xz  T_13.2, 8;
    %load/vec4 v0000000006636bf0_0;
    %assign/vec4 v0000000006636970_0, 0;
T_13.2 ;
T_13.1 ;
    %jmp T_13;
    .thread T_13;
    .scope S_0000000006348720;
T_14 ;
    %pushi/vec4 0, 0, 1;
    %store/vec4 v0000000006635a70_0, 0, 1;
    %end;
    .thread T_14;
    .scope S_0000000006348720;
T_15 ;
    %wait E_00000000065b08d0;
    %load/vec4 v0000000006638340_0;
    %flag_set/vec4 8;
    %jmp/0xz  T_15.0, 8;
    %pushi/vec4 1, 0, 1;
    %assign/vec4 v0000000006635a70_0, 0;
    %jmp T_15.1;
T_15.0 ;
    %load/vec4 v00000000066360b0_0;
    %flag_set/vec4 8;
    %jmp/0xz  T_15.2, 8;
    %load/vec4 v00000000066359d0_0;
    %assign/vec4 v0000000006635a70_0, 0;
T_15.2 ;
T_15.1 ;
    %jmp T_15;
    .thread T_15;
    .scope S_00000000063488b0;
T_16 ;
    %pushi/vec4 0, 0, 1;
    %store/vec4 v0000000006639ec0_0, 0, 1;
    %end;
    .thread T_16;
    .scope S_00000000063488b0;
T_17 ;
    %wait E_00000000065b0910;
    %load/vec4 v0000000006639420_0;
    %flag_set/vec4 8;
    %jmp/0xz  T_17.0, 8;
    %load/vec4 v00000000066388e0_0;
    %flag_set/vec4 8;
    %jmp/0xz  T_17.2, 8;
    %pushi/vec4 0, 0, 1;
    %assign/vec4 v0000000006639ec0_0, 0;
    %jmp T_17.3;
T_17.2 ;
    %load/vec4 v0000000006638980_0;
    %assign/vec4 v0000000006639ec0_0, 0;
T_17.3 ;
T_17.0 ;
    %jmp T_17;
    .thread T_17;
    .scope S_0000000006348a40;
T_18 ;
    %pushi/vec4 0, 0, 1;
    %store/vec4 v0000000006639b00_0, 0, 1;
    %end;
    .thread T_18;
    .scope S_0000000006348a40;
T_19 ;
    %wait E_00000000065b0950;
    %load/vec4 v0000000006637a80_0;
    %flag_set/vec4 8;
    %jmp/0xz  T_19.0, 8;
    %load/vec4 v00000000066396a0_0;
    %flag_set/vec4 8;
    %jmp/0xz  T_19.2, 8;
    %pushi/vec4 1, 0, 1;
    %assign/vec4 v0000000006639b00_0, 0;
    %jmp T_19.3;
T_19.2 ;
    %load/vec4 v0000000006639ba0_0;
    %assign/vec4 v0000000006639b00_0, 0;
T_19.3 ;
T_19.0 ;
    %jmp T_19;
    .thread T_19;
    .scope S_000000000634f3b0;
T_20 ;
    %pushi/vec4 0, 0, 1;
    %store/vec4 v0000000006638020_0, 0, 1;
    %end;
    .thread T_20;
    .scope S_000000000634f3b0;
T_21 ;
    %wait E_00000000065b0990;
    %load/vec4 v0000000006639380_0;
    %assign/vec4 v0000000006638020_0, 0;
    %jmp T_21;
    .thread T_21;
    .scope S_000000000634f540;
T_22 ;
    %pushi/vec4 0, 0, 1;
    %store/vec4 v0000000006637b20_0, 0, 1;
    %end;
    .thread T_22;
    .scope S_000000000634f540;
T_23 ;
    %wait E_00000000065b0a50;
    %load/vec4 v0000000006637800_0;
    %flag_set/vec4 8;
    %jmp/0xz  T_23.0, 8;
    %load/vec4 v00000000066379e0_0;
    %assign/vec4 v0000000006637b20_0, 0;
T_23.0 ;
    %jmp T_23;
    .thread T_23;
    .scope S_000000000634f6d0;
T_24 ;
    %pushi/vec4 0, 0, 1;
    %store/vec4 v00000000066397e0_0, 0, 1;
    %end;
    .thread T_24;
    .scope S_000000000634f6d0;
T_25 ;
    %wait E_00000000065b2590;
    %load/vec4 v0000000006638fc0_0;
    %flag_set/vec4 8;
    %jmp/0xz  T_25.0, 8;
    %pushi/vec4 0, 0, 1;
    %assign/vec4 v00000000066397e0_0, 0;
    %jmp T_25.1;
T_25.0 ;
    %load/vec4 v0000000006638e80_0;
    %flag_set/vec4 8;
    %jmp/0xz  T_25.2, 8;
    %load/vec4 v0000000006639740_0;
    %assign/vec4 v00000000066397e0_0, 0;
T_25.2 ;
T_25.1 ;
    %jmp T_25;
    .thread T_25;
    .scope S_0000000006354a70;
T_26 ;
    %pushi/vec4 0, 0, 1;
    %store/vec4 v0000000006638200_0, 0, 1;
    %end;
    .thread T_26;
    .scope S_0000000006354a70;
T_27 ;
    %wait E_00000000065b1ed0;
    %load/vec4 v0000000006639560_0;
    %flag_set/vec4 8;
    %jmp/0xz  T_27.0, 8;
    %pushi/vec4 1, 0, 1;
    %assign/vec4 v0000000006638200_0, 0;
    %jmp T_27.1;
T_27.0 ;
    %load/vec4 v00000000066392e0_0;
    %flag_set/vec4 8;
    %jmp/0xz  T_27.2, 8;
    %load/vec4 v00000000066383e0_0;
    %assign/vec4 v0000000006638200_0, 0;
T_27.2 ;
T_27.1 ;
    %jmp T_27;
    .thread T_27;
    .scope S_0000000006354c00;
T_28 ;
    %pushi/vec4 0, 0, 1;
    %store/vec4 v00000000066382a0_0, 0, 1;
    %end;
    .thread T_28;
    .scope S_0000000006354c00;
T_29 ;
    %wait E_00000000065b1d90;
    %load/vec4 v0000000006639880_0;
    %flag_set/vec4 8;
    %jmp/0xz  T_29.0, 8;
    %load/vec4 v0000000006639600_0;
    %flag_set/vec4 8;
    %jmp/0xz  T_29.2, 8;
    %pushi/vec4 0, 0, 1;
    %assign/vec4 v00000000066382a0_0, 0;
    %jmp T_29.3;
T_29.2 ;
    %load/vec4 v00000000066394c0_0;
    %assign/vec4 v00000000066382a0_0, 0;
T_29.3 ;
T_29.0 ;
    %jmp T_29;
    .thread T_29;
    .scope S_00000000065d3f20;
T_30 ;
    %pushi/vec4 0, 0, 1;
    %store/vec4 v0000000006637e40_0, 0, 1;
    %end;
    .thread T_30;
    .scope S_00000000065d3f20;
T_31 ;
    %wait E_00000000065b1f10;
    %load/vec4 v0000000006638520_0;
    %flag_set/vec4 8;
    %jmp/0xz  T_31.0, 8;
    %load/vec4 v0000000006638f20_0;
    %flag_set/vec4 8;
    %jmp/0xz  T_31.2, 8;
    %pushi/vec4 1, 0, 1;
    %assign/vec4 v0000000006637e40_0, 0;
    %jmp T_31.3;
T_31.2 ;
    %load/vec4 v0000000006639920_0;
    %assign/vec4 v0000000006637e40_0, 0;
T_31.3 ;
T_31.0 ;
    %jmp T_31;
    .thread T_31;
    .scope S_00000000065d3d90;
T_32 ;
    %pushi/vec4 0, 0, 1;
    %store/vec4 v0000000006637bc0_0, 0, 1;
    %end;
    .thread T_32;
    .scope S_00000000065d3d90;
T_33 ;
    %wait E_00000000065b19d0;
    %load/vec4 v0000000006638660_0;
    %flag_set/vec4 8;
    %jmp/0xz  T_33.0, 8;
    %pushi/vec4 0, 0, 1;
    %assign/vec4 v0000000006637bc0_0, 0;
    %jmp T_33.1;
T_33.0 ;
    %load/vec4 v00000000066385c0_0;
    %assign/vec4 v0000000006637bc0_0, 0;
T_33.1 ;
    %jmp T_33;
    .thread T_33;
    .scope S_00000000065d4240;
T_34 ;
    %pushi/vec4 0, 0, 1;
    %store/vec4 v00000000066399c0_0, 0, 1;
    %end;
    .thread T_34;
    .scope S_00000000065d4240;
T_35 ;
    %wait E_00000000065b1c50;
    %load/vec4 v0000000006639f60_0;
    %flag_set/vec4 8;
    %jmp/0xz  T_35.0, 8;
    %pushi/vec4 1, 0, 1;
    %assign/vec4 v00000000066399c0_0, 0;
    %jmp T_35.1;
T_35.0 ;
    %load/vec4 v00000000066391a0_0;
    %assign/vec4 v00000000066399c0_0, 0;
T_35.1 ;
    %jmp T_35;
    .thread T_35;
    .scope S_00000000065d4880;
T_36 ;
    %pushi/vec4 0, 0, 1;
    %store/vec4 v0000000006638480_0, 0, 1;
    %end;
    .thread T_36;
    .scope S_00000000065d4880;
T_37 ;
    %wait E_00000000065b1910;
    %load/vec4 v0000000006638840_0;
    %flag_set/vec4 8;
    %jmp/0xz  T_37.0, 8;
    %pushi/vec4 0, 0, 1;
    %assign/vec4 v0000000006638480_0, 0;
    %jmp T_37.1;
T_37.0 ;
    %load/vec4 v00000000066387a0_0;
    %assign/vec4 v0000000006638480_0, 0;
T_37.1 ;
    %jmp T_37;
    .thread T_37;
    .scope S_00000000065d4a10;
T_38 ;
    %pushi/vec4 0, 0, 1;
    %store/vec4 v0000000006638a20_0, 0, 1;
    %end;
    .thread T_38;
    .scope S_00000000065d4a10;
T_39 ;
    %wait E_00000000065b1c90;
    %load/vec4 v0000000006639060_0;
    %flag_set/vec4 8;
    %jmp/0xz  T_39.0, 8;
    %pushi/vec4 1, 0, 1;
    %assign/vec4 v0000000006638a20_0, 0;
    %jmp T_39.1;
T_39.0 ;
    %load/vec4 v0000000006639c40_0;
    %assign/vec4 v0000000006638a20_0, 0;
T_39.1 ;
    %jmp T_39;
    .thread T_39;
    .scope S_00000000065d40b0;
T_40 ;
    %pushi/vec4 0, 0, 1;
    %store/vec4 v0000000006637d00_0, 0, 1;
    %end;
    .thread T_40;
    .scope S_00000000065d40b0;
T_41 ;
    %wait E_00000000065b21d0;
    %load/vec4 v0000000006639d80_0;
    %flag_set/vec4 8;
    %jmp/0xz  T_41.0, 8;
    %pushi/vec4 0, 0, 1;
    %assign/vec4 v0000000006637d00_0, 0;
    %jmp T_41.1;
T_41.0 ;
    %load/vec4 v0000000006639ce0_0;
    %assign/vec4 v0000000006637d00_0, 0;
T_41.1 ;
    %jmp T_41;
    .thread T_41;
    .scope S_00000000065d3c00;
T_42 ;
    %pushi/vec4 0, 0, 1;
    %store/vec4 v0000000006638ca0_0, 0, 1;
    %end;
    .thread T_42;
    .scope S_00000000065d3c00;
T_43 ;
    %wait E_00000000065b1750;
    %load/vec4 v0000000006637c60_0;
    %flag_set/vec4 8;
    %jmp/0xz  T_43.0, 8;
    %pushi/vec4 1, 0, 1;
    %assign/vec4 v0000000006638ca0_0, 0;
    %jmp T_43.1;
T_43.0 ;
    %load/vec4 v00000000066378a0_0;
    %assign/vec4 v0000000006638ca0_0, 0;
T_43.1 ;
    %jmp T_43;
    .thread T_43;
    .scope S_00000000065d43d0;
T_44 ;
    %pushi/vec4 0, 0, 1;
    %store/vec4 v000000000663b040_0, 0, 1;
    %end;
    .thread T_44;
    .scope S_00000000065d43d0;
T_45 ;
    %wait E_00000000065b2350;
    %load/vec4 v000000000663a640_0;
    %flag_set/vec4 8;
    %jmp/0xz  T_45.0, 8;
    %pushi/vec4 0, 0, 1;
    %assign/vec4 v000000000663b040_0, 0;
    %jmp T_45.1;
T_45.0 ;
    %load/vec4 v0000000006637da0_0;
    %assign/vec4 v000000000663b040_0, 0;
T_45.1 ;
    %jmp T_45;
    .thread T_45;
    .scope S_00000000065d4560;
T_46 ;
    %pushi/vec4 0, 0, 1;
    %store/vec4 v000000000663b5e0_0, 0, 1;
    %end;
    .thread T_46;
    .scope S_00000000065d4560;
T_47 ;
    %wait E_00000000065b1e90;
    %load/vec4 v000000000663a460_0;
    %flag_set/vec4 8;
    %jmp/0xz  T_47.0, 8;
    %pushi/vec4 1, 0, 1;
    %assign/vec4 v000000000663b5e0_0, 0;
    %jmp T_47.1;
T_47.0 ;
    %load/vec4 v000000000663b0e0_0;
    %assign/vec4 v000000000663b5e0_0, 0;
T_47.1 ;
    %jmp T_47;
    .thread T_47;
    .scope S_00000000065db7c0;
T_48 ;
    %wait E_00000000065b1dd0;
    %load/vec4 v000000000663aaa0_0;
    %assign/vec4 v000000000663afa0_0, 0;
    %jmp T_48;
    .thread T_48;
    .scope S_00000000065db7c0;
T_49 ;
    %wait E_00000000065b1dd0;
    %load/vec4 v000000000663aaa0_0;
    %flag_set/vec4 8;
    %jmp/0xz  T_49.0, 8;
    %load/vec4 v000000000663a8c0_0;
    %assign/vec4 v000000000663ac80_0, 0;
T_49.0 ;
    %jmp T_49;
    .thread T_49;
    .scope S_00000000065db7c0;
T_50 ;
    %wait E_00000000065b1d10;
    %load/vec4 v000000000663afa0_0;
    %flag_set/vec4 8;
    %jmp/0xz  T_50.0, 8;
    %load/vec4 v000000000663a8c0_0;
    %assign/vec4 v000000000663b540_0, 0;
T_50.0 ;
    %jmp T_50;
    .thread T_50;
    .scope S_00000000065db7c0;
T_51 ;
    %wait E_00000000065b2390;
    %load/vec4 v000000000663aaa0_0;
    %assign/vec4 v000000000663a6e0_0, 0;
    %jmp T_51;
    .thread T_51;
    .scope S_00000000065db7c0;
T_52 ;
    %wait E_00000000065b2390;
    %load/vec4 v000000000663aaa0_0;
    %flag_set/vec4 8;
    %jmp/0xz  T_52.0, 8;
    %load/vec4 v000000000663b4a0_0;
    %assign/vec4 v000000000663a280_0, 0;
T_52.0 ;
    %jmp T_52;
    .thread T_52;
    .scope S_00000000065db7c0;
T_53 ;
    %wait E_00000000065b2450;
    %load/vec4 v000000000663a6e0_0;
    %flag_set/vec4 8;
    %jmp/0xz  T_53.0, 8;
    %load/vec4 v000000000663b180_0;
    %assign/vec4 v000000000663b2c0_0, 0;
T_53.0 ;
    %jmp T_53;
    .thread T_53;
    .scope S_00000000065db7c0;
T_54 ;
    %wait E_00000000065b2390;
    %load/vec4 v000000000663aaa0_0;
    %flag_set/vec4 8;
    %jmp/0xz  T_54.0, 8;
    %load/vec4 v000000000663ad20_0;
    %assign/vec4 v000000000663b680_0, 0;
T_54.0 ;
    %jmp T_54;
    .thread T_54;
    .scope S_00000000065dc8f0;
T_55 ;
    %wait E_00000000065b2210;
    %load/vec4 v000000000663ac80_0;
    %store/vec4 v000000000663b220_0, 0, 1;
    %load/vec4 v000000000663b540_0;
    %store/vec4 v000000000663abe0_0, 0, 1;
    %jmp T_55;
    .thread T_55, $push;
    .scope S_00000000065dc8f0;
T_56 ;
    %wait E_00000000065b1bd0;
    %load/vec4 v000000000663a000_0;
    %assign/vec4 v000000000663b360_0, 0;
    %jmp T_56;
    .thread T_56, $push;
    .scope S_00000000065dc8f0;
T_57 ;
    %wait E_00000000065b1890;
    %load/vec4 v000000000663b360_0;
    %assign/vec4 v000000000663a1e0_0, 0;
    %jmp T_57;
    .thread T_57, $push;
    .scope S_00000000065dc8f0;
T_58 ;
    %wait E_00000000065b1a50;
    %load/vec4 v000000000663a1e0_0;
    %pushi/vec4 0, 0, 1;
    %xor;
    %flag_set/vec4 8;
    %jmp/1 T_58.2, 8;
    %pushi/vec4 0, 0, 1;
    %flag_set/vec4 9;
    %flag_or 8, 9;
T_58.2;
    %jmp/0 T_58.0, 8;
    %load/vec4 v000000000663a280_0;
    %jmp/1 T_58.1, 8;
T_58.0 ; End of true expr.
    %load/vec4 v000000000663b2c0_0;
    %jmp/0 T_58.1, 8;
 ; End of false expr.
    %blend;
T_58.1;
    %store/vec4 v000000000663adc0_0, 0, 1;
    %jmp T_58;
    .thread T_58, $push;
    .scope S_00000000065dd250;
T_59 ;
    %wait E_00000000065b1e10;
    %load/vec4 v000000000663cc10_0;
    %flag_set/vec4 8;
    %jmp/0xz  T_59.0, 8;
    %load/vec4 v000000000663dcf0_0;
    %assign/vec4 v000000000663d610_0, 0;
T_59.0 ;
    %jmp T_59;
    .thread T_59;
    .scope S_00000000065dd250;
T_60 ;
    %wait E_00000000065b2090;
    %load/vec4 v000000000663cc10_0;
    %flag_set/vec4 8;
    %jmp/0xz  T_60.0, 8;
    %load/vec4 v000000000663dcf0_0;
    %assign/vec4 v000000000663ce90_0, 0;
T_60.0 ;
    %jmp T_60;
    .thread T_60;
    .scope S_00000000065dd250;
T_61 ;
    %wait E_00000000065b23d0;
    %load/vec4 v000000000663cc10_0;
    %flag_set/vec4 8;
    %jmp/0xz  T_61.0, 8;
    %load/vec4 v000000000663be50_0;
    %assign/vec4 v000000000663d750_0, 0;
T_61.0 ;
    %jmp T_61;
    .thread T_61;
    .scope S_00000000065dd250;
T_62 ;
    %wait E_00000000065b1cd0;
    %load/vec4 v000000000663cc10_0;
    %flag_set/vec4 8;
    %jmp/0xz  T_62.0, 8;
    %load/vec4 v000000000663bf90_0;
    %assign/vec4 v000000000663b950_0, 0;
T_62.0 ;
    %jmp T_62;
    .thread T_62;
    .scope S_00000000065dd250;
T_63 ;
    %wait E_00000000065b23d0;
    %load/vec4 v000000000663cc10_0;
    %flag_set/vec4 8;
    %jmp/0xz  T_63.0, 8;
    %load/vec4 v000000000663ca30_0;
    %assign/vec4 v000000000663d930_0, 0;
T_63.0 ;
    %jmp T_63;
    .thread T_63;
    .scope S_00000000065d5570;
T_64 ;
    %wait E_00000000065b1d50;
    %load/vec4 v000000000663d610_0;
    %store/vec4 v000000000663cad0_0, 0, 1;
    %load/vec4 v000000000663ce90_0;
    %store/vec4 v000000000663d6b0_0, 0, 1;
    %jmp T_64;
    .thread T_64, $push;
    .scope S_00000000065d5570;
T_65 ;
    %wait E_00000000065b2250;
    %load/vec4 v000000000663b8b0_0;
    %assign/vec4 v000000000663d890_0, 0;
    %jmp T_65;
    .thread T_65, $push;
    .scope S_00000000065d5570;
T_66 ;
    %wait E_00000000065b1b50;
    %load/vec4 v000000000663d890_0;
    %assign/vec4 v000000000663cb70_0, 0;
    %jmp T_66;
    .thread T_66, $push;
    .scope S_00000000065d5570;
T_67 ;
    %wait E_00000000065b2650;
    %load/vec4 v000000000663cb70_0;
    %pushi/vec4 0, 0, 1;
    %xor;
    %flag_set/vec4 8;
    %jmp/1 T_67.2, 8;
    %pushi/vec4 0, 0, 1;
    %flag_set/vec4 9;
    %flag_or 8, 9;
T_67.2;
    %jmp/0 T_67.0, 8;
    %load/vec4 v000000000663d750_0;
    %jmp/1 T_67.1, 8;
T_67.0 ; End of true expr.
    %load/vec4 v000000000663b950_0;
    %jmp/0 T_67.1, 8;
 ; End of false expr.
    %blend;
T_67.1;
    %store/vec4 v000000000663d4d0_0, 0, 1;
    %jmp T_67;
    .thread T_67, $push;
    .scope S_00000000065dcda0;
T_68 ;
    %wait E_00000000065b1fd0;
    %load/vec4 v000000000663b9f0_0;
    %flag_set/vec4 8;
    %jmp/0xz  T_68.0, 8;
    %load/vec4 v000000000663cd50_0;
    %assign/vec4 v000000000663bd10_0, 0;
T_68.0 ;
    %jmp T_68;
    .thread T_68;
    .scope S_00000000065dcda0;
T_69 ;
    %wait E_00000000065b1990;
    %load/vec4 v000000000663b9f0_0;
    %flag_set/vec4 8;
    %jmp/0xz  T_69.0, 8;
    %load/vec4 v000000000663cd50_0;
    %assign/vec4 v000000000663cf30_0, 0;
T_69.0 ;
    %jmp T_69;
    .thread T_69;
    .scope S_00000000065dcda0;
T_70 ;
    %wait E_00000000065b1f50;
    %load/vec4 v000000000663b9f0_0;
    %flag_set/vec4 8;
    %jmp/0xz  T_70.0, 8;
    %load/vec4 v000000000663dbb0_0;
    %assign/vec4 v000000000663da70_0, 0;
T_70.0 ;
    %jmp T_70;
    .thread T_70;
    .scope S_00000000065dcda0;
T_71 ;
    %wait E_00000000065b1a10;
    %load/vec4 v000000000663b9f0_0;
    %flag_set/vec4 8;
    %jmp/0xz  T_71.0, 8;
    %load/vec4 v000000000663ba90_0;
    %assign/vec4 v000000000663bb30_0, 0;
T_71.0 ;
    %jmp T_71;
    .thread T_71;
    .scope S_00000000065dcda0;
T_72 ;
    %wait E_00000000065b1f50;
    %load/vec4 v000000000663b9f0_0;
    %flag_set/vec4 8;
    %jmp/0xz  T_72.0, 8;
    %load/vec4 v000000000663d390_0;
    %assign/vec4 v000000000663dc50_0, 0;
T_72.0 ;
    %jmp T_72;
    .thread T_72;
    .scope S_00000000065d6060;
T_73 ;
    %wait E_00000000065b2050;
    %load/vec4 v000000000663bd10_0;
    %store/vec4 v000000000663c8f0_0, 0, 1;
    %load/vec4 v000000000663cf30_0;
    %store/vec4 v000000000663cdf0_0, 0, 1;
    %jmp T_73;
    .thread T_73, $push;
    .scope S_00000000065d6060;
T_74 ;
    %wait E_00000000065b1f90;
    %load/vec4 v000000000663c670_0;
    %assign/vec4 v000000000663c350_0, 0;
    %jmp T_74;
    .thread T_74, $push;
    .scope S_00000000065d6060;
T_75 ;
    %wait E_00000000065b2010;
    %load/vec4 v000000000663c350_0;
    %assign/vec4 v000000000663c490_0, 0;
    %jmp T_75;
    .thread T_75, $push;
    .scope S_00000000065d6060;
T_76 ;
    %wait E_00000000065b1e50;
    %load/vec4 v000000000663c490_0;
    %pushi/vec4 0, 0, 1;
    %xor;
    %flag_set/vec4 8;
    %jmp/1 T_76.2, 8;
    %pushi/vec4 0, 0, 1;
    %flag_set/vec4 9;
    %flag_or 8, 9;
T_76.2;
    %jmp/0 T_76.0, 8;
    %load/vec4 v000000000663da70_0;
    %jmp/1 T_76.1, 8;
T_76.0 ; End of true expr.
    %load/vec4 v000000000663bb30_0;
    %jmp/0 T_76.1, 8;
 ; End of false expr.
    %blend;
T_76.1;
    %store/vec4 v000000000663d1b0_0, 0, 1;
    %jmp T_76;
    .thread T_76, $push;
    .scope S_00000000065d61f0;
T_77 ;
    %wait E_00000000065b2690;
    %load/vec4 v0000000006640220_0;
    %flag_set/vec4 8;
    %jmp/0xz  T_77.0, 8;
    %pushi/vec4 0, 0, 16;
    %assign/vec4 v0000000006651560_0, 0;
    %pushi/vec4 0, 0, 16;
    %assign/vec4 v0000000006652960_0, 0;
    %jmp T_77.1;
T_77.0 ;
    %load/vec4 v00000000066409a0_0;
    %flag_set/vec4 8;
    %jmp/0xz  T_77.2, 8;
    %load/vec4 v0000000006640900_0;
    %nor/r;
    %flag_set/vec4 8;
    %jmp/0xz  T_77.4, 8;
    %load/vec4 v00000000066413a0_0;
    %assign/vec4 v0000000006651560_0, 0;
T_77.4 ;
    %load/vec4 v000000000663fa00_0;
    %nor/r;
    %flag_set/vec4 8;
    %jmp/0xz  T_77.6, 8;
    %load/vec4 v0000000006641620_0;
    %assign/vec4 v0000000006652960_0, 0;
T_77.6 ;
T_77.2 ;
T_77.1 ;
    %jmp T_77;
    .thread T_77;
    .scope S_00000000065d61f0;
T_78 ;
    %wait E_00000000065b2410;
    %load/vec4 v0000000006640fe0_0;
    %flag_set/vec4 8;
    %jmp/0xz  T_78.0, 8;
    %pushi/vec4 0, 0, 16;
    %assign/vec4 v0000000006651e20_0, 0;
    %pushi/vec4 0, 0, 16;
    %assign/vec4 v0000000006650c00_0, 0;
    %jmp T_78.1;
T_78.0 ;
    %load/vec4 v00000000066409a0_0;
    %flag_set/vec4 8;
    %jmp/0xz  T_78.2, 8;
    %load/vec4 v0000000006640b80_0;
    %nor/r;
    %flag_set/vec4 8;
    %jmp/0xz  T_78.4, 8;
    %load/vec4 v0000000006640860_0;
    %assign/vec4 v0000000006651e20_0, 0;
T_78.4 ;
    %load/vec4 v000000000663f960_0;
    %nor/r;
    %flag_set/vec4 8;
    %jmp/0xz  T_78.6, 8;
    %load/vec4 v0000000006641440_0;
    %assign/vec4 v0000000006650c00_0, 0;
T_78.6 ;
T_78.2 ;
T_78.1 ;
    %jmp T_78;
    .thread T_78;
    .scope S_00000000065d61f0;
T_79 ;
    %wait E_00000000065b2690;
    %load/vec4 v0000000006640220_0;
    %flag_set/vec4 8;
    %jmp/0xz  T_79.0, 8;
    %pushi/vec4 0, 0, 16;
    %assign/vec4 v0000000006652280_0, 0;
    %pushi/vec4 0, 0, 16;
    %assign/vec4 v0000000006651ce0_0, 0;
    %jmp T_79.1;
T_79.0 ;
    %load/vec4 v00000000066409a0_0;
    %flag_set/vec4 8;
    %jmp/0xz  T_79.2, 8;
    %load/vec4 v000000000664e5e0_0;
    %assign/vec4 v0000000006652280_0, 0;
    %load/vec4 v000000000664e860_0;
    %assign/vec4 v0000000006651ce0_0, 0;
T_79.2 ;
T_79.1 ;
    %jmp T_79;
    .thread T_79;
    .scope S_00000000065d61f0;
T_80 ;
    %wait E_00000000065b2410;
    %load/vec4 v0000000006640fe0_0;
    %flag_set/vec4 8;
    %jmp/0xz  T_80.0, 8;
    %pushi/vec4 0, 0, 16;
    %assign/vec4 v0000000006651240_0, 0;
    %pushi/vec4 0, 0, 16;
    %assign/vec4 v0000000006652320_0, 0;
    %jmp T_80.1;
T_80.0 ;
    %load/vec4 v00000000066409a0_0;
    %flag_set/vec4 8;
    %jmp/0xz  T_80.2, 8;
    %load/vec4 v000000000664e680_0;
    %assign/vec4 v0000000006651240_0, 0;
    %load/vec4 v0000000006650f20_0;
    %assign/vec4 v0000000006652320_0, 0;
T_80.2 ;
T_80.1 ;
    %jmp T_80;
    .thread T_80;
    .scope S_00000000065d61f0;
T_81 ;
    %wait E_00000000065b2410;
    %load/vec4 v0000000006640fe0_0;
    %flag_set/vec4 8;
    %jmp/0xz  T_81.0, 8;
    %pushi/vec4 0, 0, 32;
    %assign/vec4 v0000000006651920_0, 0;
    %jmp T_81.1;
T_81.0 ;
    %load/vec4 v00000000066409a0_0;
    %flag_set/vec4 8;
    %jmp/0xz  T_81.2, 8;
    %load/vec4 v0000000006650700_0;
    %assign/vec4 v0000000006651920_0, 0;
T_81.2 ;
T_81.1 ;
    %jmp T_81;
    .thread T_81;
    .scope S_00000000065d61f0;
T_82 ;
    %wait E_00000000065b1a90;
    %load/vec4 v0000000006640360_0;
    %flag_set/vec4 8;
    %jmp/0xz  T_82.0, 8;
    %pushi/vec4 0, 0, 16;
    %assign/vec4 v0000000006650a20_0, 0;
    %jmp T_82.1;
T_82.0 ;
    %load/vec4 v00000000066409a0_0;
    %flag_set/vec4 8;
    %jmp/0xz  T_82.2, 8;
    %load/vec4 v000000000663fdc0_0;
    %nor/r;
    %flag_set/vec4 8;
    %jmp/0xz  T_82.4, 8;
    %load/vec4 v000000000664f260_0;
    %assign/vec4 v0000000006650a20_0, 0;
T_82.4 ;
T_82.2 ;
T_82.1 ;
    %jmp T_82;
    .thread T_82;
    .scope S_00000000065d61f0;
T_83 ;
    %wait E_00000000065b2290;
    %load/vec4 v0000000006641f80_0;
    %flag_set/vec4 8;
    %jmp/0xz  T_83.0, 8;
    %pushi/vec4 0, 0, 16;
    %assign/vec4 v0000000006650ca0_0, 0;
    %jmp T_83.1;
T_83.0 ;
    %load/vec4 v00000000066409a0_0;
    %flag_set/vec4 8;
    %jmp/0xz  T_83.2, 8;
    %load/vec4 v0000000006641080_0;
    %nor/r;
    %flag_set/vec4 8;
    %jmp/0xz  T_83.4, 8;
    %load/vec4 v000000000664f080_0;
    %assign/vec4 v0000000006650ca0_0, 0;
T_83.4 ;
T_83.2 ;
T_83.1 ;
    %jmp T_83;
    .thread T_83;
    .scope S_00000000065db4a0;
T_84 ;
    %pushi/vec4 0, 0, 32;
    %store/vec4 v000000000664ca60_0, 0, 32;
T_84.0 ; Top of for-loop 
    %load/vec4 v000000000664ca60_0;
    %cmpi/s 16, 0, 32;
    %jmp/0xz T_84.1, 5;
    %pushi/vec4 0, 0, 256;
    %load/vec4 v000000000664ca60_0;
    %muli 16, 0, 32;
    %part/s 16;
    %pushi/vec4 0, 0, 32;
    %load/vec4 v000000000664ca60_0;
    %add;
    %ix/vec4/s 4;
    %store/vec4a v000000000664cb00, 4, 0;
    %pushi/vec4 0, 0, 256;
    %load/vec4 v000000000664ca60_0;
    %muli 16, 0, 32;
    %part/s 16;
    %pushi/vec4 16, 0, 32;
    %load/vec4 v000000000664ca60_0;
    %add;
    %ix/vec4/s 4;
    %store/vec4a v000000000664cb00, 4, 0;
    %pushi/vec4 0, 0, 256;
    %load/vec4 v000000000664ca60_0;
    %muli 16, 0, 32;
    %part/s 16;
    %pushi/vec4 32, 0, 32;
    %load/vec4 v000000000664ca60_0;
    %add;
    %ix/vec4/s 4;
    %store/vec4a v000000000664cb00, 4, 0;
    %pushi/vec4 0, 0, 256;
    %load/vec4 v000000000664ca60_0;
    %muli 16, 0, 32;
    %part/s 16;
    %pushi/vec4 48, 0, 32;
    %load/vec4 v000000000664ca60_0;
    %add;
    %ix/vec4/s 4;
    %store/vec4a v000000000664cb00, 4, 0;
    %pushi/vec4 0, 0, 256;
    %load/vec4 v000000000664ca60_0;
    %muli 16, 0, 32;
    %part/s 16;
    %pushi/vec4 64, 0, 32;
    %load/vec4 v000000000664ca60_0;
    %add;
    %ix/vec4/s 4;
    %store/vec4a v000000000664cb00, 4, 0;
    %pushi/vec4 0, 0, 256;
    %load/vec4 v000000000664ca60_0;
    %muli 16, 0, 32;
    %part/s 16;
    %pushi/vec4 80, 0, 32;
    %load/vec4 v000000000664ca60_0;
    %add;
    %ix/vec4/s 4;
    %store/vec4a v000000000664cb00, 4, 0;
    %pushi/vec4 0, 0, 256;
    %load/vec4 v000000000664ca60_0;
    %muli 16, 0, 32;
    %part/s 16;
    %pushi/vec4 96, 0, 32;
    %load/vec4 v000000000664ca60_0;
    %add;
    %ix/vec4/s 4;
    %store/vec4a v000000000664cb00, 4, 0;
    %pushi/vec4 0, 0, 256;
    %load/vec4 v000000000664ca60_0;
    %muli 16, 0, 32;
    %part/s 16;
    %pushi/vec4 112, 0, 32;
    %load/vec4 v000000000664ca60_0;
    %add;
    %ix/vec4/s 4;
    %store/vec4a v000000000664cb00, 4, 0;
    %pushi/vec4 0, 0, 256;
    %load/vec4 v000000000664ca60_0;
    %muli 16, 0, 32;
    %part/s 16;
    %pushi/vec4 128, 0, 32;
    %load/vec4 v000000000664ca60_0;
    %add;
    %ix/vec4/s 4;
    %store/vec4a v000000000664cb00, 4, 0;
    %pushi/vec4 0, 0, 256;
    %load/vec4 v000000000664ca60_0;
    %muli 16, 0, 32;
    %part/s 16;
    %pushi/vec4 144, 0, 32;
    %load/vec4 v000000000664ca60_0;
    %add;
    %ix/vec4/s 4;
    %store/vec4a v000000000664cb00, 4, 0;
    %pushi/vec4 0, 0, 256;
    %load/vec4 v000000000664ca60_0;
    %muli 16, 0, 32;
    %part/s 16;
    %pushi/vec4 160, 0, 32;
    %load/vec4 v000000000664ca60_0;
    %add;
    %ix/vec4/s 4;
    %store/vec4a v000000000664cb00, 4, 0;
    %pushi/vec4 0, 0, 256;
    %load/vec4 v000000000664ca60_0;
    %muli 16, 0, 32;
    %part/s 16;
    %pushi/vec4 176, 0, 32;
    %load/vec4 v000000000664ca60_0;
    %add;
    %ix/vec4/s 4;
    %store/vec4a v000000000664cb00, 4, 0;
    %pushi/vec4 0, 0, 256;
    %load/vec4 v000000000664ca60_0;
    %muli 16, 0, 32;
    %part/s 16;
    %pushi/vec4 192, 0, 32;
    %load/vec4 v000000000664ca60_0;
    %add;
    %ix/vec4/s 4;
    %store/vec4a v000000000664cb00, 4, 0;
    %pushi/vec4 0, 0, 256;
    %load/vec4 v000000000664ca60_0;
    %muli 16, 0, 32;
    %part/s 16;
    %pushi/vec4 208, 0, 32;
    %load/vec4 v000000000664ca60_0;
    %add;
    %ix/vec4/s 4;
    %store/vec4a v000000000664cb00, 4, 0;
    %pushi/vec4 0, 0, 256;
    %load/vec4 v000000000664ca60_0;
    %muli 16, 0, 32;
    %part/s 16;
    %pushi/vec4 224, 0, 32;
    %load/vec4 v000000000664ca60_0;
    %add;
    %ix/vec4/s 4;
    %store/vec4a v000000000664cb00, 4, 0;
    %pushi/vec4 0, 0, 256;
    %load/vec4 v000000000664ca60_0;
    %muli 16, 0, 32;
    %part/s 16;
    %pushi/vec4 240, 0, 32;
    %load/vec4 v000000000664ca60_0;
    %add;
    %ix/vec4/s 4;
    %store/vec4a v000000000664cb00, 4, 0;
T_84.2 ; for-loop step statement
    %load/vec4 v000000000664ca60_0;
    %addi 1, 0, 32;
    %store/vec4 v000000000664ca60_0, 0, 32;
    %jmp T_84.0;
T_84.1 ; for-loop exit label
    %end;
    .thread T_84;
    .scope S_00000000065db4a0;
T_85 ;
    %wait E_00000000065b2490;
    %load/vec4 v000000000664d5a0_0;
    %flag_set/vec4 9;
    %flag_get/vec4 9;
    %jmp/0 T_85.2, 9;
    %load/vec4 v000000000664d460_0;
    %and;
T_85.2;
    %flag_set/vec4 8;
    %jmp/0xz  T_85.0, 8;
    %load/vec4 v000000000664d500_0;
    %parti/s 1, 0, 2;
    %nor/r;
    %flag_set/vec4 8;
    %jmp/0xz  T_85.3, 8;
    %load/vec4 v000000000664c920_0;
    %parti/s 1, 0, 2;
    %load/vec4 v000000000664be80_0;
    %parti/s 8, 0, 2;
    %pad/u 10;
    %ix/vec4 3;
    %ix/load 4, 0, 0; Constant delay
    %assign/vec4/a/d v000000000664cb00, 0, 4;
T_85.3 ;
    %load/vec4 v000000000664d500_0;
    %parti/s 1, 1, 2;
    %nor/r;
    %flag_set/vec4 8;
    %jmp/0xz  T_85.5, 8;
    %load/vec4 v000000000664c920_0;
    %parti/s 1, 1, 2;
    %load/vec4 v000000000664be80_0;
    %parti/s 8, 0, 2;
    %pad/u 10;
    %ix/vec4 3;
    %ix/load 4, 1, 0; part off
    %ix/load 5, 0, 0; Constant delay
    %assign/vec4/a/d v000000000664cb00, 4, 5;
T_85.5 ;
    %load/vec4 v000000000664d500_0;
    %parti/s 1, 2, 3;
    %nor/r;
    %flag_set/vec4 8;
    %jmp/0xz  T_85.7, 8;
    %load/vec4 v000000000664c920_0;
    %parti/s 1, 2, 3;
    %load/vec4 v000000000664be80_0;
    %parti/s 8, 0, 2;
    %pad/u 10;
    %ix/vec4 3;
    %ix/load 4, 2, 0; part off
    %ix/load 5, 0, 0; Constant delay
    %assign/vec4/a/d v000000000664cb00, 4, 5;
T_85.7 ;
    %load/vec4 v000000000664d500_0;
    %parti/s 1, 3, 3;
    %nor/r;
    %flag_set/vec4 8;
    %jmp/0xz  T_85.9, 8;
    %load/vec4 v000000000664c920_0;
    %parti/s 1, 3, 3;
    %load/vec4 v000000000664be80_0;
    %parti/s 8, 0, 2;
    %pad/u 10;
    %ix/vec4 3;
    %ix/load 4, 3, 0; part off
    %ix/load 5, 0, 0; Constant delay
    %assign/vec4/a/d v000000000664cb00, 4, 5;
T_85.9 ;
    %load/vec4 v000000000664d500_0;
    %parti/s 1, 4, 4;
    %nor/r;
    %flag_set/vec4 8;
    %jmp/0xz  T_85.11, 8;
    %load/vec4 v000000000664c920_0;
    %parti/s 1, 4, 4;
    %load/vec4 v000000000664be80_0;
    %parti/s 8, 0, 2;
    %pad/u 10;
    %ix/vec4 3;
    %ix/load 4, 4, 0; part off
    %ix/load 5, 0, 0; Constant delay
    %assign/vec4/a/d v000000000664cb00, 4, 5;
T_85.11 ;
    %load/vec4 v000000000664d500_0;
    %parti/s 1, 5, 4;
    %nor/r;
    %flag_set/vec4 8;
    %jmp/0xz  T_85.13, 8;
    %load/vec4 v000000000664c920_0;
    %parti/s 1, 5, 4;
    %load/vec4 v000000000664be80_0;
    %parti/s 8, 0, 2;
    %pad/u 10;
    %ix/vec4 3;
    %ix/load 4, 5, 0; part off
    %ix/load 5, 0, 0; Constant delay
    %assign/vec4/a/d v000000000664cb00, 4, 5;
T_85.13 ;
    %load/vec4 v000000000664d500_0;
    %parti/s 1, 6, 4;
    %nor/r;
    %flag_set/vec4 8;
    %jmp/0xz  T_85.15, 8;
    %load/vec4 v000000000664c920_0;
    %parti/s 1, 6, 4;
    %load/vec4 v000000000664be80_0;
    %parti/s 8, 0, 2;
    %pad/u 10;
    %ix/vec4 3;
    %ix/load 4, 6, 0; part off
    %ix/load 5, 0, 0; Constant delay
    %assign/vec4/a/d v000000000664cb00, 4, 5;
T_85.15 ;
    %load/vec4 v000000000664d500_0;
    %parti/s 1, 7, 4;
    %nor/r;
    %flag_set/vec4 8;
    %jmp/0xz  T_85.17, 8;
    %load/vec4 v000000000664c920_0;
    %parti/s 1, 7, 4;
    %load/vec4 v000000000664be80_0;
    %parti/s 8, 0, 2;
    %pad/u 10;
    %ix/vec4 3;
    %ix/load 4, 7, 0; part off
    %ix/load 5, 0, 0; Constant delay
    %assign/vec4/a/d v000000000664cb00, 4, 5;
T_85.17 ;
    %load/vec4 v000000000664d500_0;
    %parti/s 1, 8, 5;
    %nor/r;
    %flag_set/vec4 8;
    %jmp/0xz  T_85.19, 8;
    %load/vec4 v000000000664c920_0;
    %parti/s 1, 8, 5;
    %load/vec4 v000000000664be80_0;
    %parti/s 8, 0, 2;
    %pad/u 10;
    %ix/vec4 3;
    %ix/load 4, 8, 0; part off
    %ix/load 5, 0, 0; Constant delay
    %assign/vec4/a/d v000000000664cb00, 4, 5;
T_85.19 ;
    %load/vec4 v000000000664d500_0;
    %parti/s 1, 9, 5;
    %nor/r;
    %flag_set/vec4 8;
    %jmp/0xz  T_85.21, 8;
    %load/vec4 v000000000664c920_0;
    %parti/s 1, 9, 5;
    %load/vec4 v000000000664be80_0;
    %parti/s 8, 0, 2;
    %pad/u 10;
    %ix/vec4 3;
    %ix/load 4, 9, 0; part off
    %ix/load 5, 0, 0; Constant delay
    %assign/vec4/a/d v000000000664cb00, 4, 5;
T_85.21 ;
    %load/vec4 v000000000664d500_0;
    %parti/s 1, 10, 5;
    %nor/r;
    %flag_set/vec4 8;
    %jmp/0xz  T_85.23, 8;
    %load/vec4 v000000000664c920_0;
    %parti/s 1, 10, 5;
    %load/vec4 v000000000664be80_0;
    %parti/s 8, 0, 2;
    %pad/u 10;
    %ix/vec4 3;
    %ix/load 4, 10, 0; part off
    %ix/load 5, 0, 0; Constant delay
    %assign/vec4/a/d v000000000664cb00, 4, 5;
T_85.23 ;
    %load/vec4 v000000000664d500_0;
    %parti/s 1, 11, 5;
    %nor/r;
    %flag_set/vec4 8;
    %jmp/0xz  T_85.25, 8;
    %load/vec4 v000000000664c920_0;
    %parti/s 1, 11, 5;
    %load/vec4 v000000000664be80_0;
    %parti/s 8, 0, 2;
    %pad/u 10;
    %ix/vec4 3;
    %ix/load 4, 11, 0; part off
    %ix/load 5, 0, 0; Constant delay
    %assign/vec4/a/d v000000000664cb00, 4, 5;
T_85.25 ;
    %load/vec4 v000000000664d500_0;
    %parti/s 1, 12, 5;
    %nor/r;
    %flag_set/vec4 8;
    %jmp/0xz  T_85.27, 8;
    %load/vec4 v000000000664c920_0;
    %parti/s 1, 12, 5;
    %load/vec4 v000000000664be80_0;
    %parti/s 8, 0, 2;
    %pad/u 10;
    %ix/vec4 3;
    %ix/load 4, 12, 0; part off
    %ix/load 5, 0, 0; Constant delay
    %assign/vec4/a/d v000000000664cb00, 4, 5;
T_85.27 ;
    %load/vec4 v000000000664d500_0;
    %parti/s 1, 13, 5;
    %nor/r;
    %flag_set/vec4 8;
    %jmp/0xz  T_85.29, 8;
    %load/vec4 v000000000664c920_0;
    %parti/s 1, 13, 5;
    %load/vec4 v000000000664be80_0;
    %parti/s 8, 0, 2;
    %pad/u 10;
    %ix/vec4 3;
    %ix/load 4, 13, 0; part off
    %ix/load 5, 0, 0; Constant delay
    %assign/vec4/a/d v000000000664cb00, 4, 5;
T_85.29 ;
    %load/vec4 v000000000664d500_0;
    %parti/s 1, 14, 5;
    %nor/r;
    %flag_set/vec4 8;
    %jmp/0xz  T_85.31, 8;
    %load/vec4 v000000000664c920_0;
    %parti/s 1, 14, 5;
    %load/vec4 v000000000664be80_0;
    %parti/s 8, 0, 2;
    %pad/u 10;
    %ix/vec4 3;
    %ix/load 4, 14, 0; part off
    %ix/load 5, 0, 0; Constant delay
    %assign/vec4/a/d v000000000664cb00, 4, 5;
T_85.31 ;
    %load/vec4 v000000000664d500_0;
    %parti/s 1, 15, 5;
    %nor/r;
    %flag_set/vec4 8;
    %jmp/0xz  T_85.33, 8;
    %load/vec4 v000000000664c920_0;
    %parti/s 1, 15, 5;
    %load/vec4 v000000000664be80_0;
    %parti/s 8, 0, 2;
    %pad/u 10;
    %ix/vec4 3;
    %ix/load 4, 15, 0; part off
    %ix/load 5, 0, 0; Constant delay
    %assign/vec4/a/d v000000000664cb00, 4, 5;
T_85.33 ;
T_85.0 ;
    %jmp T_85;
    .thread T_85;
    .scope S_00000000065db4a0;
T_86 ;
    %wait E_00000000065b20d0;
    %load/vec4 v000000000664c6a0_0;
    %flag_set/vec4 9;
    %flag_get/vec4 9;
    %jmp/0 T_86.2, 9;
    %load/vec4 v000000000664c9c0_0;
    %and;
T_86.2;
    %flag_set/vec4 8;
    %jmp/0xz  T_86.0, 8;
    %load/vec4 v000000000664c420_0;
    %parti/s 8, 0, 2;
    %pad/u 10;
    %ix/vec4 4;
    %load/vec4a v000000000664cb00, 4;
    %load/vec4 v000000000664d960_0;
    %inv;
    %and;
    %assign/vec4 v000000000664c4c0_0, 0;
T_86.0 ;
    %jmp T_86;
    .thread T_86;
    .scope S_0000000006656060;
T_87 ;
    %pushi/vec4 0, 0, 32;
    %store/vec4 v000000000664d0a0_0, 0, 32;
T_87.0 ; Top of for-loop 
    %load/vec4 v000000000664d0a0_0;
    %cmpi/s 16, 0, 32;
    %jmp/0xz T_87.1, 5;
    %pushi/vec4 0, 0, 256;
    %load/vec4 v000000000664d0a0_0;
    %muli 16, 0, 32;
    %part/s 16;
    %pushi/vec4 0, 0, 32;
    %load/vec4 v000000000664d0a0_0;
    %add;
    %ix/vec4/s 4;
    %store/vec4a v000000000664ce20, 4, 0;
    %pushi/vec4 0, 0, 256;
    %load/vec4 v000000000664d0a0_0;
    %muli 16, 0, 32;
    %part/s 16;
    %pushi/vec4 16, 0, 32;
    %load/vec4 v000000000664d0a0_0;
    %add;
    %ix/vec4/s 4;
    %store/vec4a v000000000664ce20, 4, 0;
    %pushi/vec4 0, 0, 256;
    %load/vec4 v000000000664d0a0_0;
    %muli 16, 0, 32;
    %part/s 16;
    %pushi/vec4 32, 0, 32;
    %load/vec4 v000000000664d0a0_0;
    %add;
    %ix/vec4/s 4;
    %store/vec4a v000000000664ce20, 4, 0;
    %pushi/vec4 0, 0, 256;
    %load/vec4 v000000000664d0a0_0;
    %muli 16, 0, 32;
    %part/s 16;
    %pushi/vec4 48, 0, 32;
    %load/vec4 v000000000664d0a0_0;
    %add;
    %ix/vec4/s 4;
    %store/vec4a v000000000664ce20, 4, 0;
    %pushi/vec4 0, 0, 256;
    %load/vec4 v000000000664d0a0_0;
    %muli 16, 0, 32;
    %part/s 16;
    %pushi/vec4 64, 0, 32;
    %load/vec4 v000000000664d0a0_0;
    %add;
    %ix/vec4/s 4;
    %store/vec4a v000000000664ce20, 4, 0;
    %pushi/vec4 0, 0, 256;
    %load/vec4 v000000000664d0a0_0;
    %muli 16, 0, 32;
    %part/s 16;
    %pushi/vec4 80, 0, 32;
    %load/vec4 v000000000664d0a0_0;
    %add;
    %ix/vec4/s 4;
    %store/vec4a v000000000664ce20, 4, 0;
    %pushi/vec4 0, 0, 256;
    %load/vec4 v000000000664d0a0_0;
    %muli 16, 0, 32;
    %part/s 16;
    %pushi/vec4 96, 0, 32;
    %load/vec4 v000000000664d0a0_0;
    %add;
    %ix/vec4/s 4;
    %store/vec4a v000000000664ce20, 4, 0;
    %pushi/vec4 0, 0, 256;
    %load/vec4 v000000000664d0a0_0;
    %muli 16, 0, 32;
    %part/s 16;
    %pushi/vec4 112, 0, 32;
    %load/vec4 v000000000664d0a0_0;
    %add;
    %ix/vec4/s 4;
    %store/vec4a v000000000664ce20, 4, 0;
    %pushi/vec4 0, 0, 256;
    %load/vec4 v000000000664d0a0_0;
    %muli 16, 0, 32;
    %part/s 16;
    %pushi/vec4 128, 0, 32;
    %load/vec4 v000000000664d0a0_0;
    %add;
    %ix/vec4/s 4;
    %store/vec4a v000000000664ce20, 4, 0;
    %pushi/vec4 0, 0, 256;
    %load/vec4 v000000000664d0a0_0;
    %muli 16, 0, 32;
    %part/s 16;
    %pushi/vec4 144, 0, 32;
    %load/vec4 v000000000664d0a0_0;
    %add;
    %ix/vec4/s 4;
    %store/vec4a v000000000664ce20, 4, 0;
    %pushi/vec4 0, 0, 256;
    %load/vec4 v000000000664d0a0_0;
    %muli 16, 0, 32;
    %part/s 16;
    %pushi/vec4 160, 0, 32;
    %load/vec4 v000000000664d0a0_0;
    %add;
    %ix/vec4/s 4;
    %store/vec4a v000000000664ce20, 4, 0;
    %pushi/vec4 0, 0, 256;
    %load/vec4 v000000000664d0a0_0;
    %muli 16, 0, 32;
    %part/s 16;
    %pushi/vec4 176, 0, 32;
    %load/vec4 v000000000664d0a0_0;
    %add;
    %ix/vec4/s 4;
    %store/vec4a v000000000664ce20, 4, 0;
    %pushi/vec4 0, 0, 256;
    %load/vec4 v000000000664d0a0_0;
    %muli 16, 0, 32;
    %part/s 16;
    %pushi/vec4 192, 0, 32;
    %load/vec4 v000000000664d0a0_0;
    %add;
    %ix/vec4/s 4;
    %store/vec4a v000000000664ce20, 4, 0;
    %pushi/vec4 0, 0, 256;
    %load/vec4 v000000000664d0a0_0;
    %muli 16, 0, 32;
    %part/s 16;
    %pushi/vec4 208, 0, 32;
    %load/vec4 v000000000664d0a0_0;
    %add;
    %ix/vec4/s 4;
    %store/vec4a v000000000664ce20, 4, 0;
    %pushi/vec4 0, 0, 256;
    %load/vec4 v000000000664d0a0_0;
    %muli 16, 0, 32;
    %part/s 16;
    %pushi/vec4 224, 0, 32;
    %load/vec4 v000000000664d0a0_0;
    %add;
    %ix/vec4/s 4;
    %store/vec4a v000000000664ce20, 4, 0;
    %pushi/vec4 0, 0, 256;
    %load/vec4 v000000000664d0a0_0;
    %muli 16, 0, 32;
    %part/s 16;
    %pushi/vec4 240, 0, 32;
    %load/vec4 v000000000664d0a0_0;
    %add;
    %ix/vec4/s 4;
    %store/vec4a v000000000664ce20, 4, 0;
T_87.2 ; for-loop step statement
    %load/vec4 v000000000664d0a0_0;
    %addi 1, 0, 32;
    %store/vec4 v000000000664d0a0_0, 0, 32;
    %jmp T_87.0;
T_87.1 ; for-loop exit label
    %end;
    .thread T_87;
    .scope S_0000000006656060;
T_88 ;
    %wait E_00000000065b1b90;
    %load/vec4 v000000000664dfa0_0;
    %flag_set/vec4 9;
    %flag_get/vec4 9;
    %jmp/0 T_88.2, 9;
    %load/vec4 v000000000664cce0_0;
    %and;
T_88.2;
    %flag_set/vec4 8;
    %jmp/0xz  T_88.0, 8;
    %load/vec4 v000000000664d780_0;
    %parti/s 1, 0, 2;
    %nor/r;
    %flag_set/vec4 8;
    %jmp/0xz  T_88.3, 8;
    %load/vec4 v000000000664cd80_0;
    %parti/s 1, 0, 2;
    %load/vec4 v000000000664bde0_0;
    %parti/s 8, 0, 2;
    %pad/u 10;
    %ix/vec4 3;
    %ix/load 4, 0, 0; Constant delay
    %assign/vec4/a/d v000000000664ce20, 0, 4;
T_88.3 ;
    %load/vec4 v000000000664d780_0;
    %parti/s 1, 1, 2;
    %nor/r;
    %flag_set/vec4 8;
    %jmp/0xz  T_88.5, 8;
    %load/vec4 v000000000664cd80_0;
    %parti/s 1, 1, 2;
    %load/vec4 v000000000664bde0_0;
    %parti/s 8, 0, 2;
    %pad/u 10;
    %ix/vec4 3;
    %ix/load 4, 1, 0; part off
    %ix/load 5, 0, 0; Constant delay
    %assign/vec4/a/d v000000000664ce20, 4, 5;
T_88.5 ;
    %load/vec4 v000000000664d780_0;
    %parti/s 1, 2, 3;
    %nor/r;
    %flag_set/vec4 8;
    %jmp/0xz  T_88.7, 8;
    %load/vec4 v000000000664cd80_0;
    %parti/s 1, 2, 3;
    %load/vec4 v000000000664bde0_0;
    %parti/s 8, 0, 2;
    %pad/u 10;
    %ix/vec4 3;
    %ix/load 4, 2, 0; part off
    %ix/load 5, 0, 0; Constant delay
    %assign/vec4/a/d v000000000664ce20, 4, 5;
T_88.7 ;
    %load/vec4 v000000000664d780_0;
    %parti/s 1, 3, 3;
    %nor/r;
    %flag_set/vec4 8;
    %jmp/0xz  T_88.9, 8;
    %load/vec4 v000000000664cd80_0;
    %parti/s 1, 3, 3;
    %load/vec4 v000000000664bde0_0;
    %parti/s 8, 0, 2;
    %pad/u 10;
    %ix/vec4 3;
    %ix/load 4, 3, 0; part off
    %ix/load 5, 0, 0; Constant delay
    %assign/vec4/a/d v000000000664ce20, 4, 5;
T_88.9 ;
    %load/vec4 v000000000664d780_0;
    %parti/s 1, 4, 4;
    %nor/r;
    %flag_set/vec4 8;
    %jmp/0xz  T_88.11, 8;
    %load/vec4 v000000000664cd80_0;
    %parti/s 1, 4, 4;
    %load/vec4 v000000000664bde0_0;
    %parti/s 8, 0, 2;
    %pad/u 10;
    %ix/vec4 3;
    %ix/load 4, 4, 0; part off
    %ix/load 5, 0, 0; Constant delay
    %assign/vec4/a/d v000000000664ce20, 4, 5;
T_88.11 ;
    %load/vec4 v000000000664d780_0;
    %parti/s 1, 5, 4;
    %nor/r;
    %flag_set/vec4 8;
    %jmp/0xz  T_88.13, 8;
    %load/vec4 v000000000664cd80_0;
    %parti/s 1, 5, 4;
    %load/vec4 v000000000664bde0_0;
    %parti/s 8, 0, 2;
    %pad/u 10;
    %ix/vec4 3;
    %ix/load 4, 5, 0; part off
    %ix/load 5, 0, 0; Constant delay
    %assign/vec4/a/d v000000000664ce20, 4, 5;
T_88.13 ;
    %load/vec4 v000000000664d780_0;
    %parti/s 1, 6, 4;
    %nor/r;
    %flag_set/vec4 8;
    %jmp/0xz  T_88.15, 8;
    %load/vec4 v000000000664cd80_0;
    %parti/s 1, 6, 4;
    %load/vec4 v000000000664bde0_0;
    %parti/s 8, 0, 2;
    %pad/u 10;
    %ix/vec4 3;
    %ix/load 4, 6, 0; part off
    %ix/load 5, 0, 0; Constant delay
    %assign/vec4/a/d v000000000664ce20, 4, 5;
T_88.15 ;
    %load/vec4 v000000000664d780_0;
    %parti/s 1, 7, 4;
    %nor/r;
    %flag_set/vec4 8;
    %jmp/0xz  T_88.17, 8;
    %load/vec4 v000000000664cd80_0;
    %parti/s 1, 7, 4;
    %load/vec4 v000000000664bde0_0;
    %parti/s 8, 0, 2;
    %pad/u 10;
    %ix/vec4 3;
    %ix/load 4, 7, 0; part off
    %ix/load 5, 0, 0; Constant delay
    %assign/vec4/a/d v000000000664ce20, 4, 5;
T_88.17 ;
    %load/vec4 v000000000664d780_0;
    %parti/s 1, 8, 5;
    %nor/r;
    %flag_set/vec4 8;
    %jmp/0xz  T_88.19, 8;
    %load/vec4 v000000000664cd80_0;
    %parti/s 1, 8, 5;
    %load/vec4 v000000000664bde0_0;
    %parti/s 8, 0, 2;
    %pad/u 10;
    %ix/vec4 3;
    %ix/load 4, 8, 0; part off
    %ix/load 5, 0, 0; Constant delay
    %assign/vec4/a/d v000000000664ce20, 4, 5;
T_88.19 ;
    %load/vec4 v000000000664d780_0;
    %parti/s 1, 9, 5;
    %nor/r;
    %flag_set/vec4 8;
    %jmp/0xz  T_88.21, 8;
    %load/vec4 v000000000664cd80_0;
    %parti/s 1, 9, 5;
    %load/vec4 v000000000664bde0_0;
    %parti/s 8, 0, 2;
    %pad/u 10;
    %ix/vec4 3;
    %ix/load 4, 9, 0; part off
    %ix/load 5, 0, 0; Constant delay
    %assign/vec4/a/d v000000000664ce20, 4, 5;
T_88.21 ;
    %load/vec4 v000000000664d780_0;
    %parti/s 1, 10, 5;
    %nor/r;
    %flag_set/vec4 8;
    %jmp/0xz  T_88.23, 8;
    %load/vec4 v000000000664cd80_0;
    %parti/s 1, 10, 5;
    %load/vec4 v000000000664bde0_0;
    %parti/s 8, 0, 2;
    %pad/u 10;
    %ix/vec4 3;
    %ix/load 4, 10, 0; part off
    %ix/load 5, 0, 0; Constant delay
    %assign/vec4/a/d v000000000664ce20, 4, 5;
T_88.23 ;
    %load/vec4 v000000000664d780_0;
    %parti/s 1, 11, 5;
    %nor/r;
    %flag_set/vec4 8;
    %jmp/0xz  T_88.25, 8;
    %load/vec4 v000000000664cd80_0;
    %parti/s 1, 11, 5;
    %load/vec4 v000000000664bde0_0;
    %parti/s 8, 0, 2;
    %pad/u 10;
    %ix/vec4 3;
    %ix/load 4, 11, 0; part off
    %ix/load 5, 0, 0; Constant delay
    %assign/vec4/a/d v000000000664ce20, 4, 5;
T_88.25 ;
    %load/vec4 v000000000664d780_0;
    %parti/s 1, 12, 5;
    %nor/r;
    %flag_set/vec4 8;
    %jmp/0xz  T_88.27, 8;
    %load/vec4 v000000000664cd80_0;
    %parti/s 1, 12, 5;
    %load/vec4 v000000000664bde0_0;
    %parti/s 8, 0, 2;
    %pad/u 10;
    %ix/vec4 3;
    %ix/load 4, 12, 0; part off
    %ix/load 5, 0, 0; Constant delay
    %assign/vec4/a/d v000000000664ce20, 4, 5;
T_88.27 ;
    %load/vec4 v000000000664d780_0;
    %parti/s 1, 13, 5;
    %nor/r;
    %flag_set/vec4 8;
    %jmp/0xz  T_88.29, 8;
    %load/vec4 v000000000664cd80_0;
    %parti/s 1, 13, 5;
    %load/vec4 v000000000664bde0_0;
    %parti/s 8, 0, 2;
    %pad/u 10;
    %ix/vec4 3;
    %ix/load 4, 13, 0; part off
    %ix/load 5, 0, 0; Constant delay
    %assign/vec4/a/d v000000000664ce20, 4, 5;
T_88.29 ;
    %load/vec4 v000000000664d780_0;
    %parti/s 1, 14, 5;
    %nor/r;
    %flag_set/vec4 8;
    %jmp/0xz  T_88.31, 8;
    %load/vec4 v000000000664cd80_0;
    %parti/s 1, 14, 5;
    %load/vec4 v000000000664bde0_0;
    %parti/s 8, 0, 2;
    %pad/u 10;
    %ix/vec4 3;
    %ix/load 4, 14, 0; part off
    %ix/load 5, 0, 0; Constant delay
    %assign/vec4/a/d v000000000664ce20, 4, 5;
T_88.31 ;
    %load/vec4 v000000000664d780_0;
    %parti/s 1, 15, 5;
    %nor/r;
    %flag_set/vec4 8;
    %jmp/0xz  T_88.33, 8;
    %load/vec4 v000000000664cd80_0;
    %parti/s 1, 15, 5;
    %load/vec4 v000000000664bde0_0;
    %parti/s 8, 0, 2;
    %pad/u 10;
    %ix/vec4 3;
    %ix/load 4, 15, 0; part off
    %ix/load 5, 0, 0; Constant delay
    %assign/vec4/a/d v000000000664ce20, 4, 5;
T_88.33 ;
T_88.0 ;
    %jmp T_88;
    .thread T_88;
    .scope S_0000000006656060;
T_89 ;
    %wait E_00000000065b17d0;
    %load/vec4 v000000000664d1e0_0;
    %flag_set/vec4 9;
    %flag_get/vec4 9;
    %jmp/0 T_89.2, 9;
    %load/vec4 v000000000664dd20_0;
    %and;
T_89.2;
    %flag_set/vec4 8;
    %jmp/0xz  T_89.0, 8;
    %load/vec4 v000000000664bf20_0;
    %parti/s 8, 0, 2;
    %pad/u 10;
    %ix/vec4 4;
    %load/vec4a v000000000664ce20, 4;
    %load/vec4 v000000000664d6e0_0;
    %inv;
    %and;
    %assign/vec4 v000000000664de60_0, 0;
T_89.0 ;
    %jmp T_89;
    .thread T_89;
    .scope S_00000000066561f0;
T_90 ;
    %pushi/vec4 0, 0, 32;
    %store/vec4 v000000000665b390_0, 0, 32;
T_90.0 ; Top of for-loop 
    %load/vec4 v000000000665b390_0;
    %cmpi/s 16, 0, 32;
    %jmp/0xz T_90.1, 5;
    %pushi/vec4 0, 0, 256;
    %load/vec4 v000000000665b390_0;
    %muli 16, 0, 32;
    %part/s 16;
    %pushi/vec4 0, 0, 32;
    %load/vec4 v000000000665b390_0;
    %add;
    %ix/vec4/s 4;
    %store/vec4a v000000000665c0b0, 4, 0;
    %pushi/vec4 0, 0, 256;
    %load/vec4 v000000000665b390_0;
    %muli 16, 0, 32;
    %part/s 16;
    %pushi/vec4 16, 0, 32;
    %load/vec4 v000000000665b390_0;
    %add;
    %ix/vec4/s 4;
    %store/vec4a v000000000665c0b0, 4, 0;
    %pushi/vec4 0, 0, 256;
    %load/vec4 v000000000665b390_0;
    %muli 16, 0, 32;
    %part/s 16;
    %pushi/vec4 32, 0, 32;
    %load/vec4 v000000000665b390_0;
    %add;
    %ix/vec4/s 4;
    %store/vec4a v000000000665c0b0, 4, 0;
    %pushi/vec4 0, 0, 256;
    %load/vec4 v000000000665b390_0;
    %muli 16, 0, 32;
    %part/s 16;
    %pushi/vec4 48, 0, 32;
    %load/vec4 v000000000665b390_0;
    %add;
    %ix/vec4/s 4;
    %store/vec4a v000000000665c0b0, 4, 0;
    %pushi/vec4 0, 0, 256;
    %load/vec4 v000000000665b390_0;
    %muli 16, 0, 32;
    %part/s 16;
    %pushi/vec4 64, 0, 32;
    %load/vec4 v000000000665b390_0;
    %add;
    %ix/vec4/s 4;
    %store/vec4a v000000000665c0b0, 4, 0;
    %pushi/vec4 0, 0, 256;
    %load/vec4 v000000000665b390_0;
    %muli 16, 0, 32;
    %part/s 16;
    %pushi/vec4 80, 0, 32;
    %load/vec4 v000000000665b390_0;
    %add;
    %ix/vec4/s 4;
    %store/vec4a v000000000665c0b0, 4, 0;
    %pushi/vec4 0, 0, 256;
    %load/vec4 v000000000665b390_0;
    %muli 16, 0, 32;
    %part/s 16;
    %pushi/vec4 96, 0, 32;
    %load/vec4 v000000000665b390_0;
    %add;
    %ix/vec4/s 4;
    %store/vec4a v000000000665c0b0, 4, 0;
    %pushi/vec4 0, 0, 256;
    %load/vec4 v000000000665b390_0;
    %muli 16, 0, 32;
    %part/s 16;
    %pushi/vec4 112, 0, 32;
    %load/vec4 v000000000665b390_0;
    %add;
    %ix/vec4/s 4;
    %store/vec4a v000000000665c0b0, 4, 0;
    %pushi/vec4 0, 0, 256;
    %load/vec4 v000000000665b390_0;
    %muli 16, 0, 32;
    %part/s 16;
    %pushi/vec4 128, 0, 32;
    %load/vec4 v000000000665b390_0;
    %add;
    %ix/vec4/s 4;
    %store/vec4a v000000000665c0b0, 4, 0;
    %pushi/vec4 0, 0, 256;
    %load/vec4 v000000000665b390_0;
    %muli 16, 0, 32;
    %part/s 16;
    %pushi/vec4 144, 0, 32;
    %load/vec4 v000000000665b390_0;
    %add;
    %ix/vec4/s 4;
    %store/vec4a v000000000665c0b0, 4, 0;
    %pushi/vec4 0, 0, 256;
    %load/vec4 v000000000665b390_0;
    %muli 16, 0, 32;
    %part/s 16;
    %pushi/vec4 160, 0, 32;
    %load/vec4 v000000000665b390_0;
    %add;
    %ix/vec4/s 4;
    %store/vec4a v000000000665c0b0, 4, 0;
    %pushi/vec4 0, 0, 256;
    %load/vec4 v000000000665b390_0;
    %muli 16, 0, 32;
    %part/s 16;
    %pushi/vec4 176, 0, 32;
    %load/vec4 v000000000665b390_0;
    %add;
    %ix/vec4/s 4;
    %store/vec4a v000000000665c0b0, 4, 0;
    %pushi/vec4 0, 0, 256;
    %load/vec4 v000000000665b390_0;
    %muli 16, 0, 32;
    %part/s 16;
    %pushi/vec4 192, 0, 32;
    %load/vec4 v000000000665b390_0;
    %add;
    %ix/vec4/s 4;
    %store/vec4a v000000000665c0b0, 4, 0;
    %pushi/vec4 0, 0, 256;
    %load/vec4 v000000000665b390_0;
    %muli 16, 0, 32;
    %part/s 16;
    %pushi/vec4 208, 0, 32;
    %load/vec4 v000000000665b390_0;
    %add;
    %ix/vec4/s 4;
    %store/vec4a v000000000665c0b0, 4, 0;
    %pushi/vec4 0, 0, 256;
    %load/vec4 v000000000665b390_0;
    %muli 16, 0, 32;
    %part/s 16;
    %pushi/vec4 224, 0, 32;
    %load/vec4 v000000000665b390_0;
    %add;
    %ix/vec4/s 4;
    %store/vec4a v000000000665c0b0, 4, 0;
    %pushi/vec4 0, 0, 256;
    %load/vec4 v000000000665b390_0;
    %muli 16, 0, 32;
    %part/s 16;
    %pushi/vec4 240, 0, 32;
    %load/vec4 v000000000665b390_0;
    %add;
    %ix/vec4/s 4;
    %store/vec4a v000000000665c0b0, 4, 0;
T_90.2 ; for-loop step statement
    %load/vec4 v000000000665b390_0;
    %addi 1, 0, 32;
    %store/vec4 v000000000665b390_0, 0, 32;
    %jmp T_90.0;
T_90.1 ; for-loop exit label
    %end;
    .thread T_90;
    .scope S_00000000066561f0;
T_91 ;
    %wait E_00000000065b24d0;
    %load/vec4 v000000000665c830_0;
    %flag_set/vec4 9;
    %flag_get/vec4 9;
    %jmp/0 T_91.2, 9;
    %load/vec4 v000000000665c970_0;
    %and;
T_91.2;
    %flag_set/vec4 8;
    %jmp/0xz  T_91.0, 8;
    %load/vec4 v000000000665be30_0;
    %parti/s 1, 0, 2;
    %nor/r;
    %flag_set/vec4 8;
    %jmp/0xz  T_91.3, 8;
    %load/vec4 v000000000665aa30_0;
    %parti/s 1, 0, 2;
    %load/vec4 v000000000665b610_0;
    %parti/s 8, 0, 2;
    %pad/u 10;
    %ix/vec4 3;
    %ix/load 4, 0, 0; Constant delay
    %assign/vec4/a/d v000000000665c0b0, 0, 4;
T_91.3 ;
    %load/vec4 v000000000665be30_0;
    %parti/s 1, 1, 2;
    %nor/r;
    %flag_set/vec4 8;
    %jmp/0xz  T_91.5, 8;
    %load/vec4 v000000000665aa30_0;
    %parti/s 1, 1, 2;
    %load/vec4 v000000000665b610_0;
    %parti/s 8, 0, 2;
    %pad/u 10;
    %ix/vec4 3;
    %ix/load 4, 1, 0; part off
    %ix/load 5, 0, 0; Constant delay
    %assign/vec4/a/d v000000000665c0b0, 4, 5;
T_91.5 ;
    %load/vec4 v000000000665be30_0;
    %parti/s 1, 2, 3;
    %nor/r;
    %flag_set/vec4 8;
    %jmp/0xz  T_91.7, 8;
    %load/vec4 v000000000665aa30_0;
    %parti/s 1, 2, 3;
    %load/vec4 v000000000665b610_0;
    %parti/s 8, 0, 2;
    %pad/u 10;
    %ix/vec4 3;
    %ix/load 4, 2, 0; part off
    %ix/load 5, 0, 0; Constant delay
    %assign/vec4/a/d v000000000665c0b0, 4, 5;
T_91.7 ;
    %load/vec4 v000000000665be30_0;
    %parti/s 1, 3, 3;
    %nor/r;
    %flag_set/vec4 8;
    %jmp/0xz  T_91.9, 8;
    %load/vec4 v000000000665aa30_0;
    %parti/s 1, 3, 3;
    %load/vec4 v000000000665b610_0;
    %parti/s 8, 0, 2;
    %pad/u 10;
    %ix/vec4 3;
    %ix/load 4, 3, 0; part off
    %ix/load 5, 0, 0; Constant delay
    %assign/vec4/a/d v000000000665c0b0, 4, 5;
T_91.9 ;
    %load/vec4 v000000000665be30_0;
    %parti/s 1, 4, 4;
    %nor/r;
    %flag_set/vec4 8;
    %jmp/0xz  T_91.11, 8;
    %load/vec4 v000000000665aa30_0;
    %parti/s 1, 4, 4;
    %load/vec4 v000000000665b610_0;
    %parti/s 8, 0, 2;
    %pad/u 10;
    %ix/vec4 3;
    %ix/load 4, 4, 0; part off
    %ix/load 5, 0, 0; Constant delay
    %assign/vec4/a/d v000000000665c0b0, 4, 5;
T_91.11 ;
    %load/vec4 v000000000665be30_0;
    %parti/s 1, 5, 4;
    %nor/r;
    %flag_set/vec4 8;
    %jmp/0xz  T_91.13, 8;
    %load/vec4 v000000000665aa30_0;
    %parti/s 1, 5, 4;
    %load/vec4 v000000000665b610_0;
    %parti/s 8, 0, 2;
    %pad/u 10;
    %ix/vec4 3;
    %ix/load 4, 5, 0; part off
    %ix/load 5, 0, 0; Constant delay
    %assign/vec4/a/d v000000000665c0b0, 4, 5;
T_91.13 ;
    %load/vec4 v000000000665be30_0;
    %parti/s 1, 6, 4;
    %nor/r;
    %flag_set/vec4 8;
    %jmp/0xz  T_91.15, 8;
    %load/vec4 v000000000665aa30_0;
    %parti/s 1, 6, 4;
    %load/vec4 v000000000665b610_0;
    %parti/s 8, 0, 2;
    %pad/u 10;
    %ix/vec4 3;
    %ix/load 4, 6, 0; part off
    %ix/load 5, 0, 0; Constant delay
    %assign/vec4/a/d v000000000665c0b0, 4, 5;
T_91.15 ;
    %load/vec4 v000000000665be30_0;
    %parti/s 1, 7, 4;
    %nor/r;
    %flag_set/vec4 8;
    %jmp/0xz  T_91.17, 8;
    %load/vec4 v000000000665aa30_0;
    %parti/s 1, 7, 4;
    %load/vec4 v000000000665b610_0;
    %parti/s 8, 0, 2;
    %pad/u 10;
    %ix/vec4 3;
    %ix/load 4, 7, 0; part off
    %ix/load 5, 0, 0; Constant delay
    %assign/vec4/a/d v000000000665c0b0, 4, 5;
T_91.17 ;
    %load/vec4 v000000000665be30_0;
    %parti/s 1, 8, 5;
    %nor/r;
    %flag_set/vec4 8;
    %jmp/0xz  T_91.19, 8;
    %load/vec4 v000000000665aa30_0;
    %parti/s 1, 8, 5;
    %load/vec4 v000000000665b610_0;
    %parti/s 8, 0, 2;
    %pad/u 10;
    %ix/vec4 3;
    %ix/load 4, 8, 0; part off
    %ix/load 5, 0, 0; Constant delay
    %assign/vec4/a/d v000000000665c0b0, 4, 5;
T_91.19 ;
    %load/vec4 v000000000665be30_0;
    %parti/s 1, 9, 5;
    %nor/r;
    %flag_set/vec4 8;
    %jmp/0xz  T_91.21, 8;
    %load/vec4 v000000000665aa30_0;
    %parti/s 1, 9, 5;
    %load/vec4 v000000000665b610_0;
    %parti/s 8, 0, 2;
    %pad/u 10;
    %ix/vec4 3;
    %ix/load 4, 9, 0; part off
    %ix/load 5, 0, 0; Constant delay
    %assign/vec4/a/d v000000000665c0b0, 4, 5;
T_91.21 ;
    %load/vec4 v000000000665be30_0;
    %parti/s 1, 10, 5;
    %nor/r;
    %flag_set/vec4 8;
    %jmp/0xz  T_91.23, 8;
    %load/vec4 v000000000665aa30_0;
    %parti/s 1, 10, 5;
    %load/vec4 v000000000665b610_0;
    %parti/s 8, 0, 2;
    %pad/u 10;
    %ix/vec4 3;
    %ix/load 4, 10, 0; part off
    %ix/load 5, 0, 0; Constant delay
    %assign/vec4/a/d v000000000665c0b0, 4, 5;
T_91.23 ;
    %load/vec4 v000000000665be30_0;
    %parti/s 1, 11, 5;
    %nor/r;
    %flag_set/vec4 8;
    %jmp/0xz  T_91.25, 8;
    %load/vec4 v000000000665aa30_0;
    %parti/s 1, 11, 5;
    %load/vec4 v000000000665b610_0;
    %parti/s 8, 0, 2;
    %pad/u 10;
    %ix/vec4 3;
    %ix/load 4, 11, 0; part off
    %ix/load 5, 0, 0; Constant delay
    %assign/vec4/a/d v000000000665c0b0, 4, 5;
T_91.25 ;
    %load/vec4 v000000000665be30_0;
    %parti/s 1, 12, 5;
    %nor/r;
    %flag_set/vec4 8;
    %jmp/0xz  T_91.27, 8;
    %load/vec4 v000000000665aa30_0;
    %parti/s 1, 12, 5;
    %load/vec4 v000000000665b610_0;
    %parti/s 8, 0, 2;
    %pad/u 10;
    %ix/vec4 3;
    %ix/load 4, 12, 0; part off
    %ix/load 5, 0, 0; Constant delay
    %assign/vec4/a/d v000000000665c0b0, 4, 5;
T_91.27 ;
    %load/vec4 v000000000665be30_0;
    %parti/s 1, 13, 5;
    %nor/r;
    %flag_set/vec4 8;
    %jmp/0xz  T_91.29, 8;
    %load/vec4 v000000000665aa30_0;
    %parti/s 1, 13, 5;
    %load/vec4 v000000000665b610_0;
    %parti/s 8, 0, 2;
    %pad/u 10;
    %ix/vec4 3;
    %ix/load 4, 13, 0; part off
    %ix/load 5, 0, 0; Constant delay
    %assign/vec4/a/d v000000000665c0b0, 4, 5;
T_91.29 ;
    %load/vec4 v000000000665be30_0;
    %parti/s 1, 14, 5;
    %nor/r;
    %flag_set/vec4 8;
    %jmp/0xz  T_91.31, 8;
    %load/vec4 v000000000665aa30_0;
    %parti/s 1, 14, 5;
    %load/vec4 v000000000665b610_0;
    %parti/s 8, 0, 2;
    %pad/u 10;
    %ix/vec4 3;
    %ix/load 4, 14, 0; part off
    %ix/load 5, 0, 0; Constant delay
    %assign/vec4/a/d v000000000665c0b0, 4, 5;
T_91.31 ;
    %load/vec4 v000000000665be30_0;
    %parti/s 1, 15, 5;
    %nor/r;
    %flag_set/vec4 8;
    %jmp/0xz  T_91.33, 8;
    %load/vec4 v000000000665aa30_0;
    %parti/s 1, 15, 5;
    %load/vec4 v000000000665b610_0;
    %parti/s 8, 0, 2;
    %pad/u 10;
    %ix/vec4 3;
    %ix/load 4, 15, 0; part off
    %ix/load 5, 0, 0; Constant delay
    %assign/vec4/a/d v000000000665c0b0, 4, 5;
T_91.33 ;
T_91.0 ;
    %jmp T_91;
    .thread T_91;
    .scope S_00000000066561f0;
T_92 ;
    %wait E_00000000065b2110;
    %load/vec4 v000000000665c5b0_0;
    %flag_set/vec4 9;
    %flag_get/vec4 9;
    %jmp/0 T_92.2, 9;
    %load/vec4 v000000000664bca0_0;
    %and;
T_92.2;
    %flag_set/vec4 8;
    %jmp/0xz  T_92.0, 8;
    %load/vec4 v000000000664db40_0;
    %parti/s 8, 0, 2;
    %pad/u 10;
    %ix/vec4 4;
    %load/vec4a v000000000665c0b0, 4;
    %load/vec4 v000000000665bc50_0;
    %inv;
    %and;
    %assign/vec4 v000000000664bac0_0, 0;
T_92.0 ;
    %jmp T_92;
    .thread T_92;
    .scope S_00000000065dc120;
T_93 ;
    %wait E_00000000065b25d0;
    %pushi/vec4 0, 0, 32;
    %store/vec4 v000000000665d370_0, 0, 32;
T_93.0 ; Top of for-loop 
    %load/vec4 v000000000665d370_0;
    %cmpi/s 16383, 0, 32;
    %flag_or 5, 4;
    %jmp/0xz T_93.1, 5;
    %pushi/vec4 65535, 65535, 16;
    %ix/getv/s 4, v000000000665d370_0;
    %store/vec4a v000000000665f670, 4, 0;
T_93.2 ; for-loop step statement
    %load/vec4 v000000000665d370_0;
    %addi 1, 0, 32;
    %store/vec4 v000000000665d370_0, 0, 32;
    %jmp T_93.0;
T_93.1 ; for-loop exit label
    %jmp T_93;
    .thread T_93;
    .scope S_00000000065dc120;
T_94 ;
    %wait E_00000000065b2150;
    %load/vec4 v000000000665e950_0;
    %flag_set/vec4 8;
    %jmp/0xz  T_94.0, 8;
    %pushi/vec4 0, 0, 16;
    %assign/vec4 v000000000665f5d0_0, 0;
    %jmp T_94.1;
T_94.0 ;
    %load/vec4 v000000000665e6d0_0;
    %flag_set/vec4 8;
    %jmp/0xz  T_94.2, 8;
    %pushi/vec4 65535, 65535, 16;
    %assign/vec4 v000000000665f5d0_0, 0;
    %jmp T_94.3;
T_94.2 ;
    %load/vec4 v000000000665db90_0;
    %flag_set/vec4 8;
    %jmp/0xz  T_94.4, 8;
    %load/vec4 v000000000665e270_0;
    %nor/r;
    %flag_set/vec4 8;
    %jmp/0xz  T_94.6, 8;
    %load/vec4 v000000000665e630_0;
    %pad/u 16;
    %ix/vec4 4;
    %load/vec4a v000000000665f670, 4;
    %assign/vec4 v000000000665f5d0_0, 0;
    %jmp T_94.7;
T_94.6 ;
    %load/vec4 v000000000665dd70_0;
    %parti/s 1, 0, 2;
    %flag_set/vec4 8;
    %jmp/0xz  T_94.8, 8;
    %load/vec4 v000000000665f530_0;
    %parti/s 4, 0, 2;
    %load/vec4 v000000000665e630_0;
    %pad/u 16;
    %ix/vec4 3;
    %ix/load 4, 0, 0; Constant delay
    %assign/vec4/a/d v000000000665f670, 0, 4;
T_94.8 ;
    %load/vec4 v000000000665dd70_0;
    %parti/s 1, 1, 2;
    %flag_set/vec4 8;
    %jmp/0xz  T_94.10, 8;
    %load/vec4 v000000000665f530_0;
    %parti/s 4, 4, 4;
    %load/vec4 v000000000665e630_0;
    %pad/u 16;
    %ix/vec4 3;
    %ix/load 4, 4, 0; part off
    %ix/load 5, 0, 0; Constant delay
    %assign/vec4/a/d v000000000665f670, 4, 5;
T_94.10 ;
    %load/vec4 v000000000665dd70_0;
    %parti/s 1, 2, 3;
    %flag_set/vec4 8;
    %jmp/0xz  T_94.12, 8;
    %load/vec4 v000000000665f530_0;
    %parti/s 4, 8, 5;
    %load/vec4 v000000000665e630_0;
    %pad/u 16;
    %ix/vec4 3;
    %ix/load 4, 8, 0; part off
    %ix/load 5, 0, 0; Constant delay
    %assign/vec4/a/d v000000000665f670, 4, 5;
T_94.12 ;
    %load/vec4 v000000000665dd70_0;
    %parti/s 1, 3, 3;
    %flag_set/vec4 8;
    %jmp/0xz  T_94.14, 8;
    %load/vec4 v000000000665f530_0;
    %parti/s 4, 12, 5;
    %load/vec4 v000000000665e630_0;
    %pad/u 16;
    %ix/vec4 3;
    %ix/load 4, 12, 0; part off
    %ix/load 5, 0, 0; Constant delay
    %assign/vec4/a/d v000000000665f670, 4, 5;
T_94.14 ;
    %pushi/vec4 65535, 65535, 16;
    %assign/vec4 v000000000665f5d0_0, 0;
T_94.7 ;
T_94.4 ;
T_94.3 ;
T_94.1 ;
    %jmp T_94;
    .thread T_94;
    .scope S_0000000006656e70;
T_95 ;
    %pushi/vec4 2097216, 0, 24;
    %store/vec4 v000000000665f850_0, 0, 24;
    %pushi/vec4 2097216, 0, 24;
    %store/vec4 v000000000665ea90_0, 0, 24;
    %pushi/vec4 0, 0, 24;
    %store/vec4 v000000000665df50_0, 0, 24;
    %pushi/vec4 0, 0, 6;
    %store/vec4 v000000000665d910_0, 0, 6;
    %pushi/vec4 0, 0, 9;
    %store/vec4 v000000000665e090_0, 0, 9;
    %pushi/vec4 0, 0, 1;
    %store/vec4 v000000000665e1d0_0, 0, 1;
    %pushi/vec4 0, 0, 8;
    %store/vec4 v000000000665dff0_0, 0, 8;
    %pushi/vec4 0, 0, 1;
    %store/vec4 v000000000665d5f0_0, 0, 1;
    %end;
    .thread T_95;
    .scope S_0000000006656e70;
T_96 ;
    %wait E_00000000065b2310;
    %load/vec4 v000000000665deb0_0;
    %ix/load 4, 20, 0;
    %flag_set/imm 4, 0;
    %store/vec4 v000000000665f850_0, 4, 4;
    %jmp T_96;
    .thread T_96, $push;
    .scope S_0000000006656e70;
T_97 ;
    %wait E_00000000065b2190;
    %load/vec4 v000000000665ebd0_0;
    %flag_set/vec4 8;
    %jmp/0xz  T_97.0, 8;
    %pushi/vec4 0, 0, 6;
    %assign/vec4 v000000000665d910_0, 0;
    %jmp T_97.1;
T_97.0 ;
    %load/vec4 v000000000665d910_0;
    %addi 1, 0, 6;
    %assign/vec4 v000000000665d910_0, 0;
T_97.1 ;
    %jmp T_97;
    .thread T_97;
    .scope S_0000000006656e70;
T_98 ;
    %wait E_00000000065b2190;
    %load/vec4 v000000000665ebd0_0;
    %flag_set/vec4 8;
    %jmp/0xz  T_98.0, 8;
    %pushi/vec4 0, 0, 24;
    %assign/vec4 v000000000665df50_0, 0;
    %pushi/vec4 0, 0, 9;
    %assign/vec4 v000000000665e090_0, 0;
    %pushi/vec4 0, 0, 1;
    %assign/vec4 v000000000665e1d0_0, 0;
    %jmp T_98.1;
T_98.0 ;
    %load/vec4 v000000000665d910_0;
    %cmpi/e 3, 0, 6;
    %jmp/0xz  T_98.2, 4;
    %load/vec4 v000000000665d0f0_0;
    %parti/s 24, 8, 5;
    %assign/vec4 v000000000665df50_0, 0;
T_98.2 ;
    %load/vec4 v000000000665df50_0;
    %xor/r;
    %load/vec4 v000000000665ea90_0;
    %parti/s 1, 23, 6;
    %xor;
    %assign/vec4 v000000000665e1d0_0, 0;
    %load/vec4 v000000000665d910_0;
    %cmpi/e 63, 0, 6;
    %jmp/0xz  T_98.4, 4;
    %load/vec4 v000000000665e090_0;
    %cmpi/e 383, 0, 9;
    %jmp/0xz  T_98.6, 4;
    %pushi/vec4 0, 0, 9;
    %assign/vec4 v000000000665e090_0, 0;
    %jmp T_98.7;
T_98.6 ;
    %load/vec4 v000000000665e090_0;
    %addi 1, 0, 9;
    %assign/vec4 v000000000665e090_0, 0;
T_98.7 ;
T_98.4 ;
T_98.1 ;
    %jmp T_98;
    .thread T_98;
    .scope S_0000000006656e70;
T_99 ;
    %wait E_00000000065b2190;
    %load/vec4 v000000000665ebd0_0;
    %flag_set/vec4 8;
    %jmp/0xz  T_99.0, 8;
    %pushi/vec4 0, 0, 8;
    %assign/vec4 v000000000665dff0_0, 0;
    %load/vec4 v000000000665f850_0;
    %assign/vec4 v000000000665ea90_0, 0;
    %jmp T_99.1;
T_99.0 ;
    %load/vec4 v000000000665d910_0;
    %cmpi/e 63, 0, 6;
    %jmp/0xz  T_99.2, 4;
    %load/vec4 v000000000665f850_0;
    %assign/vec4 v000000000665ea90_0, 0;
    %pushi/vec4 156, 0, 8;
    %assign/vec4 v000000000665dff0_0, 0;
    %jmp T_99.3;
T_99.2 ;
    %load/vec4 v000000000665d910_0;
    %parti/s 3, 0, 2;
    %cmpi/e 7, 0, 3;
    %jmp/0xz  T_99.4, 4;
    %load/vec4 v000000000665d910_0;
    %parti/s 3, 3, 3;
    %dup/vec4;
    %pushi/vec4 0, 0, 3;
    %cmp/u;
    %jmp/1 T_99.6, 6;
    %dup/vec4;
    %pushi/vec4 1, 0, 3;
    %cmp/u;
    %jmp/1 T_99.7, 6;
    %dup/vec4;
    %pushi/vec4 2, 0, 3;
    %cmp/u;
    %jmp/1 T_99.8, 6;
    %dup/vec4;
    %pushi/vec4 3, 0, 3;
    %cmp/u;
    %jmp/1 T_99.9, 6;
    %dup/vec4;
    %pushi/vec4 4, 0, 3;
    %cmp/u;
    %jmp/1 T_99.10, 6;
    %dup/vec4;
    %pushi/vec4 5, 0, 3;
    %cmp/u;
    %jmp/1 T_99.11, 6;
    %dup/vec4;
    %pushi/vec4 6, 0, 3;
    %cmp/u;
    %jmp/1 T_99.12, 6;
    %pushi/vec4 0, 0, 8;
    %assign/vec4 v000000000665dff0_0, 0;
    %jmp T_99.14;
T_99.6 ;
    %pushi/vec4 1, 0, 1;
    %load/vec4 v000000000665df50_0;
    %parti/s 1, 0, 2;
    %concat/vec4; draw_concat_vec4
    %concati/vec4 1, 0, 1;
    %load/vec4 v000000000665df50_0;
    %parti/s 1, 1, 2;
    %concat/vec4; draw_concat_vec4
    %concati/vec4 1, 0, 1;
    %load/vec4 v000000000665df50_0;
    %parti/s 1, 2, 3;
    %concat/vec4; draw_concat_vec4
    %concati/vec4 1, 0, 1;
    %load/vec4 v000000000665df50_0;
    %parti/s 1, 3, 3;
    %concat/vec4; draw_concat_vec4
    %assign/vec4 v000000000665dff0_0, 0;
    %jmp T_99.14;
T_99.7 ;
    %pushi/vec4 1, 0, 1;
    %load/vec4 v000000000665df50_0;
    %parti/s 1, 4, 4;
    %concat/vec4; draw_concat_vec4
    %concati/vec4 1, 0, 1;
    %load/vec4 v000000000665df50_0;
    %parti/s 1, 5, 4;
    %concat/vec4; draw_concat_vec4
    %concati/vec4 1, 0, 1;
    %load/vec4 v000000000665df50_0;
    %parti/s 1, 6, 4;
    %concat/vec4; draw_concat_vec4
    %concati/vec4 1, 0, 1;
    %load/vec4 v000000000665df50_0;
    %parti/s 1, 7, 4;
    %concat/vec4; draw_concat_vec4
    %assign/vec4 v000000000665dff0_0, 0;
    %jmp T_99.14;
T_99.8 ;
    %pushi/vec4 1, 0, 1;
    %load/vec4 v000000000665df50_0;
    %parti/s 1, 8, 5;
    %concat/vec4; draw_concat_vec4
    %concati/vec4 1, 0, 1;
    %load/vec4 v000000000665df50_0;
    %parti/s 1, 9, 5;
    %concat/vec4; draw_concat_vec4
    %concati/vec4 1, 0, 1;
    %load/vec4 v000000000665df50_0;
    %parti/s 1, 10, 5;
    %concat/vec4; draw_concat_vec4
    %concati/vec4 1, 0, 1;
    %load/vec4 v000000000665df50_0;
    %parti/s 1, 11, 5;
    %concat/vec4; draw_concat_vec4
    %assign/vec4 v000000000665dff0_0, 0;
    %jmp T_99.14;
T_99.9 ;
    %pushi/vec4 1, 0, 1;
    %load/vec4 v000000000665df50_0;
    %parti/s 1, 12, 5;
    %concat/vec4; draw_concat_vec4
    %concati/vec4 1, 0, 1;
    %load/vec4 v000000000665df50_0;
    %parti/s 1, 13, 5;
    %concat/vec4; draw_concat_vec4
    %concati/vec4 1, 0, 1;
    %load/vec4 v000000000665df50_0;
    %parti/s 1, 14, 5;
    %concat/vec4; draw_concat_vec4
    %concati/vec4 1, 0, 1;
    %load/vec4 v000000000665df50_0;
    %parti/s 1, 15, 5;
    %concat/vec4; draw_concat_vec4
    %assign/vec4 v000000000665dff0_0, 0;
    %jmp T_99.14;
T_99.10 ;
    %pushi/vec4 1, 0, 1;
    %load/vec4 v000000000665df50_0;
    %parti/s 1, 16, 6;
    %concat/vec4; draw_concat_vec4
    %concati/vec4 1, 0, 1;
    %load/vec4 v000000000665df50_0;
    %parti/s 1, 17, 6;
    %concat/vec4; draw_concat_vec4
    %concati/vec4 1, 0, 1;
    %load/vec4 v000000000665df50_0;
    %parti/s 1, 18, 6;
    %concat/vec4; draw_concat_vec4
    %concati/vec4 1, 0, 1;
    %load/vec4 v000000000665df50_0;
    %parti/s 1, 19, 6;
    %concat/vec4; draw_concat_vec4
    %assign/vec4 v000000000665dff0_0, 0;
    %jmp T_99.14;
T_99.11 ;
    %pushi/vec4 1, 0, 1;
    %load/vec4 v000000000665df50_0;
    %parti/s 1, 20, 6;
    %concat/vec4; draw_concat_vec4
    %concati/vec4 1, 0, 1;
    %load/vec4 v000000000665df50_0;
    %parti/s 1, 21, 6;
    %concat/vec4; draw_concat_vec4
    %concati/vec4 1, 0, 1;
    %load/vec4 v000000000665df50_0;
    %parti/s 1, 22, 6;
    %concat/vec4; draw_concat_vec4
    %concati/vec4 1, 0, 1;
    %load/vec4 v000000000665df50_0;
    %parti/s 1, 23, 6;
    %concat/vec4; draw_concat_vec4
    %assign/vec4 v000000000665dff0_0, 0;
    %jmp T_99.14;
T_99.12 ;
    %pushi/vec4 21, 0, 5;
    %load/vec4 v000000000665ea90_0;
    %parti/s 1, 23, 6;
    %concat/vec4; draw_concat_vec4
    %concati/vec4 1, 0, 1;
    %load/vec4 v000000000665e1d0_0;
    %concat/vec4; draw_concat_vec4
    %assign/vec4 v000000000665dff0_0, 0;
    %jmp T_99.14;
T_99.14 ;
    %pop/vec4 1;
    %jmp T_99.5;
T_99.4 ;
    %load/vec4 v000000000665dff0_0;
    %parti/s 7, 0, 2;
    %concati/vec4 0, 0, 1;
    %assign/vec4 v000000000665dff0_0, 0;
T_99.5 ;
T_99.3 ;
T_99.1 ;
    %jmp T_99;
    .thread T_99;
    .scope S_0000000006656e70;
T_100 ;
    %wait E_00000000065b2190;
    %load/vec4 v000000000665ebd0_0;
    %flag_set/vec4 8;
    %jmp/0xz  T_100.0, 8;
    %load/vec4 v000000000665f850_0;
    %assign/vec4 v000000000665ea90_0, 0;
    %jmp T_100.1;
T_100.0 ;
    %load/vec4 v000000000665d910_0;
    %cmpi/e 63, 0, 6;
    %flag_get/vec4 4;
    %jmp/0 T_100.4, 4;
    %load/vec4 v000000000665e090_0;
    %parti/s 1, 0, 2;
    %and;
T_100.4;
    %flag_set/vec4 8;
    %jmp/0xz  T_100.2, 8;
    %load/vec4 v000000000665ea90_0;
    %parti/s 23, 0, 2;
    %concati/vec4 0, 0, 1;
    %assign/vec4 v000000000665ea90_0, 0;
T_100.2 ;
T_100.1 ;
    %jmp T_100;
    .thread T_100;
    .scope S_0000000006656e70;
T_101 ;
    %wait E_00000000065b2190;
    %load/vec4 v000000000665ebd0_0;
    %flag_set/vec4 8;
    %jmp/0xz  T_101.0, 8;
    %pushi/vec4 0, 0, 1;
    %assign/vec4 v000000000665d5f0_0, 0;
    %jmp T_101.1;
T_101.0 ;
    %load/vec4 v000000000665dff0_0;
    %parti/s 1, 7, 4;
    %flag_set/vec4 8;
    %jmp/0xz  T_101.2, 8;
    %load/vec4 v000000000665d5f0_0;
    %inv;
    %assign/vec4 v000000000665d5f0_0, 0;
T_101.2 ;
T_101.1 ;
    %jmp T_101;
    .thread T_101;
    .scope S_0000000006656e70;
T_102 ;
    %wait E_00000000065b1ad0;
    %load/vec4 v000000000665d5f0_0;
    %assign/vec4 v000000000665d230_0, 0;
    %jmp T_102;
    .thread T_102;
    .scope S_00000000065db950;
T_103 ;
    %pushi/vec4 0, 0, 1;
    %store/vec4 v000000000665ec70_0, 0, 1;
    %end;
    .thread T_103;
    .scope S_00000000065db950;
T_104 ;
    %delay 20345, 0;
    %load/vec4 v000000000665ec70_0;
    %inv;
    %store/vec4 v000000000665ec70_0, 0, 1;
    %jmp T_104;
    .thread T_104;
    .scope S_00000000065db950;
T_105 ;
    %vpi_call 3 38 "$display", "Starting SPDIF transmitter test..." {0 0 0};
    %vpi_call 3 39 "$dumpfile", "spdif_transmit_tb2.vcd" {0 0 0};
    %vpi_call 3 40 "$dumpvars", 32'sb00000000000000000000000000000000, S_00000000065db950 {0 0 0};
    %pushi/vec4 1, 0, 1;
    %store/vec4 v000000000665f170_0, 0, 1;
    %pushi/vec4 0, 0, 32;
    %store/vec4 v000000000665e130_0, 0, 32;
    %pushi/vec4 0, 0, 32;
    %store/vec4 v000000000665f030_0, 0, 32;
    %pushi/vec4 0, 0, 1;
    %store/vec4 v000000000665d690_0, 0, 1;
    %pushi/vec4 12, 0, 4;
    %store/vec4 v000000000665d410_0, 0, 4;
    %delay 406901, 0;
    %pushi/vec4 0, 0, 1;
    %store/vec4 v000000000665f170_0, 0, 1;
    %pushi/vec4 3, 0, 32;
T_105.0 %dup/vec4;
    %pushi/vec4 0, 0, 32;
    %cmp/s;
    %jmp/1xz T_105.1, 5;
    %jmp/1 T_105.1, 4;
    %pushi/vec4 1, 0, 32;
    %sub;
    %vpi_func 3 54 "$random" 32 {0 0 0};
    %pushi/vec4 16777215, 0, 32;
    %and;
    %store/vec4 v000000000665e130_0, 0, 32;
    %vpi_func 3 55 "$random" 32 {0 0 0};
    %pushi/vec4 16777215, 0, 32;
    %and;
    %store/vec4 v000000000665f030_0, 0, 32;
    %pushi/vec4 0, 0, 1;
    %store/vec4 v000000000665d690_0, 0, 1;
    %delay 10416667, 0;
    %jmp T_105.0;
T_105.1 ;
    %pop/vec4 1;
    %vpi_call 3 60 "$display", "Simulation complete." {0 0 0};
    %vpi_call 3 61 "$finish" {0 0 0};
    %end;
    .thread T_105;
# The file index is used to find the file name in the following table.
:file_names 5;
    "N/A";
    "<interactive>";
    "C:\Users\niekt\.apio\packages\tools-oss-cad-suite\share\yosys/ice40/cells_sim.v";
    "spdif_transmit_tb2.v";
    "spdif_transmit2.v";
