#! 
:ivl_version "13.0 (devel)" "(s20221226-321-gd22bb3d25)";
:ivl_delay_selection "TYPICAL";
:vpi_time_precision - 12;
:vpi_module "C:\Users\niekt\APIO~1\packages\TOOLS-~3\lib\ivl\system.vpi";
:vpi_module "C:\Users\niekt\APIO~1\packages\TOOLS-~3\lib\ivl\vhdl_sys.vpi";
:vpi_module "C:\Users\niekt\APIO~1\packages\TOOLS-~3\lib\ivl\vhdl_textio.vpi";
:vpi_module "C:\Users\niekt\APIO~1\packages\TOOLS-~3\lib\ivl\v2005_math.vpi";
:vpi_module "C:\Users\niekt\APIO~1\packages\TOOLS-~3\lib\ivl\va_math.vpi";
S_000000000645d920 .scope module, "ICESTORM_LC" "ICESTORM_LC" 2 2136;
 .timescale -12 -12;
    .port_info 0 /INPUT 1 "I0";
    .port_info 1 /INPUT 1 "I1";
    .port_info 2 /INPUT 1 "I2";
    .port_info 3 /INPUT 1 "I3";
    .port_info 4 /INPUT 1 "CIN";
    .port_info 5 /INPUT 1 "CLK";
    .port_info 6 /INPUT 1 "CEN";
    .port_info 7 /INPUT 1 "SR";
    .port_info 8 /OUTPUT 1 "LO";
    .port_info 9 /OUTPUT 1 "O";
    .port_info 10 /OUTPUT 1 "COUT";
P_0000000004e5ea60 .param/l "ASYNC_SR" 0 2 2148, C4<0>;
P_0000000004e5ea98 .param/l "CARRY_ENABLE" 0 2 2145, C4<0>;
P_0000000004e5ead0 .param/l "CIN_CONST" 0 2 2150, C4<0>;
P_0000000004e5eb08 .param/l "CIN_SET" 0 2 2151, C4<0>;
P_0000000004e5eb40 .param/l "DFF_ENABLE" 0 2 2146, C4<0>;
P_0000000004e5eb78 .param/l "LUT_INIT" 0 2 2142, C4<0000000000000000>;
P_0000000004e5ebb0 .param/l "NEG_CLK" 0 2 2144, C4<0>;
P_0000000004e5ebe8 .param/l "SET_NORESET" 0 2 2147, C4<0>;
o00000000066aa038 .functor BUFZ 1, C4<z>; HiZ drive
L_000000000661e500 .functor BUFZ 1, o00000000066aa038, C4<0>, C4<0>, C4<0>;
L_000000000661e7a0 .functor BUFZ 1, L_0000000006795310, C4<0>, C4<0>, C4<0>;
o00000000066aa068 .functor BUFZ 1, C4<z>; HiZ drive
L_0000000006748710 .functor BUFT 1, C4<0>, C4<0>, C4<0>, C4<0>;
L_000000000661e1f0 .functor XOR 1, o00000000066aa068, L_0000000006748710, C4<0>, C4<0>;
L_000000000661e2d0 .functor BUFZ 1, L_0000000006795310, C4<0>, C4<0>, C4<0>;
o00000000066a9fd8 .functor BUFZ 1, C4<z>; HiZ drive
v0000000006695680_0 .net "CEN", 0 0, o00000000066a9fd8;  0 drivers
v0000000006695d60_0 .net "CEN_pu", 0 0, L_0000000006730870;  1 drivers
v0000000006694a00_0 .net "CIN", 0 0, o00000000066aa038;  0 drivers
v0000000006695220_0 .net "CLK", 0 0, o00000000066aa068;  0 drivers
L_0000000006748638 .functor BUFT 1, C4<x>, C4<0>, C4<0>, C4<0>;
v0000000006695900_0 .net "COUT", 0 0, L_0000000006748638;  1 drivers
o00000000066aa0c8 .functor BUFZ 1, C4<z>; HiZ drive
v00000000066959a0_0 .net "I0", 0 0, o00000000066aa0c8;  0 drivers
v0000000006695a40_0 .net "I0_pd", 0 0, L_0000000006732210;  1 drivers
o00000000066aa128 .functor BUFZ 1, C4<z>; HiZ drive
v00000000066945a0_0 .net "I1", 0 0, o00000000066aa128;  0 drivers
v0000000006695ea0_0 .net "I1_pd", 0 0, L_0000000006731e50;  1 drivers
o00000000066aa188 .functor BUFZ 1, C4<z>; HiZ drive
v00000000066940a0_0 .net "I2", 0 0, o00000000066aa188;  0 drivers
v0000000006694280_0 .net "I2_pd", 0 0, L_0000000006730b90;  1 drivers
o00000000066aa1e8 .functor BUFZ 1, C4<z>; HiZ drive
v0000000006694960_0 .net "I3", 0 0, o00000000066aa1e8;  0 drivers
v00000000066943c0_0 .net "I3_pd", 0 0, L_0000000006732170;  1 drivers
v0000000006695360_0 .net "LO", 0 0, L_000000000661e7a0;  1 drivers
v0000000006694460_0 .net "O", 0 0, L_000000000661e2d0;  1 drivers
o00000000066aa2a8 .functor BUFZ 1, C4<z>; HiZ drive
v0000000006694be0_0 .net "SR", 0 0, o00000000066aa2a8;  0 drivers
v000000000662fe40_0 .net "SR_pd", 0 0, L_0000000006732e90;  1 drivers
o00000000066aa308 .functor BUFZ 1, C4<z>; HiZ drive
; Elide local net with no drivers, v000000000662ff80_0 name=_ivl_0
v0000000006631240_0 .net *"_ivl_10", 0 0, L_0000000006731c70;  1 drivers
L_00000000067484d0 .functor BUFT 1, C4<0>, C4<0>, C4<0>, C4<0>;
v00000000066300c0_0 .net/2u *"_ivl_12", 0 0, L_00000000067484d0;  1 drivers
o00000000066aa398 .functor BUFZ 1, C4<z>; HiZ drive
; Elide local net with no drivers, v00000000066312e0_0 name=_ivl_16
v0000000006631560_0 .net *"_ivl_18", 0 0, L_00000000067320d0;  1 drivers
v0000000006630020_0 .net *"_ivl_2", 0 0, L_0000000006731f90;  1 drivers
L_0000000006748518 .functor BUFT 1, C4<0>, C4<0>, C4<0>, C4<0>;
v000000000662fb20_0 .net/2u *"_ivl_20", 0 0, L_0000000006748518;  1 drivers
o00000000066aa458 .functor BUFZ 1, C4<z>; HiZ drive
; Elide local net with no drivers, v00000000065f6a30_0 name=_ivl_24
v00000000065f6ad0_0 .net *"_ivl_26", 0 0, L_0000000006732d50;  1 drivers
L_0000000006748560 .functor BUFT 1, C4<0>, C4<0>, C4<0>, C4<0>;
v00000000065f5d10_0 .net/2u *"_ivl_28", 0 0, L_0000000006748560;  1 drivers
o00000000066aa4e8 .functor BUFZ 1, C4<z>; HiZ drive
; Elide local net with no drivers, v00000000065f53b0_0 name=_ivl_32
v00000000065f54f0_0 .net *"_ivl_34", 0 0, L_0000000006732c10;  1 drivers
L_00000000067485a8 .functor BUFT 1, C4<0>, C4<0>, C4<0>, C4<0>;
v00000000065f5630_0 .net/2u *"_ivl_36", 0 0, L_00000000067485a8;  1 drivers
L_0000000006748488 .functor BUFT 1, C4<0>, C4<0>, C4<0>, C4<0>;
v000000000663a900_0 .net/2u *"_ivl_4", 0 0, L_0000000006748488;  1 drivers
o00000000066aa5a8 .functor BUFZ 1, C4<z>; HiZ drive
; Elide local net with no drivers, v000000000663a180_0 name=_ivl_40
v000000000663a220_0 .net *"_ivl_42", 0 0, L_0000000006732f30;  1 drivers
L_00000000067485f0 .functor BUFT 1, C4<1>, C4<0>, C4<0>, C4<0>;
v000000000663aa40_0 .net/2u *"_ivl_44", 0 0, L_00000000067485f0;  1 drivers
L_0000000006748680 .functor BUFT 1, C4<00000000>, C4<0>, C4<0>, C4<0>;
v000000000663cf80_0 .net/2u *"_ivl_52", 7 0, L_0000000006748680;  1 drivers
L_00000000067486c8 .functor BUFT 1, C4<00000000>, C4<0>, C4<0>, C4<0>;
v000000000663d660_0 .net/2u *"_ivl_54", 7 0, L_00000000067486c8;  1 drivers
v000000000663d0c0_0 .net *"_ivl_59", 3 0, L_0000000006730cd0;  1 drivers
v000000000663dac0_0 .net *"_ivl_61", 3 0, L_0000000006730d70;  1 drivers
v00000000065cc130_0 .net *"_ivl_65", 1 0, L_0000000006795270;  1 drivers
v00000000066ead80_0 .net *"_ivl_67", 1 0, L_0000000006794550;  1 drivers
v00000000066ea9c0_0 .net *"_ivl_71", 0 0, L_0000000006794d70;  1 drivers
v00000000066eae20_0 .net *"_ivl_73", 0 0, L_0000000006793330;  1 drivers
v00000000066ec220_0 .net/2u *"_ivl_78", 0 0, L_0000000006748710;  1 drivers
o00000000066aa7e8 .functor BUFZ 1, C4<z>; HiZ drive
; Elide local net with no drivers, v00000000066ea240_0 name=_ivl_8
v00000000066ebb40_0 .net "lut_o", 0 0, L_0000000006795310;  1 drivers
v00000000066ec720_0 .net "lut_s1", 1 0, L_0000000006793510;  1 drivers
v00000000066ea880_0 .net "lut_s2", 3 0, L_0000000006730e10;  1 drivers
v00000000066ebbe0_0 .net "lut_s3", 7 0, L_00000000067309b0;  1 drivers
v00000000066eaec0_0 .net "mux_cin", 0 0, L_000000000661e500;  1 drivers
v00000000066eaf60_0 .var "o_reg", 0 0;
v00000000066ec2c0_0 .var "o_reg_async", 0 0;
v00000000066ec540_0 .net "polarized_clk", 0 0, L_000000000661e1f0;  1 drivers
E_000000000666d9b0 .event posedge, v000000000662fe40_0, v00000000066ec540_0;
E_000000000666d530 .event posedge, v00000000066ec540_0;
L_0000000006731f90 .cmp/eeq 1, o00000000066aa0c8, o00000000066aa308;
L_0000000006732210 .functor MUXZ 1, o00000000066aa0c8, L_0000000006748488, L_0000000006731f90, C4<>;
L_0000000006731c70 .cmp/eeq 1, o00000000066aa128, o00000000066aa7e8;
L_0000000006731e50 .functor MUXZ 1, o00000000066aa128, L_00000000067484d0, L_0000000006731c70, C4<>;
L_00000000067320d0 .cmp/eeq 1, o00000000066aa188, o00000000066aa398;
L_0000000006730b90 .functor MUXZ 1, o00000000066aa188, L_0000000006748518, L_00000000067320d0, C4<>;
L_0000000006732d50 .cmp/eeq 1, o00000000066aa1e8, o00000000066aa458;
L_0000000006732170 .functor MUXZ 1, o00000000066aa1e8, L_0000000006748560, L_0000000006732d50, C4<>;
L_0000000006732c10 .cmp/eeq 1, o00000000066aa2a8, o00000000066aa4e8;
L_0000000006732e90 .functor MUXZ 1, o00000000066aa2a8, L_00000000067485a8, L_0000000006732c10, C4<>;
L_0000000006732f30 .cmp/eeq 1, o00000000066a9fd8, o00000000066aa5a8;
L_0000000006730870 .functor MUXZ 1, o00000000066a9fd8, L_00000000067485f0, L_0000000006732f30, C4<>;
L_00000000067309b0 .functor MUXZ 8, L_00000000067486c8, L_0000000006748680, L_0000000006732170, C4<>;
L_0000000006730cd0 .part L_00000000067309b0, 4, 4;
L_0000000006730d70 .part L_00000000067309b0, 0, 4;
L_0000000006730e10 .functor MUXZ 4, L_0000000006730d70, L_0000000006730cd0, L_0000000006730b90, C4<>;
L_0000000006795270 .part L_0000000006730e10, 2, 2;
L_0000000006794550 .part L_0000000006730e10, 0, 2;
L_0000000006793510 .functor MUXZ 2, L_0000000006794550, L_0000000006795270, L_0000000006731e50, C4<>;
L_0000000006794d70 .part L_0000000006793510, 1, 1;
L_0000000006793330 .part L_0000000006793510, 0, 1;
L_0000000006795310 .functor MUXZ 1, L_0000000006793330, L_0000000006794d70, L_0000000006732210, C4<>;
S_0000000006696060 .scope module, "ICESTORM_RAM" "ICESTORM_RAM" 2 3167;
 .timescale -12 -12;
    .port_info 0 /OUTPUT 1 "RDATA_15";
    .port_info 1 /OUTPUT 1 "RDATA_14";
    .port_info 2 /OUTPUT 1 "RDATA_13";
    .port_info 3 /OUTPUT 1 "RDATA_12";
    .port_info 4 /OUTPUT 1 "RDATA_11";
    .port_info 5 /OUTPUT 1 "RDATA_10";
    .port_info 6 /OUTPUT 1 "RDATA_9";
    .port_info 7 /OUTPUT 1 "RDATA_8";
    .port_info 8 /OUTPUT 1 "RDATA_7";
    .port_info 9 /OUTPUT 1 "RDATA_6";
    .port_info 10 /OUTPUT 1 "RDATA_5";
    .port_info 11 /OUTPUT 1 "RDATA_4";
    .port_info 12 /OUTPUT 1 "RDATA_3";
    .port_info 13 /OUTPUT 1 "RDATA_2";
    .port_info 14 /OUTPUT 1 "RDATA_1";
    .port_info 15 /OUTPUT 1 "RDATA_0";
    .port_info 16 /INPUT 1 "RCLK";
    .port_info 17 /INPUT 1 "RCLKE";
    .port_info 18 /INPUT 1 "RE";
    .port_info 19 /INPUT 1 "RADDR_10";
    .port_info 20 /INPUT 1 "RADDR_9";
    .port_info 21 /INPUT 1 "RADDR_8";
    .port_info 22 /INPUT 1 "RADDR_7";
    .port_info 23 /INPUT 1 "RADDR_6";
    .port_info 24 /INPUT 1 "RADDR_5";
    .port_info 25 /INPUT 1 "RADDR_4";
    .port_info 26 /INPUT 1 "RADDR_3";
    .port_info 27 /INPUT 1 "RADDR_2";
    .port_info 28 /INPUT 1 "RADDR_1";
    .port_info 29 /INPUT 1 "RADDR_0";
    .port_info 30 /INPUT 1 "WCLK";
    .port_info 31 /INPUT 1 "WCLKE";
    .port_info 32 /INPUT 1 "WE";
    .port_info 33 /INPUT 1 "WADDR_10";
    .port_info 34 /INPUT 1 "WADDR_9";
    .port_info 35 /INPUT 1 "WADDR_8";
    .port_info 36 /INPUT 1 "WADDR_7";
    .port_info 37 /INPUT 1 "WADDR_6";
    .port_info 38 /INPUT 1 "WADDR_5";
    .port_info 39 /INPUT 1 "WADDR_4";
    .port_info 40 /INPUT 1 "WADDR_3";
    .port_info 41 /INPUT 1 "WADDR_2";
    .port_info 42 /INPUT 1 "WADDR_1";
    .port_info 43 /INPUT 1 "WADDR_0";
    .port_info 44 /INPUT 1 "MASK_15";
    .port_info 45 /INPUT 1 "MASK_14";
    .port_info 46 /INPUT 1 "MASK_13";
    .port_info 47 /INPUT 1 "MASK_12";
    .port_info 48 /INPUT 1 "MASK_11";
    .port_info 49 /INPUT 1 "MASK_10";
    .port_info 50 /INPUT 1 "MASK_9";
    .port_info 51 /INPUT 1 "MASK_8";
    .port_info 52 /INPUT 1 "MASK_7";
    .port_info 53 /INPUT 1 "MASK_6";
    .port_info 54 /INPUT 1 "MASK_5";
    .port_info 55 /INPUT 1 "MASK_4";
    .port_info 56 /INPUT 1 "MASK_3";
    .port_info 57 /INPUT 1 "MASK_2";
    .port_info 58 /INPUT 1 "MASK_1";
    .port_info 59 /INPUT 1 "MASK_0";
    .port_info 60 /INPUT 1 "WDATA_15";
    .port_info 61 /INPUT 1 "WDATA_14";
    .port_info 62 /INPUT 1 "WDATA_13";
    .port_info 63 /INPUT 1 "WDATA_12";
    .port_info 64 /INPUT 1 "WDATA_11";
    .port_info 65 /INPUT 1 "WDATA_10";
    .port_info 66 /INPUT 1 "WDATA_9";
    .port_info 67 /INPUT 1 "WDATA_8";
    .port_info 68 /INPUT 1 "WDATA_7";
    .port_info 69 /INPUT 1 "WDATA_6";
    .port_info 70 /INPUT 1 "WDATA_5";
    .port_info 71 /INPUT 1 "WDATA_4";
    .port_info 72 /INPUT 1 "WDATA_3";
    .port_info 73 /INPUT 1 "WDATA_2";
    .port_info 74 /INPUT 1 "WDATA_1";
    .port_info 75 /INPUT 1 "WDATA_0";
P_0000000004db8ce0 .param/l "INIT_0" 0 2 3182, C4<0000000000000000000000000000000000000000000000000000000000000000000000000000000000000000000000000000000000000000000000000000000000000000000000000000000000000000000000000000000000000000000000000000000000000000000000000000000000000000000000000000000000000000>;
P_0000000004db8d18 .param/l "INIT_1" 0 2 3183, C4<0000000000000000000000000000000000000000000000000000000000000000000000000000000000000000000000000000000000000000000000000000000000000000000000000000000000000000000000000000000000000000000000000000000000000000000000000000000000000000000000000000000000000000>;
P_0000000004db8d50 .param/l "INIT_2" 0 2 3184, C4<0000000000000000000000000000000000000000000000000000000000000000000000000000000000000000000000000000000000000000000000000000000000000000000000000000000000000000000000000000000000000000000000000000000000000000000000000000000000000000000000000000000000000000>;
P_0000000004db8d88 .param/l "INIT_3" 0 2 3185, C4<0000000000000000000000000000000000000000000000000000000000000000000000000000000000000000000000000000000000000000000000000000000000000000000000000000000000000000000000000000000000000000000000000000000000000000000000000000000000000000000000000000000000000000>;
P_0000000004db8dc0 .param/l "INIT_4" 0 2 3186, C4<0000000000000000000000000000000000000000000000000000000000000000000000000000000000000000000000000000000000000000000000000000000000000000000000000000000000000000000000000000000000000000000000000000000000000000000000000000000000000000000000000000000000000000>;
P_0000000004db8df8 .param/l "INIT_5" 0 2 3187, C4<0000000000000000000000000000000000000000000000000000000000000000000000000000000000000000000000000000000000000000000000000000000000000000000000000000000000000000000000000000000000000000000000000000000000000000000000000000000000000000000000000000000000000000>;
P_0000000004db8e30 .param/l "INIT_6" 0 2 3188, C4<0000000000000000000000000000000000000000000000000000000000000000000000000000000000000000000000000000000000000000000000000000000000000000000000000000000000000000000000000000000000000000000000000000000000000000000000000000000000000000000000000000000000000000>;
P_0000000004db8e68 .param/l "INIT_7" 0 2 3189, C4<0000000000000000000000000000000000000000000000000000000000000000000000000000000000000000000000000000000000000000000000000000000000000000000000000000000000000000000000000000000000000000000000000000000000000000000000000000000000000000000000000000000000000000>;
P_0000000004db8ea0 .param/l "INIT_8" 0 2 3190, C4<0000000000000000000000000000000000000000000000000000000000000000000000000000000000000000000000000000000000000000000000000000000000000000000000000000000000000000000000000000000000000000000000000000000000000000000000000000000000000000000000000000000000000000>;
P_0000000004db8ed8 .param/l "INIT_9" 0 2 3191, C4<0000000000000000000000000000000000000000000000000000000000000000000000000000000000000000000000000000000000000000000000000000000000000000000000000000000000000000000000000000000000000000000000000000000000000000000000000000000000000000000000000000000000000000>;
P_0000000004db8f10 .param/l "INIT_A" 0 2 3192, C4<0000000000000000000000000000000000000000000000000000000000000000000000000000000000000000000000000000000000000000000000000000000000000000000000000000000000000000000000000000000000000000000000000000000000000000000000000000000000000000000000000000000000000000>;
P_0000000004db8f48 .param/l "INIT_B" 0 2 3193, C4<0000000000000000000000000000000000000000000000000000000000000000000000000000000000000000000000000000000000000000000000000000000000000000000000000000000000000000000000000000000000000000000000000000000000000000000000000000000000000000000000000000000000000000>;
P_0000000004db8f80 .param/l "INIT_C" 0 2 3194, C4<0000000000000000000000000000000000000000000000000000000000000000000000000000000000000000000000000000000000000000000000000000000000000000000000000000000000000000000000000000000000000000000000000000000000000000000000000000000000000000000000000000000000000000>;
P_0000000004db8fb8 .param/l "INIT_D" 0 2 3195, C4<0000000000000000000000000000000000000000000000000000000000000000000000000000000000000000000000000000000000000000000000000000000000000000000000000000000000000000000000000000000000000000000000000000000000000000000000000000000000000000000000000000000000000000>;
P_0000000004db8ff0 .param/l "INIT_E" 0 2 3196, C4<0000000000000000000000000000000000000000000000000000000000000000000000000000000000000000000000000000000000000000000000000000000000000000000000000000000000000000000000000000000000000000000000000000000000000000000000000000000000000000000000000000000000000000>;
P_0000000004db9028 .param/l "INIT_F" 0 2 3197, C4<0000000000000000000000000000000000000000000000000000000000000000000000000000000000000000000000000000000000000000000000000000000000000000000000000000000000000000000000000000000000000000000000000000000000000000000000000000000000000000000000000000000000000000>;
P_0000000004db9060 .param/l "NEG_CLK_R" 0 2 3179, C4<0>;
P_0000000004db9098 .param/l "NEG_CLK_W" 0 2 3180, C4<0>;
P_0000000004db90d0 .param/l "READ_MODE" 0 2 3177, +C4<00000000000000000000000000000000>;
P_0000000004db9108 .param/l "WRITE_MODE" 0 2 3176, +C4<00000000000000000000000000000000>;
L_00000000067487a0 .functor BUFT 1, C4<0>, C4<0>, C4<0>, C4<0>;
L_000000000661e9d0 .functor XOR 1, L_0000000006794ff0, L_00000000067487a0, C4<0>, C4<0>;
L_00000000067487e8 .functor BUFT 1, C4<0>, C4<0>, C4<0>, C4<0>;
L_000000000661d620 .functor XOR 1, L_00000000067936f0, L_00000000067487e8, C4<0>, C4<0>;
o00000000066ab178 .functor BUFZ 1, C4<z>; HiZ drive
v00000000066ea560_0 .net "MASK_0", 0 0, o00000000066ab178;  0 drivers
o00000000066ab1a8 .functor BUFZ 1, C4<z>; HiZ drive
v00000000066ebe60_0 .net "MASK_1", 0 0, o00000000066ab1a8;  0 drivers
o00000000066ab1d8 .functor BUFZ 1, C4<z>; HiZ drive
v00000000066ebc80_0 .net "MASK_10", 0 0, o00000000066ab1d8;  0 drivers
o00000000066ab208 .functor BUFZ 1, C4<z>; HiZ drive
v00000000066eb140_0 .net "MASK_11", 0 0, o00000000066ab208;  0 drivers
o00000000066ab238 .functor BUFZ 1, C4<z>; HiZ drive
v00000000066ec400_0 .net "MASK_12", 0 0, o00000000066ab238;  0 drivers
o00000000066ab268 .functor BUFZ 1, C4<z>; HiZ drive
v00000000066eb1e0_0 .net "MASK_13", 0 0, o00000000066ab268;  0 drivers
o00000000066ab298 .functor BUFZ 1, C4<z>; HiZ drive
v00000000066ec4a0_0 .net "MASK_14", 0 0, o00000000066ab298;  0 drivers
o00000000066ab2c8 .functor BUFZ 1, C4<z>; HiZ drive
v00000000066eb640_0 .net "MASK_15", 0 0, o00000000066ab2c8;  0 drivers
o00000000066ab2f8 .functor BUFZ 1, C4<z>; HiZ drive
v00000000066eac40_0 .net "MASK_2", 0 0, o00000000066ab2f8;  0 drivers
o00000000066ab328 .functor BUFZ 1, C4<z>; HiZ drive
v00000000066ec680_0 .net "MASK_3", 0 0, o00000000066ab328;  0 drivers
o00000000066ab358 .functor BUFZ 1, C4<z>; HiZ drive
v00000000066eb280_0 .net "MASK_4", 0 0, o00000000066ab358;  0 drivers
o00000000066ab388 .functor BUFZ 1, C4<z>; HiZ drive
v00000000066eb320_0 .net "MASK_5", 0 0, o00000000066ab388;  0 drivers
o00000000066ab3b8 .functor BUFZ 1, C4<z>; HiZ drive
v00000000066eb3c0_0 .net "MASK_6", 0 0, o00000000066ab3b8;  0 drivers
o00000000066ab3e8 .functor BUFZ 1, C4<z>; HiZ drive
v00000000066ebf00_0 .net "MASK_7", 0 0, o00000000066ab3e8;  0 drivers
o00000000066ab418 .functor BUFZ 1, C4<z>; HiZ drive
v00000000066ec5e0_0 .net "MASK_8", 0 0, o00000000066ab418;  0 drivers
o00000000066ab448 .functor BUFZ 1, C4<z>; HiZ drive
v00000000066ebfa0_0 .net "MASK_9", 0 0, o00000000066ab448;  0 drivers
o00000000066ab478 .functor BUFZ 1, C4<z>; HiZ drive
v00000000066eb500_0 .net "RADDR_0", 0 0, o00000000066ab478;  0 drivers
o00000000066ab4a8 .functor BUFZ 1, C4<z>; HiZ drive
v00000000066eb780_0 .net "RADDR_1", 0 0, o00000000066ab4a8;  0 drivers
o00000000066ab4d8 .functor BUFZ 1, C4<z>; HiZ drive
v00000000066eba00_0 .net "RADDR_10", 0 0, o00000000066ab4d8;  0 drivers
o00000000066ab508 .functor BUFZ 1, C4<z>; HiZ drive
v00000000066ebaa0_0 .net "RADDR_2", 0 0, o00000000066ab508;  0 drivers
o00000000066ab538 .functor BUFZ 1, C4<z>; HiZ drive
v00000000066ebd20_0 .net "RADDR_3", 0 0, o00000000066ab538;  0 drivers
o00000000066ab568 .functor BUFZ 1, C4<z>; HiZ drive
v00000000066ec0e0_0 .net "RADDR_4", 0 0, o00000000066ab568;  0 drivers
o00000000066ab598 .functor BUFZ 1, C4<z>; HiZ drive
v00000000066ec180_0 .net "RADDR_5", 0 0, o00000000066ab598;  0 drivers
o00000000066ab5c8 .functor BUFZ 1, C4<z>; HiZ drive
v00000000066ec7c0_0 .net "RADDR_6", 0 0, o00000000066ab5c8;  0 drivers
o00000000066ab5f8 .functor BUFZ 1, C4<z>; HiZ drive
v00000000066ea060_0 .net "RADDR_7", 0 0, o00000000066ab5f8;  0 drivers
o00000000066ab628 .functor BUFZ 1, C4<z>; HiZ drive
v00000000066ea100_0 .net "RADDR_8", 0 0, o00000000066ab628;  0 drivers
o00000000066ab658 .functor BUFZ 1, C4<z>; HiZ drive
v00000000066ea1a0_0 .net "RADDR_9", 0 0, o00000000066ab658;  0 drivers
o00000000066ab688 .functor BUFZ 1, C4<z>; HiZ drive
v00000000066ea6a0_0 .net "RCLK", 0 0, o00000000066ab688;  0 drivers
o00000000066ab6b8 .functor BUFZ 1, C4<z>; HiZ drive
v00000000066ea2e0_0 .net "RCLKE", 0 0, o00000000066ab6b8;  0 drivers
v00000000066ea600_0 .net "RDATA_0", 0 0, L_0000000006794690;  1 drivers
v00000000066ecae0_0 .net "RDATA_1", 0 0, L_0000000006793d30;  1 drivers
v00000000066ec860_0 .net "RDATA_10", 0 0, L_0000000006794730;  1 drivers
v00000000066ed300_0 .net "RDATA_11", 0 0, L_0000000006794870;  1 drivers
v00000000066ecc20_0 .net "RDATA_12", 0 0, L_0000000006793b50;  1 drivers
v00000000066ece00_0 .net "RDATA_13", 0 0, L_0000000006794af0;  1 drivers
v00000000066ecb80_0 .net "RDATA_14", 0 0, L_00000000067930b0;  1 drivers
v00000000066ede40_0 .net "RDATA_15", 0 0, L_00000000067947d0;  1 drivers
v00000000066ed120_0 .net "RDATA_2", 0 0, L_0000000006793e70;  1 drivers
v00000000066edee0_0 .net "RDATA_3", 0 0, L_0000000006794b90;  1 drivers
v00000000066ec900_0 .net "RDATA_4", 0 0, L_0000000006793290;  1 drivers
v00000000066ed1c0_0 .net "RDATA_5", 0 0, L_00000000067938d0;  1 drivers
v00000000066ec9a0_0 .net "RDATA_6", 0 0, L_0000000006793c90;  1 drivers
v00000000066ed4e0_0 .net "RDATA_7", 0 0, L_00000000067935b0;  1 drivers
v00000000066ed080_0 .net "RDATA_8", 0 0, L_0000000006794910;  1 drivers
v00000000066ed580_0 .net "RDATA_9", 0 0, L_0000000006793a10;  1 drivers
o00000000066ab9e8 .functor BUFZ 1, C4<z>; HiZ drive
v00000000066ed8a0_0 .net "RE", 0 0, o00000000066ab9e8;  0 drivers
o00000000066aba18 .functor BUFZ 1, C4<z>; HiZ drive
v00000000066eccc0_0 .net "WADDR_0", 0 0, o00000000066aba18;  0 drivers
o00000000066aba48 .functor BUFZ 1, C4<z>; HiZ drive
v00000000066ecea0_0 .net "WADDR_1", 0 0, o00000000066aba48;  0 drivers
o00000000066aba78 .functor BUFZ 1, C4<z>; HiZ drive
v00000000066ed6c0_0 .net "WADDR_10", 0 0, o00000000066aba78;  0 drivers
o00000000066abaa8 .functor BUFZ 1, C4<z>; HiZ drive
v00000000066ecd60_0 .net "WADDR_2", 0 0, o00000000066abaa8;  0 drivers
o00000000066abad8 .functor BUFZ 1, C4<z>; HiZ drive
v00000000066ed260_0 .net "WADDR_3", 0 0, o00000000066abad8;  0 drivers
o00000000066abb08 .functor BUFZ 1, C4<z>; HiZ drive
v00000000066eca40_0 .net "WADDR_4", 0 0, o00000000066abb08;  0 drivers
o00000000066abb38 .functor BUFZ 1, C4<z>; HiZ drive
v00000000066ecf40_0 .net "WADDR_5", 0 0, o00000000066abb38;  0 drivers
o00000000066abb68 .functor BUFZ 1, C4<z>; HiZ drive
v00000000066ecfe0_0 .net "WADDR_6", 0 0, o00000000066abb68;  0 drivers
o00000000066abb98 .functor BUFZ 1, C4<z>; HiZ drive
v00000000066ed3a0_0 .net "WADDR_7", 0 0, o00000000066abb98;  0 drivers
o00000000066abbc8 .functor BUFZ 1, C4<z>; HiZ drive
v00000000066ed940_0 .net "WADDR_8", 0 0, o00000000066abbc8;  0 drivers
o00000000066abbf8 .functor BUFZ 1, C4<z>; HiZ drive
v00000000066edda0_0 .net "WADDR_9", 0 0, o00000000066abbf8;  0 drivers
o00000000066abc28 .functor BUFZ 1, C4<z>; HiZ drive
v00000000066ed440_0 .net "WCLK", 0 0, o00000000066abc28;  0 drivers
o00000000066abc58 .functor BUFZ 1, C4<z>; HiZ drive
v00000000066ed800_0 .net "WCLKE", 0 0, o00000000066abc58;  0 drivers
o00000000066abc88 .functor BUFZ 1, C4<z>; HiZ drive
v00000000066ed620_0 .net "WDATA_0", 0 0, o00000000066abc88;  0 drivers
o00000000066abcb8 .functor BUFZ 1, C4<z>; HiZ drive
v00000000066ed760_0 .net "WDATA_1", 0 0, o00000000066abcb8;  0 drivers
o00000000066abce8 .functor BUFZ 1, C4<z>; HiZ drive
v00000000066ed9e0_0 .net "WDATA_10", 0 0, o00000000066abce8;  0 drivers
o00000000066abd18 .functor BUFZ 1, C4<z>; HiZ drive
v00000000066eda80_0 .net "WDATA_11", 0 0, o00000000066abd18;  0 drivers
o00000000066abd48 .functor BUFZ 1, C4<z>; HiZ drive
v00000000066edb20_0 .net "WDATA_12", 0 0, o00000000066abd48;  0 drivers
o00000000066abd78 .functor BUFZ 1, C4<z>; HiZ drive
v00000000066edbc0_0 .net "WDATA_13", 0 0, o00000000066abd78;  0 drivers
o00000000066abda8 .functor BUFZ 1, C4<z>; HiZ drive
v00000000066edc60_0 .net "WDATA_14", 0 0, o00000000066abda8;  0 drivers
o00000000066abdd8 .functor BUFZ 1, C4<z>; HiZ drive
v00000000066edd00_0 .net "WDATA_15", 0 0, o00000000066abdd8;  0 drivers
o00000000066abe08 .functor BUFZ 1, C4<z>; HiZ drive
v00000000066f1950_0 .net "WDATA_2", 0 0, o00000000066abe08;  0 drivers
o00000000066abe38 .functor BUFZ 1, C4<z>; HiZ drive
v00000000066f2530_0 .net "WDATA_3", 0 0, o00000000066abe38;  0 drivers
o00000000066abe68 .functor BUFZ 1, C4<z>; HiZ drive
v00000000066f1090_0 .net "WDATA_4", 0 0, o00000000066abe68;  0 drivers
o00000000066abe98 .functor BUFZ 1, C4<z>; HiZ drive
v00000000066f1e50_0 .net "WDATA_5", 0 0, o00000000066abe98;  0 drivers
o00000000066abec8 .functor BUFZ 1, C4<z>; HiZ drive
v00000000066f2030_0 .net "WDATA_6", 0 0, o00000000066abec8;  0 drivers
o00000000066abef8 .functor BUFZ 1, C4<z>; HiZ drive
v00000000066f2350_0 .net "WDATA_7", 0 0, o00000000066abef8;  0 drivers
o00000000066abf28 .functor BUFZ 1, C4<z>; HiZ drive
v00000000066f0b90_0 .net "WDATA_8", 0 0, o00000000066abf28;  0 drivers
o00000000066abf58 .functor BUFZ 1, C4<z>; HiZ drive
v00000000066f28f0_0 .net "WDATA_9", 0 0, o00000000066abf58;  0 drivers
o00000000066abf88 .functor BUFZ 1, C4<z>; HiZ drive
v00000000066f0e10_0 .net "WE", 0 0, o00000000066abf88;  0 drivers
v00000000066f0eb0_0 .net *"_ivl_100", 0 0, L_00000000067944b0;  1 drivers
v00000000066f0870_0 .net *"_ivl_102", 0 0, L_0000000006794cd0;  1 drivers
v00000000066f22b0_0 .net *"_ivl_104", 0 0, L_00000000067945f0;  1 drivers
v00000000066f18b0_0 .net *"_ivl_106", 0 0, L_0000000006794e10;  1 drivers
v00000000066f0c30_0 .net *"_ivl_108", 0 0, L_0000000006795090;  1 drivers
v00000000066f1d10_0 .net *"_ivl_110", 0 0, L_00000000067954f0;  1 drivers
v00000000066f0cd0_0 .net *"_ivl_112", 0 0, L_0000000006795810;  1 drivers
v00000000066f0910_0 .net *"_ivl_114", 0 0, L_0000000006796670;  1 drivers
v00000000066f0f50_0 .net *"_ivl_116", 0 0, L_00000000067976b0;  1 drivers
v00000000066f25d0_0 .net *"_ivl_120", 0 0, L_0000000006797070;  1 drivers
v00000000066f2a30_0 .net *"_ivl_122", 0 0, L_0000000006796170;  1 drivers
v00000000066f0d70_0 .net *"_ivl_124", 0 0, L_00000000067958b0;  1 drivers
v00000000066f0ff0_0 .net *"_ivl_126", 0 0, L_0000000006797930;  1 drivers
v00000000066f07d0_0 .net *"_ivl_128", 0 0, L_00000000067974d0;  1 drivers
v00000000066f1130_0 .net *"_ivl_130", 0 0, L_0000000006796b70;  1 drivers
v00000000066f11d0_0 .net *"_ivl_132", 0 0, L_0000000006796850;  1 drivers
v00000000066f1bd0_0 .net *"_ivl_134", 0 0, L_0000000006795c70;  1 drivers
v00000000066f1270_0 .net *"_ivl_136", 0 0, L_00000000067965d0;  1 drivers
v00000000066f23f0_0 .net *"_ivl_138", 0 0, L_0000000006796c10;  1 drivers
v00000000066f1c70_0 .net *"_ivl_140", 0 0, L_0000000006797430;  1 drivers
v00000000066f1310_0 .net *"_ivl_142", 0 0, L_0000000006796e90;  1 drivers
v00000000066f13b0_0 .net *"_ivl_144", 0 0, L_0000000006796710;  1 drivers
v00000000066f2c10_0 .net *"_ivl_146", 0 0, L_0000000006796d50;  1 drivers
v00000000066f2490_0 .net *"_ivl_148", 0 0, L_00000000067979d0;  1 drivers
v00000000066f1450_0 .net *"_ivl_150", 0 0, L_0000000006796fd0;  1 drivers
v00000000066f09b0_0 .net *"_ivl_18", 0 0, L_0000000006794ff0;  1 drivers
v00000000066f2670_0 .net/2u *"_ivl_19", 0 0, L_00000000067487a0;  1 drivers
v00000000066f20d0_0 .net *"_ivl_28", 0 0, L_0000000006793ab0;  1 drivers
v00000000066f14f0_0 .net *"_ivl_30", 0 0, L_0000000006795450;  1 drivers
v00000000066f2ad0_0 .net *"_ivl_32", 0 0, L_00000000067933d0;  1 drivers
v00000000066f1590_0 .net *"_ivl_34", 0 0, L_0000000006794a50;  1 drivers
v00000000066f19f0_0 .net *"_ivl_36", 0 0, L_0000000006793150;  1 drivers
v00000000066f1630_0 .net *"_ivl_38", 0 0, L_00000000067951d0;  1 drivers
v00000000066f1a90_0 .net *"_ivl_40", 0 0, L_0000000006792ed0;  1 drivers
v00000000066f16d0_0 .net *"_ivl_42", 0 0, L_0000000006793bf0;  1 drivers
v00000000066f04b0_0 .net *"_ivl_44", 0 0, L_0000000006792e30;  1 drivers
v00000000066f2b70_0 .net *"_ivl_46", 0 0, L_0000000006793dd0;  1 drivers
v00000000066f2710_0 .net *"_ivl_48", 0 0, L_0000000006794eb0;  1 drivers
v00000000066f27b0_0 .net *"_ivl_52", 0 0, L_00000000067936f0;  1 drivers
v00000000066f1ef0_0 .net/2u *"_ivl_53", 0 0, L_00000000067487e8;  1 drivers
v00000000066f2210_0 .net *"_ivl_62", 0 0, L_0000000006792d90;  1 drivers
v00000000066f2170_0 .net *"_ivl_64", 0 0, L_0000000006793fb0;  1 drivers
v00000000066f1db0_0 .net *"_ivl_66", 0 0, L_0000000006795130;  1 drivers
v00000000066f1770_0 .net *"_ivl_68", 0 0, L_0000000006792f70;  1 drivers
v00000000066f2850_0 .net *"_ivl_70", 0 0, L_00000000067940f0;  1 drivers
v00000000066f0af0_0 .net *"_ivl_72", 0 0, L_0000000006793650;  1 drivers
v00000000066f1b30_0 .net *"_ivl_74", 0 0, L_0000000006793010;  1 drivers
v00000000066f0a50_0 .net *"_ivl_76", 0 0, L_0000000006793790;  1 drivers
v00000000066f1810_0 .net *"_ivl_78", 0 0, L_00000000067931f0;  1 drivers
v00000000066f1f90_0 .net *"_ivl_80", 0 0, L_0000000006794190;  1 drivers
v00000000066f2990_0 .net *"_ivl_82", 0 0, L_0000000006794c30;  1 drivers
v00000000066f0550_0 .net *"_ivl_86", 0 0, L_0000000006793830;  1 drivers
v00000000066f05f0_0 .net *"_ivl_88", 0 0, L_0000000006794050;  1 drivers
v00000000066f0690_0 .net *"_ivl_90", 0 0, L_00000000067942d0;  1 drivers
v00000000066f0730_0 .net *"_ivl_92", 0 0, L_0000000006793470;  1 drivers
v00000000066f3750_0 .net *"_ivl_94", 0 0, L_0000000006794230;  1 drivers
v00000000066f3070_0 .net *"_ivl_96", 0 0, L_0000000006794370;  1 drivers
v00000000066f3b10_0 .net *"_ivl_98", 0 0, L_0000000006794410;  1 drivers
L_00000000067947d0 .part v00000000066ea740_0, 15, 1;
L_00000000067930b0 .part v00000000066ea740_0, 14, 1;
L_0000000006794af0 .part v00000000066ea740_0, 13, 1;
L_0000000006793b50 .part v00000000066ea740_0, 12, 1;
L_0000000006794870 .part v00000000066ea740_0, 11, 1;
L_0000000006794730 .part v00000000066ea740_0, 10, 1;
L_0000000006793a10 .part v00000000066ea740_0, 9, 1;
L_0000000006794910 .part v00000000066ea740_0, 8, 1;
L_00000000067935b0 .part v00000000066ea740_0, 7, 1;
L_0000000006793c90 .part v00000000066ea740_0, 6, 1;
L_00000000067938d0 .part v00000000066ea740_0, 5, 1;
L_0000000006793290 .part v00000000066ea740_0, 4, 1;
L_0000000006794b90 .part v00000000066ea740_0, 3, 1;
L_0000000006793e70 .part v00000000066ea740_0, 2, 1;
L_0000000006793d30 .part v00000000066ea740_0, 1, 1;
L_0000000006794690 .part v00000000066ea740_0, 0, 1;
L_0000000006794ff0 .ufunc/vec4 TD_ICESTORM_RAM.pd, 1, o00000000066ab688 (v00000000066eb000_0) S_00000000064f5710;
L_00000000067949b0 .ufunc/vec4 TD_ICESTORM_RAM.pu, 1, o00000000066ab6b8 (v00000000066eb0a0_0) S_00000000064f6390;
L_0000000006793970 .ufunc/vec4 TD_ICESTORM_RAM.pd, 1, o00000000066ab9e8 (v00000000066eb000_0) S_00000000064f5710;
L_0000000006793ab0 .ufunc/vec4 TD_ICESTORM_RAM.pd, 1, o00000000066ab4d8 (v00000000066eb000_0) S_00000000064f5710;
L_0000000006795450 .ufunc/vec4 TD_ICESTORM_RAM.pd, 1, o00000000066ab658 (v00000000066eb000_0) S_00000000064f5710;
L_00000000067933d0 .ufunc/vec4 TD_ICESTORM_RAM.pd, 1, o00000000066ab628 (v00000000066eb000_0) S_00000000064f5710;
L_0000000006794a50 .ufunc/vec4 TD_ICESTORM_RAM.pd, 1, o00000000066ab5f8 (v00000000066eb000_0) S_00000000064f5710;
L_0000000006793150 .ufunc/vec4 TD_ICESTORM_RAM.pd, 1, o00000000066ab5c8 (v00000000066eb000_0) S_00000000064f5710;
L_00000000067951d0 .ufunc/vec4 TD_ICESTORM_RAM.pd, 1, o00000000066ab598 (v00000000066eb000_0) S_00000000064f5710;
L_0000000006792ed0 .ufunc/vec4 TD_ICESTORM_RAM.pd, 1, o00000000066ab568 (v00000000066eb000_0) S_00000000064f5710;
L_0000000006793bf0 .ufunc/vec4 TD_ICESTORM_RAM.pd, 1, o00000000066ab538 (v00000000066eb000_0) S_00000000064f5710;
L_0000000006792e30 .ufunc/vec4 TD_ICESTORM_RAM.pd, 1, o00000000066ab508 (v00000000066eb000_0) S_00000000064f5710;
L_0000000006793dd0 .ufunc/vec4 TD_ICESTORM_RAM.pd, 1, o00000000066ab4a8 (v00000000066eb000_0) S_00000000064f5710;
L_0000000006794eb0 .ufunc/vec4 TD_ICESTORM_RAM.pd, 1, o00000000066ab478 (v00000000066eb000_0) S_00000000064f5710;
LS_0000000006793f10_0_0 .concat [ 1 1 1 1], L_0000000006794eb0, L_0000000006793dd0, L_0000000006792e30, L_0000000006793bf0;
LS_0000000006793f10_0_4 .concat [ 1 1 1 1], L_0000000006792ed0, L_00000000067951d0, L_0000000006793150, L_0000000006794a50;
LS_0000000006793f10_0_8 .concat [ 1 1 1 0], L_00000000067933d0, L_0000000006795450, L_0000000006793ab0;
L_0000000006793f10 .concat [ 4 4 3 0], LS_0000000006793f10_0_0, LS_0000000006793f10_0_4, LS_0000000006793f10_0_8;
L_00000000067936f0 .ufunc/vec4 TD_ICESTORM_RAM.pd, 1, o00000000066abc28 (v00000000066eb000_0) S_00000000064f5710;
L_0000000006792cf0 .ufunc/vec4 TD_ICESTORM_RAM.pu, 1, o00000000066abc58 (v00000000066eb0a0_0) S_00000000064f6390;
L_00000000067953b0 .ufunc/vec4 TD_ICESTORM_RAM.pd, 1, o00000000066abf88 (v00000000066eb000_0) S_00000000064f5710;
L_0000000006792d90 .ufunc/vec4 TD_ICESTORM_RAM.pd, 1, o00000000066aba78 (v00000000066eb000_0) S_00000000064f5710;
L_0000000006793fb0 .ufunc/vec4 TD_ICESTORM_RAM.pd, 1, o00000000066abbf8 (v00000000066eb000_0) S_00000000064f5710;
L_0000000006795130 .ufunc/vec4 TD_ICESTORM_RAM.pd, 1, o00000000066abbc8 (v00000000066eb000_0) S_00000000064f5710;
L_0000000006792f70 .ufunc/vec4 TD_ICESTORM_RAM.pd, 1, o00000000066abb98 (v00000000066eb000_0) S_00000000064f5710;
L_00000000067940f0 .ufunc/vec4 TD_ICESTORM_RAM.pd, 1, o00000000066abb68 (v00000000066eb000_0) S_00000000064f5710;
L_0000000006793650 .ufunc/vec4 TD_ICESTORM_RAM.pd, 1, o00000000066abb38 (v00000000066eb000_0) S_00000000064f5710;
L_0000000006793010 .ufunc/vec4 TD_ICESTORM_RAM.pd, 1, o00000000066abb08 (v00000000066eb000_0) S_00000000064f5710;
L_0000000006793790 .ufunc/vec4 TD_ICESTORM_RAM.pd, 1, o00000000066abad8 (v00000000066eb000_0) S_00000000064f5710;
L_00000000067931f0 .ufunc/vec4 TD_ICESTORM_RAM.pd, 1, o00000000066abaa8 (v00000000066eb000_0) S_00000000064f5710;
L_0000000006794190 .ufunc/vec4 TD_ICESTORM_RAM.pd, 1, o00000000066aba48 (v00000000066eb000_0) S_00000000064f5710;
L_0000000006794c30 .ufunc/vec4 TD_ICESTORM_RAM.pd, 1, o00000000066aba18 (v00000000066eb000_0) S_00000000064f5710;
LS_0000000006794f50_0_0 .concat [ 1 1 1 1], L_0000000006794c30, L_0000000006794190, L_00000000067931f0, L_0000000006793790;
LS_0000000006794f50_0_4 .concat [ 1 1 1 1], L_0000000006793010, L_0000000006793650, L_00000000067940f0, L_0000000006792f70;
LS_0000000006794f50_0_8 .concat [ 1 1 1 0], L_0000000006795130, L_0000000006793fb0, L_0000000006792d90;
L_0000000006794f50 .concat [ 4 4 3 0], LS_0000000006794f50_0_0, LS_0000000006794f50_0_4, LS_0000000006794f50_0_8;
L_0000000006793830 .ufunc/vec4 TD_ICESTORM_RAM.pd, 1, o00000000066ab2c8 (v00000000066eb000_0) S_00000000064f5710;
L_0000000006794050 .ufunc/vec4 TD_ICESTORM_RAM.pd, 1, o00000000066ab298 (v00000000066eb000_0) S_00000000064f5710;
L_00000000067942d0 .ufunc/vec4 TD_ICESTORM_RAM.pd, 1, o00000000066ab268 (v00000000066eb000_0) S_00000000064f5710;
L_0000000006793470 .ufunc/vec4 TD_ICESTORM_RAM.pd, 1, o00000000066ab238 (v00000000066eb000_0) S_00000000064f5710;
L_0000000006794230 .ufunc/vec4 TD_ICESTORM_RAM.pd, 1, o00000000066ab208 (v00000000066eb000_0) S_00000000064f5710;
L_0000000006794370 .ufunc/vec4 TD_ICESTORM_RAM.pd, 1, o00000000066ab1d8 (v00000000066eb000_0) S_00000000064f5710;
L_0000000006794410 .ufunc/vec4 TD_ICESTORM_RAM.pd, 1, o00000000066ab448 (v00000000066eb000_0) S_00000000064f5710;
L_00000000067944b0 .ufunc/vec4 TD_ICESTORM_RAM.pd, 1, o00000000066ab418 (v00000000066eb000_0) S_00000000064f5710;
L_0000000006794cd0 .ufunc/vec4 TD_ICESTORM_RAM.pd, 1, o00000000066ab3e8 (v00000000066eb000_0) S_00000000064f5710;
L_00000000067945f0 .ufunc/vec4 TD_ICESTORM_RAM.pd, 1, o00000000066ab3b8 (v00000000066eb000_0) S_00000000064f5710;
L_0000000006794e10 .ufunc/vec4 TD_ICESTORM_RAM.pd, 1, o00000000066ab388 (v00000000066eb000_0) S_00000000064f5710;
L_0000000006795090 .ufunc/vec4 TD_ICESTORM_RAM.pd, 1, o00000000066ab358 (v00000000066eb000_0) S_00000000064f5710;
L_00000000067954f0 .ufunc/vec4 TD_ICESTORM_RAM.pd, 1, o00000000066ab328 (v00000000066eb000_0) S_00000000064f5710;
L_0000000006795810 .ufunc/vec4 TD_ICESTORM_RAM.pd, 1, o00000000066ab2f8 (v00000000066eb000_0) S_00000000064f5710;
L_0000000006796670 .ufunc/vec4 TD_ICESTORM_RAM.pd, 1, o00000000066ab1a8 (v00000000066eb000_0) S_00000000064f5710;
L_00000000067976b0 .ufunc/vec4 TD_ICESTORM_RAM.pd, 1, o00000000066ab178 (v00000000066eb000_0) S_00000000064f5710;
LS_0000000006796cb0_0_0 .concat [ 1 1 1 1], L_00000000067976b0, L_0000000006796670, L_0000000006795810, L_00000000067954f0;
LS_0000000006796cb0_0_4 .concat [ 1 1 1 1], L_0000000006795090, L_0000000006794e10, L_00000000067945f0, L_0000000006794cd0;
LS_0000000006796cb0_0_8 .concat [ 1 1 1 1], L_00000000067944b0, L_0000000006794410, L_0000000006794370, L_0000000006794230;
LS_0000000006796cb0_0_12 .concat [ 1 1 1 1], L_0000000006793470, L_00000000067942d0, L_0000000006794050, L_0000000006793830;
L_0000000006796cb0 .concat [ 4 4 4 4], LS_0000000006796cb0_0_0, LS_0000000006796cb0_0_4, LS_0000000006796cb0_0_8, LS_0000000006796cb0_0_12;
L_0000000006797070 .ufunc/vec4 TD_ICESTORM_RAM.pd, 1, o00000000066abdd8 (v00000000066eb000_0) S_00000000064f5710;
L_0000000006796170 .ufunc/vec4 TD_ICESTORM_RAM.pd, 1, o00000000066abda8 (v00000000066eb000_0) S_00000000064f5710;
L_00000000067958b0 .ufunc/vec4 TD_ICESTORM_RAM.pd, 1, o00000000066abd78 (v00000000066eb000_0) S_00000000064f5710;
L_0000000006797930 .ufunc/vec4 TD_ICESTORM_RAM.pd, 1, o00000000066abd48 (v00000000066eb000_0) S_00000000064f5710;
L_00000000067974d0 .ufunc/vec4 TD_ICESTORM_RAM.pd, 1, o00000000066abd18 (v00000000066eb000_0) S_00000000064f5710;
L_0000000006796b70 .ufunc/vec4 TD_ICESTORM_RAM.pd, 1, o00000000066abce8 (v00000000066eb000_0) S_00000000064f5710;
L_0000000006796850 .ufunc/vec4 TD_ICESTORM_RAM.pd, 1, o00000000066abf58 (v00000000066eb000_0) S_00000000064f5710;
L_0000000006795c70 .ufunc/vec4 TD_ICESTORM_RAM.pd, 1, o00000000066abf28 (v00000000066eb000_0) S_00000000064f5710;
L_00000000067965d0 .ufunc/vec4 TD_ICESTORM_RAM.pd, 1, o00000000066abef8 (v00000000066eb000_0) S_00000000064f5710;
L_0000000006796c10 .ufunc/vec4 TD_ICESTORM_RAM.pd, 1, o00000000066abec8 (v00000000066eb000_0) S_00000000064f5710;
L_0000000006797430 .ufunc/vec4 TD_ICESTORM_RAM.pd, 1, o00000000066abe98 (v00000000066eb000_0) S_00000000064f5710;
L_0000000006796e90 .ufunc/vec4 TD_ICESTORM_RAM.pd, 1, o00000000066abe68 (v00000000066eb000_0) S_00000000064f5710;
L_0000000006796710 .ufunc/vec4 TD_ICESTORM_RAM.pd, 1, o00000000066abe38 (v00000000066eb000_0) S_00000000064f5710;
L_0000000006796d50 .ufunc/vec4 TD_ICESTORM_RAM.pd, 1, o00000000066abe08 (v00000000066eb000_0) S_00000000064f5710;
L_00000000067979d0 .ufunc/vec4 TD_ICESTORM_RAM.pd, 1, o00000000066abcb8 (v00000000066eb000_0) S_00000000064f5710;
L_0000000006796fd0 .ufunc/vec4 TD_ICESTORM_RAM.pd, 1, o00000000066abc88 (v00000000066eb000_0) S_00000000064f5710;
LS_0000000006797a70_0_0 .concat [ 1 1 1 1], L_0000000006796fd0, L_00000000067979d0, L_0000000006796d50, L_0000000006796710;
LS_0000000006797a70_0_4 .concat [ 1 1 1 1], L_0000000006796e90, L_0000000006797430, L_0000000006796c10, L_00000000067965d0;
LS_0000000006797a70_0_8 .concat [ 1 1 1 1], L_0000000006795c70, L_0000000006796850, L_0000000006796b70, L_00000000067974d0;
LS_0000000006797a70_0_12 .concat [ 1 1 1 1], L_0000000006797930, L_00000000067958b0, L_0000000006796170, L_0000000006797070;
L_0000000006797a70 .concat [ 4 4 4 4], LS_0000000006797a70_0_0, LS_0000000006797a70_0_4, LS_0000000006797a70_0_8, LS_0000000006797a70_0_12;
S_00000000064f4f40 .scope module, "RAM" "SB_RAM40_4K" 2 3233, 2 1487 0, S_0000000006696060;
 .timescale -12 -12;
    .port_info 0 /OUTPUT 16 "RDATA";
    .port_info 1 /INPUT 1 "RCLK";
    .port_info 2 /INPUT 1 "RCLKE";
    .port_info 3 /INPUT 1 "RE";
    .port_info 4 /INPUT 11 "RADDR";
    .port_info 5 /INPUT 1 "WCLK";
    .port_info 6 /INPUT 1 "WCLKE";
    .port_info 7 /INPUT 1 "WE";
    .port_info 8 /INPUT 11 "WADDR";
    .port_info 9 /INPUT 16 "MASK";
    .port_info 10 /INPUT 16 "WDATA";
P_00000000066ee010 .param/l "INIT_0" 0 2 1507, C4<0000000000000000000000000000000000000000000000000000000000000000000000000000000000000000000000000000000000000000000000000000000000000000000000000000000000000000000000000000000000000000000000000000000000000000000000000000000000000000000000000000000000000000>;
P_00000000066ee048 .param/l "INIT_1" 0 2 1508, C4<0000000000000000000000000000000000000000000000000000000000000000000000000000000000000000000000000000000000000000000000000000000000000000000000000000000000000000000000000000000000000000000000000000000000000000000000000000000000000000000000000000000000000000>;
P_00000000066ee080 .param/l "INIT_2" 0 2 1509, C4<0000000000000000000000000000000000000000000000000000000000000000000000000000000000000000000000000000000000000000000000000000000000000000000000000000000000000000000000000000000000000000000000000000000000000000000000000000000000000000000000000000000000000000>;
P_00000000066ee0b8 .param/l "INIT_3" 0 2 1510, C4<0000000000000000000000000000000000000000000000000000000000000000000000000000000000000000000000000000000000000000000000000000000000000000000000000000000000000000000000000000000000000000000000000000000000000000000000000000000000000000000000000000000000000000>;
P_00000000066ee0f0 .param/l "INIT_4" 0 2 1511, C4<0000000000000000000000000000000000000000000000000000000000000000000000000000000000000000000000000000000000000000000000000000000000000000000000000000000000000000000000000000000000000000000000000000000000000000000000000000000000000000000000000000000000000000>;
P_00000000066ee128 .param/l "INIT_5" 0 2 1512, C4<0000000000000000000000000000000000000000000000000000000000000000000000000000000000000000000000000000000000000000000000000000000000000000000000000000000000000000000000000000000000000000000000000000000000000000000000000000000000000000000000000000000000000000>;
P_00000000066ee160 .param/l "INIT_6" 0 2 1513, C4<0000000000000000000000000000000000000000000000000000000000000000000000000000000000000000000000000000000000000000000000000000000000000000000000000000000000000000000000000000000000000000000000000000000000000000000000000000000000000000000000000000000000000000>;
P_00000000066ee198 .param/l "INIT_7" 0 2 1514, C4<0000000000000000000000000000000000000000000000000000000000000000000000000000000000000000000000000000000000000000000000000000000000000000000000000000000000000000000000000000000000000000000000000000000000000000000000000000000000000000000000000000000000000000>;
P_00000000066ee1d0 .param/l "INIT_8" 0 2 1515, C4<0000000000000000000000000000000000000000000000000000000000000000000000000000000000000000000000000000000000000000000000000000000000000000000000000000000000000000000000000000000000000000000000000000000000000000000000000000000000000000000000000000000000000000>;
P_00000000066ee208 .param/l "INIT_9" 0 2 1516, C4<0000000000000000000000000000000000000000000000000000000000000000000000000000000000000000000000000000000000000000000000000000000000000000000000000000000000000000000000000000000000000000000000000000000000000000000000000000000000000000000000000000000000000000>;
P_00000000066ee240 .param/l "INIT_A" 0 2 1517, C4<0000000000000000000000000000000000000000000000000000000000000000000000000000000000000000000000000000000000000000000000000000000000000000000000000000000000000000000000000000000000000000000000000000000000000000000000000000000000000000000000000000000000000000>;
P_00000000066ee278 .param/l "INIT_B" 0 2 1518, C4<0000000000000000000000000000000000000000000000000000000000000000000000000000000000000000000000000000000000000000000000000000000000000000000000000000000000000000000000000000000000000000000000000000000000000000000000000000000000000000000000000000000000000000>;
P_00000000066ee2b0 .param/l "INIT_C" 0 2 1519, C4<0000000000000000000000000000000000000000000000000000000000000000000000000000000000000000000000000000000000000000000000000000000000000000000000000000000000000000000000000000000000000000000000000000000000000000000000000000000000000000000000000000000000000000>;
P_00000000066ee2e8 .param/l "INIT_D" 0 2 1520, C4<0000000000000000000000000000000000000000000000000000000000000000000000000000000000000000000000000000000000000000000000000000000000000000000000000000000000000000000000000000000000000000000000000000000000000000000000000000000000000000000000000000000000000000>;
P_00000000066ee320 .param/l "INIT_E" 0 2 1521, C4<0000000000000000000000000000000000000000000000000000000000000000000000000000000000000000000000000000000000000000000000000000000000000000000000000000000000000000000000000000000000000000000000000000000000000000000000000000000000000000000000000000000000000000>;
P_00000000066ee358 .param/l "INIT_F" 0 2 1522, C4<0000000000000000000000000000000000000000000000000000000000000000000000000000000000000000000000000000000000000000000000000000000000000000000000000000000000000000000000000000000000000000000000000000000000000000000000000000000000000000000000000000000000000000>;
P_00000000066ee390 .param/str "INIT_FILE" 0 2 1524, "\000";
P_00000000066ee3c8 .param/l "READ_MODE" 0 2 1505, +C4<00000000000000000000000000000000>;
P_00000000066ee400 .param/l "WRITE_MODE" 0 2 1504, +C4<00000000000000000000000000000000>;
v00000000066ea4c0_0 .net "MASK", 15 0, L_0000000006796cb0;  1 drivers
v00000000066eb820_0 .net "RADDR", 10 0, L_0000000006793f10;  1 drivers
v00000000066eb5a0_0 .net "RCLK", 0 0, L_000000000661e9d0;  1 drivers
v00000000066eb6e0_0 .net "RCLKE", 0 0, L_00000000067949b0;  1 drivers
v00000000066ea380_0 .net "RDATA", 15 0, v00000000066ea740_0;  1 drivers
v00000000066ea740_0 .var "RDATA_I", 15 0;
v00000000066eb8c0_0 .net "RE", 0 0, L_0000000006793970;  1 drivers
L_0000000006748758 .functor BUFT 1, C4<0000000000000000>, C4<0>, C4<0>, C4<0>;
v00000000066ec360_0 .net "RMASK_I", 15 0, L_0000000006748758;  1 drivers
v00000000066ebdc0_0 .net "WADDR", 10 0, L_0000000006794f50;  1 drivers
v00000000066eaa60_0 .net "WCLK", 0 0, L_000000000661d620;  1 drivers
v00000000066ea920_0 .net "WCLKE", 0 0, L_0000000006792cf0;  1 drivers
v00000000066eaba0_0 .net "WDATA", 15 0, L_0000000006797a70;  1 drivers
v00000000066eb960_0 .net "WDATA_I", 15 0, L_000000000661dc40;  1 drivers
v00000000066eb460_0 .net "WE", 0 0, L_00000000067953b0;  1 drivers
v00000000066ea7e0_0 .net "WMASK_I", 15 0, L_000000000661e260;  1 drivers
v00000000066ea420_0 .var/i "i", 31 0;
v00000000066eab00 .array "memory", 255 0, 15 0;
E_000000000666d9f0 .event posedge, v00000000066eb5a0_0;
E_000000000666d6f0 .event posedge, v00000000066eaa60_0;
S_00000000064f4900 .scope generate, "genblk1" "genblk1" 2 1534, 2 1534 0, S_00000000064f4f40;
 .timescale -12 -12;
L_000000000661e260 .functor BUFZ 16, L_0000000006796cb0, C4<0000000000000000>, C4<0000000000000000>, C4<0000000000000000>;
S_00000000064f4a90 .scope generate, "genblk2" "genblk2" 2 1555, 2 1555 0, S_00000000064f4f40;
 .timescale -12 -12;
S_00000000064f5ee0 .scope generate, "genblk3" "genblk3" 2 1576, 2 1576 0, S_00000000064f4f40;
 .timescale -12 -12;
L_000000000661dc40 .functor BUFZ 16, L_0000000006797a70, C4<0000000000000000>, C4<0000000000000000>, C4<0000000000000000>;
S_00000000064f5580 .scope generate, "genblk4" "genblk4" 2 1595, 2 1595 0, S_00000000064f4f40;
 .timescale -12 -12;
S_00000000064f5710 .scope function.vec4.s1, "pd" "pd" 2 3200, 2 3200 0, S_0000000006696060;
 .timescale -12 -12;
; Variable pd is vec4 return value of scope S_00000000064f5710
v00000000066eb000_0 .var "x", 0 0;
TD_ICESTORM_RAM.pd ;
    %load/vec4 v00000000066eb000_0;
    %cmpi/e 0, 1, 1;
    %flag_mov 8, 6;
    %jmp/0 T_0.0, 8;
    %pushi/vec4 0, 0, 1;
    %jmp/1 T_0.1, 8;
T_0.0 ; End of true expr.
    %load/vec4 v00000000066eb000_0;
    %jmp/0 T_0.1, 8;
 ; End of false expr.
    %blend;
T_0.1;
    %ret/vec4 0, 0, 1;  Assign to pd (store_vec4_to_lval)
    %end;
S_00000000064f6390 .scope function.vec4.s1, "pu" "pu" 2 3207, 2 3207 0, S_0000000006696060;
 .timescale -12 -12;
; Variable pu is vec4 return value of scope S_00000000064f6390
v00000000066eb0a0_0 .var "x", 0 0;
TD_ICESTORM_RAM.pu ;
    %load/vec4 v00000000066eb0a0_0;
    %cmpi/e 0, 1, 1;
    %flag_mov 8, 6;
    %jmp/0 T_1.2, 8;
    %pushi/vec4 1, 0, 1;
    %jmp/1 T_1.3, 8;
T_1.2 ; End of true expr.
    %load/vec4 v00000000066eb0a0_0;
    %jmp/0 T_1.3, 8;
 ; End of false expr.
    %blend;
T_1.3;
    %ret/vec4 0, 0, 1;  Assign to pu (store_vec4_to_lval)
    %end;
S_0000000004dd0460 .scope module, "SB_CARRY" "SB_CARRY" 2 228;
 .timescale -12 -12;
    .port_info 0 /OUTPUT 1 "CO";
    .port_info 1 /INPUT 1 "I0";
    .port_info 2 /INPUT 1 "I1";
    .port_info 3 /INPUT 1 "CI";
o00000000066ad938 .functor BUFZ 1, C4<z>; HiZ drive
o00000000066ad968 .functor BUFZ 1, C4<z>; HiZ drive
L_000000000661e030 .functor AND 1, o00000000066ad938, o00000000066ad968, C4<1>, C4<1>;
L_000000000661e880 .functor OR 1, o00000000066ad938, o00000000066ad968, C4<0>, C4<0>;
o00000000066ad8d8 .functor BUFZ 1, C4<z>; HiZ drive
L_000000000661e5e0 .functor AND 1, L_000000000661e880, o00000000066ad8d8, C4<1>, C4<1>;
L_000000000661eab0 .functor OR 1, L_000000000661e030, L_000000000661e5e0, C4<0>, C4<0>;
v00000000066f2f30_0 .net "CI", 0 0, o00000000066ad8d8;  0 drivers
v00000000066f3890_0 .net "CO", 0 0, L_000000000661eab0;  1 drivers
v00000000066f2e90_0 .net "I0", 0 0, o00000000066ad938;  0 drivers
v00000000066f3bb0_0 .net "I1", 0 0, o00000000066ad968;  0 drivers
v00000000066f3930_0 .net *"_ivl_1", 0 0, L_000000000661e030;  1 drivers
v00000000066f31b0_0 .net *"_ivl_3", 0 0, L_000000000661e880;  1 drivers
v00000000066f3e30_0 .net *"_ivl_5", 0 0, L_000000000661e5e0;  1 drivers
S_0000000004db3e50 .scope module, "SB_DFF" "SB_DFF" 2 265;
 .timescale -12 -12;
    .port_info 0 /OUTPUT 1 "Q";
    .port_info 1 /INPUT 1 "C";
    .port_info 2 /INPUT 1 "D";
o00000000066adae8 .functor BUFZ 1, C4<z>; HiZ drive
v00000000066f39d0_0 .net "C", 0 0, o00000000066adae8;  0 drivers
o00000000066adb18 .functor BUFZ 1, C4<z>; HiZ drive
v00000000066f3d90_0 .net "D", 0 0, o00000000066adb18;  0 drivers
v00000000066f3430_0 .var "Q", 0 0;
E_000000000666de70 .event posedge, v00000000066f39d0_0;
S_0000000004db3fe0 .scope module, "SB_DFFE" "SB_DFFE" 2 303;
 .timescale -12 -12;
    .port_info 0 /OUTPUT 1 "Q";
    .port_info 1 /INPUT 1 "C";
    .port_info 2 /INPUT 1 "E";
    .port_info 3 /INPUT 1 "D";
o00000000066adc08 .functor BUFZ 1, C4<z>; HiZ drive
v00000000066f3ed0_0 .net "C", 0 0, o00000000066adc08;  0 drivers
o00000000066adc38 .functor BUFZ 1, C4<z>; HiZ drive
v00000000066f3c50_0 .net "D", 0 0, o00000000066adc38;  0 drivers
o00000000066adc68 .functor BUFZ 1, C4<z>; HiZ drive
v00000000066f2cb0_0 .net "E", 0 0, o00000000066adc68;  0 drivers
v00000000066f3f70_0 .var "Q", 0 0;
E_000000000666dc70 .event posedge, v00000000066f3ed0_0;
S_0000000004db4170 .scope module, "SB_DFFER" "SB_DFFER" 2 653;
 .timescale -12 -12;
    .port_info 0 /OUTPUT 1 "Q";
    .port_info 1 /INPUT 1 "C";
    .port_info 2 /INPUT 1 "E";
    .port_info 3 /INPUT 1 "R";
    .port_info 4 /INPUT 1 "D";
o00000000066add88 .functor BUFZ 1, C4<z>; HiZ drive
v00000000066f4010_0 .net "C", 0 0, o00000000066add88;  0 drivers
o00000000066addb8 .functor BUFZ 1, C4<z>; HiZ drive
v00000000066f2d50_0 .net "D", 0 0, o00000000066addb8;  0 drivers
o00000000066adde8 .functor BUFZ 1, C4<z>; HiZ drive
v00000000066f2fd0_0 .net "E", 0 0, o00000000066adde8;  0 drivers
v00000000066f3a70_0 .var "Q", 0 0;
o00000000066ade48 .functor BUFZ 1, C4<z>; HiZ drive
v00000000066f34d0_0 .net "R", 0 0, o00000000066ade48;  0 drivers
E_000000000666e170 .event posedge, v00000000066f34d0_0, v00000000066f4010_0;
S_0000000004db8760 .scope module, "SB_DFFES" "SB_DFFES" 2 794;
 .timescale -12 -12;
    .port_info 0 /OUTPUT 1 "Q";
    .port_info 1 /INPUT 1 "C";
    .port_info 2 /INPUT 1 "E";
    .port_info 3 /INPUT 1 "S";
    .port_info 4 /INPUT 1 "D";
o00000000066adf68 .functor BUFZ 1, C4<z>; HiZ drive
v00000000066f3110_0 .net "C", 0 0, o00000000066adf68;  0 drivers
o00000000066adf98 .functor BUFZ 1, C4<z>; HiZ drive
v00000000066f3570_0 .net "D", 0 0, o00000000066adf98;  0 drivers
o00000000066adfc8 .functor BUFZ 1, C4<z>; HiZ drive
v00000000066f3cf0_0 .net "E", 0 0, o00000000066adfc8;  0 drivers
v00000000066f37f0_0 .var "Q", 0 0;
o00000000066ae028 .functor BUFZ 1, C4<z>; HiZ drive
v00000000066f40b0_0 .net "S", 0 0, o00000000066ae028;  0 drivers
E_000000000666dbb0 .event posedge, v00000000066f40b0_0, v00000000066f3110_0;
S_0000000004db88f0 .scope module, "SB_DFFESR" "SB_DFFESR" 2 592;
 .timescale -12 -12;
    .port_info 0 /OUTPUT 1 "Q";
    .port_info 1 /INPUT 1 "C";
    .port_info 2 /INPUT 1 "E";
    .port_info 3 /INPUT 1 "R";
    .port_info 4 /INPUT 1 "D";
o00000000066ae148 .functor BUFZ 1, C4<z>; HiZ drive
v00000000066f4150_0 .net "C", 0 0, o00000000066ae148;  0 drivers
o00000000066ae178 .functor BUFZ 1, C4<z>; HiZ drive
v00000000066f41f0_0 .net "D", 0 0, o00000000066ae178;  0 drivers
o00000000066ae1a8 .functor BUFZ 1, C4<z>; HiZ drive
v00000000066f3250_0 .net "E", 0 0, o00000000066ae1a8;  0 drivers
v00000000066f4290_0 .var "Q", 0 0;
o00000000066ae208 .functor BUFZ 1, C4<z>; HiZ drive
v00000000066f4330_0 .net "R", 0 0, o00000000066ae208;  0 drivers
E_000000000666d830 .event posedge, v00000000066f4150_0;
S_0000000004db8a80 .scope module, "SB_DFFESS" "SB_DFFESS" 2 733;
 .timescale -12 -12;
    .port_info 0 /OUTPUT 1 "Q";
    .port_info 1 /INPUT 1 "C";
    .port_info 2 /INPUT 1 "E";
    .port_info 3 /INPUT 1 "S";
    .port_info 4 /INPUT 1 "D";
o00000000066ae328 .functor BUFZ 1, C4<z>; HiZ drive
v00000000066f2df0_0 .net "C", 0 0, o00000000066ae328;  0 drivers
o00000000066ae358 .functor BUFZ 1, C4<z>; HiZ drive
v00000000066f32f0_0 .net "D", 0 0, o00000000066ae358;  0 drivers
o00000000066ae388 .functor BUFZ 1, C4<z>; HiZ drive
v00000000066f3390_0 .net "E", 0 0, o00000000066ae388;  0 drivers
v00000000066f3610_0 .var "Q", 0 0;
o00000000066ae3e8 .functor BUFZ 1, C4<z>; HiZ drive
v00000000066f36b0_0 .net "S", 0 0, o00000000066ae3e8;  0 drivers
E_000000000666deb0 .event posedge, v00000000066f2df0_0;
S_0000000004dc2dd0 .scope module, "SB_DFFN" "SB_DFFN" 2 876;
 .timescale -12 -12;
    .port_info 0 /OUTPUT 1 "Q";
    .port_info 1 /INPUT 1 "C";
    .port_info 2 /INPUT 1 "D";
o00000000066ae508 .functor BUFZ 1, C4<z>; HiZ drive
v00000000066fe5d0_0 .net "C", 0 0, o00000000066ae508;  0 drivers
o00000000066ae538 .functor BUFZ 1, C4<z>; HiZ drive
v00000000066fe0d0_0 .net "D", 0 0, o00000000066ae538;  0 drivers
v00000000066fe710_0 .var "Q", 0 0;
E_000000000666e070 .event negedge, v00000000066fe5d0_0;
S_0000000004dc2f60 .scope module, "SB_DFFNE" "SB_DFFNE" 2 914;
 .timescale -12 -12;
    .port_info 0 /OUTPUT 1 "Q";
    .port_info 1 /INPUT 1 "C";
    .port_info 2 /INPUT 1 "E";
    .port_info 3 /INPUT 1 "D";
o00000000066ae628 .functor BUFZ 1, C4<z>; HiZ drive
v00000000066fd8b0_0 .net "C", 0 0, o00000000066ae628;  0 drivers
o00000000066ae658 .functor BUFZ 1, C4<z>; HiZ drive
v00000000066fd630_0 .net "D", 0 0, o00000000066ae658;  0 drivers
o00000000066ae688 .functor BUFZ 1, C4<z>; HiZ drive
v00000000066fe7b0_0 .net "E", 0 0, o00000000066ae688;  0 drivers
v00000000066fd770_0 .var "Q", 0 0;
E_000000000666dc30 .event negedge, v00000000066fd8b0_0;
S_0000000004dc30f0 .scope module, "SB_DFFNER" "SB_DFFNER" 2 1264;
 .timescale -12 -12;
    .port_info 0 /OUTPUT 1 "Q";
    .port_info 1 /INPUT 1 "C";
    .port_info 2 /INPUT 1 "E";
    .port_info 3 /INPUT 1 "R";
    .port_info 4 /INPUT 1 "D";
o00000000066ae7a8 .functor BUFZ 1, C4<z>; HiZ drive
v00000000066fda90_0 .net "C", 0 0, o00000000066ae7a8;  0 drivers
o00000000066ae7d8 .functor BUFZ 1, C4<z>; HiZ drive
v00000000066fe850_0 .net "D", 0 0, o00000000066ae7d8;  0 drivers
o00000000066ae808 .functor BUFZ 1, C4<z>; HiZ drive
v00000000066fe350_0 .net "E", 0 0, o00000000066ae808;  0 drivers
v00000000066fe670_0 .var "Q", 0 0;
o00000000066ae868 .functor BUFZ 1, C4<z>; HiZ drive
v00000000066fd270_0 .net "R", 0 0, o00000000066ae868;  0 drivers
E_000000000666df30/0 .event negedge, v00000000066fda90_0;
E_000000000666df30/1 .event posedge, v00000000066fd270_0;
E_000000000666df30 .event/or E_000000000666df30/0, E_000000000666df30/1;
S_0000000004dbfc00 .scope module, "SB_DFFNES" "SB_DFFNES" 2 1405;
 .timescale -12 -12;
    .port_info 0 /OUTPUT 1 "Q";
    .port_info 1 /INPUT 1 "C";
    .port_info 2 /INPUT 1 "E";
    .port_info 3 /INPUT 1 "S";
    .port_info 4 /INPUT 1 "D";
o00000000066ae988 .functor BUFZ 1, C4<z>; HiZ drive
v00000000066fdd10_0 .net "C", 0 0, o00000000066ae988;  0 drivers
o00000000066ae9b8 .functor BUFZ 1, C4<z>; HiZ drive
v00000000066fed50_0 .net "D", 0 0, o00000000066ae9b8;  0 drivers
o00000000066ae9e8 .functor BUFZ 1, C4<z>; HiZ drive
v00000000066fe8f0_0 .net "E", 0 0, o00000000066ae9e8;  0 drivers
v00000000066fdbd0_0 .var "Q", 0 0;
o00000000066aea48 .functor BUFZ 1, C4<z>; HiZ drive
v00000000066fddb0_0 .net "S", 0 0, o00000000066aea48;  0 drivers
E_000000000666dcb0/0 .event negedge, v00000000066fdd10_0;
E_000000000666dcb0/1 .event posedge, v00000000066fddb0_0;
E_000000000666dcb0 .event/or E_000000000666dcb0/0, E_000000000666dcb0/1;
S_0000000004dbfd90 .scope module, "SB_DFFNESR" "SB_DFFNESR" 2 1203;
 .timescale -12 -12;
    .port_info 0 /OUTPUT 1 "Q";
    .port_info 1 /INPUT 1 "C";
    .port_info 2 /INPUT 1 "E";
    .port_info 3 /INPUT 1 "R";
    .port_info 4 /INPUT 1 "D";
o00000000066aeb68 .functor BUFZ 1, C4<z>; HiZ drive
v00000000066fe490_0 .net "C", 0 0, o00000000066aeb68;  0 drivers
o00000000066aeb98 .functor BUFZ 1, C4<z>; HiZ drive
v00000000066fe990_0 .net "D", 0 0, o00000000066aeb98;  0 drivers
o00000000066aebc8 .functor BUFZ 1, C4<z>; HiZ drive
v00000000066fdb30_0 .net "E", 0 0, o00000000066aebc8;  0 drivers
v00000000066ff430_0 .var "Q", 0 0;
o00000000066aec28 .functor BUFZ 1, C4<z>; HiZ drive
v00000000066ff070_0 .net "R", 0 0, o00000000066aec28;  0 drivers
E_000000000666dcf0 .event negedge, v00000000066fe490_0;
S_00000000066a7460 .scope module, "SB_DFFNESS" "SB_DFFNESS" 2 1344;
 .timescale -12 -12;
    .port_info 0 /OUTPUT 1 "Q";
    .port_info 1 /INPUT 1 "C";
    .port_info 2 /INPUT 1 "E";
    .port_info 3 /INPUT 1 "S";
    .port_info 4 /INPUT 1 "D";
o00000000066aed48 .functor BUFZ 1, C4<z>; HiZ drive
v00000000066fcf50_0 .net "C", 0 0, o00000000066aed48;  0 drivers
o00000000066aed78 .functor BUFZ 1, C4<z>; HiZ drive
v00000000066fde50_0 .net "D", 0 0, o00000000066aed78;  0 drivers
o00000000066aeda8 .functor BUFZ 1, C4<z>; HiZ drive
v00000000066fcff0_0 .net "E", 0 0, o00000000066aeda8;  0 drivers
v00000000066fedf0_0 .var "Q", 0 0;
o00000000066aee08 .functor BUFZ 1, C4<z>; HiZ drive
v00000000066ff4d0_0 .net "S", 0 0, o00000000066aee08;  0 drivers
E_000000000666d470 .event negedge, v00000000066fcf50_0;
S_00000000066a7910 .scope module, "SB_DFFNR" "SB_DFFNR" 2 1011;
 .timescale -12 -12;
    .port_info 0 /OUTPUT 1 "Q";
    .port_info 1 /INPUT 1 "C";
    .port_info 2 /INPUT 1 "R";
    .port_info 3 /INPUT 1 "D";
o00000000066aef28 .functor BUFZ 1, C4<z>; HiZ drive
v00000000066fd590_0 .net "C", 0 0, o00000000066aef28;  0 drivers
o00000000066aef58 .functor BUFZ 1, C4<z>; HiZ drive
v00000000066fe3f0_0 .net "D", 0 0, o00000000066aef58;  0 drivers
v00000000066ff250_0 .var "Q", 0 0;
o00000000066aefb8 .functor BUFZ 1, C4<z>; HiZ drive
v00000000066fecb0_0 .net "R", 0 0, o00000000066aefb8;  0 drivers
E_000000000666d370/0 .event negedge, v00000000066fd590_0;
E_000000000666d370/1 .event posedge, v00000000066fecb0_0;
E_000000000666d370 .event/or E_000000000666d370/0, E_000000000666d370/1;
S_00000000066a7780 .scope module, "SB_DFFNS" "SB_DFFNS" 2 1132;
 .timescale -12 -12;
    .port_info 0 /OUTPUT 1 "Q";
    .port_info 1 /INPUT 1 "C";
    .port_info 2 /INPUT 1 "S";
    .port_info 3 /INPUT 1 "D";
o00000000066af0a8 .functor BUFZ 1, C4<z>; HiZ drive
v00000000066ff570_0 .net "C", 0 0, o00000000066af0a8;  0 drivers
o00000000066af0d8 .functor BUFZ 1, C4<z>; HiZ drive
v00000000066fd6d0_0 .net "D", 0 0, o00000000066af0d8;  0 drivers
v00000000066fd810_0 .var "Q", 0 0;
o00000000066af138 .functor BUFZ 1, C4<z>; HiZ drive
v00000000066fd310_0 .net "S", 0 0, o00000000066af138;  0 drivers
E_000000000666df70/0 .event negedge, v00000000066ff570_0;
E_000000000666df70/1 .event posedge, v00000000066fd310_0;
E_000000000666df70 .event/or E_000000000666df70/0, E_000000000666df70/1;
S_00000000066a72d0 .scope module, "SB_DFFNSR" "SB_DFFNSR" 2 961;
 .timescale -12 -12;
    .port_info 0 /OUTPUT 1 "Q";
    .port_info 1 /INPUT 1 "C";
    .port_info 2 /INPUT 1 "R";
    .port_info 3 /INPUT 1 "D";
o00000000066af228 .functor BUFZ 1, C4<z>; HiZ drive
v00000000066fea30_0 .net "C", 0 0, o00000000066af228;  0 drivers
o00000000066af258 .functor BUFZ 1, C4<z>; HiZ drive
v00000000066ff2f0_0 .net "D", 0 0, o00000000066af258;  0 drivers
v00000000066fefd0_0 .var "Q", 0 0;
o00000000066af2b8 .functor BUFZ 1, C4<z>; HiZ drive
v00000000066fd3b0_0 .net "R", 0 0, o00000000066af2b8;  0 drivers
E_000000000666dd70 .event negedge, v00000000066fea30_0;
S_00000000066a75f0 .scope module, "SB_DFFNSS" "SB_DFFNSS" 2 1082;
 .timescale -12 -12;
    .port_info 0 /OUTPUT 1 "Q";
    .port_info 1 /INPUT 1 "C";
    .port_info 2 /INPUT 1 "S";
    .port_info 3 /INPUT 1 "D";
o00000000066af3a8 .functor BUFZ 1, C4<z>; HiZ drive
v00000000066fd130_0 .net "C", 0 0, o00000000066af3a8;  0 drivers
o00000000066af3d8 .functor BUFZ 1, C4<z>; HiZ drive
v00000000066fead0_0 .net "D", 0 0, o00000000066af3d8;  0 drivers
v00000000066fe530_0 .var "Q", 0 0;
o00000000066af438 .functor BUFZ 1, C4<z>; HiZ drive
v00000000066feb70_0 .net "S", 0 0, o00000000066af438;  0 drivers
E_000000000666dfb0 .event negedge, v00000000066fd130_0;
S_00000000066a7aa0 .scope module, "SB_DFFR" "SB_DFFR" 2 400;
 .timescale -12 -12;
    .port_info 0 /OUTPUT 1 "Q";
    .port_info 1 /INPUT 1 "C";
    .port_info 2 /INPUT 1 "R";
    .port_info 3 /INPUT 1 "D";
o00000000066af528 .functor BUFZ 1, C4<z>; HiZ drive
v00000000066ff610_0 .net "C", 0 0, o00000000066af528;  0 drivers
o00000000066af558 .functor BUFZ 1, C4<z>; HiZ drive
v00000000066fdc70_0 .net "D", 0 0, o00000000066af558;  0 drivers
v00000000066fec10_0 .var "Q", 0 0;
o00000000066af5b8 .functor BUFZ 1, C4<z>; HiZ drive
v00000000066fdef0_0 .net "R", 0 0, o00000000066af5b8;  0 drivers
E_000000000666d870 .event posedge, v00000000066fdef0_0, v00000000066ff610_0;
S_00000000066a6c90 .scope module, "SB_DFFS" "SB_DFFS" 2 521;
 .timescale -12 -12;
    .port_info 0 /OUTPUT 1 "Q";
    .port_info 1 /INPUT 1 "C";
    .port_info 2 /INPUT 1 "S";
    .port_info 3 /INPUT 1 "D";
o00000000066af6a8 .functor BUFZ 1, C4<z>; HiZ drive
v00000000066fee90_0 .net "C", 0 0, o00000000066af6a8;  0 drivers
o00000000066af6d8 .functor BUFZ 1, C4<z>; HiZ drive
v00000000066fd450_0 .net "D", 0 0, o00000000066af6d8;  0 drivers
v00000000066fdf90_0 .var "Q", 0 0;
o00000000066af738 .functor BUFZ 1, C4<z>; HiZ drive
v00000000066fe030_0 .net "S", 0 0, o00000000066af738;  0 drivers
E_000000000666d270 .event posedge, v00000000066fe030_0, v00000000066fee90_0;
S_00000000066a6e20 .scope module, "SB_DFFSR" "SB_DFFSR" 2 350;
 .timescale -12 -12;
    .port_info 0 /OUTPUT 1 "Q";
    .port_info 1 /INPUT 1 "C";
    .port_info 2 /INPUT 1 "R";
    .port_info 3 /INPUT 1 "D";
o00000000066af828 .functor BUFZ 1, C4<z>; HiZ drive
v00000000066fef30_0 .net "C", 0 0, o00000000066af828;  0 drivers
o00000000066af858 .functor BUFZ 1, C4<z>; HiZ drive
v00000000066ff110_0 .net "D", 0 0, o00000000066af858;  0 drivers
v00000000066ff1b0_0 .var "Q", 0 0;
o00000000066af8b8 .functor BUFZ 1, C4<z>; HiZ drive
v00000000066ff390_0 .net "R", 0 0, o00000000066af8b8;  0 drivers
E_000000000666d8b0 .event posedge, v00000000066fef30_0;
S_00000000066a6fb0 .scope module, "SB_DFFSS" "SB_DFFSS" 2 471;
 .timescale -12 -12;
    .port_info 0 /OUTPUT 1 "Q";
    .port_info 1 /INPUT 1 "C";
    .port_info 2 /INPUT 1 "S";
    .port_info 3 /INPUT 1 "D";
o00000000066af9a8 .functor BUFZ 1, C4<z>; HiZ drive
v00000000066fe170_0 .net "C", 0 0, o00000000066af9a8;  0 drivers
o00000000066af9d8 .functor BUFZ 1, C4<z>; HiZ drive
v00000000066fd4f0_0 .net "D", 0 0, o00000000066af9d8;  0 drivers
v00000000066ff6b0_0 .var "Q", 0 0;
o00000000066afa38 .functor BUFZ 1, C4<z>; HiZ drive
v00000000066fd090_0 .net "S", 0 0, o00000000066afa38;  0 drivers
E_000000000666d4b0 .event posedge, v00000000066fe170_0;
S_00000000066a7140 .scope module, "SB_FILTER_50NS" "SB_FILTER_50NS" 2 2856;
 .timescale -12 -12;
    .port_info 0 /INPUT 1 "FILTERIN";
    .port_info 1 /OUTPUT 1 "FILTEROUT";
o00000000066afb28 .functor BUFZ 1, C4<z>; HiZ drive
v00000000066fd1d0_0 .net "FILTERIN", 0 0, o00000000066afb28;  0 drivers
o00000000066afb58 .functor BUFZ 1, C4<z>; HiZ drive
v00000000066fd950_0 .net "FILTEROUT", 0 0, o00000000066afb58;  0 drivers
S_00000000066a8ab0 .scope module, "SB_GB" "SB_GB" 2 162;
 .timescale -12 -12;
    .port_info 0 /INPUT 1 "USER_SIGNAL_TO_GLOBAL_BUFFER";
    .port_info 1 /OUTPUT 1 "GLOBAL_BUFFER_OUTPUT";
o00000000066afc18 .functor BUFZ 1, C4<z>; HiZ drive
L_000000000661d8c0 .functor BUFZ 1, o00000000066afc18, C4<0>, C4<0>, C4<0>;
v00000000066fd9f0_0 .net "GLOBAL_BUFFER_OUTPUT", 0 0, L_000000000661d8c0;  1 drivers
v00000000066fe210_0 .net "USER_SIGNAL_TO_GLOBAL_BUFFER", 0 0, o00000000066afc18;  0 drivers
S_00000000066a8920 .scope module, "SB_GB_IO" "SB_GB_IO" 2 123;
 .timescale -12 -12;
    .port_info 0 /INOUT 1 "PACKAGE_PIN";
    .port_info 1 /OUTPUT 1 "GLOBAL_BUFFER_OUTPUT";
    .port_info 2 /INPUT 1 "LATCH_INPUT_VALUE";
    .port_info 3 /INPUT 1 "CLOCK_ENABLE";
    .port_info 4 /INPUT 1 "INPUT_CLK";
    .port_info 5 /INPUT 1 "OUTPUT_CLK";
    .port_info 6 /INPUT 1 "OUTPUT_ENABLE";
    .port_info 7 /INPUT 1 "D_OUT_0";
    .port_info 8 /INPUT 1 "D_OUT_1";
    .port_info 9 /OUTPUT 1 "D_IN_0";
    .port_info 10 /OUTPUT 1 "D_IN_1";
P_000000000663eee0 .param/str "IO_STANDARD" 0 2 139, "SB_LVCMOS";
P_000000000663ef18 .param/l "NEG_TRIGGER" 0 2 138, C4<0>;
P_000000000663ef50 .param/l "PIN_TYPE" 0 2 136, C4<000000>;
P_000000000663ef88 .param/l "PULLUP" 0 2 137, C4<0>;
o00000000066afe58 .functor BUFZ 1, C4<z>; HiZ drive
L_000000000661eb20 .functor BUFZ 1, o00000000066afe58, C4<0>, C4<0>, C4<0>;
o00000000066afca8 .functor BUFZ 1, C4<z>; HiZ drive
v0000000006700c90_0 .net "CLOCK_ENABLE", 0 0, o00000000066afca8;  0 drivers
v00000000066ffe30_0 .net "D_IN_0", 0 0, L_000000000661ec70;  1 drivers
v00000000066ffed0_0 .net "D_IN_1", 0 0, L_000000000661edc0;  1 drivers
o00000000066afd38 .functor BUFZ 1, C4<z>; HiZ drive
v00000000067003d0_0 .net "D_OUT_0", 0 0, o00000000066afd38;  0 drivers
o00000000066afd68 .functor BUFZ 1, C4<z>; HiZ drive
v00000000067006f0_0 .net "D_OUT_1", 0 0, o00000000066afd68;  0 drivers
v0000000006700790_0 .net "GLOBAL_BUFFER_OUTPUT", 0 0, L_000000000661eb20;  1 drivers
o00000000066afd98 .functor BUFZ 1, C4<z>; HiZ drive
v00000000066fff70_0 .net "INPUT_CLK", 0 0, o00000000066afd98;  0 drivers
o00000000066afdc8 .functor BUFZ 1, C4<z>; HiZ drive
v0000000006700a10_0 .net "LATCH_INPUT_VALUE", 0 0, o00000000066afdc8;  0 drivers
o00000000066afdf8 .functor BUFZ 1, C4<z>; HiZ drive
v0000000006700150_0 .net "OUTPUT_CLK", 0 0, o00000000066afdf8;  0 drivers
o00000000066afe28 .functor BUFZ 1, C4<z>; HiZ drive
v0000000006700dd0_0 .net "OUTPUT_ENABLE", 0 0, o00000000066afe28;  0 drivers
v0000000006700470_0 .net "PACKAGE_PIN", 0 0, o00000000066afe58;  0 drivers
S_00000000064f45e0 .scope module, "IO" "SB_IO" 2 148, 2 17 0, S_00000000066a8920;
 .timescale -12 -12;
    .port_info 0 /INOUT 1 "PACKAGE_PIN";
    .port_info 1 /INPUT 1 "LATCH_INPUT_VALUE";
    .port_info 2 /INPUT 1 "CLOCK_ENABLE";
    .port_info 3 /INPUT 1 "INPUT_CLK";
    .port_info 4 /INPUT 1 "OUTPUT_CLK";
    .port_info 5 /INPUT 1 "OUTPUT_ENABLE";
    .port_info 6 /INPUT 1 "D_OUT_0";
    .port_info 7 /INPUT 1 "D_OUT_1";
    .port_info 8 /OUTPUT 1 "D_IN_0";
    .port_info 9 /OUTPUT 1 "D_IN_1";
P_00000000064f7040 .param/str "IO_STANDARD" 0 2 32, "SB_LVCMOS";
P_00000000064f7078 .param/l "NEG_TRIGGER" 0 2 31, C4<0>;
P_00000000064f70b0 .param/l "PIN_TYPE" 0 2 29, C4<000000>;
P_00000000064f70e8 .param/l "PULLUP" 0 2 30, C4<0>;
L_000000000661ec00 .functor OR 1, o00000000066afca8, L_0000000006797570, C4<0>, C4<0>;
L_000000000661ec70 .functor BUFZ 1, v00000000066ffd90_0, C4<0>, C4<0>, C4<0>;
L_000000000661edc0 .functor BUFZ 1, v00000000067008d0_0, C4<0>, C4<0>, C4<0>;
v00000000066fe2b0_0 .net "CLOCK_ENABLE", 0 0, o00000000066afca8;  alias, 0 drivers
v0000000006700650_0 .net "D_IN_0", 0 0, L_000000000661ec70;  alias, 1 drivers
v00000000066ffcf0_0 .net "D_IN_1", 0 0, L_000000000661edc0;  alias, 1 drivers
v00000000066ffb10_0 .net "D_OUT_0", 0 0, o00000000066afd38;  alias, 0 drivers
v0000000006700bf0_0 .net "D_OUT_1", 0 0, o00000000066afd68;  alias, 0 drivers
v0000000006700830_0 .net "INPUT_CLK", 0 0, o00000000066afd98;  alias, 0 drivers
v00000000066ff750_0 .net "LATCH_INPUT_VALUE", 0 0, o00000000066afdc8;  alias, 0 drivers
v00000000066ff9d0_0 .net "OUTPUT_CLK", 0 0, o00000000066afdf8;  alias, 0 drivers
v00000000066ff7f0_0 .net "OUTPUT_ENABLE", 0 0, o00000000066afe28;  alias, 0 drivers
v00000000066ffa70_0 .net "PACKAGE_PIN", 0 0, o00000000066afe58;  alias, 0 drivers
o00000000066afe88 .functor BUFZ 1, C4<z>; HiZ drive
; Elide local net with no drivers, v0000000006700ab0_0 name=_ivl_0
v0000000006700d30_0 .net *"_ivl_2", 0 0, L_0000000006797570;  1 drivers
v00000000066ff890_0 .net "clken_pulled", 0 0, L_000000000661ec00;  1 drivers
v0000000006700330_0 .var "clken_pulled_ri", 0 0;
v0000000006700510_0 .var "clken_pulled_ro", 0 0;
v00000000066ffd90_0 .var "din_0", 0 0;
v00000000067008d0_0 .var "din_1", 0 0;
v00000000066ff930_0 .var "din_q_0", 0 0;
v00000000067000b0_0 .var "din_q_1", 0 0;
v0000000006700010_0 .var "dout", 0 0;
v00000000067001f0_0 .var "dout_q_0", 0 0;
v00000000066ffbb0_0 .var "dout_q_1", 0 0;
v00000000066ffc50_0 .var "outclk_delayed_1", 0 0;
v0000000006700970_0 .var "outclk_delayed_2", 0 0;
v0000000006700290_0 .var "outena_q", 0 0;
E_000000000666d8f0 .event anyedge, v0000000006700970_0, v00000000067001f0_0, v00000000066ffbb0_0;
E_000000000666ddb0 .event anyedge, v00000000066ffc50_0;
E_000000000666d930 .event anyedge, v00000000066ff9d0_0;
E_000000000666ddf0 .event anyedge, v00000000066ff930_0, v00000000067000b0_0;
L_0000000006797570 .cmp/eeq 1, o00000000066afca8, o00000000066afe88;
S_00000000064f58a0 .scope generate, "genblk1" "genblk1" 2 45, 2 45 0, S_00000000064f45e0;
 .timescale -12 -12;
E_000000000666d4f0 .event posedge, v00000000066ff9d0_0;
E_000000000666def0 .event negedge, v00000000066ff9d0_0;
E_000000000666e1f0 .event negedge, v0000000006700830_0;
E_000000000666e0b0 .event posedge, v0000000006700830_0;
S_00000000066a9410 .scope module, "SB_HFOSC" "SB_HFOSC" 2 2664;
 .timescale -12 -12;
    .port_info 0 /INPUT 1 "TRIM0";
    .port_info 1 /INPUT 1 "TRIM1";
    .port_info 2 /INPUT 1 "TRIM2";
    .port_info 3 /INPUT 1 "TRIM3";
    .port_info 4 /INPUT 1 "TRIM4";
    .port_info 5 /INPUT 1 "TRIM5";
    .port_info 6 /INPUT 1 "TRIM6";
    .port_info 7 /INPUT 1 "TRIM7";
    .port_info 8 /INPUT 1 "TRIM8";
    .port_info 9 /INPUT 1 "TRIM9";
    .port_info 10 /INPUT 1 "CLKHFPU";
    .port_info 11 /INPUT 1 "CLKHFEN";
    .port_info 12 /OUTPUT 1 "CLKHF";
P_000000000654e2b0 .param/str "CLKHF_DIV" 0 2 2680, "0b00";
P_000000000654e2e8 .param/str "TRIM_EN" 0 2 2679, "0b0";
o00000000066b0578 .functor BUFZ 1, C4<z>; HiZ drive
v00000000067005b0_0 .net "CLKHF", 0 0, o00000000066b0578;  0 drivers
o00000000066b05a8 .functor BUFZ 1, C4<z>; HiZ drive
v0000000006700b50_0 .net "CLKHFEN", 0 0, o00000000066b05a8;  0 drivers
o00000000066b05d8 .functor BUFZ 1, C4<z>; HiZ drive
v00000000067029a0_0 .net "CLKHFPU", 0 0, o00000000066b05d8;  0 drivers
o00000000066b0608 .functor BUFZ 1, C4<z>; HiZ drive
v0000000006701780_0 .net "TRIM0", 0 0, o00000000066b0608;  0 drivers
o00000000066b0638 .functor BUFZ 1, C4<z>; HiZ drive
v0000000006701d20_0 .net "TRIM1", 0 0, o00000000066b0638;  0 drivers
o00000000066b0668 .functor BUFZ 1, C4<z>; HiZ drive
v0000000006701000_0 .net "TRIM2", 0 0, o00000000066b0668;  0 drivers
o00000000066b0698 .functor BUFZ 1, C4<z>; HiZ drive
v0000000006700f60_0 .net "TRIM3", 0 0, o00000000066b0698;  0 drivers
o00000000066b06c8 .functor BUFZ 1, C4<z>; HiZ drive
v0000000006701500_0 .net "TRIM4", 0 0, o00000000066b06c8;  0 drivers
o00000000066b06f8 .functor BUFZ 1, C4<z>; HiZ drive
v0000000006701280_0 .net "TRIM5", 0 0, o00000000066b06f8;  0 drivers
o00000000066b0728 .functor BUFZ 1, C4<z>; HiZ drive
v0000000006701b40_0 .net "TRIM6", 0 0, o00000000066b0728;  0 drivers
o00000000066b0758 .functor BUFZ 1, C4<z>; HiZ drive
v0000000006703260_0 .net "TRIM7", 0 0, o00000000066b0758;  0 drivers
o00000000066b0788 .functor BUFZ 1, C4<z>; HiZ drive
v0000000006702b80_0 .net "TRIM8", 0 0, o00000000066b0788;  0 drivers
o00000000066b07b8 .functor BUFZ 1, C4<z>; HiZ drive
v0000000006702d60_0 .net "TRIM9", 0 0, o00000000066b07b8;  0 drivers
S_00000000066a82e0 .scope module, "SB_I2C" "SB_I2C" 2 2733;
 .timescale -12 -12;
    .port_info 0 /INPUT 1 "SBCLKI";
    .port_info 1 /INPUT 1 "SBRWI";
    .port_info 2 /INPUT 1 "SBSTBI";
    .port_info 3 /INPUT 1 "SBADRI7";
    .port_info 4 /INPUT 1 "SBADRI6";
    .port_info 5 /INPUT 1 "SBADRI5";
    .port_info 6 /INPUT 1 "SBADRI4";
    .port_info 7 /INPUT 1 "SBADRI3";
    .port_info 8 /INPUT 1 "SBADRI2";
    .port_info 9 /INPUT 1 "SBADRI1";
    .port_info 10 /INPUT 1 "SBADRI0";
    .port_info 11 /INPUT 1 "SBDATI7";
    .port_info 12 /INPUT 1 "SBDATI6";
    .port_info 13 /INPUT 1 "SBDATI5";
    .port_info 14 /INPUT 1 "SBDATI4";
    .port_info 15 /INPUT 1 "SBDATI3";
    .port_info 16 /INPUT 1 "SBDATI2";
    .port_info 17 /INPUT 1 "SBDATI1";
    .port_info 18 /INPUT 1 "SBDATI0";
    .port_info 19 /INPUT 1 "SCLI";
    .port_info 20 /INPUT 1 "SDAI";
    .port_info 21 /OUTPUT 1 "SBDATO7";
    .port_info 22 /OUTPUT 1 "SBDATO6";
    .port_info 23 /OUTPUT 1 "SBDATO5";
    .port_info 24 /OUTPUT 1 "SBDATO4";
    .port_info 25 /OUTPUT 1 "SBDATO3";
    .port_info 26 /OUTPUT 1 "SBDATO2";
    .port_info 27 /OUTPUT 1 "SBDATO1";
    .port_info 28 /OUTPUT 1 "SBDATO0";
    .port_info 29 /OUTPUT 1 "SBACKO";
    .port_info 30 /OUTPUT 1 "I2CIRQ";
    .port_info 31 /OUTPUT 1 "I2CWKUP";
    .port_info 32 /OUTPUT 1 "SCLO";
    .port_info 33 /OUTPUT 1 "SCLOE";
    .port_info 34 /OUTPUT 1 "SDAO";
    .port_info 35 /OUTPUT 1 "SDAOE";
P_000000000654e330 .param/str "BUS_ADDR74" 0 2 2772, "0b0001";
P_000000000654e368 .param/str "I2C_SLAVE_INIT_ADDR" 0 2 2771, "0b1111100001";
o00000000066b0a58 .functor BUFZ 1, C4<z>; HiZ drive
v0000000006702900_0 .net "I2CIRQ", 0 0, o00000000066b0a58;  0 drivers
o00000000066b0a88 .functor BUFZ 1, C4<z>; HiZ drive
v0000000006702ea0_0 .net "I2CWKUP", 0 0, o00000000066b0a88;  0 drivers
o00000000066b0ab8 .functor BUFZ 1, C4<z>; HiZ drive
v0000000006702ae0_0 .net "SBACKO", 0 0, o00000000066b0ab8;  0 drivers
o00000000066b0ae8 .functor BUFZ 1, C4<z>; HiZ drive
v00000000067010a0_0 .net "SBADRI0", 0 0, o00000000066b0ae8;  0 drivers
o00000000066b0b18 .functor BUFZ 1, C4<z>; HiZ drive
v00000000067020e0_0 .net "SBADRI1", 0 0, o00000000066b0b18;  0 drivers
o00000000066b0b48 .functor BUFZ 1, C4<z>; HiZ drive
v0000000006703620_0 .net "SBADRI2", 0 0, o00000000066b0b48;  0 drivers
o00000000066b0b78 .functor BUFZ 1, C4<z>; HiZ drive
v0000000006702680_0 .net "SBADRI3", 0 0, o00000000066b0b78;  0 drivers
o00000000066b0ba8 .functor BUFZ 1, C4<z>; HiZ drive
v0000000006702540_0 .net "SBADRI4", 0 0, o00000000066b0ba8;  0 drivers
o00000000066b0bd8 .functor BUFZ 1, C4<z>; HiZ drive
v0000000006702400_0 .net "SBADRI5", 0 0, o00000000066b0bd8;  0 drivers
o00000000066b0c08 .functor BUFZ 1, C4<z>; HiZ drive
v0000000006703580_0 .net "SBADRI6", 0 0, o00000000066b0c08;  0 drivers
o00000000066b0c38 .functor BUFZ 1, C4<z>; HiZ drive
v00000000067036c0_0 .net "SBADRI7", 0 0, o00000000066b0c38;  0 drivers
o00000000066b0c68 .functor BUFZ 1, C4<z>; HiZ drive
v0000000006701dc0_0 .net "SBCLKI", 0 0, o00000000066b0c68;  0 drivers
o00000000066b0c98 .functor BUFZ 1, C4<z>; HiZ drive
v0000000006701140_0 .net "SBDATI0", 0 0, o00000000066b0c98;  0 drivers
o00000000066b0cc8 .functor BUFZ 1, C4<z>; HiZ drive
v0000000006702180_0 .net "SBDATI1", 0 0, o00000000066b0cc8;  0 drivers
o00000000066b0cf8 .functor BUFZ 1, C4<z>; HiZ drive
v0000000006701aa0_0 .net "SBDATI2", 0 0, o00000000066b0cf8;  0 drivers
o00000000066b0d28 .functor BUFZ 1, C4<z>; HiZ drive
v0000000006702360_0 .net "SBDATI3", 0 0, o00000000066b0d28;  0 drivers
o00000000066b0d58 .functor BUFZ 1, C4<z>; HiZ drive
v0000000006702860_0 .net "SBDATI4", 0 0, o00000000066b0d58;  0 drivers
o00000000066b0d88 .functor BUFZ 1, C4<z>; HiZ drive
v0000000006701e60_0 .net "SBDATI5", 0 0, o00000000066b0d88;  0 drivers
o00000000066b0db8 .functor BUFZ 1, C4<z>; HiZ drive
v00000000067025e0_0 .net "SBDATI6", 0 0, o00000000066b0db8;  0 drivers
o00000000066b0de8 .functor BUFZ 1, C4<z>; HiZ drive
v00000000067011e0_0 .net "SBDATI7", 0 0, o00000000066b0de8;  0 drivers
o00000000066b0e18 .functor BUFZ 1, C4<z>; HiZ drive
v0000000006702f40_0 .net "SBDATO0", 0 0, o00000000066b0e18;  0 drivers
o00000000066b0e48 .functor BUFZ 1, C4<z>; HiZ drive
v0000000006701c80_0 .net "SBDATO1", 0 0, o00000000066b0e48;  0 drivers
o00000000066b0e78 .functor BUFZ 1, C4<z>; HiZ drive
v0000000006702a40_0 .net "SBDATO2", 0 0, o00000000066b0e78;  0 drivers
o00000000066b0ea8 .functor BUFZ 1, C4<z>; HiZ drive
v0000000006703120_0 .net "SBDATO3", 0 0, o00000000066b0ea8;  0 drivers
o00000000066b0ed8 .functor BUFZ 1, C4<z>; HiZ drive
v0000000006702220_0 .net "SBDATO4", 0 0, o00000000066b0ed8;  0 drivers
o00000000066b0f08 .functor BUFZ 1, C4<z>; HiZ drive
v0000000006702040_0 .net "SBDATO5", 0 0, o00000000066b0f08;  0 drivers
o00000000066b0f38 .functor BUFZ 1, C4<z>; HiZ drive
v0000000006702720_0 .net "SBDATO6", 0 0, o00000000066b0f38;  0 drivers
o00000000066b0f68 .functor BUFZ 1, C4<z>; HiZ drive
v0000000006701be0_0 .net "SBDATO7", 0 0, o00000000066b0f68;  0 drivers
o00000000066b0f98 .functor BUFZ 1, C4<z>; HiZ drive
v0000000006702c20_0 .net "SBRWI", 0 0, o00000000066b0f98;  0 drivers
o00000000066b0fc8 .functor BUFZ 1, C4<z>; HiZ drive
v0000000006701320_0 .net "SBSTBI", 0 0, o00000000066b0fc8;  0 drivers
o00000000066b0ff8 .functor BUFZ 1, C4<z>; HiZ drive
v0000000006702cc0_0 .net "SCLI", 0 0, o00000000066b0ff8;  0 drivers
o00000000066b1028 .functor BUFZ 1, C4<z>; HiZ drive
v0000000006702e00_0 .net "SCLO", 0 0, o00000000066b1028;  0 drivers
o00000000066b1058 .functor BUFZ 1, C4<z>; HiZ drive
v0000000006703440_0 .net "SCLOE", 0 0, o00000000066b1058;  0 drivers
o00000000066b1088 .functor BUFZ 1, C4<z>; HiZ drive
v0000000006702fe0_0 .net "SDAI", 0 0, o00000000066b1088;  0 drivers
o00000000066b10b8 .functor BUFZ 1, C4<z>; HiZ drive
v00000000067013c0_0 .net "SDAO", 0 0, o00000000066b10b8;  0 drivers
o00000000066b10e8 .functor BUFZ 1, C4<z>; HiZ drive
v0000000006701fa0_0 .net "SDAOE", 0 0, o00000000066b10e8;  0 drivers
S_00000000066a8600 .scope module, "SB_IO_I3C" "SB_IO_I3C" 2 2862;
 .timescale -12 -12;
    .port_info 0 /INOUT 1 "PACKAGE_PIN";
    .port_info 1 /INPUT 1 "LATCH_INPUT_VALUE";
    .port_info 2 /INPUT 1 "CLOCK_ENABLE";
    .port_info 3 /INPUT 1 "INPUT_CLK";
    .port_info 4 /INPUT 1 "OUTPUT_CLK";
    .port_info 5 /INPUT 1 "OUTPUT_ENABLE";
    .port_info 6 /INPUT 1 "D_OUT_0";
    .port_info 7 /INPUT 1 "D_OUT_1";
    .port_info 8 /OUTPUT 1 "D_IN_0";
    .port_info 9 /OUTPUT 1 "D_IN_1";
    .port_info 10 /INPUT 1 "PU_ENB";
    .port_info 11 /INPUT 1 "WEAK_PU_ENB";
P_0000000004e5ed80 .param/str "IO_STANDARD" 0 2 2880, "SB_LVCMOS";
P_0000000004e5edb8 .param/l "NEG_TRIGGER" 0 2 2879, C4<0>;
P_0000000004e5edf0 .param/l "PIN_TYPE" 0 2 2876, C4<000000>;
P_0000000004e5ee28 .param/l "PULLUP" 0 2 2877, C4<0>;
P_0000000004e5ee60 .param/l "WEAK_PULLUP" 0 2 2878, C4<0>;
L_000000000661ece0 .functor BUFZ 1, v00000000067022c0_0, C4<0>, C4<0>, C4<0>;
L_000000000661ed50 .functor BUFZ 1, v00000000067018c0_0, C4<0>, C4<0>, C4<0>;
o00000000066b17d8 .functor BUFZ 1, C4<z>; HiZ drive
v00000000067027c0_0 .net "CLOCK_ENABLE", 0 0, o00000000066b17d8;  0 drivers
v00000000067016e0_0 .net "D_IN_0", 0 0, L_000000000661ece0;  1 drivers
v0000000006703080_0 .net "D_IN_1", 0 0, L_000000000661ed50;  1 drivers
o00000000066b1868 .functor BUFZ 1, C4<z>; HiZ drive
v00000000067015a0_0 .net "D_OUT_0", 0 0, o00000000066b1868;  0 drivers
o00000000066b1898 .functor BUFZ 1, C4<z>; HiZ drive
v00000000067031c0_0 .net "D_OUT_1", 0 0, o00000000066b1898;  0 drivers
o00000000066b18c8 .functor BUFZ 1, C4<z>; HiZ drive
v0000000006703300_0 .net "INPUT_CLK", 0 0, o00000000066b18c8;  0 drivers
o00000000066b18f8 .functor BUFZ 1, C4<z>; HiZ drive
v00000000067033a0_0 .net "LATCH_INPUT_VALUE", 0 0, o00000000066b18f8;  0 drivers
o00000000066b1928 .functor BUFZ 1, C4<z>; HiZ drive
v0000000006701f00_0 .net "OUTPUT_CLK", 0 0, o00000000066b1928;  0 drivers
o00000000066b1958 .functor BUFZ 1, C4<z>; HiZ drive
v00000000067034e0_0 .net "OUTPUT_ENABLE", 0 0, o00000000066b1958;  0 drivers
o00000000066b1988 .functor BUFZ 1, C4<z>; HiZ drive
v0000000006701820_0 .net "PACKAGE_PIN", 0 0, o00000000066b1988;  0 drivers
o00000000066b19b8 .functor BUFZ 1, C4<z>; HiZ drive
v0000000006701460_0 .net "PU_ENB", 0 0, o00000000066b19b8;  0 drivers
o00000000066b19e8 .functor BUFZ 1, C4<z>; HiZ drive
v0000000006701640_0 .net "WEAK_PU_ENB", 0 0, o00000000066b19e8;  0 drivers
v00000000067022c0_0 .var "din_0", 0 0;
v00000000067018c0_0 .var "din_1", 0 0;
v0000000006701960_0 .var "din_q_0", 0 0;
v00000000067024a0_0 .var "din_q_1", 0 0;
v0000000006701a00_0 .var "dout", 0 0;
v0000000006704ca0_0 .var "dout_q_0", 0 0;
v0000000006703b20_0 .var "dout_q_1", 0 0;
v0000000006703800_0 .var "outclk_delayed_1", 0 0;
v0000000006704160_0 .var "outclk_delayed_2", 0 0;
v0000000006703f80_0 .var "outena_q", 0 0;
E_000000000666e0f0 .event anyedge, v0000000006704160_0, v0000000006704ca0_0, v0000000006703b20_0;
E_000000000666d230 .event anyedge, v0000000006703800_0;
E_000000000666d2b0 .event anyedge, v0000000006701f00_0;
E_000000000666d330 .event anyedge, v0000000006701960_0, v00000000067024a0_0;
S_00000000064f4db0 .scope generate, "genblk1" "genblk1" 2 2888, 2 2888 0, S_00000000066a8600;
 .timescale -12 -12;
E_000000000666d5f0 .event posedge, v0000000006701f00_0;
E_000000000666d630 .event negedge, v0000000006701f00_0;
E_000000000666d670 .event negedge, v0000000006703300_0;
E_000000000666d730 .event posedge, v0000000006703300_0;
S_00000000066a9280 .scope module, "SB_IO_OD" "SB_IO_OD" 2 2931;
 .timescale -12 -12;
    .port_info 0 /INOUT 1 "PACKAGEPIN";
    .port_info 1 /INPUT 1 "LATCHINPUTVALUE";
    .port_info 2 /INPUT 1 "CLOCKENABLE";
    .port_info 3 /INPUT 1 "INPUTCLK";
    .port_info 4 /INPUT 1 "OUTPUTCLK";
    .port_info 5 /INPUT 1 "OUTPUTENABLE";
    .port_info 6 /INPUT 1 "DOUT1";
    .port_info 7 /INPUT 1 "DOUT0";
    .port_info 8 /OUTPUT 1 "DIN1";
    .port_info 9 /OUTPUT 1 "DIN0";
P_000000000654e7b0 .param/l "NEG_TRIGGER" 0 2 2944, C4<0>;
P_000000000654e7e8 .param/l "PIN_TYPE" 0 2 2943, C4<000000>;
L_000000000661de00 .functor BUFZ 1, v0000000006704b60_0, C4<0>, C4<0>, C4<0>;
L_000000000661da10 .functor BUFZ 1, v00000000067039e0_0, C4<0>, C4<0>, C4<0>;
o00000000066b1e38 .functor BUFZ 1, C4<z>; HiZ drive
v0000000006703d00_0 .net "CLOCKENABLE", 0 0, o00000000066b1e38;  0 drivers
v0000000006704a20_0 .net "DIN0", 0 0, L_000000000661de00;  1 drivers
v0000000006704980_0 .net "DIN1", 0 0, L_000000000661da10;  1 drivers
o00000000066b1ec8 .functor BUFZ 1, C4<z>; HiZ drive
v0000000006704700_0 .net "DOUT0", 0 0, o00000000066b1ec8;  0 drivers
o00000000066b1ef8 .functor BUFZ 1, C4<z>; HiZ drive
v00000000067048e0_0 .net "DOUT1", 0 0, o00000000066b1ef8;  0 drivers
o00000000066b1f28 .functor BUFZ 1, C4<z>; HiZ drive
v0000000006704ac0_0 .net "INPUTCLK", 0 0, o00000000066b1f28;  0 drivers
o00000000066b1f58 .functor BUFZ 1, C4<z>; HiZ drive
v0000000006704520_0 .net "LATCHINPUTVALUE", 0 0, o00000000066b1f58;  0 drivers
o00000000066b1f88 .functor BUFZ 1, C4<z>; HiZ drive
v0000000006704840_0 .net "OUTPUTCLK", 0 0, o00000000066b1f88;  0 drivers
o00000000066b1fb8 .functor BUFZ 1, C4<z>; HiZ drive
v0000000006703760_0 .net "OUTPUTENABLE", 0 0, o00000000066b1fb8;  0 drivers
o00000000066b1fe8 .functor BUFZ 1, C4<z>; HiZ drive
v0000000006703c60_0 .net "PACKAGEPIN", 0 0, o00000000066b1fe8;  0 drivers
v0000000006704b60_0 .var "din_0", 0 0;
v00000000067039e0_0 .var "din_1", 0 0;
v0000000006704c00_0 .var "din_q_0", 0 0;
v0000000006704340_0 .var "din_q_1", 0 0;
v00000000067045c0_0 .var "dout", 0 0;
v0000000006704660_0 .var "dout_q_0", 0 0;
v0000000006704200_0 .var "dout_q_1", 0 0;
v0000000006703da0_0 .var "outclk_delayed_1", 0 0;
v0000000006704020_0 .var "outclk_delayed_2", 0 0;
v00000000067047a0_0 .var "outena_q", 0 0;
E_000000000666d770 .event anyedge, v0000000006704020_0, v0000000006704660_0, v0000000006704200_0;
E_000000000666eb30 .event anyedge, v0000000006703da0_0;
E_000000000666f1f0 .event anyedge, v0000000006704840_0;
E_000000000666f170 .event anyedge, v0000000006704c00_0, v0000000006704340_0;
S_00000000064f4c20 .scope generate, "genblk1" "genblk1" 2 2952, 2 2952 0, S_00000000066a9280;
 .timescale -12 -12;
E_000000000666f0f0 .event posedge, v0000000006704840_0;
E_000000000666e9b0 .event negedge, v0000000006704840_0;
E_000000000666e8b0 .event negedge, v0000000006704ac0_0;
E_000000000666eab0 .event posedge, v0000000006704ac0_0;
S_00000000066a8790 .scope module, "SB_LEDDA_IP" "SB_LEDDA_IP" 2 2830;
 .timescale -12 -12;
    .port_info 0 /INPUT 1 "LEDDCS";
    .port_info 1 /INPUT 1 "LEDDCLK";
    .port_info 2 /INPUT 1 "LEDDDAT7";
    .port_info 3 /INPUT 1 "LEDDDAT6";
    .port_info 4 /INPUT 1 "LEDDDAT5";
    .port_info 5 /INPUT 1 "LEDDDAT4";
    .port_info 6 /INPUT 1 "LEDDDAT3";
    .port_info 7 /INPUT 1 "LEDDDAT2";
    .port_info 8 /INPUT 1 "LEDDDAT1";
    .port_info 9 /INPUT 1 "LEDDDAT0";
    .port_info 10 /INPUT 1 "LEDDADDR3";
    .port_info 11 /INPUT 1 "LEDDADDR2";
    .port_info 12 /INPUT 1 "LEDDADDR1";
    .port_info 13 /INPUT 1 "LEDDADDR0";
    .port_info 14 /INPUT 1 "LEDDDEN";
    .port_info 15 /INPUT 1 "LEDDEXE";
    .port_info 16 /INPUT 1 "LEDDRST";
    .port_info 17 /OUTPUT 1 "PWMOUT0";
    .port_info 18 /OUTPUT 1 "PWMOUT1";
    .port_info 19 /OUTPUT 1 "PWMOUT2";
    .port_info 20 /OUTPUT 1 "LEDDON";
o00000000066b23d8 .functor BUFZ 1, C4<z>; HiZ drive
v0000000006704d40_0 .net "LEDDADDR0", 0 0, o00000000066b23d8;  0 drivers
o00000000066b2408 .functor BUFZ 1, C4<z>; HiZ drive
v0000000006704de0_0 .net "LEDDADDR1", 0 0, o00000000066b2408;  0 drivers
o00000000066b2438 .functor BUFZ 1, C4<z>; HiZ drive
v00000000067038a0_0 .net "LEDDADDR2", 0 0, o00000000066b2438;  0 drivers
o00000000066b2468 .functor BUFZ 1, C4<z>; HiZ drive
v0000000006703e40_0 .net "LEDDADDR3", 0 0, o00000000066b2468;  0 drivers
o00000000066b2498 .functor BUFZ 1, C4<z>; HiZ drive
v00000000067040c0_0 .net "LEDDCLK", 0 0, o00000000066b2498;  0 drivers
o00000000066b24c8 .functor BUFZ 1, C4<z>; HiZ drive
v0000000006703940_0 .net "LEDDCS", 0 0, o00000000066b24c8;  0 drivers
o00000000066b24f8 .functor BUFZ 1, C4<z>; HiZ drive
v0000000006703ee0_0 .net "LEDDDAT0", 0 0, o00000000066b24f8;  0 drivers
o00000000066b2528 .functor BUFZ 1, C4<z>; HiZ drive
v0000000006703a80_0 .net "LEDDDAT1", 0 0, o00000000066b2528;  0 drivers
o00000000066b2558 .functor BUFZ 1, C4<z>; HiZ drive
v0000000006703bc0_0 .net "LEDDDAT2", 0 0, o00000000066b2558;  0 drivers
o00000000066b2588 .functor BUFZ 1, C4<z>; HiZ drive
v00000000067042a0_0 .net "LEDDDAT3", 0 0, o00000000066b2588;  0 drivers
o00000000066b25b8 .functor BUFZ 1, C4<z>; HiZ drive
v00000000067043e0_0 .net "LEDDDAT4", 0 0, o00000000066b25b8;  0 drivers
o00000000066b25e8 .functor BUFZ 1, C4<z>; HiZ drive
v0000000006704480_0 .net "LEDDDAT5", 0 0, o00000000066b25e8;  0 drivers
o00000000066b2618 .functor BUFZ 1, C4<z>; HiZ drive
v000000000670baf0_0 .net "LEDDDAT6", 0 0, o00000000066b2618;  0 drivers
o00000000066b2648 .functor BUFZ 1, C4<z>; HiZ drive
v000000000670b550_0 .net "LEDDDAT7", 0 0, o00000000066b2648;  0 drivers
o00000000066b2678 .functor BUFZ 1, C4<z>; HiZ drive
v000000000670b2d0_0 .net "LEDDDEN", 0 0, o00000000066b2678;  0 drivers
o00000000066b26a8 .functor BUFZ 1, C4<z>; HiZ drive
v000000000670bcd0_0 .net "LEDDEXE", 0 0, o00000000066b26a8;  0 drivers
o00000000066b26d8 .functor BUFZ 1, C4<z>; HiZ drive
v000000000670bff0_0 .net "LEDDON", 0 0, o00000000066b26d8;  0 drivers
o00000000066b2708 .functor BUFZ 1, C4<z>; HiZ drive
v000000000670a3d0_0 .net "LEDDRST", 0 0, o00000000066b2708;  0 drivers
o00000000066b2738 .functor BUFZ 1, C4<z>; HiZ drive
v000000000670abf0_0 .net "PWMOUT0", 0 0, o00000000066b2738;  0 drivers
o00000000066b2768 .functor BUFZ 1, C4<z>; HiZ drive
v000000000670ad30_0 .net "PWMOUT1", 0 0, o00000000066b2768;  0 drivers
o00000000066b2798 .functor BUFZ 1, C4<z>; HiZ drive
v000000000670c450_0 .net "PWMOUT2", 0 0, o00000000066b2798;  0 drivers
S_00000000066a9730 .scope module, "SB_LED_DRV_CUR" "SB_LED_DRV_CUR" 2 2709;
 .timescale -12 -12;
    .port_info 0 /INPUT 1 "EN";
    .port_info 1 /OUTPUT 1 "LEDPU";
o00000000066b2bb8 .functor BUFZ 1, C4<z>; HiZ drive
v000000000670c4f0_0 .net "EN", 0 0, o00000000066b2bb8;  0 drivers
o00000000066b2be8 .functor BUFZ 1, C4<z>; HiZ drive
v000000000670c1d0_0 .net "LEDPU", 0 0, o00000000066b2be8;  0 drivers
S_00000000066a7ca0 .scope module, "SB_LFOSC" "SB_LFOSC" 2 2684;
 .timescale -12 -12;
    .port_info 0 /INPUT 1 "CLKLFPU";
    .port_info 1 /INPUT 1 "CLKLFEN";
    .port_info 2 /OUTPUT 1 "CLKLF";
o00000000066b2c78 .functor BUFZ 1, C4<z>; HiZ drive
v000000000670a6f0_0 .net "CLKLF", 0 0, o00000000066b2c78;  0 drivers
o00000000066b2ca8 .functor BUFZ 1, C4<z>; HiZ drive
v000000000670add0_0 .net "CLKLFEN", 0 0, o00000000066b2ca8;  0 drivers
o00000000066b2cd8 .functor BUFZ 1, C4<z>; HiZ drive
v000000000670a010_0 .net "CLKLFPU", 0 0, o00000000066b2cd8;  0 drivers
S_00000000066a98c0 .scope module, "SB_LUT4" "SB_LUT4" 2 177;
 .timescale -12 -12;
    .port_info 0 /OUTPUT 1 "O";
    .port_info 1 /INPUT 1 "I0";
    .port_info 2 /INPUT 1 "I1";
    .port_info 3 /INPUT 1 "I2";
    .port_info 4 /INPUT 1 "I3";
P_000000000666d6b0 .param/l "LUT_INIT" 0 2 184, C4<0000000000000000>;
o00000000066b2d98 .functor BUFZ 1, C4<z>; HiZ drive
v000000000670be10_0 .net "I0", 0 0, o00000000066b2d98;  0 drivers
o00000000066b2dc8 .functor BUFZ 1, C4<z>; HiZ drive
v000000000670b0f0_0 .net "I1", 0 0, o00000000066b2dc8;  0 drivers
o00000000066b2df8 .functor BUFZ 1, C4<z>; HiZ drive
v000000000670bb90_0 .net "I2", 0 0, o00000000066b2df8;  0 drivers
o00000000066b2e28 .functor BUFZ 1, C4<z>; HiZ drive
v000000000670ab50_0 .net "I3", 0 0, o00000000066b2e28;  0 drivers
v000000000670b4b0_0 .net "O", 0 0, L_00000000067971b0;  1 drivers
L_0000000006748830 .functor BUFT 1, C4<00000000>, C4<0>, C4<0>, C4<0>;
v000000000670bf50_0 .net/2u *"_ivl_0", 7 0, L_0000000006748830;  1 drivers
v000000000670ae70_0 .net *"_ivl_13", 1 0, L_0000000006796210;  1 drivers
v000000000670a330_0 .net *"_ivl_15", 1 0, L_0000000006796a30;  1 drivers
v000000000670bd70_0 .net *"_ivl_19", 0 0, L_00000000067962b0;  1 drivers
L_0000000006748878 .functor BUFT 1, C4<00000000>, C4<0>, C4<0>, C4<0>;
v000000000670af10_0 .net/2u *"_ivl_2", 7 0, L_0000000006748878;  1 drivers
v000000000670c090_0 .net *"_ivl_21", 0 0, L_0000000006796ad0;  1 drivers
v000000000670c590_0 .net *"_ivl_7", 3 0, L_0000000006797b10;  1 drivers
v000000000670c270_0 .net *"_ivl_9", 3 0, L_0000000006797110;  1 drivers
v000000000670b370_0 .net "s1", 1 0, L_0000000006795950;  1 drivers
v000000000670a790_0 .net "s2", 3 0, L_0000000006796030;  1 drivers
v000000000670afb0_0 .net "s3", 7 0, L_0000000006797610;  1 drivers
L_0000000006797610 .functor MUXZ 8, L_0000000006748878, L_0000000006748830, o00000000066b2e28, C4<>;
L_0000000006797b10 .part L_0000000006797610, 4, 4;
L_0000000006797110 .part L_0000000006797610, 0, 4;
L_0000000006796030 .functor MUXZ 4, L_0000000006797110, L_0000000006797b10, o00000000066b2df8, C4<>;
L_0000000006796210 .part L_0000000006796030, 2, 2;
L_0000000006796a30 .part L_0000000006796030, 0, 2;
L_0000000006795950 .functor MUXZ 2, L_0000000006796a30, L_0000000006796210, o00000000066b2dc8, C4<>;
L_00000000067962b0 .part L_0000000006795950, 1, 1;
L_0000000006796ad0 .part L_0000000006795950, 0, 1;
L_00000000067971b0 .functor MUXZ 1, L_0000000006796ad0, L_00000000067962b0, o00000000066b2d98, C4<>;
S_00000000066a8c40 .scope module, "SB_MAC16" "SB_MAC16" 2 2996;
 .timescale -12 -12;
    .port_info 0 /INPUT 1 "CLK";
    .port_info 1 /INPUT 1 "CE";
    .port_info 2 /INPUT 16 "C";
    .port_info 3 /INPUT 16 "A";
    .port_info 4 /INPUT 16 "B";
    .port_info 5 /INPUT 16 "D";
    .port_info 6 /INPUT 1 "AHOLD";
    .port_info 7 /INPUT 1 "BHOLD";
    .port_info 8 /INPUT 1 "CHOLD";
    .port_info 9 /INPUT 1 "DHOLD";
    .port_info 10 /INPUT 1 "IRSTTOP";
    .port_info 11 /INPUT 1 "IRSTBOT";
    .port_info 12 /INPUT 1 "ORSTTOP";
    .port_info 13 /INPUT 1 "ORSTBOT";
    .port_info 14 /INPUT 1 "OLOADTOP";
    .port_info 15 /INPUT 1 "OLOADBOT";
    .port_info 16 /INPUT 1 "ADDSUBTOP";
    .port_info 17 /INPUT 1 "ADDSUBBOT";
    .port_info 18 /INPUT 1 "OHOLDTOP";
    .port_info 19 /INPUT 1 "OHOLDBOT";
    .port_info 20 /INPUT 1 "CI";
    .port_info 21 /INPUT 1 "ACCUMCI";
    .port_info 22 /INPUT 1 "SIGNEXTIN";
    .port_info 23 /OUTPUT 32 "O";
    .port_info 24 /OUTPUT 1 "CO";
    .port_info 25 /OUTPUT 1 "ACCUMCO";
    .port_info 26 /OUTPUT 1 "SIGNEXTOUT";
P_0000000004dc10e0 .param/l "A_REG" 0 2 3011, C4<0>;
P_0000000004dc1118 .param/l "A_SIGNED" 0 2 3027, C4<0>;
P_0000000004dc1150 .param/l "BOTADDSUB_CARRYSELECT" 0 2 3025, C4<00>;
P_0000000004dc1188 .param/l "BOTADDSUB_LOWERINPUT" 0 2 3023, C4<00>;
P_0000000004dc11c0 .param/l "BOTADDSUB_UPPERINPUT" 0 2 3024, C4<0>;
P_0000000004dc11f8 .param/l "BOTOUTPUT_SELECT" 0 2 3022, C4<00>;
P_0000000004dc1230 .param/l "BOT_8x8_MULT_REG" 0 2 3015, C4<0>;
P_0000000004dc1268 .param/l "B_REG" 0 2 3012, C4<0>;
P_0000000004dc12a0 .param/l "B_SIGNED" 0 2 3028, C4<0>;
P_0000000004dc12d8 .param/l "C_REG" 0 2 3010, C4<0>;
P_0000000004dc1310 .param/l "D_REG" 0 2 3013, C4<0>;
P_0000000004dc1348 .param/l "MODE_8x8" 0 2 3026, C4<0>;
P_0000000004dc1380 .param/l "NEG_TRIGGER" 0 2 3009, C4<0>;
P_0000000004dc13b8 .param/l "PIPELINE_16x16_MULT_REG1" 0 2 3016, C4<0>;
P_0000000004dc13f0 .param/l "PIPELINE_16x16_MULT_REG2" 0 2 3017, C4<0>;
P_0000000004dc1428 .param/l "TOPADDSUB_CARRYSELECT" 0 2 3021, C4<00>;
P_0000000004dc1460 .param/l "TOPADDSUB_LOWERINPUT" 0 2 3019, C4<00>;
P_0000000004dc1498 .param/l "TOPADDSUB_UPPERINPUT" 0 2 3020, C4<0>;
P_0000000004dc14d0 .param/l "TOPOUTPUT_SELECT" 0 2 3018, C4<00>;
P_0000000004dc1508 .param/l "TOP_8x8_MULT_REG" 0 2 3014, C4<0>;
o00000000066b3488 .functor BUFZ 1, C4<z>; HiZ drive
L_00000000067488c0 .functor BUFT 1, C4<0>, C4<0>, C4<0>, C4<0>;
L_000000000661d690 .functor XOR 1, o00000000066b3488, L_00000000067488c0, C4<0>, C4<0>;
o00000000066b33c8 .functor BUFZ 16, C4<zzzzzzzzzzzzzzzz>; HiZ drive
L_000000000661ee30 .functor BUFZ 16, o00000000066b33c8, C4<0000000000000000>, C4<0000000000000000>, C4<0000000000000000>;
o00000000066b3188 .functor BUFZ 16, C4<zzzzzzzzzzzzzzzz>; HiZ drive
L_000000000661d700 .functor BUFZ 16, o00000000066b3188, C4<0000000000000000>, C4<0000000000000000>, C4<0000000000000000>;
o00000000066b3308 .functor BUFZ 16, C4<zzzzzzzzzzzzzzzz>; HiZ drive
L_000000000661dd20 .functor BUFZ 16, o00000000066b3308, C4<0000000000000000>, C4<0000000000000000>, C4<0000000000000000>;
o00000000066b34e8 .functor BUFZ 16, C4<zzzzzzzzzzzzzzzz>; HiZ drive
L_000000000661de70 .functor BUFZ 16, o00000000066b34e8, C4<0000000000000000>, C4<0000000000000000>, C4<0000000000000000>;
L_000000000661df50 .functor BUFZ 16, L_0000000006796350, C4<0000000000000000>, C4<0000000000000000>, C4<0000000000000000>;
L_000000000661d770 .functor BUFZ 16, L_00000000067972f0, C4<0000000000000000>, C4<0000000000000000>, C4<0000000000000000>;
L_000000000661d7e0 .functor BUFZ 16, L_0000000006795d10, C4<0000000000000000>, C4<0000000000000000>, C4<0000000000000000>;
L_000000000661d850 .functor BUFZ 16, L_00000000067959f0, C4<0000000000000000>, C4<0000000000000000>, C4<0000000000000000>;
L_000000000661da80 .functor BUFZ 32, L_0000000006796530, C4<00000000000000000000000000000000>, C4<00000000000000000000000000000000>, C4<00000000000000000000000000000000>;
L_000000000661db60 .functor BUFZ 16, v00000000067099d0_0, C4<0000000000000000>, C4<0000000000000000>, C4<0000000000000000>;
L_000000000661dbd0 .functor BUFZ 16, L_000000000661d700, C4<0000000000000000>, C4<0000000000000000>, C4<0000000000000000>;
L_000000000661f220 .functor XOR 17, L_0000000006797f70, L_0000000006797d90, C4<00000000000000000>, C4<00000000000000000>;
o00000000066b3248 .functor BUFZ 1, C4<z>; HiZ drive
L_000000000661dfc0 .functor XOR 1, L_0000000006797e30, o00000000066b3248, C4<0>, C4<0>;
L_000000000661f290 .functor XOR 16, L_0000000006797ed0, L_00000000067980b0, C4<0000000000000000>, C4<0000000000000000>;
L_000000000661f5a0 .functor BUFZ 16, L_0000000006798330, C4<0000000000000000>, C4<0000000000000000>, C4<0000000000000000>;
L_000000000661f370 .functor BUFZ 16, v0000000006708cb0_0, C4<0000000000000000>, C4<0000000000000000>, C4<0000000000000000>;
L_000000000661f3e0 .functor BUFZ 16, L_000000000661dd20, C4<0000000000000000>, C4<0000000000000000>, C4<0000000000000000>;
L_000000000661f300 .functor XOR 17, L_00000000067926b0, L_00000000067924d0, C4<00000000000000000>, C4<00000000000000000>;
L_000000000661f610 .functor XOR 16, L_0000000006791b70, L_00000000067915d0, C4<0000000000000000>, C4<0000000000000000>;
L_000000000661eff0 .functor BUFZ 16, L_00000000067922f0, C4<0000000000000000>, C4<0000000000000000>, C4<0000000000000000>;
v000000000670b5f0_0 .net "A", 15 0, o00000000066b3188;  0 drivers
o00000000066b31b8 .functor BUFZ 1, C4<z>; HiZ drive
v000000000670bc30_0 .net "ACCUMCI", 0 0, o00000000066b31b8;  0 drivers
v000000000670beb0_0 .net "ACCUMCO", 0 0, L_0000000006797e30;  1 drivers
o00000000066b3218 .functor BUFZ 1, C4<z>; HiZ drive
v000000000670c130_0 .net "ADDSUBBOT", 0 0, o00000000066b3218;  0 drivers
v000000000670b410_0 .net "ADDSUBTOP", 0 0, o00000000066b3248;  0 drivers
o00000000066b3278 .functor BUFZ 1, C4<z>; HiZ drive
v000000000670a0b0_0 .net "AHOLD", 0 0, o00000000066b3278;  0 drivers
v000000000670b690_0 .net "Ah", 15 0, L_0000000006795a90;  1 drivers
v000000000670a470_0 .net "Al", 15 0, L_0000000006797750;  1 drivers
v000000000670ac90_0 .net "B", 15 0, o00000000066b3308;  0 drivers
o00000000066b3338 .functor BUFZ 1, C4<z>; HiZ drive
v000000000670c630_0 .net "BHOLD", 0 0, o00000000066b3338;  0 drivers
v000000000670b730_0 .net "Bh", 15 0, L_0000000006797390;  1 drivers
v000000000670c6d0_0 .net "Bl", 15 0, L_0000000006796df0;  1 drivers
v000000000670c310_0 .net "C", 15 0, o00000000066b33c8;  0 drivers
o00000000066b33f8 .functor BUFZ 1, C4<z>; HiZ drive
v0000000006709f70_0 .net "CE", 0 0, o00000000066b33f8;  0 drivers
o00000000066b3428 .functor BUFZ 1, C4<z>; HiZ drive
v000000000670b050_0 .net "CHOLD", 0 0, o00000000066b3428;  0 drivers
o00000000066b3458 .functor BUFZ 1, C4<z>; HiZ drive
v000000000670a150_0 .net "CI", 0 0, o00000000066b3458;  0 drivers
v000000000670b190_0 .net "CLK", 0 0, o00000000066b3488;  0 drivers
v000000000670a830_0 .net "CO", 0 0, L_000000000661dfc0;  1 drivers
v000000000670a1f0_0 .net "D", 15 0, o00000000066b34e8;  0 drivers
o00000000066b3518 .functor BUFZ 1, C4<z>; HiZ drive
v000000000670a290_0 .net "DHOLD", 0 0, o00000000066b3518;  0 drivers
L_0000000006748e18 .functor BUFT 1, C4<0>, C4<0>, C4<0>, C4<0>;
v000000000670a5b0_0 .net "HCI", 0 0, L_0000000006748e18;  1 drivers
o00000000066b3578 .functor BUFZ 1, C4<z>; HiZ drive
v000000000670b7d0_0 .net "IRSTBOT", 0 0, o00000000066b3578;  0 drivers
o00000000066b35a8 .functor BUFZ 1, C4<z>; HiZ drive
v000000000670a510_0 .net "IRSTTOP", 0 0, o00000000066b35a8;  0 drivers
L_0000000006748f38 .functor BUFT 1, C4<0>, C4<0>, C4<0>, C4<0>;
v000000000670b230_0 .net "LCI", 0 0, L_0000000006748f38;  1 drivers
v000000000670a8d0_0 .net "LCO", 0 0, L_0000000006797cf0;  1 drivers
v000000000670b870_0 .net "O", 31 0, L_0000000006791cb0;  1 drivers
o00000000066b3668 .functor BUFZ 1, C4<z>; HiZ drive
v000000000670b910_0 .net "OHOLDBOT", 0 0, o00000000066b3668;  0 drivers
o00000000066b3698 .functor BUFZ 1, C4<z>; HiZ drive
v000000000670b9b0_0 .net "OHOLDTOP", 0 0, o00000000066b3698;  0 drivers
o00000000066b36c8 .functor BUFZ 1, C4<z>; HiZ drive
v000000000670ba50_0 .net "OLOADBOT", 0 0, o00000000066b36c8;  0 drivers
o00000000066b36f8 .functor BUFZ 1, C4<z>; HiZ drive
v000000000670c3b0_0 .net "OLOADTOP", 0 0, o00000000066b36f8;  0 drivers
o00000000066b3728 .functor BUFZ 1, C4<z>; HiZ drive
v000000000670a650_0 .net "ORSTBOT", 0 0, o00000000066b3728;  0 drivers
o00000000066b3758 .functor BUFZ 1, C4<z>; HiZ drive
v000000000670a970_0 .net "ORSTTOP", 0 0, o00000000066b3758;  0 drivers
v000000000670aa10_0 .net "Oh", 15 0, L_000000000661f5a0;  1 drivers
v000000000670aab0_0 .net "Ol", 15 0, L_000000000661eff0;  1 drivers
o00000000066b37e8 .functor BUFZ 1, C4<z>; HiZ drive
v000000000670cbd0_0 .net "SIGNEXTIN", 0 0, o00000000066b37e8;  0 drivers
v000000000670c810_0 .net "SIGNEXTOUT", 0 0, L_00000000067983d0;  1 drivers
v000000000670c9f0_0 .net "XW", 15 0, L_0000000006797ed0;  1 drivers
v000000000670cb30_0 .net "YZ", 15 0, L_0000000006791b70;  1 drivers
v000000000670c950_0 .net/2u *"_ivl_0", 0 0, L_00000000067488c0;  1 drivers
v000000000670cd10_0 .net *"_ivl_100", 31 0, L_0000000006795f90;  1 drivers
L_0000000006748cb0 .functor BUFT 1, C4<0000000000000000>, C4<0>, C4<0>, C4<0>;
v000000000670cdb0_0 .net *"_ivl_103", 15 0, L_0000000006748cb0;  1 drivers
v000000000670cc70_0 .net *"_ivl_104", 31 0, L_0000000006796490;  1 drivers
v000000000670ce50_0 .net *"_ivl_106", 15 0, L_00000000067963f0;  1 drivers
L_0000000006748cf8 .functor BUFT 1, C4<0000000000000000>, C4<0>, C4<0>, C4<0>;
v000000000670c770_0 .net *"_ivl_108", 15 0, L_0000000006748cf8;  1 drivers
L_0000000006748908 .functor BUFT 1, C4<00000000>, C4<0>, C4<0>, C4<0>;
v000000000670c8b0_0 .net/2u *"_ivl_12", 7 0, L_0000000006748908;  1 drivers
v000000000670ca90_0 .net *"_ivl_121", 16 0, L_0000000006798290;  1 drivers
L_0000000006748d40 .functor BUFT 1, C4<0>, C4<0>, C4<0>, C4<0>;
v00000000067076d0_0 .net *"_ivl_124", 0 0, L_0000000006748d40;  1 drivers
v0000000006705290_0 .net *"_ivl_125", 16 0, L_0000000006797f70;  1 drivers
L_0000000006748d88 .functor BUFT 1, C4<0>, C4<0>, C4<0>, C4<0>;
v0000000006704f70_0 .net *"_ivl_128", 0 0, L_0000000006748d88;  1 drivers
v00000000067065f0_0 .net *"_ivl_129", 15 0, L_0000000006798010;  1 drivers
v00000000067060f0_0 .net *"_ivl_131", 16 0, L_0000000006797d90;  1 drivers
L_0000000006748dd0 .functor BUFT 1, C4<0>, C4<0>, C4<0>, C4<0>;
v0000000006706730_0 .net *"_ivl_134", 0 0, L_0000000006748dd0;  1 drivers
v0000000006705d30_0 .net *"_ivl_135", 16 0, L_000000000661f220;  1 drivers
v00000000067051f0_0 .net *"_ivl_137", 16 0, L_0000000006798150;  1 drivers
L_0000000006749208 .functor BUFT 1, C4<00000000000000000>, C4<0>, C4<0>, C4<0>;
v0000000006705330_0 .net *"_ivl_139", 16 0, L_0000000006749208;  1 drivers
v00000000067055b0_0 .net *"_ivl_143", 16 0, L_00000000067981f0;  1 drivers
v0000000006706370_0 .net *"_ivl_147", 15 0, L_00000000067980b0;  1 drivers
v0000000006707270_0 .net *"_ivl_149", 15 0, L_000000000661f290;  1 drivers
v0000000006706cd0_0 .net *"_ivl_15", 7 0, L_0000000006795590;  1 drivers
v0000000006706d70_0 .net *"_ivl_168", 16 0, L_0000000006792430;  1 drivers
L_0000000006748e60 .functor BUFT 1, C4<0>, C4<0>, C4<0>, C4<0>;
v0000000006705790_0 .net *"_ivl_171", 0 0, L_0000000006748e60;  1 drivers
v0000000006705650_0 .net *"_ivl_172", 16 0, L_00000000067926b0;  1 drivers
L_0000000006748ea8 .functor BUFT 1, C4<0>, C4<0>, C4<0>, C4<0>;
v00000000067074f0_0 .net *"_ivl_175", 0 0, L_0000000006748ea8;  1 drivers
v0000000006706690_0 .net *"_ivl_176", 15 0, L_0000000006791c10;  1 drivers
v00000000067067d0_0 .net *"_ivl_178", 16 0, L_00000000067924d0;  1 drivers
L_0000000006748950 .functor BUFT 1, C4<00000000>, C4<0>, C4<0>, C4<0>;
v0000000006705830_0 .net/2u *"_ivl_18", 7 0, L_0000000006748950;  1 drivers
L_0000000006748ef0 .functor BUFT 1, C4<0>, C4<0>, C4<0>, C4<0>;
v0000000006706af0_0 .net *"_ivl_181", 0 0, L_0000000006748ef0;  1 drivers
v00000000067053d0_0 .net *"_ivl_182", 16 0, L_000000000661f300;  1 drivers
v00000000067062d0_0 .net *"_ivl_184", 16 0, L_0000000006791f30;  1 drivers
L_0000000006749250 .functor BUFT 1, C4<00000000000000000>, C4<0>, C4<0>, C4<0>;
v0000000006706e10_0 .net *"_ivl_186", 16 0, L_0000000006749250;  1 drivers
v0000000006706870_0 .net *"_ivl_190", 16 0, L_0000000006790ef0;  1 drivers
v0000000006705bf0_0 .net *"_ivl_192", 15 0, L_00000000067915d0;  1 drivers
v0000000006705dd0_0 .net *"_ivl_194", 15 0, L_000000000661f610;  1 drivers
v0000000006705010_0 .net *"_ivl_21", 7 0, L_00000000067977f0;  1 drivers
L_0000000006748998 .functor BUFT 1, C4<00000000>, C4<0>, C4<0>, C4<0>;
v00000000067056f0_0 .net/2u *"_ivl_24", 7 0, L_0000000006748998;  1 drivers
v0000000006706910_0 .net *"_ivl_27", 7 0, L_0000000006797250;  1 drivers
L_00000000067489e0 .functor BUFT 1, C4<00000000>, C4<0>, C4<0>, C4<0>;
v0000000006705e70_0 .net/2u *"_ivl_30", 7 0, L_00000000067489e0;  1 drivers
v00000000067069b0_0 .net *"_ivl_33", 7 0, L_0000000006795b30;  1 drivers
L_0000000006748a28 .functor BUFT 1, C4<00000000>, C4<0>, C4<0>, C4<0>;
v0000000006706eb0_0 .net/2u *"_ivl_38", 7 0, L_0000000006748a28;  1 drivers
v00000000067058d0_0 .net *"_ivl_41", 7 0, L_0000000006796f30;  1 drivers
v0000000006707130_0 .net *"_ivl_42", 15 0, L_0000000006795bd0;  1 drivers
L_0000000006748a70 .functor BUFT 1, C4<00000000>, C4<0>, C4<0>, C4<0>;
v0000000006706230_0 .net/2u *"_ivl_46", 7 0, L_0000000006748a70;  1 drivers
v0000000006706a50_0 .net *"_ivl_49", 7 0, L_00000000067967b0;  1 drivers
v00000000067050b0_0 .net *"_ivl_50", 15 0, L_00000000067968f0;  1 drivers
L_0000000006748ab8 .functor BUFT 1, C4<00000000>, C4<0>, C4<0>, C4<0>;
v0000000006707590_0 .net/2u *"_ivl_64", 7 0, L_0000000006748ab8;  1 drivers
L_0000000006748b00 .functor BUFT 1, C4<00000000>, C4<0>, C4<0>, C4<0>;
v00000000067071d0_0 .net/2u *"_ivl_68", 7 0, L_0000000006748b00;  1 drivers
v0000000006707450_0 .net *"_ivl_72", 31 0, L_0000000006797890;  1 drivers
L_0000000006748b48 .functor BUFT 1, C4<0000000000000000>, C4<0>, C4<0>, C4<0>;
v0000000006706410_0 .net *"_ivl_75", 15 0, L_0000000006748b48;  1 drivers
v0000000006705fb0_0 .net *"_ivl_76", 31 0, L_0000000006795630;  1 drivers
L_0000000006748b90 .functor BUFT 1, C4<00000000>, C4<0>, C4<0>, C4<0>;
v00000000067064b0_0 .net *"_ivl_79", 7 0, L_0000000006748b90;  1 drivers
v0000000006705970_0 .net *"_ivl_80", 31 0, L_00000000067956d0;  1 drivers
v0000000006706ff0_0 .net *"_ivl_82", 23 0, L_0000000006797c50;  1 drivers
L_0000000006748bd8 .functor BUFT 1, C4<00000000>, C4<0>, C4<0>, C4<0>;
v0000000006706f50_0 .net *"_ivl_84", 7 0, L_0000000006748bd8;  1 drivers
v0000000006706b90_0 .net *"_ivl_86", 31 0, L_0000000006795e50;  1 drivers
v0000000006706c30_0 .net *"_ivl_88", 31 0, L_0000000006795db0;  1 drivers
L_0000000006748c20 .functor BUFT 1, C4<00000000>, C4<0>, C4<0>, C4<0>;
v00000000067073b0_0 .net *"_ivl_91", 7 0, L_0000000006748c20;  1 drivers
v0000000006707090_0 .net *"_ivl_92", 31 0, L_00000000067960d0;  1 drivers
v0000000006705150_0 .net *"_ivl_94", 23 0, L_0000000006795770;  1 drivers
L_0000000006748c68 .functor BUFT 1, C4<00000000>, C4<0>, C4<0>, C4<0>;
v0000000006705470_0 .net *"_ivl_96", 7 0, L_0000000006748c68;  1 drivers
v0000000006705510_0 .net *"_ivl_98", 31 0, L_0000000006795ef0;  1 drivers
v0000000006705a10_0 .net "clock", 0 0, L_000000000661d690;  1 drivers
v0000000006707630_0 .net "iA", 15 0, L_000000000661d700;  1 drivers
v0000000006707310_0 .net "iB", 15 0, L_000000000661dd20;  1 drivers
v0000000006706550_0 .net "iC", 15 0, L_000000000661ee30;  1 drivers
v0000000006705ab0_0 .net "iD", 15 0, L_000000000661de70;  1 drivers
v0000000006705b50_0 .net "iF", 15 0, L_000000000661df50;  1 drivers
v0000000006705c90_0 .net "iG", 15 0, L_000000000661d850;  1 drivers
v0000000006705f10_0 .net "iH", 31 0, L_000000000661da80;  1 drivers
v0000000006706050_0 .net "iJ", 15 0, L_000000000661d770;  1 drivers
v0000000006706190_0 .net "iJ_e", 23 0, L_0000000006797bb0;  1 drivers
v0000000006709250_0 .net "iK", 15 0, L_000000000661d7e0;  1 drivers
v0000000006707810_0 .net "iK_e", 23 0, L_0000000006796990;  1 drivers
v00000000067097f0_0 .net "iL", 31 0, L_0000000006796530;  1 drivers
v00000000067082b0_0 .net "iP", 15 0, L_0000000006798330;  1 drivers
v0000000006708fd0_0 .net "iQ", 15 0, v00000000067099d0_0;  1 drivers
v0000000006708b70_0 .net "iR", 15 0, L_00000000067922f0;  1 drivers
v0000000006708df0_0 .net "iS", 15 0, v0000000006708cb0_0;  1 drivers
v00000000067094d0_0 .net "iW", 15 0, L_000000000661db60;  1 drivers
v00000000067078b0_0 .net "iX", 15 0, L_000000000661dbd0;  1 drivers
v0000000006708c10_0 .net "iY", 15 0, L_000000000661f370;  1 drivers
v0000000006708d50_0 .net "iZ", 15 0, L_000000000661f3e0;  1 drivers
v0000000006709a70_0 .net "p_Ah_Bh", 15 0, L_0000000006796350;  1 drivers
v0000000006709890_0 .net "p_Ah_Bl", 15 0, L_0000000006795d10;  1 drivers
v0000000006707bd0_0 .net "p_Al_Bh", 15 0, L_00000000067972f0;  1 drivers
v0000000006709b10_0 .net "p_Al_Bl", 15 0, L_00000000067959f0;  1 drivers
v0000000006709c50_0 .var "rA", 15 0;
v0000000006708670_0 .var "rB", 15 0;
v0000000006707950_0 .var "rC", 15 0;
v0000000006709e30_0 .var "rD", 15 0;
v0000000006707f90_0 .var "rF", 15 0;
v00000000067092f0_0 .var "rG", 15 0;
v00000000067085d0_0 .var "rH", 31 0;
v0000000006709930_0 .var "rJ", 15 0;
v0000000006709cf0_0 .var "rK", 15 0;
v00000000067099d0_0 .var "rQ", 15 0;
v0000000006708cb0_0 .var "rS", 15 0;
E_000000000666e370 .event posedge, v000000000670a650_0, v0000000006705a10_0;
E_000000000666e6f0 .event posedge, v000000000670a970_0, v0000000006705a10_0;
E_000000000666e730 .event posedge, v000000000670b7d0_0, v0000000006705a10_0;
E_000000000666ee30 .event posedge, v000000000670a510_0, v0000000006705a10_0;
L_0000000006795590 .part L_000000000661d700, 8, 8;
L_0000000006795a90 .concat [ 8 8 0 0], L_0000000006795590, L_0000000006748908;
L_00000000067977f0 .part L_000000000661d700, 0, 8;
L_0000000006797750 .concat [ 8 8 0 0], L_00000000067977f0, L_0000000006748950;
L_0000000006797250 .part L_000000000661dd20, 8, 8;
L_0000000006797390 .concat [ 8 8 0 0], L_0000000006797250, L_0000000006748998;
L_0000000006795b30 .part L_000000000661dd20, 0, 8;
L_0000000006796df0 .concat [ 8 8 0 0], L_0000000006795b30, L_00000000067489e0;
L_0000000006796350 .arith/mult 16, L_0000000006795a90, L_0000000006797390;
L_0000000006796f30 .part L_0000000006797750, 0, 8;
L_0000000006795bd0 .concat [ 8 8 0 0], L_0000000006796f30, L_0000000006748a28;
L_00000000067972f0 .arith/mult 16, L_0000000006795bd0, L_0000000006797390;
L_00000000067967b0 .part L_0000000006796df0, 0, 8;
L_00000000067968f0 .concat [ 8 8 0 0], L_00000000067967b0, L_0000000006748a70;
L_0000000006795d10 .arith/mult 16, L_0000000006795a90, L_00000000067968f0;
L_00000000067959f0 .arith/mult 16, L_0000000006797750, L_0000000006796df0;
L_0000000006796990 .concat [ 16 8 0 0], L_000000000661d7e0, L_0000000006748ab8;
L_0000000006797bb0 .concat [ 16 8 0 0], L_000000000661d770, L_0000000006748b00;
L_0000000006797890 .concat [ 16 16 0 0], L_000000000661d850, L_0000000006748b48;
L_0000000006795630 .concat [ 24 8 0 0], L_0000000006796990, L_0000000006748b90;
L_0000000006797c50 .part L_0000000006795630, 0, 24;
L_00000000067956d0 .concat [ 8 24 0 0], L_0000000006748bd8, L_0000000006797c50;
L_0000000006795e50 .arith/sum 32, L_0000000006797890, L_00000000067956d0;
L_0000000006795db0 .concat [ 24 8 0 0], L_0000000006797bb0, L_0000000006748c20;
L_0000000006795770 .part L_0000000006795db0, 0, 24;
L_00000000067960d0 .concat [ 8 24 0 0], L_0000000006748c68, L_0000000006795770;
L_0000000006795ef0 .arith/sum 32, L_0000000006795e50, L_00000000067960d0;
L_0000000006795f90 .concat [ 16 16 0 0], L_000000000661df50, L_0000000006748cb0;
L_00000000067963f0 .part L_0000000006795f90, 0, 16;
L_0000000006796490 .concat [ 16 16 0 0], L_0000000006748cf8, L_00000000067963f0;
L_0000000006796530 .arith/sum 32, L_0000000006795ef0, L_0000000006796490;
L_0000000006797e30 .part L_00000000067981f0, 16, 1;
L_0000000006797ed0 .part L_00000000067981f0, 0, 16;
L_0000000006798290 .concat [ 16 1 0 0], L_000000000661dbd0, L_0000000006748d40;
L_0000000006797f70 .concat [ 16 1 0 0], L_000000000661db60, L_0000000006748d88;
LS_0000000006798010_0_0 .concat [ 1 1 1 1], o00000000066b3248, o00000000066b3248, o00000000066b3248, o00000000066b3248;
LS_0000000006798010_0_4 .concat [ 1 1 1 1], o00000000066b3248, o00000000066b3248, o00000000066b3248, o00000000066b3248;
LS_0000000006798010_0_8 .concat [ 1 1 1 1], o00000000066b3248, o00000000066b3248, o00000000066b3248, o00000000066b3248;
LS_0000000006798010_0_12 .concat [ 1 1 1 1], o00000000066b3248, o00000000066b3248, o00000000066b3248, o00000000066b3248;
L_0000000006798010 .concat [ 4 4 4 4], LS_0000000006798010_0_0, LS_0000000006798010_0_4, LS_0000000006798010_0_8, LS_0000000006798010_0_12;
L_0000000006797d90 .concat [ 16 1 0 0], L_0000000006798010, L_0000000006748dd0;
L_0000000006798150 .arith/sum 17, L_0000000006798290, L_000000000661f220;
L_00000000067981f0 .arith/sum 17, L_0000000006798150, L_0000000006749208;
LS_00000000067980b0_0_0 .concat [ 1 1 1 1], o00000000066b3248, o00000000066b3248, o00000000066b3248, o00000000066b3248;
LS_00000000067980b0_0_4 .concat [ 1 1 1 1], o00000000066b3248, o00000000066b3248, o00000000066b3248, o00000000066b3248;
LS_00000000067980b0_0_8 .concat [ 1 1 1 1], o00000000066b3248, o00000000066b3248, o00000000066b3248, o00000000066b3248;
LS_00000000067980b0_0_12 .concat [ 1 1 1 1], o00000000066b3248, o00000000066b3248, o00000000066b3248, o00000000066b3248;
L_00000000067980b0 .concat [ 4 4 4 4], LS_00000000067980b0_0_0, LS_00000000067980b0_0_4, LS_00000000067980b0_0_8, LS_00000000067980b0_0_12;
L_0000000006798330 .functor MUXZ 16, L_000000000661f290, L_000000000661ee30, o00000000066b36f8, C4<>;
L_00000000067983d0 .part L_000000000661dbd0, 15, 1;
L_0000000006797cf0 .part L_0000000006790ef0, 16, 1;
L_0000000006791b70 .part L_0000000006790ef0, 0, 16;
L_0000000006792430 .concat [ 16 1 0 0], L_000000000661f3e0, L_0000000006748e60;
L_00000000067926b0 .concat [ 16 1 0 0], L_000000000661f370, L_0000000006748ea8;
LS_0000000006791c10_0_0 .concat [ 1 1 1 1], o00000000066b3218, o00000000066b3218, o00000000066b3218, o00000000066b3218;
LS_0000000006791c10_0_4 .concat [ 1 1 1 1], o00000000066b3218, o00000000066b3218, o00000000066b3218, o00000000066b3218;
LS_0000000006791c10_0_8 .concat [ 1 1 1 1], o00000000066b3218, o00000000066b3218, o00000000066b3218, o00000000066b3218;
LS_0000000006791c10_0_12 .concat [ 1 1 1 1], o00000000066b3218, o00000000066b3218, o00000000066b3218, o00000000066b3218;
L_0000000006791c10 .concat [ 4 4 4 4], LS_0000000006791c10_0_0, LS_0000000006791c10_0_4, LS_0000000006791c10_0_8, LS_0000000006791c10_0_12;
L_00000000067924d0 .concat [ 16 1 0 0], L_0000000006791c10, L_0000000006748ef0;
L_0000000006791f30 .arith/sum 17, L_0000000006792430, L_000000000661f300;
L_0000000006790ef0 .arith/sum 17, L_0000000006791f30, L_0000000006749250;
LS_00000000067915d0_0_0 .concat [ 1 1 1 1], o00000000066b3218, o00000000066b3218, o00000000066b3218, o00000000066b3218;
LS_00000000067915d0_0_4 .concat [ 1 1 1 1], o00000000066b3218, o00000000066b3218, o00000000066b3218, o00000000066b3218;
LS_00000000067915d0_0_8 .concat [ 1 1 1 1], o00000000066b3218, o00000000066b3218, o00000000066b3218, o00000000066b3218;
LS_00000000067915d0_0_12 .concat [ 1 1 1 1], o00000000066b3218, o00000000066b3218, o00000000066b3218, o00000000066b3218;
L_00000000067915d0 .concat [ 4 4 4 4], LS_00000000067915d0_0_0, LS_00000000067915d0_0_4, LS_00000000067915d0_0_8, LS_00000000067915d0_0_12;
L_00000000067922f0 .functor MUXZ 16, L_000000000661f610, L_000000000661de70, o00000000066b36c8, C4<>;
L_0000000006791cb0 .concat [ 16 16 0 0], L_000000000661eff0, L_000000000661f5a0;
S_00000000066a8f60 .scope module, "SB_PLL40_2F_CORE" "SB_PLL40_2F_CORE" 2 2521;
 .timescale -12 -12;
    .port_info 0 /INPUT 1 "REFERENCECLK";
    .port_info 1 /OUTPUT 1 "PLLOUTCOREA";
    .port_info 2 /OUTPUT 1 "PLLOUTGLOBALA";
    .port_info 3 /OUTPUT 1 "PLLOUTCOREB";
    .port_info 4 /OUTPUT 1 "PLLOUTGLOBALB";
    .port_info 5 /INPUT 1 "EXTFEEDBACK";
    .port_info 6 /INPUT 8 "DYNAMICDELAY";
    .port_info 7 /OUTPUT 1 "LOCK";
    .port_info 8 /INPUT 1 "BYPASS";
    .port_info 9 /INPUT 1 "RESETB";
    .port_info 10 /INPUT 1 "LATCHINPUTVALUE";
    .port_info 11 /OUTPUT 1 "SDO";
    .port_info 12 /INPUT 1 "SDI";
    .port_info 13 /INPUT 1 "SCLK";
P_0000000004dc87a0 .param/str "DELAY_ADJUSTMENT_MODE_FEEDBACK" 0 2 2538, "FIXED";
P_0000000004dc87d8 .param/str "DELAY_ADJUSTMENT_MODE_RELATIVE" 0 2 2539, "FIXED";
P_0000000004dc8810 .param/l "DIVF" 0 2 2546, C4<0000000>;
P_0000000004dc8848 .param/l "DIVQ" 0 2 2547, C4<000>;
P_0000000004dc8880 .param/l "DIVR" 0 2 2545, C4<0000>;
P_0000000004dc88b8 .param/l "ENABLE_ICEGATE_PORTA" 0 2 2549, C4<0>;
P_0000000004dc88f0 .param/l "ENABLE_ICEGATE_PORTB" 0 2 2550, C4<0>;
P_0000000004dc8928 .param/l "EXTERNAL_DIVIDE_FACTOR" 0 2 2552, +C4<00000000000000000000000000000001>;
P_0000000004dc8960 .param/l "FDA_FEEDBACK" 0 2 2541, C4<0000>;
P_0000000004dc8998 .param/l "FDA_RELATIVE" 0 2 2542, C4<0000>;
P_0000000004dc89d0 .param/str "FEEDBACK_PATH" 0 2 2537, "SIMPLE";
P_0000000004dc8a08 .param/l "FILTER_RANGE" 0 2 2548, C4<000>;
P_0000000004dc8a40 .param/str "PLLOUT_SELECT_PORTA" 0 2 2543, "GENCLK";
P_0000000004dc8a78 .param/str "PLLOUT_SELECT_PORTB" 0 2 2544, "GENCLK";
P_0000000004dc8ab0 .param/l "SHIFTREG_DIV_MODE" 0 2 2540, C4<0>;
P_0000000004dc8ae8 .param/l "TEST_MODE" 0 2 2551, C4<0>;
o00000000066b5018 .functor BUFZ 1, C4<z>; HiZ drive
v0000000006709390_0 .net "BYPASS", 0 0, o00000000066b5018;  0 drivers
o00000000066b5048 .functor BUFZ 8, C4<zzzzzzzz>; HiZ drive
v0000000006709610_0 .net "DYNAMICDELAY", 7 0, o00000000066b5048;  0 drivers
o00000000066b5078 .functor BUFZ 1, C4<z>; HiZ drive
v0000000006709570_0 .net "EXTFEEDBACK", 0 0, o00000000066b5078;  0 drivers
o00000000066b50a8 .functor BUFZ 1, C4<z>; HiZ drive
v0000000006707db0_0 .net "LATCHINPUTVALUE", 0 0, o00000000066b50a8;  0 drivers
o00000000066b50d8 .functor BUFZ 1, C4<z>; HiZ drive
v00000000067096b0_0 .net "LOCK", 0 0, o00000000066b50d8;  0 drivers
o00000000066b5108 .functor BUFZ 1, C4<z>; HiZ drive
v0000000006709430_0 .net "PLLOUTCOREA", 0 0, o00000000066b5108;  0 drivers
o00000000066b5138 .functor BUFZ 1, C4<z>; HiZ drive
v0000000006709750_0 .net "PLLOUTCOREB", 0 0, o00000000066b5138;  0 drivers
o00000000066b5168 .functor BUFZ 1, C4<z>; HiZ drive
v00000000067083f0_0 .net "PLLOUTGLOBALA", 0 0, o00000000066b5168;  0 drivers
o00000000066b5198 .functor BUFZ 1, C4<z>; HiZ drive
v0000000006709bb0_0 .net "PLLOUTGLOBALB", 0 0, o00000000066b5198;  0 drivers
o00000000066b51c8 .functor BUFZ 1, C4<z>; HiZ drive
v0000000006708030_0 .net "REFERENCECLK", 0 0, o00000000066b51c8;  0 drivers
o00000000066b51f8 .functor BUFZ 1, C4<z>; HiZ drive
v0000000006707c70_0 .net "RESETB", 0 0, o00000000066b51f8;  0 drivers
o00000000066b5228 .functor BUFZ 1, C4<z>; HiZ drive
v0000000006709d90_0 .net "SCLK", 0 0, o00000000066b5228;  0 drivers
o00000000066b5258 .functor BUFZ 1, C4<z>; HiZ drive
v0000000006708530_0 .net "SDI", 0 0, o00000000066b5258;  0 drivers
o00000000066b5288 .functor BUFZ 1, C4<z>; HiZ drive
v0000000006709ed0_0 .net "SDO", 0 0, o00000000066b5288;  0 drivers
S_00000000066a8dd0 .scope module, "SB_PLL40_2F_PAD" "SB_PLL40_2F_PAD" 2 2556;
 .timescale -12 -12;
    .port_info 0 /INPUT 1 "PACKAGEPIN";
    .port_info 1 /OUTPUT 1 "PLLOUTCOREA";
    .port_info 2 /OUTPUT 1 "PLLOUTGLOBALA";
    .port_info 3 /OUTPUT 1 "PLLOUTCOREB";
    .port_info 4 /OUTPUT 1 "PLLOUTGLOBALB";
    .port_info 5 /INPUT 1 "EXTFEEDBACK";
    .port_info 6 /INPUT 8 "DYNAMICDELAY";
    .port_info 7 /OUTPUT 1 "LOCK";
    .port_info 8 /INPUT 1 "BYPASS";
    .port_info 9 /INPUT 1 "RESETB";
    .port_info 10 /INPUT 1 "LATCHINPUTVALUE";
    .port_info 11 /OUTPUT 1 "SDO";
    .port_info 12 /INPUT 1 "SDI";
    .port_info 13 /INPUT 1 "SCLK";
P_0000000004dcd850 .param/str "DELAY_ADJUSTMENT_MODE_FEEDBACK" 0 2 2573, "FIXED";
P_0000000004dcd888 .param/str "DELAY_ADJUSTMENT_MODE_RELATIVE" 0 2 2574, "FIXED";
P_0000000004dcd8c0 .param/l "DIVF" 0 2 2581, C4<0000000>;
P_0000000004dcd8f8 .param/l "DIVQ" 0 2 2582, C4<000>;
P_0000000004dcd930 .param/l "DIVR" 0 2 2580, C4<0000>;
P_0000000004dcd968 .param/l "ENABLE_ICEGATE_PORTA" 0 2 2584, C4<0>;
P_0000000004dcd9a0 .param/l "ENABLE_ICEGATE_PORTB" 0 2 2585, C4<0>;
P_0000000004dcd9d8 .param/l "EXTERNAL_DIVIDE_FACTOR" 0 2 2587, +C4<00000000000000000000000000000001>;
P_0000000004dcda10 .param/l "FDA_FEEDBACK" 0 2 2576, C4<0000>;
P_0000000004dcda48 .param/l "FDA_RELATIVE" 0 2 2577, C4<0000>;
P_0000000004dcda80 .param/str "FEEDBACK_PATH" 0 2 2572, "SIMPLE";
P_0000000004dcdab8 .param/l "FILTER_RANGE" 0 2 2583, C4<000>;
P_0000000004dcdaf0 .param/str "PLLOUT_SELECT_PORTA" 0 2 2578, "GENCLK";
P_0000000004dcdb28 .param/str "PLLOUT_SELECT_PORTB" 0 2 2579, "GENCLK";
P_0000000004dcdb60 .param/l "SHIFTREG_DIV_MODE" 0 2 2575, C4<00>;
P_0000000004dcdb98 .param/l "TEST_MODE" 0 2 2586, C4<0>;
o00000000066b5558 .functor BUFZ 1, C4<z>; HiZ drive
v0000000006708e90_0 .net "BYPASS", 0 0, o00000000066b5558;  0 drivers
o00000000066b5588 .functor BUFZ 8, C4<zzzzzzzz>; HiZ drive
v0000000006708f30_0 .net "DYNAMICDELAY", 7 0, o00000000066b5588;  0 drivers
o00000000066b55b8 .functor BUFZ 1, C4<z>; HiZ drive
v0000000006707770_0 .net "EXTFEEDBACK", 0 0, o00000000066b55b8;  0 drivers
o00000000066b55e8 .functor BUFZ 1, C4<z>; HiZ drive
v0000000006708710_0 .net "LATCHINPUTVALUE", 0 0, o00000000066b55e8;  0 drivers
o00000000066b5618 .functor BUFZ 1, C4<z>; HiZ drive
v00000000067079f0_0 .net "LOCK", 0 0, o00000000066b5618;  0 drivers
o00000000066b5648 .functor BUFZ 1, C4<z>; HiZ drive
v0000000006708490_0 .net "PACKAGEPIN", 0 0, o00000000066b5648;  0 drivers
o00000000066b5678 .functor BUFZ 1, C4<z>; HiZ drive
v0000000006707a90_0 .net "PLLOUTCOREA", 0 0, o00000000066b5678;  0 drivers
o00000000066b56a8 .functor BUFZ 1, C4<z>; HiZ drive
v00000000067087b0_0 .net "PLLOUTCOREB", 0 0, o00000000066b56a8;  0 drivers
o00000000066b56d8 .functor BUFZ 1, C4<z>; HiZ drive
v00000000067091b0_0 .net "PLLOUTGLOBALA", 0 0, o00000000066b56d8;  0 drivers
o00000000066b5708 .functor BUFZ 1, C4<z>; HiZ drive
v00000000067080d0_0 .net "PLLOUTGLOBALB", 0 0, o00000000066b5708;  0 drivers
o00000000066b5738 .functor BUFZ 1, C4<z>; HiZ drive
v0000000006708850_0 .net "RESETB", 0 0, o00000000066b5738;  0 drivers
o00000000066b5768 .functor BUFZ 1, C4<z>; HiZ drive
v0000000006708350_0 .net "SCLK", 0 0, o00000000066b5768;  0 drivers
o00000000066b5798 .functor BUFZ 1, C4<z>; HiZ drive
v00000000067088f0_0 .net "SDI", 0 0, o00000000066b5798;  0 drivers
o00000000066b57c8 .functor BUFZ 1, C4<z>; HiZ drive
v0000000006707b30_0 .net "SDO", 0 0, o00000000066b57c8;  0 drivers
S_00000000066a8470 .scope module, "SB_PLL40_2_PAD" "SB_PLL40_2_PAD" 2 2487;
 .timescale -12 -12;
    .port_info 0 /INPUT 1 "PACKAGEPIN";
    .port_info 1 /OUTPUT 1 "PLLOUTCOREA";
    .port_info 2 /OUTPUT 1 "PLLOUTGLOBALA";
    .port_info 3 /OUTPUT 1 "PLLOUTCOREB";
    .port_info 4 /OUTPUT 1 "PLLOUTGLOBALB";
    .port_info 5 /INPUT 1 "EXTFEEDBACK";
    .port_info 6 /INPUT 8 "DYNAMICDELAY";
    .port_info 7 /OUTPUT 1 "LOCK";
    .port_info 8 /INPUT 1 "BYPASS";
    .port_info 9 /INPUT 1 "RESETB";
    .port_info 10 /INPUT 1 "LATCHINPUTVALUE";
    .port_info 11 /OUTPUT 1 "SDO";
    .port_info 12 /INPUT 1 "SDI";
    .port_info 13 /INPUT 1 "SCLK";
P_0000000004dc90d0 .param/str "DELAY_ADJUSTMENT_MODE_FEEDBACK" 0 2 2504, "FIXED";
P_0000000004dc9108 .param/str "DELAY_ADJUSTMENT_MODE_RELATIVE" 0 2 2505, "FIXED";
P_0000000004dc9140 .param/l "DIVF" 0 2 2511, C4<0000000>;
P_0000000004dc9178 .param/l "DIVQ" 0 2 2512, C4<000>;
P_0000000004dc91b0 .param/l "DIVR" 0 2 2510, C4<0000>;
P_0000000004dc91e8 .param/l "ENABLE_ICEGATE_PORTA" 0 2 2514, C4<0>;
P_0000000004dc9220 .param/l "ENABLE_ICEGATE_PORTB" 0 2 2515, C4<0>;
P_0000000004dc9258 .param/l "EXTERNAL_DIVIDE_FACTOR" 0 2 2517, +C4<00000000000000000000000000000001>;
P_0000000004dc9290 .param/l "FDA_FEEDBACK" 0 2 2507, C4<0000>;
P_0000000004dc92c8 .param/l "FDA_RELATIVE" 0 2 2508, C4<0000>;
P_0000000004dc9300 .param/str "FEEDBACK_PATH" 0 2 2503, "SIMPLE";
P_0000000004dc9338 .param/l "FILTER_RANGE" 0 2 2513, C4<000>;
P_0000000004dc9370 .param/str "PLLOUT_SELECT_PORTB" 0 2 2509, "GENCLK";
P_0000000004dc93a8 .param/l "SHIFTREG_DIV_MODE" 0 2 2506, C4<0>;
P_0000000004dc93e0 .param/l "TEST_MODE" 0 2 2516, C4<0>;
o00000000066b5a98 .functor BUFZ 1, C4<z>; HiZ drive
v0000000006707d10_0 .net "BYPASS", 0 0, o00000000066b5a98;  0 drivers
o00000000066b5ac8 .functor BUFZ 8, C4<zzzzzzzz>; HiZ drive
v0000000006709070_0 .net "DYNAMICDELAY", 7 0, o00000000066b5ac8;  0 drivers
o00000000066b5af8 .functor BUFZ 1, C4<z>; HiZ drive
v0000000006707e50_0 .net "EXTFEEDBACK", 0 0, o00000000066b5af8;  0 drivers
o00000000066b5b28 .functor BUFZ 1, C4<z>; HiZ drive
v0000000006709110_0 .net "LATCHINPUTVALUE", 0 0, o00000000066b5b28;  0 drivers
o00000000066b5b58 .functor BUFZ 1, C4<z>; HiZ drive
v0000000006707ef0_0 .net "LOCK", 0 0, o00000000066b5b58;  0 drivers
o00000000066b5b88 .functor BUFZ 1, C4<z>; HiZ drive
v0000000006708170_0 .net "PACKAGEPIN", 0 0, o00000000066b5b88;  0 drivers
o00000000066b5bb8 .functor BUFZ 1, C4<z>; HiZ drive
v0000000006708210_0 .net "PLLOUTCOREA", 0 0, o00000000066b5bb8;  0 drivers
o00000000066b5be8 .functor BUFZ 1, C4<z>; HiZ drive
v0000000006708990_0 .net "PLLOUTCOREB", 0 0, o00000000066b5be8;  0 drivers
o00000000066b5c18 .functor BUFZ 1, C4<z>; HiZ drive
v0000000006708a30_0 .net "PLLOUTGLOBALA", 0 0, o00000000066b5c18;  0 drivers
o00000000066b5c48 .functor BUFZ 1, C4<z>; HiZ drive
v0000000006708ad0_0 .net "PLLOUTGLOBALB", 0 0, o00000000066b5c48;  0 drivers
o00000000066b5c78 .functor BUFZ 1, C4<z>; HiZ drive
v000000000670e050_0 .net "RESETB", 0 0, o00000000066b5c78;  0 drivers
o00000000066b5ca8 .functor BUFZ 1, C4<z>; HiZ drive
v000000000670ef50_0 .net "SCLK", 0 0, o00000000066b5ca8;  0 drivers
o00000000066b5cd8 .functor BUFZ 1, C4<z>; HiZ drive
v000000000670f1d0_0 .net "SDI", 0 0, o00000000066b5cd8;  0 drivers
o00000000066b5d08 .functor BUFZ 1, C4<z>; HiZ drive
v000000000670f770_0 .net "SDO", 0 0, o00000000066b5d08;  0 drivers
S_00000000066a8150 .scope module, "SB_PLL40_CORE" "SB_PLL40_CORE" 2 2425;
 .timescale -12 -12;
    .port_info 0 /INPUT 1 "REFERENCECLK";
    .port_info 1 /OUTPUT 1 "PLLOUTCORE";
    .port_info 2 /OUTPUT 1 "PLLOUTGLOBAL";
    .port_info 3 /INPUT 1 "EXTFEEDBACK";
    .port_info 4 /INPUT 8 "DYNAMICDELAY";
    .port_info 5 /OUTPUT 1 "LOCK";
    .port_info 6 /INPUT 1 "BYPASS";
    .port_info 7 /INPUT 1 "RESETB";
    .port_info 8 /INPUT 1 "LATCHINPUTVALUE";
    .port_info 9 /OUTPUT 1 "SDO";
    .port_info 10 /INPUT 1 "SDI";
    .port_info 11 /INPUT 1 "SCLK";
P_0000000004dbe880 .param/str "DELAY_ADJUSTMENT_MODE_FEEDBACK" 0 2 2440, "FIXED";
P_0000000004dbe8b8 .param/str "DELAY_ADJUSTMENT_MODE_RELATIVE" 0 2 2441, "FIXED";
P_0000000004dbe8f0 .param/l "DIVF" 0 2 2447, C4<0000000>;
P_0000000004dbe928 .param/l "DIVQ" 0 2 2448, C4<000>;
P_0000000004dbe960 .param/l "DIVR" 0 2 2446, C4<0000>;
P_0000000004dbe998 .param/l "ENABLE_ICEGATE" 0 2 2450, C4<0>;
P_0000000004dbe9d0 .param/l "EXTERNAL_DIVIDE_FACTOR" 0 2 2452, +C4<00000000000000000000000000000001>;
P_0000000004dbea08 .param/l "FDA_FEEDBACK" 0 2 2443, C4<0000>;
P_0000000004dbea40 .param/l "FDA_RELATIVE" 0 2 2444, C4<0000>;
P_0000000004dbea78 .param/str "FEEDBACK_PATH" 0 2 2439, "SIMPLE";
P_0000000004dbeab0 .param/l "FILTER_RANGE" 0 2 2449, C4<000>;
P_0000000004dbeae8 .param/str "PLLOUT_SELECT" 0 2 2445, "GENCLK";
P_0000000004dbeb20 .param/l "SHIFTREG_DIV_MODE" 0 2 2442, C4<0>;
P_0000000004dbeb58 .param/l "TEST_MODE" 0 2 2451, C4<0>;
o00000000066b5fd8 .functor BUFZ 1, C4<z>; HiZ drive
v000000000670da10_0 .net "BYPASS", 0 0, o00000000066b5fd8;  0 drivers
o00000000066b6008 .functor BUFZ 8, C4<zzzzzzzz>; HiZ drive
v000000000670ee10_0 .net "DYNAMICDELAY", 7 0, o00000000066b6008;  0 drivers
o00000000066b6038 .functor BUFZ 1, C4<z>; HiZ drive
v000000000670f6d0_0 .net "EXTFEEDBACK", 0 0, o00000000066b6038;  0 drivers
o00000000066b6068 .functor BUFZ 1, C4<z>; HiZ drive
v000000000670dfb0_0 .net "LATCHINPUTVALUE", 0 0, o00000000066b6068;  0 drivers
o00000000066b6098 .functor BUFZ 1, C4<z>; HiZ drive
v000000000670f090_0 .net "LOCK", 0 0, o00000000066b6098;  0 drivers
o00000000066b60c8 .functor BUFZ 1, C4<z>; HiZ drive
v000000000670e9b0_0 .net "PLLOUTCORE", 0 0, o00000000066b60c8;  0 drivers
o00000000066b60f8 .functor BUFZ 1, C4<z>; HiZ drive
v000000000670e870_0 .net "PLLOUTGLOBAL", 0 0, o00000000066b60f8;  0 drivers
o00000000066b6128 .functor BUFZ 1, C4<z>; HiZ drive
v000000000670eeb0_0 .net "REFERENCECLK", 0 0, o00000000066b6128;  0 drivers
o00000000066b6158 .functor BUFZ 1, C4<z>; HiZ drive
v000000000670e410_0 .net "RESETB", 0 0, o00000000066b6158;  0 drivers
o00000000066b6188 .functor BUFZ 1, C4<z>; HiZ drive
v000000000670dab0_0 .net "SCLK", 0 0, o00000000066b6188;  0 drivers
o00000000066b61b8 .functor BUFZ 1, C4<z>; HiZ drive
v000000000670e690_0 .net "SDI", 0 0, o00000000066b61b8;  0 drivers
o00000000066b61e8 .functor BUFZ 1, C4<z>; HiZ drive
v000000000670f9f0_0 .net "SDO", 0 0, o00000000066b61e8;  0 drivers
S_00000000066a90f0 .scope module, "SB_PLL40_PAD" "SB_PLL40_PAD" 2 2456;
 .timescale -12 -12;
    .port_info 0 /INPUT 1 "PACKAGEPIN";
    .port_info 1 /OUTPUT 1 "PLLOUTCORE";
    .port_info 2 /OUTPUT 1 "PLLOUTGLOBAL";
    .port_info 3 /INPUT 1 "EXTFEEDBACK";
    .port_info 4 /INPUT 8 "DYNAMICDELAY";
    .port_info 5 /OUTPUT 1 "LOCK";
    .port_info 6 /INPUT 1 "BYPASS";
    .port_info 7 /INPUT 1 "RESETB";
    .port_info 8 /INPUT 1 "LATCHINPUTVALUE";
    .port_info 9 /OUTPUT 1 "SDO";
    .port_info 10 /INPUT 1 "SDI";
    .port_info 11 /INPUT 1 "SCLK";
P_0000000004dbca30 .param/str "DELAY_ADJUSTMENT_MODE_FEEDBACK" 0 2 2471, "FIXED";
P_0000000004dbca68 .param/str "DELAY_ADJUSTMENT_MODE_RELATIVE" 0 2 2472, "FIXED";
P_0000000004dbcaa0 .param/l "DIVF" 0 2 2478, C4<0000000>;
P_0000000004dbcad8 .param/l "DIVQ" 0 2 2479, C4<000>;
P_0000000004dbcb10 .param/l "DIVR" 0 2 2477, C4<0000>;
P_0000000004dbcb48 .param/l "ENABLE_ICEGATE" 0 2 2481, C4<0>;
P_0000000004dbcb80 .param/l "EXTERNAL_DIVIDE_FACTOR" 0 2 2483, +C4<00000000000000000000000000000001>;
P_0000000004dbcbb8 .param/l "FDA_FEEDBACK" 0 2 2474, C4<0000>;
P_0000000004dbcbf0 .param/l "FDA_RELATIVE" 0 2 2475, C4<0000>;
P_0000000004dbcc28 .param/str "FEEDBACK_PATH" 0 2 2470, "SIMPLE";
P_0000000004dbcc60 .param/l "FILTER_RANGE" 0 2 2480, C4<000>;
P_0000000004dbcc98 .param/str "PLLOUT_SELECT" 0 2 2476, "GENCLK";
P_0000000004dbccd0 .param/l "SHIFTREG_DIV_MODE" 0 2 2473, C4<0>;
P_0000000004dbcd08 .param/l "TEST_MODE" 0 2 2482, C4<0>;
o00000000066b6458 .functor BUFZ 1, C4<z>; HiZ drive
v000000000670e190_0 .net "BYPASS", 0 0, o00000000066b6458;  0 drivers
o00000000066b6488 .functor BUFZ 8, C4<zzzzzzzz>; HiZ drive
v000000000670f810_0 .net "DYNAMICDELAY", 7 0, o00000000066b6488;  0 drivers
o00000000066b64b8 .functor BUFZ 1, C4<z>; HiZ drive
v000000000670f130_0 .net "EXTFEEDBACK", 0 0, o00000000066b64b8;  0 drivers
o00000000066b64e8 .functor BUFZ 1, C4<z>; HiZ drive
v000000000670e230_0 .net "LATCHINPUTVALUE", 0 0, o00000000066b64e8;  0 drivers
o00000000066b6518 .functor BUFZ 1, C4<z>; HiZ drive
v000000000670f270_0 .net "LOCK", 0 0, o00000000066b6518;  0 drivers
o00000000066b6548 .functor BUFZ 1, C4<z>; HiZ drive
v000000000670fbd0_0 .net "PACKAGEPIN", 0 0, o00000000066b6548;  0 drivers
o00000000066b6578 .functor BUFZ 1, C4<z>; HiZ drive
v000000000670e0f0_0 .net "PLLOUTCORE", 0 0, o00000000066b6578;  0 drivers
o00000000066b65a8 .functor BUFZ 1, C4<z>; HiZ drive
v000000000670e2d0_0 .net "PLLOUTGLOBAL", 0 0, o00000000066b65a8;  0 drivers
o00000000066b65d8 .functor BUFZ 1, C4<z>; HiZ drive
v000000000670d970_0 .net "RESETB", 0 0, o00000000066b65d8;  0 drivers
o00000000066b6608 .functor BUFZ 1, C4<z>; HiZ drive
v000000000670fef0_0 .net "SCLK", 0 0, o00000000066b6608;  0 drivers
o00000000066b6638 .functor BUFZ 1, C4<z>; HiZ drive
v000000000670e4b0_0 .net "SDI", 0 0, o00000000066b6638;  0 drivers
o00000000066b6668 .functor BUFZ 1, C4<z>; HiZ drive
v000000000670f310_0 .net "SDO", 0 0, o00000000066b6668;  0 drivers
S_00000000066a95a0 .scope module, "SB_RAM40_4KNR" "SB_RAM40_4KNR" 2 1726;
 .timescale -12 -12;
    .port_info 0 /OUTPUT 16 "RDATA";
    .port_info 1 /INPUT 1 "RCLKN";
    .port_info 2 /INPUT 1 "RCLKE";
    .port_info 3 /INPUT 1 "RE";
    .port_info 4 /INPUT 11 "RADDR";
    .port_info 5 /INPUT 1 "WCLK";
    .port_info 6 /INPUT 1 "WCLKE";
    .port_info 7 /INPUT 1 "WE";
    .port_info 8 /INPUT 11 "WADDR";
    .port_info 9 /INPUT 16 "MASK";
    .port_info 10 /INPUT 16 "WDATA";
P_0000000004dbc4b0 .param/l "INIT_0" 0 2 1742, C4<0000000000000000000000000000000000000000000000000000000000000000000000000000000000000000000000000000000000000000000000000000000000000000000000000000000000000000000000000000000000000000000000000000000000000000000000000000000000000000000000000000000000000000>;
P_0000000004dbc4e8 .param/l "INIT_1" 0 2 1743, C4<0000000000000000000000000000000000000000000000000000000000000000000000000000000000000000000000000000000000000000000000000000000000000000000000000000000000000000000000000000000000000000000000000000000000000000000000000000000000000000000000000000000000000000>;
P_0000000004dbc520 .param/l "INIT_2" 0 2 1744, C4<0000000000000000000000000000000000000000000000000000000000000000000000000000000000000000000000000000000000000000000000000000000000000000000000000000000000000000000000000000000000000000000000000000000000000000000000000000000000000000000000000000000000000000>;
P_0000000004dbc558 .param/l "INIT_3" 0 2 1745, C4<0000000000000000000000000000000000000000000000000000000000000000000000000000000000000000000000000000000000000000000000000000000000000000000000000000000000000000000000000000000000000000000000000000000000000000000000000000000000000000000000000000000000000000>;
P_0000000004dbc590 .param/l "INIT_4" 0 2 1746, C4<0000000000000000000000000000000000000000000000000000000000000000000000000000000000000000000000000000000000000000000000000000000000000000000000000000000000000000000000000000000000000000000000000000000000000000000000000000000000000000000000000000000000000000>;
P_0000000004dbc5c8 .param/l "INIT_5" 0 2 1747, C4<0000000000000000000000000000000000000000000000000000000000000000000000000000000000000000000000000000000000000000000000000000000000000000000000000000000000000000000000000000000000000000000000000000000000000000000000000000000000000000000000000000000000000000>;
P_0000000004dbc600 .param/l "INIT_6" 0 2 1748, C4<0000000000000000000000000000000000000000000000000000000000000000000000000000000000000000000000000000000000000000000000000000000000000000000000000000000000000000000000000000000000000000000000000000000000000000000000000000000000000000000000000000000000000000>;
P_0000000004dbc638 .param/l "INIT_7" 0 2 1749, C4<0000000000000000000000000000000000000000000000000000000000000000000000000000000000000000000000000000000000000000000000000000000000000000000000000000000000000000000000000000000000000000000000000000000000000000000000000000000000000000000000000000000000000000>;
P_0000000004dbc670 .param/l "INIT_8" 0 2 1750, C4<0000000000000000000000000000000000000000000000000000000000000000000000000000000000000000000000000000000000000000000000000000000000000000000000000000000000000000000000000000000000000000000000000000000000000000000000000000000000000000000000000000000000000000>;
P_0000000004dbc6a8 .param/l "INIT_9" 0 2 1751, C4<0000000000000000000000000000000000000000000000000000000000000000000000000000000000000000000000000000000000000000000000000000000000000000000000000000000000000000000000000000000000000000000000000000000000000000000000000000000000000000000000000000000000000000>;
P_0000000004dbc6e0 .param/l "INIT_A" 0 2 1752, C4<0000000000000000000000000000000000000000000000000000000000000000000000000000000000000000000000000000000000000000000000000000000000000000000000000000000000000000000000000000000000000000000000000000000000000000000000000000000000000000000000000000000000000000>;
P_0000000004dbc718 .param/l "INIT_B" 0 2 1753, C4<0000000000000000000000000000000000000000000000000000000000000000000000000000000000000000000000000000000000000000000000000000000000000000000000000000000000000000000000000000000000000000000000000000000000000000000000000000000000000000000000000000000000000000>;
P_0000000004dbc750 .param/l "INIT_C" 0 2 1754, C4<0000000000000000000000000000000000000000000000000000000000000000000000000000000000000000000000000000000000000000000000000000000000000000000000000000000000000000000000000000000000000000000000000000000000000000000000000000000000000000000000000000000000000000>;
P_0000000004dbc788 .param/l "INIT_D" 0 2 1755, C4<0000000000000000000000000000000000000000000000000000000000000000000000000000000000000000000000000000000000000000000000000000000000000000000000000000000000000000000000000000000000000000000000000000000000000000000000000000000000000000000000000000000000000000>;
P_0000000004dbc7c0 .param/l "INIT_E" 0 2 1756, C4<0000000000000000000000000000000000000000000000000000000000000000000000000000000000000000000000000000000000000000000000000000000000000000000000000000000000000000000000000000000000000000000000000000000000000000000000000000000000000000000000000000000000000000>;
P_0000000004dbc7f8 .param/l "INIT_F" 0 2 1757, C4<0000000000000000000000000000000000000000000000000000000000000000000000000000000000000000000000000000000000000000000000000000000000000000000000000000000000000000000000000000000000000000000000000000000000000000000000000000000000000000000000000000000000000000>;
P_0000000004dbc830 .param/str "INIT_FILE" 0 2 1759, "\000";
P_0000000004dbc868 .param/l "READ_MODE" 0 2 1740, +C4<00000000000000000000000000000000>;
P_0000000004dbc8a0 .param/l "WRITE_MODE" 0 2 1739, +C4<00000000000000000000000000000000>;
o00000000066b6de8 .functor BUFZ 1, C4<z>; HiZ drive
L_000000000661f530 .functor NOT 1, o00000000066b6de8, C4<0>, C4<0>, C4<0>;
o00000000066b68d8 .functor BUFZ 16, C4<zzzzzzzzzzzzzzzz>; HiZ drive
v000000000670eaf0_0 .net "MASK", 15 0, o00000000066b68d8;  0 drivers
o00000000066b6908 .functor BUFZ 11, C4<zzzzzzzzzzz>; HiZ drive
v000000000670fdb0_0 .net "RADDR", 10 0, o00000000066b6908;  0 drivers
o00000000066b6968 .functor BUFZ 1, C4<z>; HiZ drive
v000000000670eb90_0 .net "RCLKE", 0 0, o00000000066b6968;  0 drivers
v000000000670ec30_0 .net "RCLKN", 0 0, o00000000066b6de8;  0 drivers
v000000000670fc70_0 .net "RDATA", 15 0, L_000000000661f140;  1 drivers
o00000000066b69f8 .functor BUFZ 1, C4<z>; HiZ drive
v000000000670db50_0 .net "RE", 0 0, o00000000066b69f8;  0 drivers
o00000000066b6a58 .functor BUFZ 11, C4<zzzzzzzzzzz>; HiZ drive
v000000000670ed70_0 .net "WADDR", 10 0, o00000000066b6a58;  0 drivers
o00000000066b6a88 .functor BUFZ 1, C4<z>; HiZ drive
v000000000670df10_0 .net "WCLK", 0 0, o00000000066b6a88;  0 drivers
o00000000066b6ab8 .functor BUFZ 1, C4<z>; HiZ drive
v000000000670eff0_0 .net "WCLKE", 0 0, o00000000066b6ab8;  0 drivers
o00000000066b6ae8 .functor BUFZ 16, C4<zzzzzzzzzzzzzzzz>; HiZ drive
v000000000670f950_0 .net "WDATA", 15 0, o00000000066b6ae8;  0 drivers
o00000000066b6b48 .functor BUFZ 1, C4<z>; HiZ drive
v000000000670fa90_0 .net "WE", 0 0, o00000000066b6b48;  0 drivers
S_00000000064f50d0 .scope module, "RAM" "SB_RAM40_4K" 2 1781, 2 1487 0, S_00000000066a95a0;
 .timescale -12 -12;
    .port_info 0 /OUTPUT 16 "RDATA";
    .port_info 1 /INPUT 1 "RCLK";
    .port_info 2 /INPUT 1 "RCLKE";
    .port_info 3 /INPUT 1 "RE";
    .port_info 4 /INPUT 11 "RADDR";
    .port_info 5 /INPUT 1 "WCLK";
    .port_info 6 /INPUT 1 "WCLKE";
    .port_info 7 /INPUT 1 "WE";
    .port_info 8 /INPUT 11 "WADDR";
    .port_info 9 /INPUT 16 "MASK";
    .port_info 10 /INPUT 16 "WDATA";
P_0000000006715740 .param/l "INIT_0" 0 2 1507, C4<0000000000000000000000000000000000000000000000000000000000000000000000000000000000000000000000000000000000000000000000000000000000000000000000000000000000000000000000000000000000000000000000000000000000000000000000000000000000000000000000000000000000000000>;
P_0000000006715778 .param/l "INIT_1" 0 2 1508, C4<0000000000000000000000000000000000000000000000000000000000000000000000000000000000000000000000000000000000000000000000000000000000000000000000000000000000000000000000000000000000000000000000000000000000000000000000000000000000000000000000000000000000000000>;
P_00000000067157b0 .param/l "INIT_2" 0 2 1509, C4<0000000000000000000000000000000000000000000000000000000000000000000000000000000000000000000000000000000000000000000000000000000000000000000000000000000000000000000000000000000000000000000000000000000000000000000000000000000000000000000000000000000000000000>;
P_00000000067157e8 .param/l "INIT_3" 0 2 1510, C4<0000000000000000000000000000000000000000000000000000000000000000000000000000000000000000000000000000000000000000000000000000000000000000000000000000000000000000000000000000000000000000000000000000000000000000000000000000000000000000000000000000000000000000>;
P_0000000006715820 .param/l "INIT_4" 0 2 1511, C4<0000000000000000000000000000000000000000000000000000000000000000000000000000000000000000000000000000000000000000000000000000000000000000000000000000000000000000000000000000000000000000000000000000000000000000000000000000000000000000000000000000000000000000>;
P_0000000006715858 .param/l "INIT_5" 0 2 1512, C4<0000000000000000000000000000000000000000000000000000000000000000000000000000000000000000000000000000000000000000000000000000000000000000000000000000000000000000000000000000000000000000000000000000000000000000000000000000000000000000000000000000000000000000>;
P_0000000006715890 .param/l "INIT_6" 0 2 1513, C4<0000000000000000000000000000000000000000000000000000000000000000000000000000000000000000000000000000000000000000000000000000000000000000000000000000000000000000000000000000000000000000000000000000000000000000000000000000000000000000000000000000000000000000>;
P_00000000067158c8 .param/l "INIT_7" 0 2 1514, C4<0000000000000000000000000000000000000000000000000000000000000000000000000000000000000000000000000000000000000000000000000000000000000000000000000000000000000000000000000000000000000000000000000000000000000000000000000000000000000000000000000000000000000000>;
P_0000000006715900 .param/l "INIT_8" 0 2 1515, C4<0000000000000000000000000000000000000000000000000000000000000000000000000000000000000000000000000000000000000000000000000000000000000000000000000000000000000000000000000000000000000000000000000000000000000000000000000000000000000000000000000000000000000000>;
P_0000000006715938 .param/l "INIT_9" 0 2 1516, C4<0000000000000000000000000000000000000000000000000000000000000000000000000000000000000000000000000000000000000000000000000000000000000000000000000000000000000000000000000000000000000000000000000000000000000000000000000000000000000000000000000000000000000000>;
P_0000000006715970 .param/l "INIT_A" 0 2 1517, C4<0000000000000000000000000000000000000000000000000000000000000000000000000000000000000000000000000000000000000000000000000000000000000000000000000000000000000000000000000000000000000000000000000000000000000000000000000000000000000000000000000000000000000000>;
P_00000000067159a8 .param/l "INIT_B" 0 2 1518, C4<0000000000000000000000000000000000000000000000000000000000000000000000000000000000000000000000000000000000000000000000000000000000000000000000000000000000000000000000000000000000000000000000000000000000000000000000000000000000000000000000000000000000000000>;
P_00000000067159e0 .param/l "INIT_C" 0 2 1519, C4<0000000000000000000000000000000000000000000000000000000000000000000000000000000000000000000000000000000000000000000000000000000000000000000000000000000000000000000000000000000000000000000000000000000000000000000000000000000000000000000000000000000000000000>;
P_0000000006715a18 .param/l "INIT_D" 0 2 1520, C4<0000000000000000000000000000000000000000000000000000000000000000000000000000000000000000000000000000000000000000000000000000000000000000000000000000000000000000000000000000000000000000000000000000000000000000000000000000000000000000000000000000000000000000>;
P_0000000006715a50 .param/l "INIT_E" 0 2 1521, C4<0000000000000000000000000000000000000000000000000000000000000000000000000000000000000000000000000000000000000000000000000000000000000000000000000000000000000000000000000000000000000000000000000000000000000000000000000000000000000000000000000000000000000000>;
P_0000000006715a88 .param/l "INIT_F" 0 2 1522, C4<0000000000000000000000000000000000000000000000000000000000000000000000000000000000000000000000000000000000000000000000000000000000000000000000000000000000000000000000000000000000000000000000000000000000000000000000000000000000000000000000000000000000000000>;
P_0000000006715ac0 .param/str "INIT_FILE" 0 2 1524, "\000";
P_0000000006715af8 .param/l "READ_MODE" 0 2 1505, +C4<00000000000000000000000000000000>;
P_0000000006715b30 .param/l "WRITE_MODE" 0 2 1504, +C4<00000000000000000000000000000000>;
v000000000670e550_0 .net "MASK", 15 0, o00000000066b68d8;  alias, 0 drivers
v000000000670f3b0_0 .net "RADDR", 10 0, o00000000066b6908;  alias, 0 drivers
v000000000670e7d0_0 .net "RCLK", 0 0, L_000000000661f530;  1 drivers
v000000000670e370_0 .net "RCLKE", 0 0, o00000000066b6968;  alias, 0 drivers
v000000000670e5f0_0 .net "RDATA", 15 0, L_000000000661f140;  alias, 1 drivers
v000000000670fd10_0 .var "RDATA_I", 15 0;
v000000000670f630_0 .net "RE", 0 0, o00000000066b69f8;  alias, 0 drivers
L_0000000006748f80 .functor BUFT 1, C4<0000000000000000>, C4<0>, C4<0>, C4<0>;
v000000000670e910_0 .net "RMASK_I", 15 0, L_0000000006748f80;  1 drivers
v000000000670f450_0 .net "WADDR", 10 0, o00000000066b6a58;  alias, 0 drivers
v000000000670f4f0_0 .net "WCLK", 0 0, o00000000066b6a88;  alias, 0 drivers
v000000000670e730_0 .net "WCLKE", 0 0, o00000000066b6ab8;  alias, 0 drivers
v000000000670f590_0 .net "WDATA", 15 0, o00000000066b6ae8;  alias, 0 drivers
v000000000670ea50_0 .net "WDATA_I", 15 0, L_000000000661f6f0;  1 drivers
v000000000670ddd0_0 .net "WE", 0 0, o00000000066b6b48;  alias, 0 drivers
v000000000670f8b0_0 .net "WMASK_I", 15 0, L_000000000661f0d0;  1 drivers
v000000000670de70_0 .var/i "i", 31 0;
v000000000670ecd0 .array "memory", 255 0, 15 0;
E_000000000666f130 .event posedge, v000000000670e7d0_0;
E_000000000666e830 .event posedge, v000000000670f4f0_0;
S_00000000064f5260 .scope generate, "genblk1" "genblk1" 2 1534, 2 1534 0, S_00000000064f50d0;
 .timescale -12 -12;
L_000000000661f0d0 .functor BUFZ 16, o00000000066b68d8, C4<0000000000000000>, C4<0000000000000000>, C4<0000000000000000>;
S_00000000064f5a30 .scope generate, "genblk2" "genblk2" 2 1555, 2 1555 0, S_00000000064f50d0;
 .timescale -12 -12;
S_0000000006715ee0 .scope generate, "genblk3" "genblk3" 2 1576, 2 1576 0, S_00000000064f50d0;
 .timescale -12 -12;
L_000000000661f6f0 .functor BUFZ 16, o00000000066b6ae8, C4<0000000000000000>, C4<0000000000000000>, C4<0000000000000000>;
S_0000000006716840 .scope generate, "genblk4" "genblk4" 2 1595, 2 1595 0, S_00000000064f50d0;
 .timescale -12 -12;
L_000000000661f140 .functor BUFZ 16, v000000000670fd10_0, C4<0000000000000000>, C4<0000000000000000>, C4<0000000000000000>;
S_00000000066a7e30 .scope module, "SB_RAM40_4KNRNW" "SB_RAM40_4KNRNW" 2 1998;
 .timescale -12 -12;
    .port_info 0 /OUTPUT 16 "RDATA";
    .port_info 1 /INPUT 1 "RCLKN";
    .port_info 2 /INPUT 1 "RCLKE";
    .port_info 3 /INPUT 1 "RE";
    .port_info 4 /INPUT 11 "RADDR";
    .port_info 5 /INPUT 1 "WCLKN";
    .port_info 6 /INPUT 1 "WCLKE";
    .port_info 7 /INPUT 1 "WE";
    .port_info 8 /INPUT 11 "WADDR";
    .port_info 9 /INPUT 16 "MASK";
    .port_info 10 /INPUT 16 "WDATA";
P_0000000004d72ce0 .param/l "INIT_0" 0 2 2014, C4<0000000000000000000000000000000000000000000000000000000000000000000000000000000000000000000000000000000000000000000000000000000000000000000000000000000000000000000000000000000000000000000000000000000000000000000000000000000000000000000000000000000000000000>;
P_0000000004d72d18 .param/l "INIT_1" 0 2 2015, C4<0000000000000000000000000000000000000000000000000000000000000000000000000000000000000000000000000000000000000000000000000000000000000000000000000000000000000000000000000000000000000000000000000000000000000000000000000000000000000000000000000000000000000000>;
P_0000000004d72d50 .param/l "INIT_2" 0 2 2016, C4<0000000000000000000000000000000000000000000000000000000000000000000000000000000000000000000000000000000000000000000000000000000000000000000000000000000000000000000000000000000000000000000000000000000000000000000000000000000000000000000000000000000000000000>;
P_0000000004d72d88 .param/l "INIT_3" 0 2 2017, C4<0000000000000000000000000000000000000000000000000000000000000000000000000000000000000000000000000000000000000000000000000000000000000000000000000000000000000000000000000000000000000000000000000000000000000000000000000000000000000000000000000000000000000000>;
P_0000000004d72dc0 .param/l "INIT_4" 0 2 2018, C4<0000000000000000000000000000000000000000000000000000000000000000000000000000000000000000000000000000000000000000000000000000000000000000000000000000000000000000000000000000000000000000000000000000000000000000000000000000000000000000000000000000000000000000>;
P_0000000004d72df8 .param/l "INIT_5" 0 2 2019, C4<0000000000000000000000000000000000000000000000000000000000000000000000000000000000000000000000000000000000000000000000000000000000000000000000000000000000000000000000000000000000000000000000000000000000000000000000000000000000000000000000000000000000000000>;
P_0000000004d72e30 .param/l "INIT_6" 0 2 2020, C4<0000000000000000000000000000000000000000000000000000000000000000000000000000000000000000000000000000000000000000000000000000000000000000000000000000000000000000000000000000000000000000000000000000000000000000000000000000000000000000000000000000000000000000>;
P_0000000004d72e68 .param/l "INIT_7" 0 2 2021, C4<0000000000000000000000000000000000000000000000000000000000000000000000000000000000000000000000000000000000000000000000000000000000000000000000000000000000000000000000000000000000000000000000000000000000000000000000000000000000000000000000000000000000000000>;
P_0000000004d72ea0 .param/l "INIT_8" 0 2 2022, C4<0000000000000000000000000000000000000000000000000000000000000000000000000000000000000000000000000000000000000000000000000000000000000000000000000000000000000000000000000000000000000000000000000000000000000000000000000000000000000000000000000000000000000000>;
P_0000000004d72ed8 .param/l "INIT_9" 0 2 2023, C4<0000000000000000000000000000000000000000000000000000000000000000000000000000000000000000000000000000000000000000000000000000000000000000000000000000000000000000000000000000000000000000000000000000000000000000000000000000000000000000000000000000000000000000>;
P_0000000004d72f10 .param/l "INIT_A" 0 2 2024, C4<0000000000000000000000000000000000000000000000000000000000000000000000000000000000000000000000000000000000000000000000000000000000000000000000000000000000000000000000000000000000000000000000000000000000000000000000000000000000000000000000000000000000000000>;
P_0000000004d72f48 .param/l "INIT_B" 0 2 2025, C4<0000000000000000000000000000000000000000000000000000000000000000000000000000000000000000000000000000000000000000000000000000000000000000000000000000000000000000000000000000000000000000000000000000000000000000000000000000000000000000000000000000000000000000>;
P_0000000004d72f80 .param/l "INIT_C" 0 2 2026, C4<0000000000000000000000000000000000000000000000000000000000000000000000000000000000000000000000000000000000000000000000000000000000000000000000000000000000000000000000000000000000000000000000000000000000000000000000000000000000000000000000000000000000000000>;
P_0000000004d72fb8 .param/l "INIT_D" 0 2 2027, C4<0000000000000000000000000000000000000000000000000000000000000000000000000000000000000000000000000000000000000000000000000000000000000000000000000000000000000000000000000000000000000000000000000000000000000000000000000000000000000000000000000000000000000000>;
P_0000000004d72ff0 .param/l "INIT_E" 0 2 2028, C4<0000000000000000000000000000000000000000000000000000000000000000000000000000000000000000000000000000000000000000000000000000000000000000000000000000000000000000000000000000000000000000000000000000000000000000000000000000000000000000000000000000000000000000>;
P_0000000004d73028 .param/l "INIT_F" 0 2 2029, C4<0000000000000000000000000000000000000000000000000000000000000000000000000000000000000000000000000000000000000000000000000000000000000000000000000000000000000000000000000000000000000000000000000000000000000000000000000000000000000000000000000000000000000000>;
P_0000000004d73060 .param/str "INIT_FILE" 0 2 2031, "\000";
P_0000000004d73098 .param/l "READ_MODE" 0 2 2012, +C4<00000000000000000000000000000000>;
P_0000000004d730d0 .param/l "WRITE_MODE" 0 2 2011, +C4<00000000000000000000000000000000>;
o00000000066b7538 .functor BUFZ 1, C4<z>; HiZ drive
L_000000000661c890 .functor NOT 1, o00000000066b7538, C4<0>, C4<0>, C4<0>;
o00000000066b7568 .functor BUFZ 1, C4<z>; HiZ drive
L_000000000661c510 .functor NOT 1, o00000000066b7568, C4<0>, C4<0>, C4<0>;
o00000000066b7028 .functor BUFZ 16, C4<zzzzzzzzzzzzzzzz>; HiZ drive
v00000000067126f0_0 .net "MASK", 15 0, o00000000066b7028;  0 drivers
o00000000066b7058 .functor BUFZ 11, C4<zzzzzzzzzzz>; HiZ drive
v0000000006711890_0 .net "RADDR", 10 0, o00000000066b7058;  0 drivers
o00000000066b70b8 .functor BUFZ 1, C4<z>; HiZ drive
v00000000067123d0_0 .net "RCLKE", 0 0, o00000000066b70b8;  0 drivers
v00000000067117f0_0 .net "RCLKN", 0 0, o00000000066b7538;  0 drivers
v0000000006711070_0 .net "RDATA", 15 0, L_000000000661f4c0;  1 drivers
o00000000066b7148 .functor BUFZ 1, C4<z>; HiZ drive
v00000000067102b0_0 .net "RE", 0 0, o00000000066b7148;  0 drivers
o00000000066b71a8 .functor BUFZ 11, C4<zzzzzzzzzzz>; HiZ drive
v00000000067114d0_0 .net "WADDR", 10 0, o00000000066b71a8;  0 drivers
o00000000066b7208 .functor BUFZ 1, C4<z>; HiZ drive
v0000000006711610_0 .net "WCLKE", 0 0, o00000000066b7208;  0 drivers
v0000000006710350_0 .net "WCLKN", 0 0, o00000000066b7568;  0 drivers
o00000000066b7238 .functor BUFZ 16, C4<zzzzzzzzzzzzzzzz>; HiZ drive
v00000000067105d0_0 .net "WDATA", 15 0, o00000000066b7238;  0 drivers
o00000000066b7298 .functor BUFZ 1, C4<z>; HiZ drive
v0000000006711390_0 .net "WE", 0 0, o00000000066b7298;  0 drivers
S_0000000006715d50 .scope module, "RAM" "SB_RAM40_4K" 2 2053, 2 1487 0, S_00000000066a7e30;
 .timescale -12 -12;
    .port_info 0 /OUTPUT 16 "RDATA";
    .port_info 1 /INPUT 1 "RCLK";
    .port_info 2 /INPUT 1 "RCLKE";
    .port_info 3 /INPUT 1 "RE";
    .port_info 4 /INPUT 11 "RADDR";
    .port_info 5 /INPUT 1 "WCLK";
    .port_info 6 /INPUT 1 "WCLKE";
    .port_info 7 /INPUT 1 "WE";
    .port_info 8 /INPUT 11 "WADDR";
    .port_info 9 /INPUT 16 "MASK";
    .port_info 10 /INPUT 16 "WDATA";
P_0000000006717b80 .param/l "INIT_0" 0 2 1507, C4<0000000000000000000000000000000000000000000000000000000000000000000000000000000000000000000000000000000000000000000000000000000000000000000000000000000000000000000000000000000000000000000000000000000000000000000000000000000000000000000000000000000000000000>;
P_0000000006717bb8 .param/l "INIT_1" 0 2 1508, C4<0000000000000000000000000000000000000000000000000000000000000000000000000000000000000000000000000000000000000000000000000000000000000000000000000000000000000000000000000000000000000000000000000000000000000000000000000000000000000000000000000000000000000000>;
P_0000000006717bf0 .param/l "INIT_2" 0 2 1509, C4<0000000000000000000000000000000000000000000000000000000000000000000000000000000000000000000000000000000000000000000000000000000000000000000000000000000000000000000000000000000000000000000000000000000000000000000000000000000000000000000000000000000000000000>;
P_0000000006717c28 .param/l "INIT_3" 0 2 1510, C4<0000000000000000000000000000000000000000000000000000000000000000000000000000000000000000000000000000000000000000000000000000000000000000000000000000000000000000000000000000000000000000000000000000000000000000000000000000000000000000000000000000000000000000>;
P_0000000006717c60 .param/l "INIT_4" 0 2 1511, C4<0000000000000000000000000000000000000000000000000000000000000000000000000000000000000000000000000000000000000000000000000000000000000000000000000000000000000000000000000000000000000000000000000000000000000000000000000000000000000000000000000000000000000000>;
P_0000000006717c98 .param/l "INIT_5" 0 2 1512, C4<0000000000000000000000000000000000000000000000000000000000000000000000000000000000000000000000000000000000000000000000000000000000000000000000000000000000000000000000000000000000000000000000000000000000000000000000000000000000000000000000000000000000000000>;
P_0000000006717cd0 .param/l "INIT_6" 0 2 1513, C4<0000000000000000000000000000000000000000000000000000000000000000000000000000000000000000000000000000000000000000000000000000000000000000000000000000000000000000000000000000000000000000000000000000000000000000000000000000000000000000000000000000000000000000>;
P_0000000006717d08 .param/l "INIT_7" 0 2 1514, C4<0000000000000000000000000000000000000000000000000000000000000000000000000000000000000000000000000000000000000000000000000000000000000000000000000000000000000000000000000000000000000000000000000000000000000000000000000000000000000000000000000000000000000000>;
P_0000000006717d40 .param/l "INIT_8" 0 2 1515, C4<0000000000000000000000000000000000000000000000000000000000000000000000000000000000000000000000000000000000000000000000000000000000000000000000000000000000000000000000000000000000000000000000000000000000000000000000000000000000000000000000000000000000000000>;
P_0000000006717d78 .param/l "INIT_9" 0 2 1516, C4<0000000000000000000000000000000000000000000000000000000000000000000000000000000000000000000000000000000000000000000000000000000000000000000000000000000000000000000000000000000000000000000000000000000000000000000000000000000000000000000000000000000000000000>;
P_0000000006717db0 .param/l "INIT_A" 0 2 1517, C4<0000000000000000000000000000000000000000000000000000000000000000000000000000000000000000000000000000000000000000000000000000000000000000000000000000000000000000000000000000000000000000000000000000000000000000000000000000000000000000000000000000000000000000>;
P_0000000006717de8 .param/l "INIT_B" 0 2 1518, C4<0000000000000000000000000000000000000000000000000000000000000000000000000000000000000000000000000000000000000000000000000000000000000000000000000000000000000000000000000000000000000000000000000000000000000000000000000000000000000000000000000000000000000000>;
P_0000000006717e20 .param/l "INIT_C" 0 2 1519, C4<0000000000000000000000000000000000000000000000000000000000000000000000000000000000000000000000000000000000000000000000000000000000000000000000000000000000000000000000000000000000000000000000000000000000000000000000000000000000000000000000000000000000000000>;
P_0000000006717e58 .param/l "INIT_D" 0 2 1520, C4<0000000000000000000000000000000000000000000000000000000000000000000000000000000000000000000000000000000000000000000000000000000000000000000000000000000000000000000000000000000000000000000000000000000000000000000000000000000000000000000000000000000000000000>;
P_0000000006717e90 .param/l "INIT_E" 0 2 1521, C4<0000000000000000000000000000000000000000000000000000000000000000000000000000000000000000000000000000000000000000000000000000000000000000000000000000000000000000000000000000000000000000000000000000000000000000000000000000000000000000000000000000000000000000>;
P_0000000006717ec8 .param/l "INIT_F" 0 2 1522, C4<0000000000000000000000000000000000000000000000000000000000000000000000000000000000000000000000000000000000000000000000000000000000000000000000000000000000000000000000000000000000000000000000000000000000000000000000000000000000000000000000000000000000000000>;
P_0000000006717f00 .param/str "INIT_FILE" 0 2 1524, "\000";
P_0000000006717f38 .param/l "READ_MODE" 0 2 1505, +C4<00000000000000000000000000000000>;
P_0000000006717f70 .param/l "WRITE_MODE" 0 2 1504, +C4<00000000000000000000000000000000>;
v000000000670fb30_0 .net "MASK", 15 0, o00000000066b7028;  alias, 0 drivers
v000000000670fe50_0 .net "RADDR", 10 0, o00000000066b7058;  alias, 0 drivers
v000000000670d790_0 .net "RCLK", 0 0, L_000000000661c890;  1 drivers
v000000000670d830_0 .net "RCLKE", 0 0, o00000000066b70b8;  alias, 0 drivers
v000000000670d8d0_0 .net "RDATA", 15 0, L_000000000661f4c0;  alias, 1 drivers
v000000000670dbf0_0 .var "RDATA_I", 15 0;
v000000000670dc90_0 .net "RE", 0 0, o00000000066b7148;  alias, 0 drivers
L_0000000006748fc8 .functor BUFT 1, C4<0000000000000000>, C4<0>, C4<0>, C4<0>;
v000000000670dd30_0 .net "RMASK_I", 15 0, L_0000000006748fc8;  1 drivers
v0000000006711b10_0 .net "WADDR", 10 0, o00000000066b71a8;  alias, 0 drivers
v0000000006711570_0 .net "WCLK", 0 0, L_000000000661c510;  1 drivers
v00000000067112f0_0 .net "WCLKE", 0 0, o00000000066b7208;  alias, 0 drivers
v0000000006711cf0_0 .net "WDATA", 15 0, o00000000066b7238;  alias, 0 drivers
v0000000006710cb0_0 .net "WDATA_I", 15 0, L_000000000661f1b0;  1 drivers
v00000000067108f0_0 .net "WE", 0 0, o00000000066b7298;  alias, 0 drivers
v0000000006712330_0 .net "WMASK_I", 15 0, L_000000000661f680;  1 drivers
v0000000006712470_0 .var/i "i", 31 0;
v0000000006710e90 .array "memory", 255 0, 15 0;
E_000000000666eaf0 .event posedge, v000000000670d790_0;
E_000000000666eb70 .event posedge, v0000000006711570_0;
S_0000000006716200 .scope generate, "genblk1" "genblk1" 2 1534, 2 1534 0, S_0000000006715d50;
 .timescale -12 -12;
L_000000000661f680 .functor BUFZ 16, o00000000066b7028, C4<0000000000000000>, C4<0000000000000000>, C4<0000000000000000>;
S_0000000006716070 .scope generate, "genblk2" "genblk2" 2 1555, 2 1555 0, S_0000000006715d50;
 .timescale -12 -12;
S_0000000006716e80 .scope generate, "genblk3" "genblk3" 2 1576, 2 1576 0, S_0000000006715d50;
 .timescale -12 -12;
L_000000000661f1b0 .functor BUFZ 16, o00000000066b7238, C4<0000000000000000>, C4<0000000000000000>, C4<0000000000000000>;
S_0000000006716390 .scope generate, "genblk4" "genblk4" 2 1595, 2 1595 0, S_0000000006715d50;
 .timescale -12 -12;
L_000000000661f4c0 .functor BUFZ 16, v000000000670dbf0_0, C4<0000000000000000>, C4<0000000000000000>, C4<0000000000000000>;
S_00000000066a9a50 .scope module, "SB_RAM40_4KNW" "SB_RAM40_4KNW" 2 1862;
 .timescale -12 -12;
    .port_info 0 /OUTPUT 16 "RDATA";
    .port_info 1 /INPUT 1 "RCLK";
    .port_info 2 /INPUT 1 "RCLKE";
    .port_info 3 /INPUT 1 "RE";
    .port_info 4 /INPUT 11 "RADDR";
    .port_info 5 /INPUT 1 "WCLKN";
    .port_info 6 /INPUT 1 "WCLKE";
    .port_info 7 /INPUT 1 "WE";
    .port_info 8 /INPUT 11 "WADDR";
    .port_info 9 /INPUT 16 "MASK";
    .port_info 10 /INPUT 16 "WDATA";
P_00000000064f3150 .param/l "INIT_0" 0 2 1878, C4<0000000000000000000000000000000000000000000000000000000000000000000000000000000000000000000000000000000000000000000000000000000000000000000000000000000000000000000000000000000000000000000000000000000000000000000000000000000000000000000000000000000000000000>;
P_00000000064f3188 .param/l "INIT_1" 0 2 1879, C4<0000000000000000000000000000000000000000000000000000000000000000000000000000000000000000000000000000000000000000000000000000000000000000000000000000000000000000000000000000000000000000000000000000000000000000000000000000000000000000000000000000000000000000>;
P_00000000064f31c0 .param/l "INIT_2" 0 2 1880, C4<0000000000000000000000000000000000000000000000000000000000000000000000000000000000000000000000000000000000000000000000000000000000000000000000000000000000000000000000000000000000000000000000000000000000000000000000000000000000000000000000000000000000000000>;
P_00000000064f31f8 .param/l "INIT_3" 0 2 1881, C4<0000000000000000000000000000000000000000000000000000000000000000000000000000000000000000000000000000000000000000000000000000000000000000000000000000000000000000000000000000000000000000000000000000000000000000000000000000000000000000000000000000000000000000>;
P_00000000064f3230 .param/l "INIT_4" 0 2 1882, C4<0000000000000000000000000000000000000000000000000000000000000000000000000000000000000000000000000000000000000000000000000000000000000000000000000000000000000000000000000000000000000000000000000000000000000000000000000000000000000000000000000000000000000000>;
P_00000000064f3268 .param/l "INIT_5" 0 2 1883, C4<0000000000000000000000000000000000000000000000000000000000000000000000000000000000000000000000000000000000000000000000000000000000000000000000000000000000000000000000000000000000000000000000000000000000000000000000000000000000000000000000000000000000000000>;
P_00000000064f32a0 .param/l "INIT_6" 0 2 1884, C4<0000000000000000000000000000000000000000000000000000000000000000000000000000000000000000000000000000000000000000000000000000000000000000000000000000000000000000000000000000000000000000000000000000000000000000000000000000000000000000000000000000000000000000>;
P_00000000064f32d8 .param/l "INIT_7" 0 2 1885, C4<0000000000000000000000000000000000000000000000000000000000000000000000000000000000000000000000000000000000000000000000000000000000000000000000000000000000000000000000000000000000000000000000000000000000000000000000000000000000000000000000000000000000000000>;
P_00000000064f3310 .param/l "INIT_8" 0 2 1886, C4<0000000000000000000000000000000000000000000000000000000000000000000000000000000000000000000000000000000000000000000000000000000000000000000000000000000000000000000000000000000000000000000000000000000000000000000000000000000000000000000000000000000000000000>;
P_00000000064f3348 .param/l "INIT_9" 0 2 1887, C4<0000000000000000000000000000000000000000000000000000000000000000000000000000000000000000000000000000000000000000000000000000000000000000000000000000000000000000000000000000000000000000000000000000000000000000000000000000000000000000000000000000000000000000>;
P_00000000064f3380 .param/l "INIT_A" 0 2 1888, C4<0000000000000000000000000000000000000000000000000000000000000000000000000000000000000000000000000000000000000000000000000000000000000000000000000000000000000000000000000000000000000000000000000000000000000000000000000000000000000000000000000000000000000000>;
P_00000000064f33b8 .param/l "INIT_B" 0 2 1889, C4<0000000000000000000000000000000000000000000000000000000000000000000000000000000000000000000000000000000000000000000000000000000000000000000000000000000000000000000000000000000000000000000000000000000000000000000000000000000000000000000000000000000000000000>;
P_00000000064f33f0 .param/l "INIT_C" 0 2 1890, C4<0000000000000000000000000000000000000000000000000000000000000000000000000000000000000000000000000000000000000000000000000000000000000000000000000000000000000000000000000000000000000000000000000000000000000000000000000000000000000000000000000000000000000000>;
P_00000000064f3428 .param/l "INIT_D" 0 2 1891, C4<0000000000000000000000000000000000000000000000000000000000000000000000000000000000000000000000000000000000000000000000000000000000000000000000000000000000000000000000000000000000000000000000000000000000000000000000000000000000000000000000000000000000000000>;
P_00000000064f3460 .param/l "INIT_E" 0 2 1892, C4<0000000000000000000000000000000000000000000000000000000000000000000000000000000000000000000000000000000000000000000000000000000000000000000000000000000000000000000000000000000000000000000000000000000000000000000000000000000000000000000000000000000000000000>;
P_00000000064f3498 .param/l "INIT_F" 0 2 1893, C4<0000000000000000000000000000000000000000000000000000000000000000000000000000000000000000000000000000000000000000000000000000000000000000000000000000000000000000000000000000000000000000000000000000000000000000000000000000000000000000000000000000000000000000>;
P_00000000064f34d0 .param/str "INIT_FILE" 0 2 1895, "\000";
P_00000000064f3508 .param/l "READ_MODE" 0 2 1876, +C4<00000000000000000000000000000000>;
P_00000000064f3540 .param/l "WRITE_MODE" 0 2 1875, +C4<00000000000000000000000000000000>;
o00000000066b7cb8 .functor BUFZ 1, C4<z>; HiZ drive
L_000000000661b860 .functor NOT 1, o00000000066b7cb8, C4<0>, C4<0>, C4<0>;
o00000000066b77a8 .functor BUFZ 16, C4<zzzzzzzzzzzzzzzz>; HiZ drive
v0000000006711750_0 .net "MASK", 15 0, o00000000066b77a8;  0 drivers
o00000000066b77d8 .functor BUFZ 11, C4<zzzzzzzzzzz>; HiZ drive
v0000000006710210_0 .net "RADDR", 10 0, o00000000066b77d8;  0 drivers
o00000000066b7808 .functor BUFZ 1, C4<z>; HiZ drive
v0000000006711930_0 .net "RCLK", 0 0, o00000000066b7808;  0 drivers
o00000000066b7838 .functor BUFZ 1, C4<z>; HiZ drive
v0000000006712150_0 .net "RCLKE", 0 0, o00000000066b7838;  0 drivers
v0000000006710df0_0 .net "RDATA", 15 0, L_000000000661ceb0;  1 drivers
o00000000066b78c8 .functor BUFZ 1, C4<z>; HiZ drive
v00000000067121f0_0 .net "RE", 0 0, o00000000066b78c8;  0 drivers
o00000000066b7928 .functor BUFZ 11, C4<zzzzzzzzzzz>; HiZ drive
v00000000067111b0_0 .net "WADDR", 10 0, o00000000066b7928;  0 drivers
o00000000066b7988 .functor BUFZ 1, C4<z>; HiZ drive
v0000000006710850_0 .net "WCLKE", 0 0, o00000000066b7988;  0 drivers
v0000000006710fd0_0 .net "WCLKN", 0 0, o00000000066b7cb8;  0 drivers
o00000000066b79b8 .functor BUFZ 16, C4<zzzzzzzzzzzzzzzz>; HiZ drive
v00000000067103f0_0 .net "WDATA", 15 0, o00000000066b79b8;  0 drivers
o00000000066b7a18 .functor BUFZ 1, C4<z>; HiZ drive
v0000000006712510_0 .net "WE", 0 0, o00000000066b7a18;  0 drivers
S_0000000006716520 .scope module, "RAM" "SB_RAM40_4K" 2 1917, 2 1487 0, S_00000000066a9a50;
 .timescale -12 -12;
    .port_info 0 /OUTPUT 16 "RDATA";
    .port_info 1 /INPUT 1 "RCLK";
    .port_info 2 /INPUT 1 "RCLKE";
    .port_info 3 /INPUT 1 "RE";
    .port_info 4 /INPUT 11 "RADDR";
    .port_info 5 /INPUT 1 "WCLK";
    .port_info 6 /INPUT 1 "WCLKE";
    .port_info 7 /INPUT 1 "WE";
    .port_info 8 /INPUT 11 "WADDR";
    .port_info 9 /INPUT 16 "MASK";
    .port_info 10 /INPUT 16 "WDATA";
P_0000000006719fd0 .param/l "INIT_0" 0 2 1507, C4<0000000000000000000000000000000000000000000000000000000000000000000000000000000000000000000000000000000000000000000000000000000000000000000000000000000000000000000000000000000000000000000000000000000000000000000000000000000000000000000000000000000000000000>;
P_000000000671a008 .param/l "INIT_1" 0 2 1508, C4<0000000000000000000000000000000000000000000000000000000000000000000000000000000000000000000000000000000000000000000000000000000000000000000000000000000000000000000000000000000000000000000000000000000000000000000000000000000000000000000000000000000000000000>;
P_000000000671a040 .param/l "INIT_2" 0 2 1509, C4<0000000000000000000000000000000000000000000000000000000000000000000000000000000000000000000000000000000000000000000000000000000000000000000000000000000000000000000000000000000000000000000000000000000000000000000000000000000000000000000000000000000000000000>;
P_000000000671a078 .param/l "INIT_3" 0 2 1510, C4<0000000000000000000000000000000000000000000000000000000000000000000000000000000000000000000000000000000000000000000000000000000000000000000000000000000000000000000000000000000000000000000000000000000000000000000000000000000000000000000000000000000000000000>;
P_000000000671a0b0 .param/l "INIT_4" 0 2 1511, C4<0000000000000000000000000000000000000000000000000000000000000000000000000000000000000000000000000000000000000000000000000000000000000000000000000000000000000000000000000000000000000000000000000000000000000000000000000000000000000000000000000000000000000000>;
P_000000000671a0e8 .param/l "INIT_5" 0 2 1512, C4<0000000000000000000000000000000000000000000000000000000000000000000000000000000000000000000000000000000000000000000000000000000000000000000000000000000000000000000000000000000000000000000000000000000000000000000000000000000000000000000000000000000000000000>;
P_000000000671a120 .param/l "INIT_6" 0 2 1513, C4<0000000000000000000000000000000000000000000000000000000000000000000000000000000000000000000000000000000000000000000000000000000000000000000000000000000000000000000000000000000000000000000000000000000000000000000000000000000000000000000000000000000000000000>;
P_000000000671a158 .param/l "INIT_7" 0 2 1514, C4<0000000000000000000000000000000000000000000000000000000000000000000000000000000000000000000000000000000000000000000000000000000000000000000000000000000000000000000000000000000000000000000000000000000000000000000000000000000000000000000000000000000000000000>;
P_000000000671a190 .param/l "INIT_8" 0 2 1515, C4<0000000000000000000000000000000000000000000000000000000000000000000000000000000000000000000000000000000000000000000000000000000000000000000000000000000000000000000000000000000000000000000000000000000000000000000000000000000000000000000000000000000000000000>;
P_000000000671a1c8 .param/l "INIT_9" 0 2 1516, C4<0000000000000000000000000000000000000000000000000000000000000000000000000000000000000000000000000000000000000000000000000000000000000000000000000000000000000000000000000000000000000000000000000000000000000000000000000000000000000000000000000000000000000000>;
P_000000000671a200 .param/l "INIT_A" 0 2 1517, C4<0000000000000000000000000000000000000000000000000000000000000000000000000000000000000000000000000000000000000000000000000000000000000000000000000000000000000000000000000000000000000000000000000000000000000000000000000000000000000000000000000000000000000000>;
P_000000000671a238 .param/l "INIT_B" 0 2 1518, C4<0000000000000000000000000000000000000000000000000000000000000000000000000000000000000000000000000000000000000000000000000000000000000000000000000000000000000000000000000000000000000000000000000000000000000000000000000000000000000000000000000000000000000000>;
P_000000000671a270 .param/l "INIT_C" 0 2 1519, C4<0000000000000000000000000000000000000000000000000000000000000000000000000000000000000000000000000000000000000000000000000000000000000000000000000000000000000000000000000000000000000000000000000000000000000000000000000000000000000000000000000000000000000000>;
P_000000000671a2a8 .param/l "INIT_D" 0 2 1520, C4<0000000000000000000000000000000000000000000000000000000000000000000000000000000000000000000000000000000000000000000000000000000000000000000000000000000000000000000000000000000000000000000000000000000000000000000000000000000000000000000000000000000000000000>;
P_000000000671a2e0 .param/l "INIT_E" 0 2 1521, C4<0000000000000000000000000000000000000000000000000000000000000000000000000000000000000000000000000000000000000000000000000000000000000000000000000000000000000000000000000000000000000000000000000000000000000000000000000000000000000000000000000000000000000000>;
P_000000000671a318 .param/l "INIT_F" 0 2 1522, C4<0000000000000000000000000000000000000000000000000000000000000000000000000000000000000000000000000000000000000000000000000000000000000000000000000000000000000000000000000000000000000000000000000000000000000000000000000000000000000000000000000000000000000000>;
P_000000000671a350 .param/str "INIT_FILE" 0 2 1524, "\000";
P_000000000671a388 .param/l "READ_MODE" 0 2 1505, +C4<00000000000000000000000000000000>;
P_000000000671a3c0 .param/l "WRITE_MODE" 0 2 1504, +C4<00000000000000000000000000000000>;
v0000000006710530_0 .net "MASK", 15 0, o00000000066b77a8;  alias, 0 drivers
v0000000006711e30_0 .net "RADDR", 10 0, o00000000066b77d8;  alias, 0 drivers
v0000000006710c10_0 .net "RCLK", 0 0, o00000000066b7808;  alias, 0 drivers
v0000000006711d90_0 .net "RCLKE", 0 0, o00000000066b7838;  alias, 0 drivers
v0000000006711ed0_0 .net "RDATA", 15 0, L_000000000661ceb0;  alias, 1 drivers
v0000000006711f70_0 .var "RDATA_I", 15 0;
v0000000006710d50_0 .net "RE", 0 0, o00000000066b78c8;  alias, 0 drivers
L_0000000006749010 .functor BUFT 1, C4<0000000000000000>, C4<0>, C4<0>, C4<0>;
v0000000006710710_0 .net "RMASK_I", 15 0, L_0000000006749010;  1 drivers
v0000000006712010_0 .net "WADDR", 10 0, o00000000066b7928;  alias, 0 drivers
v0000000006710030_0 .net "WCLK", 0 0, L_000000000661b860;  1 drivers
v00000000067116b0_0 .net "WCLKE", 0 0, o00000000066b7988;  alias, 0 drivers
v0000000006711bb0_0 .net "WDATA", 15 0, o00000000066b79b8;  alias, 0 drivers
v00000000067100d0_0 .net "WDATA_I", 15 0, L_000000000661cba0;  1 drivers
v00000000067120b0_0 .net "WE", 0 0, o00000000066b7a18;  alias, 0 drivers
v00000000067107b0_0 .net "WMASK_I", 15 0, L_000000000661c660;  1 drivers
v0000000006711430_0 .var/i "i", 31 0;
v00000000067119d0 .array "memory", 255 0, 15 0;
E_000000000666ee70 .event posedge, v0000000006710c10_0;
E_000000000666e7b0 .event posedge, v0000000006710030_0;
S_00000000067166b0 .scope generate, "genblk1" "genblk1" 2 1534, 2 1534 0, S_0000000006716520;
 .timescale -12 -12;
L_000000000661c660 .functor BUFZ 16, o00000000066b77a8, C4<0000000000000000>, C4<0000000000000000>, C4<0000000000000000>;
S_00000000067169d0 .scope generate, "genblk2" "genblk2" 2 1555, 2 1555 0, S_0000000006716520;
 .timescale -12 -12;
S_0000000006716b60 .scope generate, "genblk3" "genblk3" 2 1576, 2 1576 0, S_0000000006716520;
 .timescale -12 -12;
L_000000000661cba0 .functor BUFZ 16, o00000000066b79b8, C4<0000000000000000>, C4<0000000000000000>, C4<0000000000000000>;
S_0000000006715bc0 .scope generate, "genblk4" "genblk4" 2 1595, 2 1595 0, S_0000000006716520;
 .timescale -12 -12;
L_000000000661ceb0 .functor BUFZ 16, v0000000006711f70_0, C4<0000000000000000>, C4<0000000000000000>, C4<0000000000000000>;
S_00000000066a7fc0 .scope module, "SB_RGBA_DRV" "SB_RGBA_DRV" 2 2692;
 .timescale -12 -12;
    .port_info 0 /INPUT 1 "CURREN";
    .port_info 1 /INPUT 1 "RGBLEDEN";
    .port_info 2 /INPUT 1 "RGB0PWM";
    .port_info 3 /INPUT 1 "RGB1PWM";
    .port_info 4 /INPUT 1 "RGB2PWM";
    .port_info 5 /OUTPUT 1 "RGB0";
    .port_info 6 /OUTPUT 1 "RGB1";
    .port_info 7 /OUTPUT 1 "RGB2";
P_0000000004d73110 .param/str "CURRENT_MODE" 0 2 2702, "0b0";
P_0000000004d73148 .param/str "RGB0_CURRENT" 0 2 2703, "0b000000";
P_0000000004d73180 .param/str "RGB1_CURRENT" 0 2 2704, "0b000000";
P_0000000004d731b8 .param/str "RGB2_CURRENT" 0 2 2705, "0b000000";
o00000000066b7ef8 .functor BUFZ 1, C4<z>; HiZ drive
v0000000006711a70_0 .net "CURREN", 0 0, o00000000066b7ef8;  0 drivers
o00000000066b7f28 .functor BUFZ 1, C4<z>; HiZ drive
v0000000006710990_0 .net "RGB0", 0 0, o00000000066b7f28;  0 drivers
o00000000066b7f58 .functor BUFZ 1, C4<z>; HiZ drive
v0000000006712290_0 .net "RGB0PWM", 0 0, o00000000066b7f58;  0 drivers
o00000000066b7f88 .functor BUFZ 1, C4<z>; HiZ drive
v00000000067125b0_0 .net "RGB1", 0 0, o00000000066b7f88;  0 drivers
o00000000066b7fb8 .functor BUFZ 1, C4<z>; HiZ drive
v0000000006712650_0 .net "RGB1PWM", 0 0, o00000000066b7fb8;  0 drivers
o00000000066b7fe8 .functor BUFZ 1, C4<z>; HiZ drive
v000000000670ff90_0 .net "RGB2", 0 0, o00000000066b7fe8;  0 drivers
o00000000066b8018 .functor BUFZ 1, C4<z>; HiZ drive
v0000000006710670_0 .net "RGB2PWM", 0 0, o00000000066b8018;  0 drivers
o00000000066b8048 .functor BUFZ 1, C4<z>; HiZ drive
v0000000006710170_0 .net "RGBLEDEN", 0 0, o00000000066b8048;  0 drivers
S_00000000064f6070 .scope module, "SB_RGB_DRV" "SB_RGB_DRV" 2 2716;
 .timescale -12 -12;
    .port_info 0 /INPUT 1 "RGBLEDEN";
    .port_info 1 /INPUT 1 "RGB0PWM";
    .port_info 2 /INPUT 1 "RGB1PWM";
    .port_info 3 /INPUT 1 "RGB2PWM";
    .port_info 4 /INPUT 1 "RGBPU";
    .port_info 5 /OUTPUT 1 "RGB0";
    .port_info 6 /OUTPUT 1 "RGB1";
    .port_info 7 /OUTPUT 1 "RGB2";
P_0000000004dcdbe0 .param/str "CURRENT_MODE" 0 2 2726, "0b0";
P_0000000004dcdc18 .param/str "RGB0_CURRENT" 0 2 2727, "0b000000";
P_0000000004dcdc50 .param/str "RGB1_CURRENT" 0 2 2728, "0b000000";
P_0000000004dcdc88 .param/str "RGB2_CURRENT" 0 2 2729, "0b000000";
o00000000066b81f8 .functor BUFZ 1, C4<z>; HiZ drive
v0000000006710490_0 .net "RGB0", 0 0, o00000000066b81f8;  0 drivers
o00000000066b8228 .functor BUFZ 1, C4<z>; HiZ drive
v0000000006710a30_0 .net "RGB0PWM", 0 0, o00000000066b8228;  0 drivers
o00000000066b8258 .functor BUFZ 1, C4<z>; HiZ drive
v0000000006710ad0_0 .net "RGB1", 0 0, o00000000066b8258;  0 drivers
o00000000066b8288 .functor BUFZ 1, C4<z>; HiZ drive
v0000000006710b70_0 .net "RGB1PWM", 0 0, o00000000066b8288;  0 drivers
o00000000066b82b8 .functor BUFZ 1, C4<z>; HiZ drive
v0000000006711c50_0 .net "RGB2", 0 0, o00000000066b82b8;  0 drivers
o00000000066b82e8 .functor BUFZ 1, C4<z>; HiZ drive
v0000000006710f30_0 .net "RGB2PWM", 0 0, o00000000066b82e8;  0 drivers
o00000000066b8318 .functor BUFZ 1, C4<z>; HiZ drive
v0000000006711110_0 .net "RGBLEDEN", 0 0, o00000000066b8318;  0 drivers
o00000000066b8348 .functor BUFZ 1, C4<z>; HiZ drive
v0000000006711250_0 .net "RGBPU", 0 0, o00000000066b8348;  0 drivers
S_00000000064f4770 .scope module, "SB_SPI" "SB_SPI" 2 2776;
 .timescale -12 -12;
    .port_info 0 /INPUT 1 "SBCLKI";
    .port_info 1 /INPUT 1 "SBRWI";
    .port_info 2 /INPUT 1 "SBSTBI";
    .port_info 3 /INPUT 1 "SBADRI7";
    .port_info 4 /INPUT 1 "SBADRI6";
    .port_info 5 /INPUT 1 "SBADRI5";
    .port_info 6 /INPUT 1 "SBADRI4";
    .port_info 7 /INPUT 1 "SBADRI3";
    .port_info 8 /INPUT 1 "SBADRI2";
    .port_info 9 /INPUT 1 "SBADRI1";
    .port_info 10 /INPUT 1 "SBADRI0";
    .port_info 11 /INPUT 1 "SBDATI7";
    .port_info 12 /INPUT 1 "SBDATI6";
    .port_info 13 /INPUT 1 "SBDATI5";
    .port_info 14 /INPUT 1 "SBDATI4";
    .port_info 15 /INPUT 1 "SBDATI3";
    .port_info 16 /INPUT 1 "SBDATI2";
    .port_info 17 /INPUT 1 "SBDATI1";
    .port_info 18 /INPUT 1 "SBDATI0";
    .port_info 19 /INPUT 1 "MI";
    .port_info 20 /INPUT 1 "SI";
    .port_info 21 /INPUT 1 "SCKI";
    .port_info 22 /INPUT 1 "SCSNI";
    .port_info 23 /OUTPUT 1 "SBDATO7";
    .port_info 24 /OUTPUT 1 "SBDATO6";
    .port_info 25 /OUTPUT 1 "SBDATO5";
    .port_info 26 /OUTPUT 1 "SBDATO4";
    .port_info 27 /OUTPUT 1 "SBDATO3";
    .port_info 28 /OUTPUT 1 "SBDATO2";
    .port_info 29 /OUTPUT 1 "SBDATO1";
    .port_info 30 /OUTPUT 1 "SBDATO0";
    .port_info 31 /OUTPUT 1 "SBACKO";
    .port_info 32 /OUTPUT 1 "SPIIRQ";
    .port_info 33 /OUTPUT 1 "SPIWKUP";
    .port_info 34 /OUTPUT 1 "SO";
    .port_info 35 /OUTPUT 1 "SOE";
    .port_info 36 /OUTPUT 1 "MO";
    .port_info 37 /OUTPUT 1 "MOE";
    .port_info 38 /OUTPUT 1 "SCKO";
    .port_info 39 /OUTPUT 1 "SCKOE";
    .port_info 40 /OUTPUT 1 "MCSNO3";
    .port_info 41 /OUTPUT 1 "MCSNO2";
    .port_info 42 /OUTPUT 1 "MCSNO1";
    .port_info 43 /OUTPUT 1 "MCSNO0";
    .port_info 44 /OUTPUT 1 "MCSNOE3";
    .port_info 45 /OUTPUT 1 "MCSNOE2";
    .port_info 46 /OUTPUT 1 "MCSNOE1";
    .port_info 47 /OUTPUT 1 "MCSNOE0";
P_000000000666da70 .param/str "BUS_ADDR74" 0 2 2826, "0b0000";
o00000000066b84f8 .functor BUFZ 1, C4<z>; HiZ drive
v0000000006714a90_0 .net "MCSNO0", 0 0, o00000000066b84f8;  0 drivers
o00000000066b8528 .functor BUFZ 1, C4<z>; HiZ drive
v0000000006714810_0 .net "MCSNO1", 0 0, o00000000066b8528;  0 drivers
o00000000066b8558 .functor BUFZ 1, C4<z>; HiZ drive
v0000000006712bf0_0 .net "MCSNO2", 0 0, o00000000066b8558;  0 drivers
o00000000066b8588 .functor BUFZ 1, C4<z>; HiZ drive
v0000000006713370_0 .net "MCSNO3", 0 0, o00000000066b8588;  0 drivers
o00000000066b85b8 .functor BUFZ 1, C4<z>; HiZ drive
v0000000006713d70_0 .net "MCSNOE0", 0 0, o00000000066b85b8;  0 drivers
o00000000066b85e8 .functor BUFZ 1, C4<z>; HiZ drive
v0000000006713410_0 .net "MCSNOE1", 0 0, o00000000066b85e8;  0 drivers
o00000000066b8618 .functor BUFZ 1, C4<z>; HiZ drive
v0000000006712970_0 .net "MCSNOE2", 0 0, o00000000066b8618;  0 drivers
o00000000066b8648 .functor BUFZ 1, C4<z>; HiZ drive
v00000000067128d0_0 .net "MCSNOE3", 0 0, o00000000066b8648;  0 drivers
o00000000066b8678 .functor BUFZ 1, C4<z>; HiZ drive
v0000000006713690_0 .net "MI", 0 0, o00000000066b8678;  0 drivers
o00000000066b86a8 .functor BUFZ 1, C4<z>; HiZ drive
v0000000006712b50_0 .net "MO", 0 0, o00000000066b86a8;  0 drivers
o00000000066b86d8 .functor BUFZ 1, C4<z>; HiZ drive
v0000000006713eb0_0 .net "MOE", 0 0, o00000000066b86d8;  0 drivers
o00000000066b8708 .functor BUFZ 1, C4<z>; HiZ drive
v0000000006714270_0 .net "SBACKO", 0 0, o00000000066b8708;  0 drivers
o00000000066b8738 .functor BUFZ 1, C4<z>; HiZ drive
v0000000006714310_0 .net "SBADRI0", 0 0, o00000000066b8738;  0 drivers
o00000000066b8768 .functor BUFZ 1, C4<z>; HiZ drive
v0000000006714c70_0 .net "SBADRI1", 0 0, o00000000066b8768;  0 drivers
o00000000066b8798 .functor BUFZ 1, C4<z>; HiZ drive
v00000000067143b0_0 .net "SBADRI2", 0 0, o00000000066b8798;  0 drivers
o00000000066b87c8 .functor BUFZ 1, C4<z>; HiZ drive
v0000000006713230_0 .net "SBADRI3", 0 0, o00000000066b87c8;  0 drivers
o00000000066b87f8 .functor BUFZ 1, C4<z>; HiZ drive
v00000000067137d0_0 .net "SBADRI4", 0 0, o00000000066b87f8;  0 drivers
o00000000066b8828 .functor BUFZ 1, C4<z>; HiZ drive
v0000000006713550_0 .net "SBADRI5", 0 0, o00000000066b8828;  0 drivers
o00000000066b8858 .functor BUFZ 1, C4<z>; HiZ drive
v0000000006713b90_0 .net "SBADRI6", 0 0, o00000000066b8858;  0 drivers
o00000000066b8888 .functor BUFZ 1, C4<z>; HiZ drive
v0000000006712c90_0 .net "SBADRI7", 0 0, o00000000066b8888;  0 drivers
o00000000066b88b8 .functor BUFZ 1, C4<z>; HiZ drive
v0000000006712fb0_0 .net "SBCLKI", 0 0, o00000000066b88b8;  0 drivers
o00000000066b88e8 .functor BUFZ 1, C4<z>; HiZ drive
v00000000067135f0_0 .net "SBDATI0", 0 0, o00000000066b88e8;  0 drivers
o00000000066b8918 .functor BUFZ 1, C4<z>; HiZ drive
v00000000067134b0_0 .net "SBDATI1", 0 0, o00000000066b8918;  0 drivers
o00000000066b8948 .functor BUFZ 1, C4<z>; HiZ drive
v0000000006713730_0 .net "SBDATI2", 0 0, o00000000066b8948;  0 drivers
o00000000066b8978 .functor BUFZ 1, C4<z>; HiZ drive
v0000000006714630_0 .net "SBDATI3", 0 0, o00000000066b8978;  0 drivers
o00000000066b89a8 .functor BUFZ 1, C4<z>; HiZ drive
v0000000006714d10_0 .net "SBDATI4", 0 0, o00000000066b89a8;  0 drivers
o00000000066b89d8 .functor BUFZ 1, C4<z>; HiZ drive
v00000000067146d0_0 .net "SBDATI5", 0 0, o00000000066b89d8;  0 drivers
o00000000066b8a08 .functor BUFZ 1, C4<z>; HiZ drive
v0000000006713870_0 .net "SBDATI6", 0 0, o00000000066b8a08;  0 drivers
o00000000066b8a38 .functor BUFZ 1, C4<z>; HiZ drive
v0000000006714b30_0 .net "SBDATI7", 0 0, o00000000066b8a38;  0 drivers
o00000000066b8a68 .functor BUFZ 1, C4<z>; HiZ drive
v0000000006714450_0 .net "SBDATO0", 0 0, o00000000066b8a68;  0 drivers
o00000000066b8a98 .functor BUFZ 1, C4<z>; HiZ drive
v0000000006714590_0 .net "SBDATO1", 0 0, o00000000066b8a98;  0 drivers
o00000000066b8ac8 .functor BUFZ 1, C4<z>; HiZ drive
v00000000067144f0_0 .net "SBDATO2", 0 0, o00000000066b8ac8;  0 drivers
o00000000066b8af8 .functor BUFZ 1, C4<z>; HiZ drive
v0000000006713910_0 .net "SBDATO3", 0 0, o00000000066b8af8;  0 drivers
o00000000066b8b28 .functor BUFZ 1, C4<z>; HiZ drive
v0000000006714770_0 .net "SBDATO4", 0 0, o00000000066b8b28;  0 drivers
o00000000066b8b58 .functor BUFZ 1, C4<z>; HiZ drive
v0000000006713f50_0 .net "SBDATO5", 0 0, o00000000066b8b58;  0 drivers
o00000000066b8b88 .functor BUFZ 1, C4<z>; HiZ drive
v00000000067148b0_0 .net "SBDATO6", 0 0, o00000000066b8b88;  0 drivers
o00000000066b8bb8 .functor BUFZ 1, C4<z>; HiZ drive
v0000000006712dd0_0 .net "SBDATO7", 0 0, o00000000066b8bb8;  0 drivers
o00000000066b8be8 .functor BUFZ 1, C4<z>; HiZ drive
v0000000006714950_0 .net "SBRWI", 0 0, o00000000066b8be8;  0 drivers
o00000000066b8c18 .functor BUFZ 1, C4<z>; HiZ drive
v0000000006714130_0 .net "SBSTBI", 0 0, o00000000066b8c18;  0 drivers
o00000000066b8c48 .functor BUFZ 1, C4<z>; HiZ drive
v0000000006712830_0 .net "SCKI", 0 0, o00000000066b8c48;  0 drivers
o00000000066b8c78 .functor BUFZ 1, C4<z>; HiZ drive
v0000000006713cd0_0 .net "SCKO", 0 0, o00000000066b8c78;  0 drivers
o00000000066b8ca8 .functor BUFZ 1, C4<z>; HiZ drive
v00000000067149f0_0 .net "SCKOE", 0 0, o00000000066b8ca8;  0 drivers
o00000000066b8cd8 .functor BUFZ 1, C4<z>; HiZ drive
v0000000006714bd0_0 .net "SCSNI", 0 0, o00000000066b8cd8;  0 drivers
o00000000066b8d08 .functor BUFZ 1, C4<z>; HiZ drive
v00000000067139b0_0 .net "SI", 0 0, o00000000066b8d08;  0 drivers
o00000000066b8d38 .functor BUFZ 1, C4<z>; HiZ drive
v0000000006714db0_0 .net "SO", 0 0, o00000000066b8d38;  0 drivers
o00000000066b8d68 .functor BUFZ 1, C4<z>; HiZ drive
v0000000006713050_0 .net "SOE", 0 0, o00000000066b8d68;  0 drivers
o00000000066b8d98 .functor BUFZ 1, C4<z>; HiZ drive
v00000000067130f0_0 .net "SPIIRQ", 0 0, o00000000066b8d98;  0 drivers
o00000000066b8dc8 .functor BUFZ 1, C4<z>; HiZ drive
v0000000006714e50_0 .net "SPIWKUP", 0 0, o00000000066b8dc8;  0 drivers
S_00000000064f5d50 .scope module, "SB_SPRAM256KA" "SB_SPRAM256KA" 2 2600;
 .timescale -12 -12;
    .port_info 0 /INPUT 14 "ADDRESS";
    .port_info 1 /INPUT 16 "DATAIN";
    .port_info 2 /INPUT 4 "MASKWREN";
    .port_info 3 /INPUT 1 "WREN";
    .port_info 4 /INPUT 1 "CHIPSELECT";
    .port_info 5 /INPUT 1 "CLOCK";
    .port_info 6 /INPUT 1 "STANDBY";
    .port_info 7 /INPUT 1 "SLEEP";
    .port_info 8 /INPUT 1 "POWEROFF";
    .port_info 9 /OUTPUT 16 "DATAOUT";
o00000000066b9848 .functor BUFZ 1, C4<z>; HiZ drive
L_00000000065c9ce0 .functor OR 1, o00000000066b9848, L_00000000067910d0, C4<0>, C4<0>;
o00000000066b96f8 .functor BUFZ 14, C4<zzzzzzzzzzzzzz>; HiZ drive
v0000000006713a50_0 .net "ADDRESS", 13 0, o00000000066b96f8;  0 drivers
o00000000066b9728 .functor BUFZ 1, C4<z>; HiZ drive
v0000000006714ef0_0 .net "CHIPSELECT", 0 0, o00000000066b9728;  0 drivers
o00000000066b9758 .functor BUFZ 1, C4<z>; HiZ drive
v0000000006713c30_0 .net "CLOCK", 0 0, o00000000066b9758;  0 drivers
o00000000066b9788 .functor BUFZ 16, C4<zzzzzzzzzzzzzzzz>; HiZ drive
v0000000006713af0_0 .net "DATAIN", 15 0, o00000000066b9788;  0 drivers
v00000000067141d0_0 .var "DATAOUT", 15 0;
o00000000066b97e8 .functor BUFZ 4, C4<zzzz>; HiZ drive
v0000000006712790_0 .net "MASKWREN", 3 0, o00000000066b97e8;  0 drivers
o00000000066b9818 .functor BUFZ 1, C4<z>; HiZ drive
v0000000006712a10_0 .net "POWEROFF", 0 0, o00000000066b9818;  0 drivers
v0000000006713ff0_0 .net "SLEEP", 0 0, o00000000066b9848;  0 drivers
o00000000066b9878 .functor BUFZ 1, C4<z>; HiZ drive
v0000000006712ab0_0 .net "STANDBY", 0 0, o00000000066b9878;  0 drivers
o00000000066b98a8 .functor BUFZ 1, C4<z>; HiZ drive
v0000000006712d30_0 .net "WREN", 0 0, o00000000066b98a8;  0 drivers
v0000000006712f10_0 .net *"_ivl_1", 0 0, L_00000000067910d0;  1 drivers
v0000000006712e70_0 .var/i "i", 31 0;
v0000000006714090 .array "mem", 16383 0, 15 0;
v0000000006713190_0 .net "off", 0 0, L_00000000065c9ce0;  1 drivers
E_000000000666f1b0 .event posedge, v0000000006713190_0, v0000000006713c30_0;
E_000000000666e9f0 .event negedge, v0000000006712a10_0;
L_00000000067910d0 .reduce/nor o00000000066b9818;
S_00000000064f5bc0 .scope module, "SB_WARMBOOT" "SB_WARMBOOT" 2 2593;
 .timescale -12 -12;
    .port_info 0 /INPUT 1 "BOOT";
    .port_info 1 /INPUT 1 "S1";
    .port_info 2 /INPUT 1 "S0";
o00000000066b9b48 .functor BUFZ 1, C4<z>; HiZ drive
v0000000006713e10_0 .net "BOOT", 0 0, o00000000066b9b48;  0 drivers
o00000000066b9b78 .functor BUFZ 1, C4<z>; HiZ drive
v00000000067132d0_0 .net "S0", 0 0, o00000000066b9b78;  0 drivers
o00000000066b9ba8 .functor BUFZ 1, C4<z>; HiZ drive
v00000000067150d0_0 .net "S1", 0 0, o00000000066b9ba8;  0 drivers
S_00000000064f53f0 .scope module, "splitstreamer_tb" "splitstreamer_tb" 3 3;
 .timescale -9 -12;
v0000000006732fd0_0 .var "pin_i2s_bclk", 0 0;
v0000000006732cb0_0 .var "pin_i2s_bclk_pll", 0 0;
v0000000006731270_0 .var "pin_i2s_data", 0 0;
v0000000006732990_0 .var "pin_i2s_fclk", 0 0;
v0000000006731ef0_0 .net "pin_opt1", 0 0, L_00000000065ca530;  1 drivers
v0000000006730910_0 .var "pin_user_sw", 0 0;
v0000000006731a90_0 .net "red", 0 0, L_00000000067ba8d0;  1 drivers
v00000000067313b0_0 .var "sent_left", 31 0;
v0000000006730af0_0 .var "sent_right", 31 0;
v0000000006731950_0 .var "shift_data", 0 63;
E_000000000666eeb0 .event negedge, v0000000006733430_0;
E_000000000666e4b0 .event negedge, v0000000006715490_0;
S_0000000006716cf0 .scope module, "uut" "splitstreamer" 3 16, 4 3 0, S_00000000064f53f0;
 .timescale -12 -12;
    .port_info 0 /INPUT 1 "pin_i2s_bclk_pll";
    .port_info 1 /INPUT 1 "pin_i2s_bclk";
    .port_info 2 /INPUT 1 "pin_i2s_fclk";
    .port_info 3 /INPUT 1 "pin_i2s_data";
    .port_info 4 /INPUT 1 "pin_user_sw";
    .port_info 5 /OUTPUT 1 "red";
    .port_info 6 /OUTPUT 1 "green";
    .port_info 7 /OUTPUT 1 "blue";
    .port_info 8 /OUTPUT 1 "pin_opt1";
    .port_info 9 /OUTPUT 1 "pin_opt2";
    .port_info 10 /OUTPUT 1 "pin_i2s_out_data";
    .port_info 11 /OUTPUT 1 "pin_i2s_out_fclk";
L_00000000065ca530 .functor BUFZ 1, v00000000067331b0_0, C4<0>, C4<0>, C4<0>;
L_00000000065caed0 .functor BUFZ 1, v00000000067331b0_0, C4<0>, C4<0>, C4<0>;
L_00000000065cb3a0 .functor BUFZ 1, v00000000067331b0_0, C4<0>, C4<0>, C4<0>;
L_00000000065ca760 .functor BUFZ 1, v0000000006732990_0, C4<0>, C4<0>, C4<0>;
L_000000000644c200 .functor BUFZ 1, v0000000006732cb0_0, C4<0>, C4<0>, C4<0>;
v0000000006731090_0 .net "blue", 0 0, L_00000000067d3260;  1 drivers
v0000000006732350_0 .net "clk", 0 0, L_000000000644c200;  1 drivers
v0000000006732490_0 .net "fifo_in_data_left", 31 0, v0000000006734470_0;  1 drivers
v0000000006732530_0 .net "fifo_in_data_right", 31 0, v00000000067346f0_0;  1 drivers
v00000000067322b0_0 .net "fifo_out_data_left", 31 0, v0000000006715670_0;  1 drivers
v0000000006731630_0 .net "fifo_out_data_left_reverse", 31 0, L_0000000006790810;  1 drivers
v00000000067325d0_0 .net "fifo_out_data_right", 31 0, v0000000006733750_0;  1 drivers
v0000000006731130_0 .net "fifo_out_data_right_reverse", 31 0, L_00000000067b9a70;  1 drivers
v0000000006731810_0 .net "green", 0 0, L_00000000067d3b20;  1 drivers
v0000000006731590_0 .net "optical_out", 0 0, v00000000067331b0_0;  1 drivers
v0000000006732710_0 .net "pin_i2s_bclk", 0 0, v0000000006732fd0_0;  1 drivers
v0000000006732df0_0 .net "pin_i2s_bclk_pll", 0 0, v0000000006732cb0_0;  1 drivers
v00000000067327b0_0 .net "pin_i2s_data", 0 0, v0000000006731270_0;  1 drivers
v0000000006731770_0 .net "pin_i2s_fclk", 0 0, v0000000006732990_0;  1 drivers
v00000000067319f0_0 .net "pin_i2s_out_data", 0 0, L_00000000065cb3a0;  1 drivers
v00000000067318b0_0 .net "pin_i2s_out_fclk", 0 0, L_00000000065ca760;  1 drivers
v0000000006732ad0_0 .net "pin_opt1", 0 0, L_00000000065ca530;  alias, 1 drivers
v0000000006730f50_0 .net "pin_opt2", 0 0, L_00000000065caed0;  1 drivers
v0000000006732b70_0 .net "pin_user_sw", 0 0, v0000000006730910_0;  1 drivers
L_0000000006749058 .functor BUFT 1, C4<1>, C4<0>, C4<0>, C4<0>;
v0000000006732670_0 .net "pll_lock", 0 0, L_0000000006749058;  1 drivers
v0000000006732030_0 .net "red", 0 0, L_00000000067ba8d0;  alias, 1 drivers
v0000000006732850_0 .net "smu_empty", 0 0, L_0000000006792890;  1 drivers
v0000000006730ff0_0 .net "smu_full", 0 0, L_0000000006792390;  1 drivers
v00000000067328f0_0 .net "smu_read_en", 0 0, L_00000000067d3f80;  1 drivers
v0000000006731db0_0 .net "smu_rst", 0 0, L_000000000644c5f0;  1 drivers
v00000000067311d0_0 .net "smu_write_en", 0 0, L_00000000067d3490;  1 drivers
S_0000000006717010 .scope module, "buffer" "fifo" 4 74, 5 1 0, S_0000000006716cf0;
 .timescale -12 -12;
    .port_info 0 /INPUT 1 "rst";
    .port_info 1 /INPUT 1 "clk";
    .port_info 2 /INPUT 1 "write_en";
    .port_info 3 /INPUT 1 "read_en";
    .port_info 4 /INPUT 32 "data_left_in";
    .port_info 5 /INPUT 32 "data_right_in";
    .port_info 6 /OUTPUT 32 "data_left_out";
    .port_info 7 /OUTPUT 32 "data_right_out";
    .port_info 8 /OUTPUT 1 "full";
    .port_info 9 /OUTPUT 1 "empty";
P_00000000064a6790 .param/l "DEPTH" 0 5 3, +C4<00000000000000000000000000010000>;
P_00000000064a67c8 .param/l "PTR_WIDTH" 1 5 18, +C4<00000000000000000000000000000100>;
P_00000000064a6800 .param/l "WORDSIZE" 0 5 2, +C4<00000000000000000000000000100000>;
v0000000006715350_0 .net *"_ivl_0", 31 0, L_00000000067912b0;  1 drivers
L_0000000006749130 .functor BUFT 1, C4<000000000000000000000000000>, C4<0>, C4<0>, C4<0>;
v00000000067152b0_0 .net *"_ivl_11", 26 0, L_0000000006749130;  1 drivers
L_0000000006749178 .functor BUFT 1, C4<00000000000000000000000000000000>, C4<0>, C4<0>, C4<0>;
v0000000006715170_0 .net/2u *"_ivl_12", 31 0, L_0000000006749178;  1 drivers
L_00000000067490a0 .functor BUFT 1, C4<000000000000000000000000000>, C4<0>, C4<0>, C4<0>;
v00000000067153f0_0 .net *"_ivl_3", 26 0, L_00000000067490a0;  1 drivers
L_00000000067490e8 .functor BUFT 1, C4<00000000000000000000000000010000>, C4<0>, C4<0>, C4<0>;
v0000000006715210_0 .net/2u *"_ivl_4", 31 0, L_00000000067490e8;  1 drivers
v0000000006715030_0 .net *"_ivl_8", 31 0, L_00000000067927f0;  1 drivers
v0000000006715490_0 .net "clk", 0 0, v0000000006732990_0;  alias, 1 drivers
v0000000006715530_0 .var "count", 4 0;
v00000000067155d0_0 .net "data_left_in", 31 0, v0000000006734470_0;  alias, 1 drivers
v0000000006715670_0 .var "data_left_out", 31 0;
v0000000006714f90_0 .net "data_right_in", 31 0, v00000000067346f0_0;  alias, 1 drivers
v0000000006733750_0 .var "data_right_out", 31 0;
v0000000006734830_0 .net "empty", 0 0, L_0000000006792890;  alias, 1 drivers
v0000000006734330_0 .net "full", 0 0, L_0000000006792390;  alias, 1 drivers
v00000000067341f0 .array "left_mem", 15 0, 31 0;
v00000000067343d0_0 .var "rd_ptr", 3 0;
v00000000067340b0_0 .net "read_en", 0 0, L_00000000067d3f80;  alias, 1 drivers
v00000000067345b0 .array "right_mem", 15 0, 31 0;
v0000000006734650_0 .net "rst", 0 0, L_000000000644c5f0;  alias, 1 drivers
v0000000006734510_0 .var "wr_ptr", 3 0;
v0000000006734150_0 .net "write_en", 0 0, L_00000000067d3490;  alias, 1 drivers
E_000000000666e230 .event posedge, v0000000006715490_0;
L_00000000067912b0 .concat [ 5 27 0 0], v0000000006715530_0, L_00000000067490a0;
L_0000000006792390 .cmp/eq 32, L_00000000067912b0, L_00000000067490e8;
L_00000000067927f0 .concat [ 5 27 0 0], v0000000006715530_0, L_0000000006749130;
L_0000000006792890 .cmp/eq 32, L_00000000067927f0, L_0000000006749178;
S_0000000006717970 .scope module, "in" "i2s_receive1" 4 60, 6 1 0, S_0000000006716cf0;
 .timescale -12 -12;
    .port_info 0 /INPUT 1 "rst";
    .port_info 1 /INPUT 1 "rx_en";
    .port_info 2 /INPUT 1 "clk";
    .port_info 3 /INPUT 1 "sck";
    .port_info 4 /INPUT 1 "ws";
    .port_info 5 /INPUT 1 "sd";
    .port_info 6 /OUTPUT 32 "data_left";
    .port_info 7 /OUTPUT 32 "data_right";
v0000000006734970_0 .net "clk", 0 0, L_000000000644c200;  alias, 1 drivers
v0000000006734470_0 .var "data_left", 31 0;
v00000000067348d0_0 .var "data_left_enable", 0 0;
v00000000067346f0_0 .var "data_right", 31 0;
v0000000006733390_0 .var "data_right_enable", 0 0;
v0000000006734ab0_0 .net "rst", 0 0, L_000000000644c5f0;  alias, 1 drivers
v0000000006734790_0 .net "rx_en", 0 0, L_00000000067d3490;  alias, 1 drivers
v0000000006733430_0 .net "sck", 0 0, v0000000006732fd0_0;  alias, 1 drivers
v0000000006733a70_0 .net "sd", 0 0, v0000000006731270_0;  alias, 1 drivers
v0000000006733e30_0 .var "shift_reg", 31 0;
v0000000006733f70_0 .net "ws", 0 0, v0000000006732990_0;  alias, 1 drivers
v0000000006733890_0 .var "wsd", 0 0;
v0000000006734dd0_0 .var "wsdd", 0 0;
v0000000006733110_0 .var "wsp", 0 0;
E_000000000666e3b0 .event anyedge, v0000000006734dd0_0, v0000000006733890_0, v0000000006733110_0;
E_000000000666eef0 .event posedge, v0000000006734970_0;
S_00000000067177e0 .scope module, "out" "spdif_transmit" 4 102, 7 1 0, S_0000000006716cf0;
 .timescale -12 -12;
    .port_info 0 /INPUT 1 "rst";
    .port_info 1 /INPUT 1 "clk";
    .port_info 2 /INPUT 32 "data_left";
    .port_info 3 /INPUT 32 "data_right";
    .port_info 4 /INPUT 1 "validity";
    .port_info 5 /INPUT 4 "sample_rate_code";
    .port_info 6 /OUTPUT 1 "spdif_out";
P_0000000004e43a20 .param/l "CLK_DIV" 1 7 14, +C4<00000000000000000000000000000010>;
P_0000000004e43a58 .param/l "CLK_FREQ" 0 7 13, +C4<00000001011101110000000000000000>;
P_0000000004e43a90 .param/l "SPDIF_BAUD" 0 7 12, +C4<00000000101110111000000000000000>;
v0000000006734f10_0 .var "bit_idx", 5 0;
v0000000006733d90_0 .var "bmc_out", 0 0;
v0000000006734fb0_0 .var "bmc_phase", 0 0;
v0000000006734c90_0 .var "ch_status_idx", 7 0;
v00000000067350f0_0 .var "ch_status_left", 191 0;
v0000000006735190_0 .var "ch_status_right", 191 0;
v0000000006735230_0 .net "channel_status_bit_left", 0 0, L_00000000067b9610;  1 drivers
v00000000067352d0_0 .net "channel_status_bit_right", 0 0, L_00000000067b9b10;  1 drivers
v0000000006734d30_0 .net "clk", 0 0, L_000000000644c200;  alias, 1 drivers
v0000000006735370_0 .net "data_left", 31 0, L_0000000006790810;  alias, 1 drivers
v0000000006735410_0 .net "data_right", 31 0, L_00000000067b9a70;  alias, 1 drivers
v00000000067354b0_0 .var "frame_count", 9 0;
v0000000006735550_0 .var "lr", 0 0;
v0000000006735690_0 .var "preamble_type", 3 0;
v0000000006735730_0 .net "rst", 0 0, L_000000000644c5f0;  alias, 1 drivers
L_00000000067491c0 .functor BUFT 1, C4<1100>, C4<0>, C4<0>, C4<0>;
v00000000067357d0_0 .net "sample_rate_code", 3 0, L_00000000067491c0;  1 drivers
v0000000006733070_0 .var "shift_data", 27 0;
v00000000067337f0_0 .var "spdif_clk", 0 0;
v00000000067331b0_0 .var "spdif_out", 0 0;
v0000000006733250_0 .var "subframe_data_left", 27 0;
v00000000067332f0_0 .var "subframe_data_right", 27 0;
v0000000006733610_0 .net "validity", 0 0, L_00000000067d3f80;  alias, 1 drivers
E_000000000666e4f0/0 .event anyedge, v0000000006735370_0, v00000000067340b0_0, v0000000006735230_0, v0000000006735410_0;
E_000000000666e4f0/1 .event anyedge, v00000000067352d0_0;
E_000000000666e4f0 .event/or E_000000000666e4f0/0, E_000000000666e4f0/1;
E_000000000666f030 .event anyedge, v00000000067357d0_0;
L_00000000067b9610 .part/v v00000000067350f0_0, v0000000006734c90_0, 1;
L_00000000067b9b10 .part/v v0000000006735190_0, v0000000006734c90_0, 1;
S_0000000006717330 .scope function.vec4.s28, "make_subframe" "make_subframe" 7 133, 7 133 0, S_00000000067177e0;
 .timescale -12 -12;
v00000000067334d0_0 .var "audio_data", 31 0;
v0000000006733b10_0 .var "channel_status", 0 0;
v0000000006733ed0_0 .var/i "i", 31 0;
; Variable make_subframe is vec4 return value of scope S_0000000006717330
v0000000006734010_0 .var "parity", 0 0;
v0000000006733570_0 .var "temp", 27 0;
v0000000006734e70_0 .var "user", 0 0;
v0000000006733c50_0 .var "validity", 0 0;
TD_splitstreamer_tb.uut.out.make_subframe ;
    %pushi/vec4 0, 0, 28;
    %store/vec4 v0000000006733570_0, 0, 28;
    %load/vec4 v00000000067334d0_0;
    %parti/s 24, 0, 2;
    %ix/load 4, 4, 0;
    %flag_set/imm 4, 0;
    %store/vec4 v0000000006733570_0, 4, 24;
    %load/vec4 v0000000006733c50_0;
    %ix/load 4, 3, 0;
    %flag_set/imm 4, 0;
    %store/vec4 v0000000006733570_0, 4, 1;
    %load/vec4 v0000000006734e70_0;
    %ix/load 4, 2, 0;
    %flag_set/imm 4, 0;
    %store/vec4 v0000000006733570_0, 4, 1;
    %load/vec4 v0000000006733b10_0;
    %ix/load 4, 1, 0;
    %flag_set/imm 4, 0;
    %store/vec4 v0000000006733570_0, 4, 1;
    %pushi/vec4 0, 0, 1;
    %store/vec4 v0000000006734010_0, 0, 1;
    %pushi/vec4 0, 0, 32;
    %store/vec4 v0000000006733ed0_0, 0, 32;
T_2.4 ; Top of for-loop 
    %load/vec4 v0000000006733ed0_0;
    %cmpi/s 27, 0, 32;
    %jmp/0xz T_2.5, 5;
    %load/vec4 v0000000006734010_0;
    %load/vec4 v0000000006733570_0;
    %load/vec4 v0000000006733ed0_0;
    %part/s 1;
    %xor;
    %store/vec4 v0000000006734010_0, 0, 1;
T_2.6 ; for-loop step statement
    %load/vec4 v0000000006733ed0_0;
    %addi 1, 0, 32;
    %store/vec4 v0000000006733ed0_0, 0, 32;
    %jmp T_2.4;
T_2.5 ; for-loop exit label
    %load/vec4 v0000000006734010_0;
    %ix/load 4, 0, 0;
    %flag_set/imm 4, 0;
    %store/vec4 v0000000006733570_0, 4, 1;
    %load/vec4 v0000000006733570_0;
    %ret/vec4 0, 0, 28;  Assign to make_subframe (store_vec4_to_lval)
    %end;
S_00000000067174c0 .scope function.vec4.s1, "preamble_b" "preamble_b" 7 157, 7 157 0, S_00000000067177e0;
 .timescale -12 -12;
v0000000006734b50_0 .var "idx", 5 0;
; Variable preamble_b is vec4 return value of scope S_00000000067174c0
TD_splitstreamer_tb.uut.out.preamble_b ;
    %load/vec4 v0000000006734b50_0;
    %dup/vec4;
    %pushi/vec4 0, 0, 6;
    %cmp/u;
    %jmp/1 T_3.7, 6;
    %dup/vec4;
    %pushi/vec4 1, 0, 6;
    %cmp/u;
    %jmp/1 T_3.8, 6;
    %dup/vec4;
    %pushi/vec4 2, 0, 6;
    %cmp/u;
    %jmp/1 T_3.9, 6;
    %dup/vec4;
    %pushi/vec4 3, 0, 6;
    %cmp/u;
    %jmp/1 T_3.10, 6;
    %pushi/vec4 0, 0, 1;
    %ret/vec4 0, 0, 1;  Assign to preamble_b (store_vec4_to_lval)
    %jmp T_3.12;
T_3.7 ;
    %pushi/vec4 1, 0, 1;
    %ret/vec4 0, 0, 1;  Assign to preamble_b (store_vec4_to_lval)
    %jmp T_3.12;
T_3.8 ;
    %pushi/vec4 1, 0, 1;
    %ret/vec4 0, 0, 1;  Assign to preamble_b (store_vec4_to_lval)
    %jmp T_3.12;
T_3.9 ;
    %pushi/vec4 1, 0, 1;
    %ret/vec4 0, 0, 1;  Assign to preamble_b (store_vec4_to_lval)
    %jmp T_3.12;
T_3.10 ;
    %pushi/vec4 0, 0, 1;
    %ret/vec4 0, 0, 1;  Assign to preamble_b (store_vec4_to_lval)
    %jmp T_3.12;
T_3.12 ;
    %pop/vec4 1;
    %end;
S_0000000006717650 .scope function.vec4.s1, "preamble_m" "preamble_m" 7 170, 7 170 0, S_00000000067177e0;
 .timescale -12 -12;
v0000000006734bf0_0 .var "idx", 5 0;
; Variable preamble_m is vec4 return value of scope S_0000000006717650
TD_splitstreamer_tb.uut.out.preamble_m ;
    %load/vec4 v0000000006734bf0_0;
    %dup/vec4;
    %pushi/vec4 0, 0, 6;
    %cmp/u;
    %jmp/1 T_4.13, 6;
    %dup/vec4;
    %pushi/vec4 1, 0, 6;
    %cmp/u;
    %jmp/1 T_4.14, 6;
    %dup/vec4;
    %pushi/vec4 2, 0, 6;
    %cmp/u;
    %jmp/1 T_4.15, 6;
    %dup/vec4;
    %pushi/vec4 3, 0, 6;
    %cmp/u;
    %jmp/1 T_4.16, 6;
    %pushi/vec4 0, 0, 1;
    %ret/vec4 0, 0, 1;  Assign to preamble_m (store_vec4_to_lval)
    %jmp T_4.18;
T_4.13 ;
    %pushi/vec4 1, 0, 1;
    %ret/vec4 0, 0, 1;  Assign to preamble_m (store_vec4_to_lval)
    %jmp T_4.18;
T_4.14 ;
    %pushi/vec4 1, 0, 1;
    %ret/vec4 0, 0, 1;  Assign to preamble_m (store_vec4_to_lval)
    %jmp T_4.18;
T_4.15 ;
    %pushi/vec4 0, 0, 1;
    %ret/vec4 0, 0, 1;  Assign to preamble_m (store_vec4_to_lval)
    %jmp T_4.18;
T_4.16 ;
    %pushi/vec4 0, 0, 1;
    %ret/vec4 0, 0, 1;  Assign to preamble_m (store_vec4_to_lval)
    %jmp T_4.18;
T_4.18 ;
    %pop/vec4 1;
    %end;
S_00000000064f6200 .scope function.vec4.s1, "preamble_w" "preamble_w" 7 182, 7 182 0, S_00000000067177e0;
 .timescale -12 -12;
v0000000006733cf0_0 .var "idx", 5 0;
; Variable preamble_w is vec4 return value of scope S_00000000064f6200
TD_splitstreamer_tb.uut.out.preamble_w ;
    %load/vec4 v0000000006733cf0_0;
    %dup/vec4;
    %pushi/vec4 0, 0, 6;
    %cmp/u;
    %jmp/1 T_5.19, 6;
    %dup/vec4;
    %pushi/vec4 1, 0, 6;
    %cmp/u;
    %jmp/1 T_5.20, 6;
    %dup/vec4;
    %pushi/vec4 2, 0, 6;
    %cmp/u;
    %jmp/1 T_5.21, 6;
    %dup/vec4;
    %pushi/vec4 3, 0, 6;
    %cmp/u;
    %jmp/1 T_5.22, 6;
    %pushi/vec4 0, 0, 1;
    %ret/vec4 0, 0, 1;  Assign to preamble_w (store_vec4_to_lval)
    %jmp T_5.24;
T_5.19 ;
    %pushi/vec4 1, 0, 1;
    %ret/vec4 0, 0, 1;  Assign to preamble_w (store_vec4_to_lval)
    %jmp T_5.24;
T_5.20 ;
    %pushi/vec4 0, 0, 1;
    %ret/vec4 0, 0, 1;  Assign to preamble_w (store_vec4_to_lval)
    %jmp T_5.24;
T_5.21 ;
    %pushi/vec4 0, 0, 1;
    %ret/vec4 0, 0, 1;  Assign to preamble_w (store_vec4_to_lval)
    %jmp T_5.24;
T_5.22 ;
    %pushi/vec4 0, 0, 1;
    %ret/vec4 0, 0, 1;  Assign to preamble_w (store_vec4_to_lval)
    %jmp T_5.24;
T_5.24 ;
    %pop/vec4 1;
    %end;
S_0000000006739100 .scope module, "reverse_left" "reverse_bits" 4 89, 4 200 0, S_0000000006716cf0;
 .timescale -12 -12;
    .port_info 0 /INPUT 32 "in";
    .port_info 1 /OUTPUT 32 "out";
P_000000000666e530 .param/l "WIDTH" 0 4 200, +C4<00000000000000000000000000100000>;
v000000000672f830_0 .net "in", 31 0, v0000000006715670_0;  alias, 1 drivers
v000000000672f1f0_0 .net "out", 31 0, L_0000000006790810;  alias, 1 drivers
L_0000000006791d50 .part v0000000006715670_0, 31, 1;
L_0000000006790c70 .part v0000000006715670_0, 30, 1;
L_0000000006791990 .part v0000000006715670_0, 29, 1;
L_0000000006790590 .part v0000000006715670_0, 28, 1;
L_0000000006791170 .part v0000000006715670_0, 27, 1;
L_0000000006792570 .part v0000000006715670_0, 26, 1;
L_0000000006792610 .part v0000000006715670_0, 25, 1;
L_0000000006792c50 .part v0000000006715670_0, 24, 1;
L_0000000006792930 .part v0000000006715670_0, 23, 1;
L_0000000006790b30 .part v0000000006715670_0, 22, 1;
L_0000000006792250 .part v0000000006715670_0, 21, 1;
L_0000000006791350 .part v0000000006715670_0, 20, 1;
L_0000000006791850 .part v0000000006715670_0, 19, 1;
L_0000000006791030 .part v0000000006715670_0, 18, 1;
L_00000000067906d0 .part v0000000006715670_0, 17, 1;
L_0000000006790770 .part v0000000006715670_0, 16, 1;
L_0000000006791df0 .part v0000000006715670_0, 15, 1;
L_00000000067909f0 .part v0000000006715670_0, 14, 1;
L_0000000006791210 .part v0000000006715670_0, 13, 1;
L_0000000006791fd0 .part v0000000006715670_0, 12, 1;
L_0000000006791710 .part v0000000006715670_0, 11, 1;
L_0000000006790d10 .part v0000000006715670_0, 10, 1;
L_0000000006791530 .part v0000000006715670_0, 9, 1;
L_00000000067904f0 .part v0000000006715670_0, 8, 1;
L_0000000006790a90 .part v0000000006715670_0, 7, 1;
L_0000000006792750 .part v0000000006715670_0, 6, 1;
L_0000000006791e90 .part v0000000006715670_0, 5, 1;
L_00000000067917b0 .part v0000000006715670_0, 4, 1;
L_0000000006791670 .part v0000000006715670_0, 3, 1;
L_00000000067918f0 .part v0000000006715670_0, 2, 1;
L_0000000006791a30 .part v0000000006715670_0, 1, 1;
LS_0000000006790810_0_0 .concat8 [ 1 1 1 1], L_0000000006791d50, L_0000000006790c70, L_0000000006791990, L_0000000006790590;
LS_0000000006790810_0_4 .concat8 [ 1 1 1 1], L_0000000006791170, L_0000000006792570, L_0000000006792610, L_0000000006792c50;
LS_0000000006790810_0_8 .concat8 [ 1 1 1 1], L_0000000006792930, L_0000000006790b30, L_0000000006792250, L_0000000006791350;
LS_0000000006790810_0_12 .concat8 [ 1 1 1 1], L_0000000006791850, L_0000000006791030, L_00000000067906d0, L_0000000006790770;
LS_0000000006790810_0_16 .concat8 [ 1 1 1 1], L_0000000006791df0, L_00000000067909f0, L_0000000006791210, L_0000000006791fd0;
LS_0000000006790810_0_20 .concat8 [ 1 1 1 1], L_0000000006791710, L_0000000006790d10, L_0000000006791530, L_00000000067904f0;
LS_0000000006790810_0_24 .concat8 [ 1 1 1 1], L_0000000006790a90, L_0000000006792750, L_0000000006791e90, L_00000000067917b0;
LS_0000000006790810_0_28 .concat8 [ 1 1 1 1], L_0000000006791670, L_00000000067918f0, L_0000000006791a30, L_0000000006790630;
LS_0000000006790810_1_0 .concat8 [ 4 4 4 4], LS_0000000006790810_0_0, LS_0000000006790810_0_4, LS_0000000006790810_0_8, LS_0000000006790810_0_12;
LS_0000000006790810_1_4 .concat8 [ 4 4 4 4], LS_0000000006790810_0_16, LS_0000000006790810_0_20, LS_0000000006790810_0_24, LS_0000000006790810_0_28;
L_0000000006790810 .concat8 [ 16 16 0 0], LS_0000000006790810_1_0, LS_0000000006790810_1_4;
L_0000000006790630 .part v0000000006715670_0, 0, 1;
S_0000000006739740 .scope generate, "bit_reverse[0]" "bit_reverse[0]" 4 207, 4 207 0, S_0000000006739100;
 .timescale -12 -12;
P_000000000666e570 .param/l "i" 1 4 207, +C4<00>;
v00000000067336b0_0 .net *"_ivl_0", 0 0, L_0000000006791d50;  1 drivers
S_0000000006739420 .scope generate, "bit_reverse[1]" "bit_reverse[1]" 4 207, 4 207 0, S_0000000006739100;
 .timescale -12 -12;
P_000000000666ef30 .param/l "i" 1 4 207, +C4<01>;
v0000000006733930_0 .net *"_ivl_0", 0 0, L_0000000006790c70;  1 drivers
S_00000000067395b0 .scope generate, "bit_reverse[2]" "bit_reverse[2]" 4 207, 4 207 0, S_0000000006739100;
 .timescale -12 -12;
P_000000000666e5b0 .param/l "i" 1 4 207, +C4<010>;
v00000000067339d0_0 .net *"_ivl_0", 0 0, L_0000000006791990;  1 drivers
S_0000000006738610 .scope generate, "bit_reverse[3]" "bit_reverse[3]" 4 207, 4 207 0, S_0000000006739100;
 .timescale -12 -12;
P_000000000666e970 .param/l "i" 1 4 207, +C4<011>;
v0000000006733bb0_0 .net *"_ivl_0", 0 0, L_0000000006790590;  1 drivers
S_00000000067387a0 .scope generate, "bit_reverse[4]" "bit_reverse[4]" 4 207, 4 207 0, S_0000000006739100;
 .timescale -12 -12;
P_000000000666ebb0 .param/l "i" 1 4 207, +C4<0100>;
v0000000006735b90_0 .net *"_ivl_0", 0 0, L_0000000006791170;  1 drivers
S_00000000067398d0 .scope generate, "bit_reverse[5]" "bit_reverse[5]" 4 207, 4 207 0, S_0000000006739100;
 .timescale -12 -12;
P_000000000666ea30 .param/l "i" 1 4 207, +C4<0101>;
v0000000006735c30_0 .net *"_ivl_0", 0 0, L_0000000006792570;  1 drivers
S_000000000673a0a0 .scope generate, "bit_reverse[6]" "bit_reverse[6]" 4 207, 4 207 0, S_0000000006739100;
 .timescale -12 -12;
P_000000000666ef70 .param/l "i" 1 4 207, +C4<0110>;
v0000000006735cd0_0 .net *"_ivl_0", 0 0, L_0000000006792610;  1 drivers
S_0000000006739290 .scope generate, "bit_reverse[7]" "bit_reverse[7]" 4 207, 4 207 0, S_0000000006739100;
 .timescale -12 -12;
P_000000000666e8f0 .param/l "i" 1 4 207, +C4<0111>;
v0000000006735f50_0 .net *"_ivl_0", 0 0, L_0000000006792c50;  1 drivers
S_0000000006739a60 .scope generate, "bit_reverse[8]" "bit_reverse[8]" 4 207, 4 207 0, S_0000000006739100;
 .timescale -12 -12;
P_000000000666efb0 .param/l "i" 1 4 207, +C4<01000>;
v0000000006735a50_0 .net *"_ivl_0", 0 0, L_0000000006792930;  1 drivers
S_0000000006739bf0 .scope generate, "bit_reverse[9]" "bit_reverse[9]" 4 207, 4 207 0, S_0000000006739100;
 .timescale -12 -12;
P_000000000666e5f0 .param/l "i" 1 4 207, +C4<01001>;
v0000000006735870_0 .net *"_ivl_0", 0 0, L_0000000006790b30;  1 drivers
S_0000000006739d80 .scope generate, "bit_reverse[10]" "bit_reverse[10]" 4 207, 4 207 0, S_0000000006739100;
 .timescale -12 -12;
P_000000000666ec30 .param/l "i" 1 4 207, +C4<01010>;
v0000000006735910_0 .net *"_ivl_0", 0 0, L_0000000006792250;  1 drivers
S_0000000006739f10 .scope generate, "bit_reverse[11]" "bit_reverse[11]" 4 207, 4 207 0, S_0000000006739100;
 .timescale -12 -12;
P_000000000666ea70 .param/l "i" 1 4 207, +C4<01011>;
v0000000006735e10_0 .net *"_ivl_0", 0 0, L_0000000006791350;  1 drivers
S_0000000006738930 .scope generate, "bit_reverse[12]" "bit_reverse[12]" 4 207, 4 207 0, S_0000000006739100;
 .timescale -12 -12;
P_000000000666e630 .param/l "i" 1 4 207, +C4<01100>;
v0000000006735eb0_0 .net *"_ivl_0", 0 0, L_0000000006791850;  1 drivers
S_000000000673a230 .scope generate, "bit_reverse[13]" "bit_reverse[13]" 4 207, 4 207 0, S_0000000006739100;
 .timescale -12 -12;
P_000000000666e270 .param/l "i" 1 4 207, +C4<01101>;
v0000000006735af0_0 .net *"_ivl_0", 0 0, L_0000000006791030;  1 drivers
S_0000000006738480 .scope generate, "bit_reverse[14]" "bit_reverse[14]" 4 207, 4 207 0, S_0000000006739100;
 .timescale -12 -12;
P_000000000666e670 .param/l "i" 1 4 207, +C4<01110>;
v0000000006735d70_0 .net *"_ivl_0", 0 0, L_00000000067906d0;  1 drivers
S_0000000006738ac0 .scope generate, "bit_reverse[15]" "bit_reverse[15]" 4 207, 4 207 0, S_0000000006739100;
 .timescale -12 -12;
P_000000000666ebf0 .param/l "i" 1 4 207, +C4<01111>;
v00000000067359b0_0 .net *"_ivl_0", 0 0, L_0000000006790770;  1 drivers
S_0000000006738c50 .scope generate, "bit_reverse[16]" "bit_reverse[16]" 4 207, 4 207 0, S_0000000006739100;
 .timescale -12 -12;
P_000000000666e770 .param/l "i" 1 4 207, +C4<010000>;
v000000000672ed90_0 .net *"_ivl_0", 0 0, L_0000000006791df0;  1 drivers
S_0000000006738de0 .scope generate, "bit_reverse[17]" "bit_reverse[17]" 4 207, 4 207 0, S_0000000006739100;
 .timescale -12 -12;
P_000000000666ed70 .param/l "i" 1 4 207, +C4<010001>;
v000000000672e930_0 .net *"_ivl_0", 0 0, L_00000000067909f0;  1 drivers
S_0000000006738f70 .scope generate, "bit_reverse[18]" "bit_reverse[18]" 4 207, 4 207 0, S_0000000006739100;
 .timescale -12 -12;
P_000000000666e6b0 .param/l "i" 1 4 207, +C4<010010>;
v000000000672fdd0_0 .net *"_ivl_0", 0 0, L_0000000006791210;  1 drivers
S_0000000006742f90 .scope generate, "bit_reverse[19]" "bit_reverse[19]" 4 207, 4 207 0, S_0000000006739100;
 .timescale -12 -12;
P_000000000666e7f0 .param/l "i" 1 4 207, +C4<010011>;
v000000000672eed0_0 .net *"_ivl_0", 0 0, L_0000000006791fd0;  1 drivers
S_0000000006743da0 .scope generate, "bit_reverse[20]" "bit_reverse[20]" 4 207, 4 207 0, S_0000000006739100;
 .timescale -12 -12;
P_000000000666e870 .param/l "i" 1 4 207, +C4<010100>;
v000000000672e890_0 .net *"_ivl_0", 0 0, L_0000000006791710;  1 drivers
S_0000000006742e00 .scope generate, "bit_reverse[21]" "bit_reverse[21]" 4 207, 4 207 0, S_0000000006739100;
 .timescale -12 -12;
P_000000000666e2b0 .param/l "i" 1 4 207, +C4<010101>;
v000000000672eb10_0 .net *"_ivl_0", 0 0, L_0000000006790d10;  1 drivers
S_0000000006743120 .scope generate, "bit_reverse[22]" "bit_reverse[22]" 4 207, 4 207 0, S_0000000006739100;
 .timescale -12 -12;
P_000000000666ec70 .param/l "i" 1 4 207, +C4<010110>;
v000000000672e9d0_0 .net *"_ivl_0", 0 0, L_0000000006791530;  1 drivers
S_00000000067432b0 .scope generate, "bit_reverse[23]" "bit_reverse[23]" 4 207, 4 207 0, S_0000000006739100;
 .timescale -12 -12;
P_000000000666e2f0 .param/l "i" 1 4 207, +C4<010111>;
v000000000672e390_0 .net *"_ivl_0", 0 0, L_00000000067904f0;  1 drivers
S_0000000006743440 .scope generate, "bit_reverse[24]" "bit_reverse[24]" 4 207, 4 207 0, S_0000000006739100;
 .timescale -12 -12;
P_000000000666e930 .param/l "i" 1 4 207, +C4<011000>;
v000000000672e6b0_0 .net *"_ivl_0", 0 0, L_0000000006790a90;  1 drivers
S_0000000006743a80 .scope generate, "bit_reverse[25]" "bit_reverse[25]" 4 207, 4 207 0, S_0000000006739100;
 .timescale -12 -12;
P_000000000666ecb0 .param/l "i" 1 4 207, +C4<011001>;
v000000000672fe70_0 .net *"_ivl_0", 0 0, L_0000000006792750;  1 drivers
S_0000000006742950 .scope generate, "bit_reverse[26]" "bit_reverse[26]" 4 207, 4 207 0, S_0000000006739100;
 .timescale -12 -12;
P_000000000666ecf0 .param/l "i" 1 4 207, +C4<011010>;
v0000000006730050_0 .net *"_ivl_0", 0 0, L_0000000006791e90;  1 drivers
S_0000000006743c10 .scope generate, "bit_reverse[27]" "bit_reverse[27]" 4 207, 4 207 0, S_0000000006739100;
 .timescale -12 -12;
P_000000000666e330 .param/l "i" 1 4 207, +C4<011011>;
v00000000067304b0_0 .net *"_ivl_0", 0 0, L_00000000067917b0;  1 drivers
S_0000000006744250 .scope generate, "bit_reverse[28]" "bit_reverse[28]" 4 207, 4 207 0, S_0000000006739100;
 .timescale -12 -12;
P_000000000666edb0 .param/l "i" 1 4 207, +C4<011100>;
v000000000672f3d0_0 .net *"_ivl_0", 0 0, L_0000000006791670;  1 drivers
S_0000000006742ae0 .scope generate, "bit_reverse[29]" "bit_reverse[29]" 4 207, 4 207 0, S_0000000006739100;
 .timescale -12 -12;
P_000000000666edf0 .param/l "i" 1 4 207, +C4<011101>;
v000000000672e750_0 .net *"_ivl_0", 0 0, L_00000000067918f0;  1 drivers
S_00000000067427c0 .scope generate, "bit_reverse[30]" "bit_reverse[30]" 4 207, 4 207 0, S_0000000006739100;
 .timescale -12 -12;
P_000000000666eff0 .param/l "i" 1 4 207, +C4<011110>;
v0000000006730230_0 .net *"_ivl_0", 0 0, L_0000000006791a30;  1 drivers
S_00000000067435d0 .scope generate, "bit_reverse[31]" "bit_reverse[31]" 4 207, 4 207 0, S_0000000006739100;
 .timescale -12 -12;
P_000000000666f070 .param/l "i" 1 4 207, +C4<011111>;
v000000000672e610_0 .net *"_ivl_0", 0 0, L_0000000006790630;  1 drivers
S_00000000067424a0 .scope module, "reverse_right" "reverse_bits" 4 96, 4 200 0, S_0000000006716cf0;
 .timescale -12 -12;
    .port_info 0 /INPUT 32 "in";
    .port_info 1 /OUTPUT 32 "out";
P_000000000666f0b0 .param/l "WIDTH" 0 4 200, +C4<00000000000000000000000000100000>;
v00000000067305f0_0 .net "in", 31 0, v0000000006733750_0;  alias, 1 drivers
v000000000672f6f0_0 .net "out", 31 0, L_00000000067b9a70;  alias, 1 drivers
L_00000000067929d0 .part v0000000006733750_0, 31, 1;
L_00000000067913f0 .part v0000000006733750_0, 30, 1;
L_0000000006791490 .part v0000000006733750_0, 29, 1;
L_00000000067908b0 .part v0000000006733750_0, 28, 1;
L_0000000006792070 .part v0000000006733750_0, 27, 1;
L_0000000006791ad0 .part v0000000006733750_0, 26, 1;
L_0000000006792a70 .part v0000000006733750_0, 25, 1;
L_0000000006792110 .part v0000000006733750_0, 24, 1;
L_0000000006790db0 .part v0000000006733750_0, 23, 1;
L_0000000006790f90 .part v0000000006733750_0, 22, 1;
L_0000000006792b10 .part v0000000006733750_0, 21, 1;
L_0000000006790e50 .part v0000000006733750_0, 20, 1;
L_00000000067921b0 .part v0000000006733750_0, 19, 1;
L_0000000006790bd0 .part v0000000006733750_0, 18, 1;
L_0000000006792bb0 .part v0000000006733750_0, 17, 1;
L_0000000006790950 .part v0000000006733750_0, 16, 1;
L_00000000067b9390 .part v0000000006733750_0, 15, 1;
L_00000000067ba510 .part v0000000006733750_0, 14, 1;
L_00000000067b8fd0 .part v0000000006733750_0, 13, 1;
L_00000000067b9890 .part v0000000006733750_0, 12, 1;
L_00000000067ba0b0 .part v0000000006733750_0, 11, 1;
L_00000000067ba650 .part v0000000006733750_0, 10, 1;
L_00000000067ba150 .part v0000000006733750_0, 9, 1;
L_00000000067ba790 .part v0000000006733750_0, 8, 1;
L_00000000067b8f30 .part v0000000006733750_0, 7, 1;
L_00000000067ba6f0 .part v0000000006733750_0, 6, 1;
L_00000000067ba290 .part v0000000006733750_0, 5, 1;
L_00000000067b8990 .part v0000000006733750_0, 4, 1;
L_00000000067b9e30 .part v0000000006733750_0, 3, 1;
L_00000000067ba470 .part v0000000006733750_0, 2, 1;
L_00000000067b8a30 .part v0000000006733750_0, 1, 1;
LS_00000000067b9a70_0_0 .concat8 [ 1 1 1 1], L_00000000067929d0, L_00000000067913f0, L_0000000006791490, L_00000000067908b0;
LS_00000000067b9a70_0_4 .concat8 [ 1 1 1 1], L_0000000006792070, L_0000000006791ad0, L_0000000006792a70, L_0000000006792110;
LS_00000000067b9a70_0_8 .concat8 [ 1 1 1 1], L_0000000006790db0, L_0000000006790f90, L_0000000006792b10, L_0000000006790e50;
LS_00000000067b9a70_0_12 .concat8 [ 1 1 1 1], L_00000000067921b0, L_0000000006790bd0, L_0000000006792bb0, L_0000000006790950;
LS_00000000067b9a70_0_16 .concat8 [ 1 1 1 1], L_00000000067b9390, L_00000000067ba510, L_00000000067b8fd0, L_00000000067b9890;
LS_00000000067b9a70_0_20 .concat8 [ 1 1 1 1], L_00000000067ba0b0, L_00000000067ba650, L_00000000067ba150, L_00000000067ba790;
LS_00000000067b9a70_0_24 .concat8 [ 1 1 1 1], L_00000000067b8f30, L_00000000067ba6f0, L_00000000067ba290, L_00000000067b8990;
LS_00000000067b9a70_0_28 .concat8 [ 1 1 1 1], L_00000000067b9e30, L_00000000067ba470, L_00000000067b8a30, L_00000000067ba830;
LS_00000000067b9a70_1_0 .concat8 [ 4 4 4 4], LS_00000000067b9a70_0_0, LS_00000000067b9a70_0_4, LS_00000000067b9a70_0_8, LS_00000000067b9a70_0_12;
LS_00000000067b9a70_1_4 .concat8 [ 4 4 4 4], LS_00000000067b9a70_0_16, LS_00000000067b9a70_0_20, LS_00000000067b9a70_0_24, LS_00000000067b9a70_0_28;
L_00000000067b9a70 .concat8 [ 16 16 0 0], LS_00000000067b9a70_1_0, LS_00000000067b9a70_1_4;
L_00000000067ba830 .part v0000000006733750_0, 0, 1;
S_0000000006743760 .scope generate, "bit_reverse[0]" "bit_reverse[0]" 4 207, 4 207 0, S_00000000067424a0;
 .timescale -12 -12;
P_000000000666e470 .param/l "i" 1 4 207, +C4<00>;
v000000000672e7f0_0 .net *"_ivl_0", 0 0, L_00000000067929d0;  1 drivers
S_0000000006742c70 .scope generate, "bit_reverse[1]" "bit_reverse[1]" 4 207, 4 207 0, S_00000000067424a0;
 .timescale -12 -12;
P_000000000666f2f0 .param/l "i" 1 4 207, +C4<01>;
v000000000672ff10_0 .net *"_ivl_0", 0 0, L_00000000067913f0;  1 drivers
S_0000000006743f30 .scope generate, "bit_reverse[2]" "bit_reverse[2]" 4 207, 4 207 0, S_00000000067424a0;
 .timescale -12 -12;
P_000000000666fb30 .param/l "i" 1 4 207, +C4<010>;
v000000000672ebb0_0 .net *"_ivl_0", 0 0, L_0000000006791490;  1 drivers
S_0000000006742630 .scope generate, "bit_reverse[3]" "bit_reverse[3]" 4 207, 4 207 0, S_00000000067424a0;
 .timescale -12 -12;
P_000000000666fcb0 .param/l "i" 1 4 207, +C4<011>;
v000000000672e430_0 .net *"_ivl_0", 0 0, L_00000000067908b0;  1 drivers
S_00000000067440c0 .scope generate, "bit_reverse[4]" "bit_reverse[4]" 4 207, 4 207 0, S_00000000067424a0;
 .timescale -12 -12;
P_000000000666f830 .param/l "i" 1 4 207, +C4<0100>;
v000000000672ffb0_0 .net *"_ivl_0", 0 0, L_0000000006792070;  1 drivers
S_00000000067438f0 .scope generate, "bit_reverse[5]" "bit_reverse[5]" 4 207, 4 207 0, S_00000000067424a0;
 .timescale -12 -12;
P_000000000666ff70 .param/l "i" 1 4 207, +C4<0101>;
v000000000672f8d0_0 .net *"_ivl_0", 0 0, L_0000000006791ad0;  1 drivers
S_0000000006745900 .scope generate, "bit_reverse[6]" "bit_reverse[6]" 4 207, 4 207 0, S_00000000067424a0;
 .timescale -12 -12;
P_000000000666fcf0 .param/l "i" 1 4 207, +C4<0110>;
v00000000067300f0_0 .net *"_ivl_0", 0 0, L_0000000006792a70;  1 drivers
S_0000000006745db0 .scope generate, "bit_reverse[7]" "bit_reverse[7]" 4 207, 4 207 0, S_00000000067424a0;
 .timescale -12 -12;
P_0000000006670130 .param/l "i" 1 4 207, +C4<0111>;
v000000000672f470_0 .net *"_ivl_0", 0 0, L_0000000006792110;  1 drivers
S_0000000006745a90 .scope generate, "bit_reverse[8]" "bit_reverse[8]" 4 207, 4 207 0, S_00000000067424a0;
 .timescale -12 -12;
P_000000000666ffb0 .param/l "i" 1 4 207, +C4<01000>;
v000000000672ecf0_0 .net *"_ivl_0", 0 0, L_0000000006790db0;  1 drivers
S_0000000006745450 .scope generate, "bit_reverse[9]" "bit_reverse[9]" 4 207, 4 207 0, S_00000000067424a0;
 .timescale -12 -12;
P_000000000666f3b0 .param/l "i" 1 4 207, +C4<01001>;
v000000000672f510_0 .net *"_ivl_0", 0 0, L_0000000006790f90;  1 drivers
S_0000000006744c80 .scope generate, "bit_reverse[10]" "bit_reverse[10]" 4 207, 4 207 0, S_00000000067424a0;
 .timescale -12 -12;
P_000000000666faf0 .param/l "i" 1 4 207, +C4<01010>;
v000000000672e250_0 .net *"_ivl_0", 0 0, L_0000000006792b10;  1 drivers
S_0000000006744fa0 .scope generate, "bit_reverse[11]" "bit_reverse[11]" 4 207, 4 207 0, S_00000000067424a0;
 .timescale -12 -12;
P_000000000666f3f0 .param/l "i" 1 4 207, +C4<01011>;
v000000000672fb50_0 .net *"_ivl_0", 0 0, L_0000000006790e50;  1 drivers
S_00000000067460d0 .scope generate, "bit_reverse[12]" "bit_reverse[12]" 4 207, 4 207 0, S_00000000067424a0;
 .timescale -12 -12;
P_000000000666f430 .param/l "i" 1 4 207, +C4<01100>;
v0000000006730190_0 .net *"_ivl_0", 0 0, L_00000000067921b0;  1 drivers
S_00000000067455e0 .scope generate, "bit_reverse[13]" "bit_reverse[13]" 4 207, 4 207 0, S_00000000067424a0;
 .timescale -12 -12;
P_000000000666f530 .param/l "i" 1 4 207, +C4<01101>;
v000000000672f010_0 .net *"_ivl_0", 0 0, L_0000000006790bd0;  1 drivers
S_00000000067444b0 .scope generate, "bit_reverse[14]" "bit_reverse[14]" 4 207, 4 207 0, S_00000000067424a0;
 .timescale -12 -12;
P_0000000006670170 .param/l "i" 1 4 207, +C4<01110>;
v000000000672ec50_0 .net *"_ivl_0", 0 0, L_0000000006792bb0;  1 drivers
S_00000000067452c0 .scope generate, "bit_reverse[15]" "bit_reverse[15]" 4 207, 4 207 0, S_00000000067424a0;
 .timescale -12 -12;
P_000000000666fc70 .param/l "i" 1 4 207, +C4<01111>;
v0000000006730550_0 .net *"_ivl_0", 0 0, L_0000000006790950;  1 drivers
S_0000000006745130 .scope generate, "bit_reverse[16]" "bit_reverse[16]" 4 207, 4 207 0, S_00000000067424a0;
 .timescale -12 -12;
P_000000000666fdf0 .param/l "i" 1 4 207, +C4<010000>;
v000000000672ea70_0 .net *"_ivl_0", 0 0, L_00000000067b9390;  1 drivers
S_0000000006745770 .scope generate, "bit_reverse[17]" "bit_reverse[17]" 4 207, 4 207 0, S_00000000067424a0;
 .timescale -12 -12;
P_000000000666fef0 .param/l "i" 1 4 207, +C4<010001>;
v00000000067302d0_0 .net *"_ivl_0", 0 0, L_00000000067ba510;  1 drivers
S_0000000006745c20 .scope generate, "bit_reverse[18]" "bit_reverse[18]" 4 207, 4 207 0, S_00000000067424a0;
 .timescale -12 -12;
P_00000000066700b0 .param/l "i" 1 4 207, +C4<010010>;
v0000000006730690_0 .net *"_ivl_0", 0 0, L_00000000067b8fd0;  1 drivers
S_0000000006745f40 .scope generate, "bit_reverse[19]" "bit_reverse[19]" 4 207, 4 207 0, S_00000000067424a0;
 .timescale -12 -12;
P_000000000666f9f0 .param/l "i" 1 4 207, +C4<010011>;
v000000000672ee30_0 .net *"_ivl_0", 0 0, L_00000000067b9890;  1 drivers
S_0000000006746260 .scope generate, "bit_reverse[20]" "bit_reverse[20]" 4 207, 4 207 0, S_00000000067424a0;
 .timescale -12 -12;
P_000000000666f4b0 .param/l "i" 1 4 207, +C4<010100>;
v000000000672e570_0 .net *"_ivl_0", 0 0, L_00000000067ba0b0;  1 drivers
S_0000000006744e10 .scope generate, "bit_reverse[21]" "bit_reverse[21]" 4 207, 4 207 0, S_00000000067424a0;
 .timescale -12 -12;
P_000000000666fff0 .param/l "i" 1 4 207, +C4<010101>;
v000000000672f150_0 .net *"_ivl_0", 0 0, L_00000000067ba650;  1 drivers
S_0000000006744640 .scope generate, "bit_reverse[22]" "bit_reverse[22]" 4 207, 4 207 0, S_00000000067424a0;
 .timescale -12 -12;
P_000000000666f470 .param/l "i" 1 4 207, +C4<010110>;
v000000000672f970_0 .net *"_ivl_0", 0 0, L_00000000067ba150;  1 drivers
S_00000000067447d0 .scope generate, "bit_reverse[23]" "bit_reverse[23]" 4 207, 4 207 0, S_00000000067424a0;
 .timescale -12 -12;
P_000000000666f4f0 .param/l "i" 1 4 207, +C4<010111>;
v000000000672e2f0_0 .net *"_ivl_0", 0 0, L_00000000067ba790;  1 drivers
S_0000000006744960 .scope generate, "bit_reverse[24]" "bit_reverse[24]" 4 207, 4 207 0, S_00000000067424a0;
 .timescale -12 -12;
P_000000000666ff30 .param/l "i" 1 4 207, +C4<011000>;
v000000000672fa10_0 .net *"_ivl_0", 0 0, L_00000000067b8f30;  1 drivers
S_0000000006744af0 .scope generate, "bit_reverse[25]" "bit_reverse[25]" 4 207, 4 207 0, S_00000000067424a0;
 .timescale -12 -12;
P_000000000666fe30 .param/l "i" 1 4 207, +C4<011001>;
v000000000672fd30_0 .net *"_ivl_0", 0 0, L_00000000067ba6f0;  1 drivers
S_0000000006747c30 .scope generate, "bit_reverse[26]" "bit_reverse[26]" 4 207, 4 207 0, S_00000000067424a0;
 .timescale -12 -12;
P_000000000666f570 .param/l "i" 1 4 207, +C4<011010>;
v000000000672e070_0 .net *"_ivl_0", 0 0, L_00000000067ba290;  1 drivers
S_0000000006748270 .scope generate, "bit_reverse[27]" "bit_reverse[27]" 4 207, 4 207 0, S_00000000067424a0;
 .timescale -12 -12;
P_000000000666f670 .param/l "i" 1 4 207, +C4<011011>;
v000000000672e1b0_0 .net *"_ivl_0", 0 0, L_00000000067b8990;  1 drivers
S_0000000006746650 .scope generate, "bit_reverse[28]" "bit_reverse[28]" 4 207, 4 207 0, S_00000000067424a0;
 .timescale -12 -12;
P_000000000666f370 .param/l "i" 1 4 207, +C4<011100>;
v000000000672ef70_0 .net *"_ivl_0", 0 0, L_00000000067b9e30;  1 drivers
S_0000000006746fb0 .scope generate, "bit_reverse[29]" "bit_reverse[29]" 4 207, 4 207 0, S_00000000067424a0;
 .timescale -12 -12;
P_000000000666fb70 .param/l "i" 1 4 207, +C4<011101>;
v0000000006730370_0 .net *"_ivl_0", 0 0, L_00000000067ba470;  1 drivers
S_0000000006747910 .scope generate, "bit_reverse[30]" "bit_reverse[30]" 4 207, 4 207 0, S_00000000067424a0;
 .timescale -12 -12;
P_000000000666f6b0 .param/l "i" 1 4 207, +C4<011110>;
v0000000006730410_0 .net *"_ivl_0", 0 0, L_00000000067b8a30;  1 drivers
S_0000000006747aa0 .scope generate, "bit_reverse[31]" "bit_reverse[31]" 4 207, 4 207 0, S_00000000067424a0;
 .timescale -12 -12;
P_00000000066701b0 .param/l "i" 1 4 207, +C4<011111>;
v0000000006730730_0 .net *"_ivl_0", 0 0, L_00000000067ba830;  1 drivers
S_00000000067472d0 .scope module, "smu" "system_management_unit" 4 112, 4 129 0, S_0000000006716cf0;
 .timescale -12 -12;
    .port_info 0 /INPUT 1 "pin_user_sw";
    .port_info 1 /INPUT 1 "clk";
    .port_info 2 /INPUT 1 "pll_lock";
    .port_info 3 /INPUT 1 "pin_i2s_fclk";
    .port_info 4 /INPUT 1 "full";
    .port_info 5 /INPUT 1 "empty";
    .port_info 6 /OUTPUT 1 "red";
    .port_info 7 /OUTPUT 1 "green";
    .port_info 8 /OUTPUT 1 "blue";
    .port_info 9 /OUTPUT 1 "write_en";
    .port_info 10 /OUTPUT 1 "read_en";
    .port_info 11 /OUTPUT 1 "rst";
L_0000000004e3d550 .functor NOT 1, L_0000000006749058, C4<0>, C4<0>, C4<0>;
L_0000000004e3d780 .functor NOT 1, v0000000006731d10_0, C4<0>, C4<0>, C4<0>;
L_000000000644c5f0 .functor OR 1, L_0000000004e3d550, L_0000000004e3d780, C4<0>, C4<0>;
L_00000000064d29a0 .functor AND 1, L_00000000067b9bb0, v000000000672f790_0, C4<1>, C4<1>;
L_00000000064eb9f0 .functor NOT 1, L_0000000006792890, C4<0>, C4<0>, C4<0>;
L_00000000067d3f80 .functor AND 1, L_00000000064eb9f0, v0000000006731310_0, C4<1>, C4<1>;
L_00000000067d3ff0 .functor NOT 1, L_0000000006792390, C4<0>, C4<0>, C4<0>;
L_00000000067d3490 .functor AND 1, L_00000000067d3ff0, v0000000006731310_0, C4<1>, C4<1>;
L_00000000067d3260 .functor BUFZ 1, L_00000000067ba8d0, C4<0>, C4<0>, C4<0>;
L_00000000067d3b20 .functor BUFZ 1, L_00000000067ba8d0, C4<0>, C4<0>, C4<0>;
v000000000672fab0_0 .net *"_ivl_0", 0 0, L_0000000004e3d550;  1 drivers
v000000000672e4d0_0 .net *"_ivl_10", 0 0, L_00000000064eb9f0;  1 drivers
v000000000672f0b0_0 .net *"_ivl_14", 0 0, L_00000000067d3ff0;  1 drivers
v000000000672f290_0 .net *"_ivl_2", 0 0, L_0000000004e3d780;  1 drivers
v000000000672fbf0_0 .net *"_ivl_7", 0 0, L_00000000067b9bb0;  1 drivers
v000000000672e110_0 .net "blue", 0 0, L_00000000067d3260;  alias, 1 drivers
v000000000672f330_0 .net "clk", 0 0, L_000000000644c200;  alias, 1 drivers
v000000000672f5b0_0 .var "edge_cnt", 1 0;
v000000000672f650_0 .net "empty", 0 0, L_0000000006792890;  alias, 1 drivers
v00000000067307d0_0 .var "fclk_d", 0 0;
v000000000672f790_0 .var "fclk_dd", 0 0;
v000000000672fc90_0 .net "fclk_falling", 0 0, L_00000000064d29a0;  1 drivers
v00000000067323f0_0 .net "full", 0 0, L_0000000006792390;  alias, 1 drivers
v0000000006730a50_0 .net "green", 0 0, L_00000000067d3b20;  alias, 1 drivers
v0000000006732a30_0 .net "pin_i2s_fclk", 0 0, v0000000006732990_0;  alias, 1 drivers
v0000000006731bd0_0 .net "pin_user_sw", 0 0, v0000000006730910_0;  alias, 1 drivers
v00000000067314f0_0 .net "pll_lock", 0 0, L_0000000006749058;  alias, 1 drivers
v0000000006730eb0_0 .net "read_en", 0 0, L_00000000067d3f80;  alias, 1 drivers
v0000000006731b30_0 .net "red", 0 0, L_00000000067ba8d0;  alias, 1 drivers
v0000000006730c30_0 .net "rst", 0 0, L_000000000644c5f0;  alias, 1 drivers
v0000000006731d10_0 .var "state_bclk", 0 0;
v0000000006731310_0 .var "state_fclk", 0 0;
v00000000067316d0_0 .var "user_sw_ff", 1 0;
v0000000006731450_0 .net "write_en", 0 0, L_00000000067d3490;  alias, 1 drivers
L_00000000067b9bb0 .reduce/nor v0000000006732990_0;
L_00000000067ba8d0 .part v00000000067316d0_0, 1, 1;
    .scope S_000000000645d920;
T_6 ;
    %pushi/vec4 0, 0, 1;
    %store/vec4 v00000000066eaf60_0, 0, 1;
    %pushi/vec4 0, 0, 1;
    %store/vec4 v00000000066ec2c0_0, 0, 1;
    %end;
    .thread T_6;
    .scope S_000000000645d920;
T_7 ;
    %wait E_000000000666d530;
    %load/vec4 v0000000006695d60_0;
    %flag_set/vec4 8;
    %jmp/0xz  T_7.0, 8;
    %load/vec4 v000000000662fe40_0;
    %flag_set/vec4 8;
    %jmp/0 T_7.2, 8;
    %pushi/vec4 0, 0, 1;
    %jmp/1 T_7.3, 8;
T_7.2 ; End of true expr.
    %load/vec4 v00000000066ebb40_0;
    %jmp/0 T_7.3, 8;
 ; End of false expr.
    %blend;
T_7.3;
    %assign/vec4 v00000000066eaf60_0, 0;
T_7.0 ;
    %jmp T_7;
    .thread T_7;
    .scope S_000000000645d920;
T_8 ;
    %wait E_000000000666d9b0;
    %load/vec4 v000000000662fe40_0;
    %flag_set/vec4 8;
    %jmp/0xz  T_8.0, 8;
    %pushi/vec4 0, 0, 1;
    %assign/vec4 v00000000066ec2c0_0, 0;
    %jmp T_8.1;
T_8.0 ;
    %load/vec4 v0000000006695d60_0;
    %flag_set/vec4 8;
    %jmp/0xz  T_8.2, 8;
    %load/vec4 v00000000066ebb40_0;
    %assign/vec4 v00000000066ec2c0_0, 0;
T_8.2 ;
T_8.1 ;
    %jmp T_8;
    .thread T_8;
    .scope S_00000000064f4f40;
T_9 ;
    %pushi/vec4 0, 0, 32;
    %store/vec4 v00000000066ea420_0, 0, 32;
T_9.0 ; Top of for-loop 
    %load/vec4 v00000000066ea420_0;
    %cmpi/s 16, 0, 32;
    %jmp/0xz T_9.1, 5;
    %pushi/vec4 0, 0, 256;
    %load/vec4 v00000000066ea420_0;
    %muli 16, 0, 32;
    %part/s 16;
    %pushi/vec4 0, 0, 32;
    %load/vec4 v00000000066ea420_0;
    %add;
    %ix/vec4/s 4;
    %store/vec4a v00000000066eab00, 4, 0;
    %pushi/vec4 0, 0, 256;
    %load/vec4 v00000000066ea420_0;
    %muli 16, 0, 32;
    %part/s 16;
    %pushi/vec4 16, 0, 32;
    %load/vec4 v00000000066ea420_0;
    %add;
    %ix/vec4/s 4;
    %store/vec4a v00000000066eab00, 4, 0;
    %pushi/vec4 0, 0, 256;
    %load/vec4 v00000000066ea420_0;
    %muli 16, 0, 32;
    %part/s 16;
    %pushi/vec4 32, 0, 32;
    %load/vec4 v00000000066ea420_0;
    %add;
    %ix/vec4/s 4;
    %store/vec4a v00000000066eab00, 4, 0;
    %pushi/vec4 0, 0, 256;
    %load/vec4 v00000000066ea420_0;
    %muli 16, 0, 32;
    %part/s 16;
    %pushi/vec4 48, 0, 32;
    %load/vec4 v00000000066ea420_0;
    %add;
    %ix/vec4/s 4;
    %store/vec4a v00000000066eab00, 4, 0;
    %pushi/vec4 0, 0, 256;
    %load/vec4 v00000000066ea420_0;
    %muli 16, 0, 32;
    %part/s 16;
    %pushi/vec4 64, 0, 32;
    %load/vec4 v00000000066ea420_0;
    %add;
    %ix/vec4/s 4;
    %store/vec4a v00000000066eab00, 4, 0;
    %pushi/vec4 0, 0, 256;
    %load/vec4 v00000000066ea420_0;
    %muli 16, 0, 32;
    %part/s 16;
    %pushi/vec4 80, 0, 32;
    %load/vec4 v00000000066ea420_0;
    %add;
    %ix/vec4/s 4;
    %store/vec4a v00000000066eab00, 4, 0;
    %pushi/vec4 0, 0, 256;
    %load/vec4 v00000000066ea420_0;
    %muli 16, 0, 32;
    %part/s 16;
    %pushi/vec4 96, 0, 32;
    %load/vec4 v00000000066ea420_0;
    %add;
    %ix/vec4/s 4;
    %store/vec4a v00000000066eab00, 4, 0;
    %pushi/vec4 0, 0, 256;
    %load/vec4 v00000000066ea420_0;
    %muli 16, 0, 32;
    %part/s 16;
    %pushi/vec4 112, 0, 32;
    %load/vec4 v00000000066ea420_0;
    %add;
    %ix/vec4/s 4;
    %store/vec4a v00000000066eab00, 4, 0;
    %pushi/vec4 0, 0, 256;
    %load/vec4 v00000000066ea420_0;
    %muli 16, 0, 32;
    %part/s 16;
    %pushi/vec4 128, 0, 32;
    %load/vec4 v00000000066ea420_0;
    %add;
    %ix/vec4/s 4;
    %store/vec4a v00000000066eab00, 4, 0;
    %pushi/vec4 0, 0, 256;
    %load/vec4 v00000000066ea420_0;
    %muli 16, 0, 32;
    %part/s 16;
    %pushi/vec4 144, 0, 32;
    %load/vec4 v00000000066ea420_0;
    %add;
    %ix/vec4/s 4;
    %store/vec4a v00000000066eab00, 4, 0;
    %pushi/vec4 0, 0, 256;
    %load/vec4 v00000000066ea420_0;
    %muli 16, 0, 32;
    %part/s 16;
    %pushi/vec4 160, 0, 32;
    %load/vec4 v00000000066ea420_0;
    %add;
    %ix/vec4/s 4;
    %store/vec4a v00000000066eab00, 4, 0;
    %pushi/vec4 0, 0, 256;
    %load/vec4 v00000000066ea420_0;
    %muli 16, 0, 32;
    %part/s 16;
    %pushi/vec4 176, 0, 32;
    %load/vec4 v00000000066ea420_0;
    %add;
    %ix/vec4/s 4;
    %store/vec4a v00000000066eab00, 4, 0;
    %pushi/vec4 0, 0, 256;
    %load/vec4 v00000000066ea420_0;
    %muli 16, 0, 32;
    %part/s 16;
    %pushi/vec4 192, 0, 32;
    %load/vec4 v00000000066ea420_0;
    %add;
    %ix/vec4/s 4;
    %store/vec4a v00000000066eab00, 4, 0;
    %pushi/vec4 0, 0, 256;
    %load/vec4 v00000000066ea420_0;
    %muli 16, 0, 32;
    %part/s 16;
    %pushi/vec4 208, 0, 32;
    %load/vec4 v00000000066ea420_0;
    %add;
    %ix/vec4/s 4;
    %store/vec4a v00000000066eab00, 4, 0;
    %pushi/vec4 0, 0, 256;
    %load/vec4 v00000000066ea420_0;
    %muli 16, 0, 32;
    %part/s 16;
    %pushi/vec4 224, 0, 32;
    %load/vec4 v00000000066ea420_0;
    %add;
    %ix/vec4/s 4;
    %store/vec4a v00000000066eab00, 4, 0;
    %pushi/vec4 0, 0, 256;
    %load/vec4 v00000000066ea420_0;
    %muli 16, 0, 32;
    %part/s 16;
    %pushi/vec4 240, 0, 32;
    %load/vec4 v00000000066ea420_0;
    %add;
    %ix/vec4/s 4;
    %store/vec4a v00000000066eab00, 4, 0;
T_9.2 ; for-loop step statement
    %load/vec4 v00000000066ea420_0;
    %addi 1, 0, 32;
    %store/vec4 v00000000066ea420_0, 0, 32;
    %jmp T_9.0;
T_9.1 ; for-loop exit label
    %end;
    .thread T_9;
    .scope S_00000000064f4f40;
T_10 ;
    %wait E_000000000666d6f0;
    %load/vec4 v00000000066eb460_0;
    %flag_set/vec4 9;
    %flag_get/vec4 9;
    %jmp/0 T_10.2, 9;
    %load/vec4 v00000000066ea920_0;
    %and;
T_10.2;
    %flag_set/vec4 8;
    %jmp/0xz  T_10.0, 8;
    %load/vec4 v00000000066ea7e0_0;
    %parti/s 1, 0, 2;
    %nor/r;
    %flag_set/vec4 8;
    %jmp/0xz  T_10.3, 8;
    %load/vec4 v00000000066eb960_0;
    %parti/s 1, 0, 2;
    %load/vec4 v00000000066ebdc0_0;
    %parti/s 8, 0, 2;
    %pad/u 10;
    %ix/vec4 3;
    %ix/load 4, 0, 0; Constant delay
    %assign/vec4/a/d v00000000066eab00, 0, 4;
T_10.3 ;
    %load/vec4 v00000000066ea7e0_0;
    %parti/s 1, 1, 2;
    %nor/r;
    %flag_set/vec4 8;
    %jmp/0xz  T_10.5, 8;
    %load/vec4 v00000000066eb960_0;
    %parti/s 1, 1, 2;
    %load/vec4 v00000000066ebdc0_0;
    %parti/s 8, 0, 2;
    %pad/u 10;
    %ix/vec4 3;
    %ix/load 4, 1, 0; part off
    %ix/load 5, 0, 0; Constant delay
    %assign/vec4/a/d v00000000066eab00, 4, 5;
T_10.5 ;
    %load/vec4 v00000000066ea7e0_0;
    %parti/s 1, 2, 3;
    %nor/r;
    %flag_set/vec4 8;
    %jmp/0xz  T_10.7, 8;
    %load/vec4 v00000000066eb960_0;
    %parti/s 1, 2, 3;
    %load/vec4 v00000000066ebdc0_0;
    %parti/s 8, 0, 2;
    %pad/u 10;
    %ix/vec4 3;
    %ix/load 4, 2, 0; part off
    %ix/load 5, 0, 0; Constant delay
    %assign/vec4/a/d v00000000066eab00, 4, 5;
T_10.7 ;
    %load/vec4 v00000000066ea7e0_0;
    %parti/s 1, 3, 3;
    %nor/r;
    %flag_set/vec4 8;
    %jmp/0xz  T_10.9, 8;
    %load/vec4 v00000000066eb960_0;
    %parti/s 1, 3, 3;
    %load/vec4 v00000000066ebdc0_0;
    %parti/s 8, 0, 2;
    %pad/u 10;
    %ix/vec4 3;
    %ix/load 4, 3, 0; part off
    %ix/load 5, 0, 0; Constant delay
    %assign/vec4/a/d v00000000066eab00, 4, 5;
T_10.9 ;
    %load/vec4 v00000000066ea7e0_0;
    %parti/s 1, 4, 4;
    %nor/r;
    %flag_set/vec4 8;
    %jmp/0xz  T_10.11, 8;
    %load/vec4 v00000000066eb960_0;
    %parti/s 1, 4, 4;
    %load/vec4 v00000000066ebdc0_0;
    %parti/s 8, 0, 2;
    %pad/u 10;
    %ix/vec4 3;
    %ix/load 4, 4, 0; part off
    %ix/load 5, 0, 0; Constant delay
    %assign/vec4/a/d v00000000066eab00, 4, 5;
T_10.11 ;
    %load/vec4 v00000000066ea7e0_0;
    %parti/s 1, 5, 4;
    %nor/r;
    %flag_set/vec4 8;
    %jmp/0xz  T_10.13, 8;
    %load/vec4 v00000000066eb960_0;
    %parti/s 1, 5, 4;
    %load/vec4 v00000000066ebdc0_0;
    %parti/s 8, 0, 2;
    %pad/u 10;
    %ix/vec4 3;
    %ix/load 4, 5, 0; part off
    %ix/load 5, 0, 0; Constant delay
    %assign/vec4/a/d v00000000066eab00, 4, 5;
T_10.13 ;
    %load/vec4 v00000000066ea7e0_0;
    %parti/s 1, 6, 4;
    %nor/r;
    %flag_set/vec4 8;
    %jmp/0xz  T_10.15, 8;
    %load/vec4 v00000000066eb960_0;
    %parti/s 1, 6, 4;
    %load/vec4 v00000000066ebdc0_0;
    %parti/s 8, 0, 2;
    %pad/u 10;
    %ix/vec4 3;
    %ix/load 4, 6, 0; part off
    %ix/load 5, 0, 0; Constant delay
    %assign/vec4/a/d v00000000066eab00, 4, 5;
T_10.15 ;
    %load/vec4 v00000000066ea7e0_0;
    %parti/s 1, 7, 4;
    %nor/r;
    %flag_set/vec4 8;
    %jmp/0xz  T_10.17, 8;
    %load/vec4 v00000000066eb960_0;
    %parti/s 1, 7, 4;
    %load/vec4 v00000000066ebdc0_0;
    %parti/s 8, 0, 2;
    %pad/u 10;
    %ix/vec4 3;
    %ix/load 4, 7, 0; part off
    %ix/load 5, 0, 0; Constant delay
    %assign/vec4/a/d v00000000066eab00, 4, 5;
T_10.17 ;
    %load/vec4 v00000000066ea7e0_0;
    %parti/s 1, 8, 5;
    %nor/r;
    %flag_set/vec4 8;
    %jmp/0xz  T_10.19, 8;
    %load/vec4 v00000000066eb960_0;
    %parti/s 1, 8, 5;
    %load/vec4 v00000000066ebdc0_0;
    %parti/s 8, 0, 2;
    %pad/u 10;
    %ix/vec4 3;
    %ix/load 4, 8, 0; part off
    %ix/load 5, 0, 0; Constant delay
    %assign/vec4/a/d v00000000066eab00, 4, 5;
T_10.19 ;
    %load/vec4 v00000000066ea7e0_0;
    %parti/s 1, 9, 5;
    %nor/r;
    %flag_set/vec4 8;
    %jmp/0xz  T_10.21, 8;
    %load/vec4 v00000000066eb960_0;
    %parti/s 1, 9, 5;
    %load/vec4 v00000000066ebdc0_0;
    %parti/s 8, 0, 2;
    %pad/u 10;
    %ix/vec4 3;
    %ix/load 4, 9, 0; part off
    %ix/load 5, 0, 0; Constant delay
    %assign/vec4/a/d v00000000066eab00, 4, 5;
T_10.21 ;
    %load/vec4 v00000000066ea7e0_0;
    %parti/s 1, 10, 5;
    %nor/r;
    %flag_set/vec4 8;
    %jmp/0xz  T_10.23, 8;
    %load/vec4 v00000000066eb960_0;
    %parti/s 1, 10, 5;
    %load/vec4 v00000000066ebdc0_0;
    %parti/s 8, 0, 2;
    %pad/u 10;
    %ix/vec4 3;
    %ix/load 4, 10, 0; part off
    %ix/load 5, 0, 0; Constant delay
    %assign/vec4/a/d v00000000066eab00, 4, 5;
T_10.23 ;
    %load/vec4 v00000000066ea7e0_0;
    %parti/s 1, 11, 5;
    %nor/r;
    %flag_set/vec4 8;
    %jmp/0xz  T_10.25, 8;
    %load/vec4 v00000000066eb960_0;
    %parti/s 1, 11, 5;
    %load/vec4 v00000000066ebdc0_0;
    %parti/s 8, 0, 2;
    %pad/u 10;
    %ix/vec4 3;
    %ix/load 4, 11, 0; part off
    %ix/load 5, 0, 0; Constant delay
    %assign/vec4/a/d v00000000066eab00, 4, 5;
T_10.25 ;
    %load/vec4 v00000000066ea7e0_0;
    %parti/s 1, 12, 5;
    %nor/r;
    %flag_set/vec4 8;
    %jmp/0xz  T_10.27, 8;
    %load/vec4 v00000000066eb960_0;
    %parti/s 1, 12, 5;
    %load/vec4 v00000000066ebdc0_0;
    %parti/s 8, 0, 2;
    %pad/u 10;
    %ix/vec4 3;
    %ix/load 4, 12, 0; part off
    %ix/load 5, 0, 0; Constant delay
    %assign/vec4/a/d v00000000066eab00, 4, 5;
T_10.27 ;
    %load/vec4 v00000000066ea7e0_0;
    %parti/s 1, 13, 5;
    %nor/r;
    %flag_set/vec4 8;
    %jmp/0xz  T_10.29, 8;
    %load/vec4 v00000000066eb960_0;
    %parti/s 1, 13, 5;
    %load/vec4 v00000000066ebdc0_0;
    %parti/s 8, 0, 2;
    %pad/u 10;
    %ix/vec4 3;
    %ix/load 4, 13, 0; part off
    %ix/load 5, 0, 0; Constant delay
    %assign/vec4/a/d v00000000066eab00, 4, 5;
T_10.29 ;
    %load/vec4 v00000000066ea7e0_0;
    %parti/s 1, 14, 5;
    %nor/r;
    %flag_set/vec4 8;
    %jmp/0xz  T_10.31, 8;
    %load/vec4 v00000000066eb960_0;
    %parti/s 1, 14, 5;
    %load/vec4 v00000000066ebdc0_0;
    %parti/s 8, 0, 2;
    %pad/u 10;
    %ix/vec4 3;
    %ix/load 4, 14, 0; part off
    %ix/load 5, 0, 0; Constant delay
    %assign/vec4/a/d v00000000066eab00, 4, 5;
T_10.31 ;
    %load/vec4 v00000000066ea7e0_0;
    %parti/s 1, 15, 5;
    %nor/r;
    %flag_set/vec4 8;
    %jmp/0xz  T_10.33, 8;
    %load/vec4 v00000000066eb960_0;
    %parti/s 1, 15, 5;
    %load/vec4 v00000000066ebdc0_0;
    %parti/s 8, 0, 2;
    %pad/u 10;
    %ix/vec4 3;
    %ix/load 4, 15, 0; part off
    %ix/load 5, 0, 0; Constant delay
    %assign/vec4/a/d v00000000066eab00, 4, 5;
T_10.33 ;
T_10.0 ;
    %jmp T_10;
    .thread T_10;
    .scope S_00000000064f4f40;
T_11 ;
    %wait E_000000000666d9f0;
    %load/vec4 v00000000066eb8c0_0;
    %flag_set/vec4 9;
    %flag_get/vec4 9;
    %jmp/0 T_11.2, 9;
    %load/vec4 v00000000066eb6e0_0;
    %and;
T_11.2;
    %flag_set/vec4 8;
    %jmp/0xz  T_11.0, 8;
    %load/vec4 v00000000066eb820_0;
    %parti/s 8, 0, 2;
    %pad/u 10;
    %ix/vec4 4;
    %load/vec4a v00000000066eab00, 4;
    %load/vec4 v00000000066ec360_0;
    %inv;
    %and;
    %assign/vec4 v00000000066ea740_0, 0;
T_11.0 ;
    %jmp T_11;
    .thread T_11;
    .scope S_0000000004db3e50;
T_12 ;
    %pushi/vec4 0, 0, 1;
    %store/vec4 v00000000066f3430_0, 0, 1;
    %end;
    .thread T_12;
    .scope S_0000000004db3e50;
T_13 ;
    %wait E_000000000666de70;
    %load/vec4 v00000000066f3d90_0;
    %assign/vec4 v00000000066f3430_0, 0;
    %jmp T_13;
    .thread T_13;
    .scope S_0000000004db3fe0;
T_14 ;
    %pushi/vec4 0, 0, 1;
    %store/vec4 v00000000066f3f70_0, 0, 1;
    %end;
    .thread T_14;
    .scope S_0000000004db3fe0;
T_15 ;
    %wait E_000000000666dc70;
    %load/vec4 v00000000066f2cb0_0;
    %flag_set/vec4 8;
    %jmp/0xz  T_15.0, 8;
    %load/vec4 v00000000066f3c50_0;
    %assign/vec4 v00000000066f3f70_0, 0;
T_15.0 ;
    %jmp T_15;
    .thread T_15;
    .scope S_0000000004db4170;
T_16 ;
    %pushi/vec4 0, 0, 1;
    %store/vec4 v00000000066f3a70_0, 0, 1;
    %end;
    .thread T_16;
    .scope S_0000000004db4170;
T_17 ;
    %wait E_000000000666e170;
    %load/vec4 v00000000066f34d0_0;
    %flag_set/vec4 8;
    %jmp/0xz  T_17.0, 8;
    %pushi/vec4 0, 0, 1;
    %assign/vec4 v00000000066f3a70_0, 0;
    %jmp T_17.1;
T_17.0 ;
    %load/vec4 v00000000066f2fd0_0;
    %flag_set/vec4 8;
    %jmp/0xz  T_17.2, 8;
    %load/vec4 v00000000066f2d50_0;
    %assign/vec4 v00000000066f3a70_0, 0;
T_17.2 ;
T_17.1 ;
    %jmp T_17;
    .thread T_17;
    .scope S_0000000004db8760;
T_18 ;
    %pushi/vec4 0, 0, 1;
    %store/vec4 v00000000066f37f0_0, 0, 1;
    %end;
    .thread T_18;
    .scope S_0000000004db8760;
T_19 ;
    %wait E_000000000666dbb0;
    %load/vec4 v00000000066f40b0_0;
    %flag_set/vec4 8;
    %jmp/0xz  T_19.0, 8;
    %pushi/vec4 1, 0, 1;
    %assign/vec4 v00000000066f37f0_0, 0;
    %jmp T_19.1;
T_19.0 ;
    %load/vec4 v00000000066f3cf0_0;
    %flag_set/vec4 8;
    %jmp/0xz  T_19.2, 8;
    %load/vec4 v00000000066f3570_0;
    %assign/vec4 v00000000066f37f0_0, 0;
T_19.2 ;
T_19.1 ;
    %jmp T_19;
    .thread T_19;
    .scope S_0000000004db88f0;
T_20 ;
    %pushi/vec4 0, 0, 1;
    %store/vec4 v00000000066f4290_0, 0, 1;
    %end;
    .thread T_20;
    .scope S_0000000004db88f0;
T_21 ;
    %wait E_000000000666d830;
    %load/vec4 v00000000066f3250_0;
    %flag_set/vec4 8;
    %jmp/0xz  T_21.0, 8;
    %load/vec4 v00000000066f4330_0;
    %flag_set/vec4 8;
    %jmp/0xz  T_21.2, 8;
    %pushi/vec4 0, 0, 1;
    %assign/vec4 v00000000066f4290_0, 0;
    %jmp T_21.3;
T_21.2 ;
    %load/vec4 v00000000066f41f0_0;
    %assign/vec4 v00000000066f4290_0, 0;
T_21.3 ;
T_21.0 ;
    %jmp T_21;
    .thread T_21;
    .scope S_0000000004db8a80;
T_22 ;
    %pushi/vec4 0, 0, 1;
    %store/vec4 v00000000066f3610_0, 0, 1;
    %end;
    .thread T_22;
    .scope S_0000000004db8a80;
T_23 ;
    %wait E_000000000666deb0;
    %load/vec4 v00000000066f3390_0;
    %flag_set/vec4 8;
    %jmp/0xz  T_23.0, 8;
    %load/vec4 v00000000066f36b0_0;
    %flag_set/vec4 8;
    %jmp/0xz  T_23.2, 8;
    %pushi/vec4 1, 0, 1;
    %assign/vec4 v00000000066f3610_0, 0;
    %jmp T_23.3;
T_23.2 ;
    %load/vec4 v00000000066f32f0_0;
    %assign/vec4 v00000000066f3610_0, 0;
T_23.3 ;
T_23.0 ;
    %jmp T_23;
    .thread T_23;
    .scope S_0000000004dc2dd0;
T_24 ;
    %pushi/vec4 0, 0, 1;
    %store/vec4 v00000000066fe710_0, 0, 1;
    %end;
    .thread T_24;
    .scope S_0000000004dc2dd0;
T_25 ;
    %wait E_000000000666e070;
    %load/vec4 v00000000066fe0d0_0;
    %assign/vec4 v00000000066fe710_0, 0;
    %jmp T_25;
    .thread T_25;
    .scope S_0000000004dc2f60;
T_26 ;
    %pushi/vec4 0, 0, 1;
    %store/vec4 v00000000066fd770_0, 0, 1;
    %end;
    .thread T_26;
    .scope S_0000000004dc2f60;
T_27 ;
    %wait E_000000000666dc30;
    %load/vec4 v00000000066fe7b0_0;
    %flag_set/vec4 8;
    %jmp/0xz  T_27.0, 8;
    %load/vec4 v00000000066fd630_0;
    %assign/vec4 v00000000066fd770_0, 0;
T_27.0 ;
    %jmp T_27;
    .thread T_27;
    .scope S_0000000004dc30f0;
T_28 ;
    %pushi/vec4 0, 0, 1;
    %store/vec4 v00000000066fe670_0, 0, 1;
    %end;
    .thread T_28;
    .scope S_0000000004dc30f0;
T_29 ;
    %wait E_000000000666df30;
    %load/vec4 v00000000066fd270_0;
    %flag_set/vec4 8;
    %jmp/0xz  T_29.0, 8;
    %pushi/vec4 0, 0, 1;
    %assign/vec4 v00000000066fe670_0, 0;
    %jmp T_29.1;
T_29.0 ;
    %load/vec4 v00000000066fe350_0;
    %flag_set/vec4 8;
    %jmp/0xz  T_29.2, 8;
    %load/vec4 v00000000066fe850_0;
    %assign/vec4 v00000000066fe670_0, 0;
T_29.2 ;
T_29.1 ;
    %jmp T_29;
    .thread T_29;
    .scope S_0000000004dbfc00;
T_30 ;
    %pushi/vec4 0, 0, 1;
    %store/vec4 v00000000066fdbd0_0, 0, 1;
    %end;
    .thread T_30;
    .scope S_0000000004dbfc00;
T_31 ;
    %wait E_000000000666dcb0;
    %load/vec4 v00000000066fddb0_0;
    %flag_set/vec4 8;
    %jmp/0xz  T_31.0, 8;
    %pushi/vec4 1, 0, 1;
    %assign/vec4 v00000000066fdbd0_0, 0;
    %jmp T_31.1;
T_31.0 ;
    %load/vec4 v00000000066fe8f0_0;
    %flag_set/vec4 8;
    %jmp/0xz  T_31.2, 8;
    %load/vec4 v00000000066fed50_0;
    %assign/vec4 v00000000066fdbd0_0, 0;
T_31.2 ;
T_31.1 ;
    %jmp T_31;
    .thread T_31;
    .scope S_0000000004dbfd90;
T_32 ;
    %pushi/vec4 0, 0, 1;
    %store/vec4 v00000000066ff430_0, 0, 1;
    %end;
    .thread T_32;
    .scope S_0000000004dbfd90;
T_33 ;
    %wait E_000000000666dcf0;
    %load/vec4 v00000000066fdb30_0;
    %flag_set/vec4 8;
    %jmp/0xz  T_33.0, 8;
    %load/vec4 v00000000066ff070_0;
    %flag_set/vec4 8;
    %jmp/0xz  T_33.2, 8;
    %pushi/vec4 0, 0, 1;
    %assign/vec4 v00000000066ff430_0, 0;
    %jmp T_33.3;
T_33.2 ;
    %load/vec4 v00000000066fe990_0;
    %assign/vec4 v00000000066ff430_0, 0;
T_33.3 ;
T_33.0 ;
    %jmp T_33;
    .thread T_33;
    .scope S_00000000066a7460;
T_34 ;
    %pushi/vec4 0, 0, 1;
    %store/vec4 v00000000066fedf0_0, 0, 1;
    %end;
    .thread T_34;
    .scope S_00000000066a7460;
T_35 ;
    %wait E_000000000666d470;
    %load/vec4 v00000000066fcff0_0;
    %flag_set/vec4 8;
    %jmp/0xz  T_35.0, 8;
    %load/vec4 v00000000066ff4d0_0;
    %flag_set/vec4 8;
    %jmp/0xz  T_35.2, 8;
    %pushi/vec4 1, 0, 1;
    %assign/vec4 v00000000066fedf0_0, 0;
    %jmp T_35.3;
T_35.2 ;
    %load/vec4 v00000000066fde50_0;
    %assign/vec4 v00000000066fedf0_0, 0;
T_35.3 ;
T_35.0 ;
    %jmp T_35;
    .thread T_35;
    .scope S_00000000066a7910;
T_36 ;
    %pushi/vec4 0, 0, 1;
    %store/vec4 v00000000066ff250_0, 0, 1;
    %end;
    .thread T_36;
    .scope S_00000000066a7910;
T_37 ;
    %wait E_000000000666d370;
    %load/vec4 v00000000066fecb0_0;
    %flag_set/vec4 8;
    %jmp/0xz  T_37.0, 8;
    %pushi/vec4 0, 0, 1;
    %assign/vec4 v00000000066ff250_0, 0;
    %jmp T_37.1;
T_37.0 ;
    %load/vec4 v00000000066fe3f0_0;
    %assign/vec4 v00000000066ff250_0, 0;
T_37.1 ;
    %jmp T_37;
    .thread T_37;
    .scope S_00000000066a7780;
T_38 ;
    %pushi/vec4 0, 0, 1;
    %store/vec4 v00000000066fd810_0, 0, 1;
    %end;
    .thread T_38;
    .scope S_00000000066a7780;
T_39 ;
    %wait E_000000000666df70;
    %load/vec4 v00000000066fd310_0;
    %flag_set/vec4 8;
    %jmp/0xz  T_39.0, 8;
    %pushi/vec4 1, 0, 1;
    %assign/vec4 v00000000066fd810_0, 0;
    %jmp T_39.1;
T_39.0 ;
    %load/vec4 v00000000066fd6d0_0;
    %assign/vec4 v00000000066fd810_0, 0;
T_39.1 ;
    %jmp T_39;
    .thread T_39;
    .scope S_00000000066a72d0;
T_40 ;
    %pushi/vec4 0, 0, 1;
    %store/vec4 v00000000066fefd0_0, 0, 1;
    %end;
    .thread T_40;
    .scope S_00000000066a72d0;
T_41 ;
    %wait E_000000000666dd70;
    %load/vec4 v00000000066fd3b0_0;
    %flag_set/vec4 8;
    %jmp/0xz  T_41.0, 8;
    %pushi/vec4 0, 0, 1;
    %assign/vec4 v00000000066fefd0_0, 0;
    %jmp T_41.1;
T_41.0 ;
    %load/vec4 v00000000066ff2f0_0;
    %assign/vec4 v00000000066fefd0_0, 0;
T_41.1 ;
    %jmp T_41;
    .thread T_41;
    .scope S_00000000066a75f0;
T_42 ;
    %pushi/vec4 0, 0, 1;
    %store/vec4 v00000000066fe530_0, 0, 1;
    %end;
    .thread T_42;
    .scope S_00000000066a75f0;
T_43 ;
    %wait E_000000000666dfb0;
    %load/vec4 v00000000066feb70_0;
    %flag_set/vec4 8;
    %jmp/0xz  T_43.0, 8;
    %pushi/vec4 1, 0, 1;
    %assign/vec4 v00000000066fe530_0, 0;
    %jmp T_43.1;
T_43.0 ;
    %load/vec4 v00000000066fead0_0;
    %assign/vec4 v00000000066fe530_0, 0;
T_43.1 ;
    %jmp T_43;
    .thread T_43;
    .scope S_00000000066a7aa0;
T_44 ;
    %pushi/vec4 0, 0, 1;
    %store/vec4 v00000000066fec10_0, 0, 1;
    %end;
    .thread T_44;
    .scope S_00000000066a7aa0;
T_45 ;
    %wait E_000000000666d870;
    %load/vec4 v00000000066fdef0_0;
    %flag_set/vec4 8;
    %jmp/0xz  T_45.0, 8;
    %pushi/vec4 0, 0, 1;
    %assign/vec4 v00000000066fec10_0, 0;
    %jmp T_45.1;
T_45.0 ;
    %load/vec4 v00000000066fdc70_0;
    %assign/vec4 v00000000066fec10_0, 0;
T_45.1 ;
    %jmp T_45;
    .thread T_45;
    .scope S_00000000066a6c90;
T_46 ;
    %pushi/vec4 0, 0, 1;
    %store/vec4 v00000000066fdf90_0, 0, 1;
    %end;
    .thread T_46;
    .scope S_00000000066a6c90;
T_47 ;
    %wait E_000000000666d270;
    %load/vec4 v00000000066fe030_0;
    %flag_set/vec4 8;
    %jmp/0xz  T_47.0, 8;
    %pushi/vec4 1, 0, 1;
    %assign/vec4 v00000000066fdf90_0, 0;
    %jmp T_47.1;
T_47.0 ;
    %load/vec4 v00000000066fd450_0;
    %assign/vec4 v00000000066fdf90_0, 0;
T_47.1 ;
    %jmp T_47;
    .thread T_47;
    .scope S_00000000066a6e20;
T_48 ;
    %pushi/vec4 0, 0, 1;
    %store/vec4 v00000000066ff1b0_0, 0, 1;
    %end;
    .thread T_48;
    .scope S_00000000066a6e20;
T_49 ;
    %wait E_000000000666d8b0;
    %load/vec4 v00000000066ff390_0;
    %flag_set/vec4 8;
    %jmp/0xz  T_49.0, 8;
    %pushi/vec4 0, 0, 1;
    %assign/vec4 v00000000066ff1b0_0, 0;
    %jmp T_49.1;
T_49.0 ;
    %load/vec4 v00000000066ff110_0;
    %assign/vec4 v00000000066ff1b0_0, 0;
T_49.1 ;
    %jmp T_49;
    .thread T_49;
    .scope S_00000000066a6fb0;
T_50 ;
    %pushi/vec4 0, 0, 1;
    %store/vec4 v00000000066ff6b0_0, 0, 1;
    %end;
    .thread T_50;
    .scope S_00000000066a6fb0;
T_51 ;
    %wait E_000000000666d4b0;
    %load/vec4 v00000000066fd090_0;
    %flag_set/vec4 8;
    %jmp/0xz  T_51.0, 8;
    %pushi/vec4 1, 0, 1;
    %assign/vec4 v00000000066ff6b0_0, 0;
    %jmp T_51.1;
T_51.0 ;
    %load/vec4 v00000000066fd4f0_0;
    %assign/vec4 v00000000066ff6b0_0, 0;
T_51.1 ;
    %jmp T_51;
    .thread T_51;
    .scope S_00000000064f58a0;
T_52 ;
    %wait E_000000000666e0b0;
    %load/vec4 v00000000066ff890_0;
    %assign/vec4 v0000000006700330_0, 0;
    %jmp T_52;
    .thread T_52;
    .scope S_00000000064f58a0;
T_53 ;
    %wait E_000000000666e0b0;
    %load/vec4 v00000000066ff890_0;
    %flag_set/vec4 8;
    %jmp/0xz  T_53.0, 8;
    %load/vec4 v00000000066ffa70_0;
    %assign/vec4 v00000000066ff930_0, 0;
T_53.0 ;
    %jmp T_53;
    .thread T_53;
    .scope S_00000000064f58a0;
T_54 ;
    %wait E_000000000666e1f0;
    %load/vec4 v0000000006700330_0;
    %flag_set/vec4 8;
    %jmp/0xz  T_54.0, 8;
    %load/vec4 v00000000066ffa70_0;
    %assign/vec4 v00000000067000b0_0, 0;
T_54.0 ;
    %jmp T_54;
    .thread T_54;
    .scope S_00000000064f58a0;
T_55 ;
    %wait E_000000000666d4f0;
    %load/vec4 v00000000066ff890_0;
    %assign/vec4 v0000000006700510_0, 0;
    %jmp T_55;
    .thread T_55;
    .scope S_00000000064f58a0;
T_56 ;
    %wait E_000000000666d4f0;
    %load/vec4 v00000000066ff890_0;
    %flag_set/vec4 8;
    %jmp/0xz  T_56.0, 8;
    %load/vec4 v00000000066ffb10_0;
    %assign/vec4 v00000000067001f0_0, 0;
T_56.0 ;
    %jmp T_56;
    .thread T_56;
    .scope S_00000000064f58a0;
T_57 ;
    %wait E_000000000666def0;
    %load/vec4 v0000000006700510_0;
    %flag_set/vec4 8;
    %jmp/0xz  T_57.0, 8;
    %load/vec4 v0000000006700bf0_0;
    %assign/vec4 v00000000066ffbb0_0, 0;
T_57.0 ;
    %jmp T_57;
    .thread T_57;
    .scope S_00000000064f58a0;
T_58 ;
    %wait E_000000000666d4f0;
    %load/vec4 v00000000066ff890_0;
    %flag_set/vec4 8;
    %jmp/0xz  T_58.0, 8;
    %load/vec4 v00000000066ff7f0_0;
    %assign/vec4 v0000000006700290_0, 0;
T_58.0 ;
    %jmp T_58;
    .thread T_58;
    .scope S_00000000064f45e0;
T_59 ;
    %wait E_000000000666ddf0;
    %load/vec4 v00000000066ff930_0;
    %store/vec4 v00000000066ffd90_0, 0, 1;
    %load/vec4 v00000000067000b0_0;
    %store/vec4 v00000000067008d0_0, 0, 1;
    %jmp T_59;
    .thread T_59, $push;
    .scope S_00000000064f45e0;
T_60 ;
    %wait E_000000000666d930;
    %load/vec4 v00000000066ff9d0_0;
    %assign/vec4 v00000000066ffc50_0, 0;
    %jmp T_60;
    .thread T_60, $push;
    .scope S_00000000064f45e0;
T_61 ;
    %wait E_000000000666ddb0;
    %load/vec4 v00000000066ffc50_0;
    %assign/vec4 v0000000006700970_0, 0;
    %jmp T_61;
    .thread T_61, $push;
    .scope S_00000000064f45e0;
T_62 ;
    %wait E_000000000666d8f0;
    %load/vec4 v0000000006700970_0;
    %pushi/vec4 0, 0, 1;
    %xor;
    %flag_set/vec4 8;
    %jmp/1 T_62.2, 8;
    %pushi/vec4 0, 0, 1;
    %flag_set/vec4 9;
    %flag_or 8, 9;
T_62.2;
    %jmp/0 T_62.0, 8;
    %load/vec4 v00000000067001f0_0;
    %jmp/1 T_62.1, 8;
T_62.0 ; End of true expr.
    %load/vec4 v00000000066ffbb0_0;
    %jmp/0 T_62.1, 8;
 ; End of false expr.
    %blend;
T_62.1;
    %store/vec4 v0000000006700010_0, 0, 1;
    %jmp T_62;
    .thread T_62, $push;
    .scope S_00000000064f4db0;
T_63 ;
    %wait E_000000000666d730;
    %load/vec4 v00000000067027c0_0;
    %flag_set/vec4 8;
    %jmp/0xz  T_63.0, 8;
    %load/vec4 v0000000006701820_0;
    %assign/vec4 v0000000006701960_0, 0;
T_63.0 ;
    %jmp T_63;
    .thread T_63;
    .scope S_00000000064f4db0;
T_64 ;
    %wait E_000000000666d670;
    %load/vec4 v00000000067027c0_0;
    %flag_set/vec4 8;
    %jmp/0xz  T_64.0, 8;
    %load/vec4 v0000000006701820_0;
    %assign/vec4 v00000000067024a0_0, 0;
T_64.0 ;
    %jmp T_64;
    .thread T_64;
    .scope S_00000000064f4db0;
T_65 ;
    %wait E_000000000666d5f0;
    %load/vec4 v00000000067027c0_0;
    %flag_set/vec4 8;
    %jmp/0xz  T_65.0, 8;
    %load/vec4 v00000000067015a0_0;
    %assign/vec4 v0000000006704ca0_0, 0;
T_65.0 ;
    %jmp T_65;
    .thread T_65;
    .scope S_00000000064f4db0;
T_66 ;
    %wait E_000000000666d630;
    %load/vec4 v00000000067027c0_0;
    %flag_set/vec4 8;
    %jmp/0xz  T_66.0, 8;
    %load/vec4 v00000000067031c0_0;
    %assign/vec4 v0000000006703b20_0, 0;
T_66.0 ;
    %jmp T_66;
    .thread T_66;
    .scope S_00000000064f4db0;
T_67 ;
    %wait E_000000000666d5f0;
    %load/vec4 v00000000067027c0_0;
    %flag_set/vec4 8;
    %jmp/0xz  T_67.0, 8;
    %load/vec4 v00000000067034e0_0;
    %assign/vec4 v0000000006703f80_0, 0;
T_67.0 ;
    %jmp T_67;
    .thread T_67;
    .scope S_00000000066a8600;
T_68 ;
    %wait E_000000000666d330;
    %load/vec4 v0000000006701960_0;
    %store/vec4 v00000000067022c0_0, 0, 1;
    %load/vec4 v00000000067024a0_0;
    %store/vec4 v00000000067018c0_0, 0, 1;
    %jmp T_68;
    .thread T_68, $push;
    .scope S_00000000066a8600;
T_69 ;
    %wait E_000000000666d2b0;
    %load/vec4 v0000000006701f00_0;
    %assign/vec4 v0000000006703800_0, 0;
    %jmp T_69;
    .thread T_69, $push;
    .scope S_00000000066a8600;
T_70 ;
    %wait E_000000000666d230;
    %load/vec4 v0000000006703800_0;
    %assign/vec4 v0000000006704160_0, 0;
    %jmp T_70;
    .thread T_70, $push;
    .scope S_00000000066a8600;
T_71 ;
    %wait E_000000000666e0f0;
    %load/vec4 v0000000006704160_0;
    %pushi/vec4 0, 0, 1;
    %xor;
    %flag_set/vec4 8;
    %jmp/1 T_71.2, 8;
    %pushi/vec4 0, 0, 1;
    %flag_set/vec4 9;
    %flag_or 8, 9;
T_71.2;
    %jmp/0 T_71.0, 8;
    %load/vec4 v0000000006704ca0_0;
    %jmp/1 T_71.1, 8;
T_71.0 ; End of true expr.
    %load/vec4 v0000000006703b20_0;
    %jmp/0 T_71.1, 8;
 ; End of false expr.
    %blend;
T_71.1;
    %store/vec4 v0000000006701a00_0, 0, 1;
    %jmp T_71;
    .thread T_71, $push;
    .scope S_00000000064f4c20;
T_72 ;
    %wait E_000000000666eab0;
    %load/vec4 v0000000006703d00_0;
    %flag_set/vec4 8;
    %jmp/0xz  T_72.0, 8;
    %load/vec4 v0000000006703c60_0;
    %assign/vec4 v0000000006704c00_0, 0;
T_72.0 ;
    %jmp T_72;
    .thread T_72;
    .scope S_00000000064f4c20;
T_73 ;
    %wait E_000000000666e8b0;
    %load/vec4 v0000000006703d00_0;
    %flag_set/vec4 8;
    %jmp/0xz  T_73.0, 8;
    %load/vec4 v0000000006703c60_0;
    %assign/vec4 v0000000006704340_0, 0;
T_73.0 ;
    %jmp T_73;
    .thread T_73;
    .scope S_00000000064f4c20;
T_74 ;
    %wait E_000000000666f0f0;
    %load/vec4 v0000000006703d00_0;
    %flag_set/vec4 8;
    %jmp/0xz  T_74.0, 8;
    %load/vec4 v0000000006704700_0;
    %assign/vec4 v0000000006704660_0, 0;
T_74.0 ;
    %jmp T_74;
    .thread T_74;
    .scope S_00000000064f4c20;
T_75 ;
    %wait E_000000000666e9b0;
    %load/vec4 v0000000006703d00_0;
    %flag_set/vec4 8;
    %jmp/0xz  T_75.0, 8;
    %load/vec4 v00000000067048e0_0;
    %assign/vec4 v0000000006704200_0, 0;
T_75.0 ;
    %jmp T_75;
    .thread T_75;
    .scope S_00000000064f4c20;
T_76 ;
    %wait E_000000000666f0f0;
    %load/vec4 v0000000006703d00_0;
    %flag_set/vec4 8;
    %jmp/0xz  T_76.0, 8;
    %load/vec4 v0000000006703760_0;
    %assign/vec4 v00000000067047a0_0, 0;
T_76.0 ;
    %jmp T_76;
    .thread T_76;
    .scope S_00000000066a9280;
T_77 ;
    %wait E_000000000666f170;
    %load/vec4 v0000000006704c00_0;
    %store/vec4 v0000000006704b60_0, 0, 1;
    %load/vec4 v0000000006704340_0;
    %store/vec4 v00000000067039e0_0, 0, 1;
    %jmp T_77;
    .thread T_77, $push;
    .scope S_00000000066a9280;
T_78 ;
    %wait E_000000000666f1f0;
    %load/vec4 v0000000006704840_0;
    %assign/vec4 v0000000006703da0_0, 0;
    %jmp T_78;
    .thread T_78, $push;
    .scope S_00000000066a9280;
T_79 ;
    %wait E_000000000666eb30;
    %load/vec4 v0000000006703da0_0;
    %assign/vec4 v0000000006704020_0, 0;
    %jmp T_79;
    .thread T_79, $push;
    .scope S_00000000066a9280;
T_80 ;
    %wait E_000000000666d770;
    %load/vec4 v0000000006704020_0;
    %pushi/vec4 0, 0, 1;
    %xor;
    %flag_set/vec4 8;
    %jmp/1 T_80.2, 8;
    %pushi/vec4 0, 0, 1;
    %flag_set/vec4 9;
    %flag_or 8, 9;
T_80.2;
    %jmp/0 T_80.0, 8;
    %load/vec4 v0000000006704660_0;
    %jmp/1 T_80.1, 8;
T_80.0 ; End of true expr.
    %load/vec4 v0000000006704200_0;
    %jmp/0 T_80.1, 8;
 ; End of false expr.
    %blend;
T_80.1;
    %store/vec4 v00000000067045c0_0, 0, 1;
    %jmp T_80;
    .thread T_80, $push;
    .scope S_00000000066a8c40;
T_81 ;
    %wait E_000000000666ee30;
    %load/vec4 v000000000670a510_0;
    %flag_set/vec4 8;
    %jmp/0xz  T_81.0, 8;
    %pushi/vec4 0, 0, 16;
    %assign/vec4 v0000000006707950_0, 0;
    %pushi/vec4 0, 0, 16;
    %assign/vec4 v0000000006709c50_0, 0;
    %jmp T_81.1;
T_81.0 ;
    %load/vec4 v0000000006709f70_0;
    %flag_set/vec4 8;
    %jmp/0xz  T_81.2, 8;
    %load/vec4 v000000000670b050_0;
    %nor/r;
    %flag_set/vec4 8;
    %jmp/0xz  T_81.4, 8;
    %load/vec4 v000000000670c310_0;
    %assign/vec4 v0000000006707950_0, 0;
T_81.4 ;
    %load/vec4 v000000000670a0b0_0;
    %nor/r;
    %flag_set/vec4 8;
    %jmp/0xz  T_81.6, 8;
    %load/vec4 v000000000670b5f0_0;
    %assign/vec4 v0000000006709c50_0, 0;
T_81.6 ;
T_81.2 ;
T_81.1 ;
    %jmp T_81;
    .thread T_81;
    .scope S_00000000066a8c40;
T_82 ;
    %wait E_000000000666e730;
    %load/vec4 v000000000670b7d0_0;
    %flag_set/vec4 8;
    %jmp/0xz  T_82.0, 8;
    %pushi/vec4 0, 0, 16;
    %assign/vec4 v0000000006708670_0, 0;
    %pushi/vec4 0, 0, 16;
    %assign/vec4 v0000000006709e30_0, 0;
    %jmp T_82.1;
T_82.0 ;
    %load/vec4 v0000000006709f70_0;
    %flag_set/vec4 8;
    %jmp/0xz  T_82.2, 8;
    %load/vec4 v000000000670c630_0;
    %nor/r;
    %flag_set/vec4 8;
    %jmp/0xz  T_82.4, 8;
    %load/vec4 v000000000670ac90_0;
    %assign/vec4 v0000000006708670_0, 0;
T_82.4 ;
    %load/vec4 v000000000670a290_0;
    %nor/r;
    %flag_set/vec4 8;
    %jmp/0xz  T_82.6, 8;
    %load/vec4 v000000000670a1f0_0;
    %assign/vec4 v0000000006709e30_0, 0;
T_82.6 ;
T_82.2 ;
T_82.1 ;
    %jmp T_82;
    .thread T_82;
    .scope S_00000000066a8c40;
T_83 ;
    %wait E_000000000666ee30;
    %load/vec4 v000000000670a510_0;
    %flag_set/vec4 8;
    %jmp/0xz  T_83.0, 8;
    %pushi/vec4 0, 0, 16;
    %assign/vec4 v0000000006707f90_0, 0;
    %pushi/vec4 0, 0, 16;
    %assign/vec4 v0000000006709930_0, 0;
    %jmp T_83.1;
T_83.0 ;
    %load/vec4 v0000000006709f70_0;
    %flag_set/vec4 8;
    %jmp/0xz  T_83.2, 8;
    %load/vec4 v0000000006709a70_0;
    %assign/vec4 v0000000006707f90_0, 0;
    %load/vec4 v0000000006707bd0_0;
    %assign/vec4 v0000000006709930_0, 0;
T_83.2 ;
T_83.1 ;
    %jmp T_83;
    .thread T_83;
    .scope S_00000000066a8c40;
T_84 ;
    %wait E_000000000666e730;
    %load/vec4 v000000000670b7d0_0;
    %flag_set/vec4 8;
    %jmp/0xz  T_84.0, 8;
    %pushi/vec4 0, 0, 16;
    %assign/vec4 v0000000006709cf0_0, 0;
    %pushi/vec4 0, 0, 16;
    %assign/vec4 v00000000067092f0_0, 0;
    %jmp T_84.1;
T_84.0 ;
    %load/vec4 v0000000006709f70_0;
    %flag_set/vec4 8;
    %jmp/0xz  T_84.2, 8;
    %load/vec4 v0000000006709890_0;
    %assign/vec4 v0000000006709cf0_0, 0;
    %load/vec4 v0000000006709b10_0;
    %assign/vec4 v00000000067092f0_0, 0;
T_84.2 ;
T_84.1 ;
    %jmp T_84;
    .thread T_84;
    .scope S_00000000066a8c40;
T_85 ;
    %wait E_000000000666e730;
    %load/vec4 v000000000670b7d0_0;
    %flag_set/vec4 8;
    %jmp/0xz  T_85.0, 8;
    %pushi/vec4 0, 0, 32;
    %assign/vec4 v00000000067085d0_0, 0;
    %jmp T_85.1;
T_85.0 ;
    %load/vec4 v0000000006709f70_0;
    %flag_set/vec4 8;
    %jmp/0xz  T_85.2, 8;
    %load/vec4 v00000000067097f0_0;
    %assign/vec4 v00000000067085d0_0, 0;
T_85.2 ;
T_85.1 ;
    %jmp T_85;
    .thread T_85;
    .scope S_00000000066a8c40;
T_86 ;
    %wait E_000000000666e6f0;
    %load/vec4 v000000000670a970_0;
    %flag_set/vec4 8;
    %jmp/0xz  T_86.0, 8;
    %pushi/vec4 0, 0, 16;
    %assign/vec4 v00000000067099d0_0, 0;
    %jmp T_86.1;
T_86.0 ;
    %load/vec4 v0000000006709f70_0;
    %flag_set/vec4 8;
    %jmp/0xz  T_86.2, 8;
    %load/vec4 v000000000670b9b0_0;
    %nor/r;
    %flag_set/vec4 8;
    %jmp/0xz  T_86.4, 8;
    %load/vec4 v00000000067082b0_0;
    %assign/vec4 v00000000067099d0_0, 0;
T_86.4 ;
T_86.2 ;
T_86.1 ;
    %jmp T_86;
    .thread T_86;
    .scope S_00000000066a8c40;
T_87 ;
    %wait E_000000000666e370;
    %load/vec4 v000000000670a650_0;
    %flag_set/vec4 8;
    %jmp/0xz  T_87.0, 8;
    %pushi/vec4 0, 0, 16;
    %assign/vec4 v0000000006708cb0_0, 0;
    %jmp T_87.1;
T_87.0 ;
    %load/vec4 v0000000006709f70_0;
    %flag_set/vec4 8;
    %jmp/0xz  T_87.2, 8;
    %load/vec4 v000000000670b910_0;
    %nor/r;
    %flag_set/vec4 8;
    %jmp/0xz  T_87.4, 8;
    %load/vec4 v0000000006708b70_0;
    %assign/vec4 v0000000006708cb0_0, 0;
T_87.4 ;
T_87.2 ;
T_87.1 ;
    %jmp T_87;
    .thread T_87;
    .scope S_00000000064f50d0;
T_88 ;
    %pushi/vec4 0, 0, 32;
    %store/vec4 v000000000670de70_0, 0, 32;
T_88.0 ; Top of for-loop 
    %load/vec4 v000000000670de70_0;
    %cmpi/s 16, 0, 32;
    %jmp/0xz T_88.1, 5;
    %pushi/vec4 0, 0, 256;
    %load/vec4 v000000000670de70_0;
    %muli 16, 0, 32;
    %part/s 16;
    %pushi/vec4 0, 0, 32;
    %load/vec4 v000000000670de70_0;
    %add;
    %ix/vec4/s 4;
    %store/vec4a v000000000670ecd0, 4, 0;
    %pushi/vec4 0, 0, 256;
    %load/vec4 v000000000670de70_0;
    %muli 16, 0, 32;
    %part/s 16;
    %pushi/vec4 16, 0, 32;
    %load/vec4 v000000000670de70_0;
    %add;
    %ix/vec4/s 4;
    %store/vec4a v000000000670ecd0, 4, 0;
    %pushi/vec4 0, 0, 256;
    %load/vec4 v000000000670de70_0;
    %muli 16, 0, 32;
    %part/s 16;
    %pushi/vec4 32, 0, 32;
    %load/vec4 v000000000670de70_0;
    %add;
    %ix/vec4/s 4;
    %store/vec4a v000000000670ecd0, 4, 0;
    %pushi/vec4 0, 0, 256;
    %load/vec4 v000000000670de70_0;
    %muli 16, 0, 32;
    %part/s 16;
    %pushi/vec4 48, 0, 32;
    %load/vec4 v000000000670de70_0;
    %add;
    %ix/vec4/s 4;
    %store/vec4a v000000000670ecd0, 4, 0;
    %pushi/vec4 0, 0, 256;
    %load/vec4 v000000000670de70_0;
    %muli 16, 0, 32;
    %part/s 16;
    %pushi/vec4 64, 0, 32;
    %load/vec4 v000000000670de70_0;
    %add;
    %ix/vec4/s 4;
    %store/vec4a v000000000670ecd0, 4, 0;
    %pushi/vec4 0, 0, 256;
    %load/vec4 v000000000670de70_0;
    %muli 16, 0, 32;
    %part/s 16;
    %pushi/vec4 80, 0, 32;
    %load/vec4 v000000000670de70_0;
    %add;
    %ix/vec4/s 4;
    %store/vec4a v000000000670ecd0, 4, 0;
    %pushi/vec4 0, 0, 256;
    %load/vec4 v000000000670de70_0;
    %muli 16, 0, 32;
    %part/s 16;
    %pushi/vec4 96, 0, 32;
    %load/vec4 v000000000670de70_0;
    %add;
    %ix/vec4/s 4;
    %store/vec4a v000000000670ecd0, 4, 0;
    %pushi/vec4 0, 0, 256;
    %load/vec4 v000000000670de70_0;
    %muli 16, 0, 32;
    %part/s 16;
    %pushi/vec4 112, 0, 32;
    %load/vec4 v000000000670de70_0;
    %add;
    %ix/vec4/s 4;
    %store/vec4a v000000000670ecd0, 4, 0;
    %pushi/vec4 0, 0, 256;
    %load/vec4 v000000000670de70_0;
    %muli 16, 0, 32;
    %part/s 16;
    %pushi/vec4 128, 0, 32;
    %load/vec4 v000000000670de70_0;
    %add;
    %ix/vec4/s 4;
    %store/vec4a v000000000670ecd0, 4, 0;
    %pushi/vec4 0, 0, 256;
    %load/vec4 v000000000670de70_0;
    %muli 16, 0, 32;
    %part/s 16;
    %pushi/vec4 144, 0, 32;
    %load/vec4 v000000000670de70_0;
    %add;
    %ix/vec4/s 4;
    %store/vec4a v000000000670ecd0, 4, 0;
    %pushi/vec4 0, 0, 256;
    %load/vec4 v000000000670de70_0;
    %muli 16, 0, 32;
    %part/s 16;
    %pushi/vec4 160, 0, 32;
    %load/vec4 v000000000670de70_0;
    %add;
    %ix/vec4/s 4;
    %store/vec4a v000000000670ecd0, 4, 0;
    %pushi/vec4 0, 0, 256;
    %load/vec4 v000000000670de70_0;
    %muli 16, 0, 32;
    %part/s 16;
    %pushi/vec4 176, 0, 32;
    %load/vec4 v000000000670de70_0;
    %add;
    %ix/vec4/s 4;
    %store/vec4a v000000000670ecd0, 4, 0;
    %pushi/vec4 0, 0, 256;
    %load/vec4 v000000000670de70_0;
    %muli 16, 0, 32;
    %part/s 16;
    %pushi/vec4 192, 0, 32;
    %load/vec4 v000000000670de70_0;
    %add;
    %ix/vec4/s 4;
    %store/vec4a v000000000670ecd0, 4, 0;
    %pushi/vec4 0, 0, 256;
    %load/vec4 v000000000670de70_0;
    %muli 16, 0, 32;
    %part/s 16;
    %pushi/vec4 208, 0, 32;
    %load/vec4 v000000000670de70_0;
    %add;
    %ix/vec4/s 4;
    %store/vec4a v000000000670ecd0, 4, 0;
    %pushi/vec4 0, 0, 256;
    %load/vec4 v000000000670de70_0;
    %muli 16, 0, 32;
    %part/s 16;
    %pushi/vec4 224, 0, 32;
    %load/vec4 v000000000670de70_0;
    %add;
    %ix/vec4/s 4;
    %store/vec4a v000000000670ecd0, 4, 0;
    %pushi/vec4 0, 0, 256;
    %load/vec4 v000000000670de70_0;
    %muli 16, 0, 32;
    %part/s 16;
    %pushi/vec4 240, 0, 32;
    %load/vec4 v000000000670de70_0;
    %add;
    %ix/vec4/s 4;
    %store/vec4a v000000000670ecd0, 4, 0;
T_88.2 ; for-loop step statement
    %load/vec4 v000000000670de70_0;
    %addi 1, 0, 32;
    %store/vec4 v000000000670de70_0, 0, 32;
    %jmp T_88.0;
T_88.1 ; for-loop exit label
    %end;
    .thread T_88;
    .scope S_00000000064f50d0;
T_89 ;
    %wait E_000000000666e830;
    %load/vec4 v000000000670ddd0_0;
    %flag_set/vec4 9;
    %flag_get/vec4 9;
    %jmp/0 T_89.2, 9;
    %load/vec4 v000000000670e730_0;
    %and;
T_89.2;
    %flag_set/vec4 8;
    %jmp/0xz  T_89.0, 8;
    %load/vec4 v000000000670f8b0_0;
    %parti/s 1, 0, 2;
    %nor/r;
    %flag_set/vec4 8;
    %jmp/0xz  T_89.3, 8;
    %load/vec4 v000000000670ea50_0;
    %parti/s 1, 0, 2;
    %load/vec4 v000000000670f450_0;
    %parti/s 8, 0, 2;
    %pad/u 10;
    %ix/vec4 3;
    %ix/load 4, 0, 0; Constant delay
    %assign/vec4/a/d v000000000670ecd0, 0, 4;
T_89.3 ;
    %load/vec4 v000000000670f8b0_0;
    %parti/s 1, 1, 2;
    %nor/r;
    %flag_set/vec4 8;
    %jmp/0xz  T_89.5, 8;
    %load/vec4 v000000000670ea50_0;
    %parti/s 1, 1, 2;
    %load/vec4 v000000000670f450_0;
    %parti/s 8, 0, 2;
    %pad/u 10;
    %ix/vec4 3;
    %ix/load 4, 1, 0; part off
    %ix/load 5, 0, 0; Constant delay
    %assign/vec4/a/d v000000000670ecd0, 4, 5;
T_89.5 ;
    %load/vec4 v000000000670f8b0_0;
    %parti/s 1, 2, 3;
    %nor/r;
    %flag_set/vec4 8;
    %jmp/0xz  T_89.7, 8;
    %load/vec4 v000000000670ea50_0;
    %parti/s 1, 2, 3;
    %load/vec4 v000000000670f450_0;
    %parti/s 8, 0, 2;
    %pad/u 10;
    %ix/vec4 3;
    %ix/load 4, 2, 0; part off
    %ix/load 5, 0, 0; Constant delay
    %assign/vec4/a/d v000000000670ecd0, 4, 5;
T_89.7 ;
    %load/vec4 v000000000670f8b0_0;
    %parti/s 1, 3, 3;
    %nor/r;
    %flag_set/vec4 8;
    %jmp/0xz  T_89.9, 8;
    %load/vec4 v000000000670ea50_0;
    %parti/s 1, 3, 3;
    %load/vec4 v000000000670f450_0;
    %parti/s 8, 0, 2;
    %pad/u 10;
    %ix/vec4 3;
    %ix/load 4, 3, 0; part off
    %ix/load 5, 0, 0; Constant delay
    %assign/vec4/a/d v000000000670ecd0, 4, 5;
T_89.9 ;
    %load/vec4 v000000000670f8b0_0;
    %parti/s 1, 4, 4;
    %nor/r;
    %flag_set/vec4 8;
    %jmp/0xz  T_89.11, 8;
    %load/vec4 v000000000670ea50_0;
    %parti/s 1, 4, 4;
    %load/vec4 v000000000670f450_0;
    %parti/s 8, 0, 2;
    %pad/u 10;
    %ix/vec4 3;
    %ix/load 4, 4, 0; part off
    %ix/load 5, 0, 0; Constant delay
    %assign/vec4/a/d v000000000670ecd0, 4, 5;
T_89.11 ;
    %load/vec4 v000000000670f8b0_0;
    %parti/s 1, 5, 4;
    %nor/r;
    %flag_set/vec4 8;
    %jmp/0xz  T_89.13, 8;
    %load/vec4 v000000000670ea50_0;
    %parti/s 1, 5, 4;
    %load/vec4 v000000000670f450_0;
    %parti/s 8, 0, 2;
    %pad/u 10;
    %ix/vec4 3;
    %ix/load 4, 5, 0; part off
    %ix/load 5, 0, 0; Constant delay
    %assign/vec4/a/d v000000000670ecd0, 4, 5;
T_89.13 ;
    %load/vec4 v000000000670f8b0_0;
    %parti/s 1, 6, 4;
    %nor/r;
    %flag_set/vec4 8;
    %jmp/0xz  T_89.15, 8;
    %load/vec4 v000000000670ea50_0;
    %parti/s 1, 6, 4;
    %load/vec4 v000000000670f450_0;
    %parti/s 8, 0, 2;
    %pad/u 10;
    %ix/vec4 3;
    %ix/load 4, 6, 0; part off
    %ix/load 5, 0, 0; Constant delay
    %assign/vec4/a/d v000000000670ecd0, 4, 5;
T_89.15 ;
    %load/vec4 v000000000670f8b0_0;
    %parti/s 1, 7, 4;
    %nor/r;
    %flag_set/vec4 8;
    %jmp/0xz  T_89.17, 8;
    %load/vec4 v000000000670ea50_0;
    %parti/s 1, 7, 4;
    %load/vec4 v000000000670f450_0;
    %parti/s 8, 0, 2;
    %pad/u 10;
    %ix/vec4 3;
    %ix/load 4, 7, 0; part off
    %ix/load 5, 0, 0; Constant delay
    %assign/vec4/a/d v000000000670ecd0, 4, 5;
T_89.17 ;
    %load/vec4 v000000000670f8b0_0;
    %parti/s 1, 8, 5;
    %nor/r;
    %flag_set/vec4 8;
    %jmp/0xz  T_89.19, 8;
    %load/vec4 v000000000670ea50_0;
    %parti/s 1, 8, 5;
    %load/vec4 v000000000670f450_0;
    %parti/s 8, 0, 2;
    %pad/u 10;
    %ix/vec4 3;
    %ix/load 4, 8, 0; part off
    %ix/load 5, 0, 0; Constant delay
    %assign/vec4/a/d v000000000670ecd0, 4, 5;
T_89.19 ;
    %load/vec4 v000000000670f8b0_0;
    %parti/s 1, 9, 5;
    %nor/r;
    %flag_set/vec4 8;
    %jmp/0xz  T_89.21, 8;
    %load/vec4 v000000000670ea50_0;
    %parti/s 1, 9, 5;
    %load/vec4 v000000000670f450_0;
    %parti/s 8, 0, 2;
    %pad/u 10;
    %ix/vec4 3;
    %ix/load 4, 9, 0; part off
    %ix/load 5, 0, 0; Constant delay
    %assign/vec4/a/d v000000000670ecd0, 4, 5;
T_89.21 ;
    %load/vec4 v000000000670f8b0_0;
    %parti/s 1, 10, 5;
    %nor/r;
    %flag_set/vec4 8;
    %jmp/0xz  T_89.23, 8;
    %load/vec4 v000000000670ea50_0;
    %parti/s 1, 10, 5;
    %load/vec4 v000000000670f450_0;
    %parti/s 8, 0, 2;
    %pad/u 10;
    %ix/vec4 3;
    %ix/load 4, 10, 0; part off
    %ix/load 5, 0, 0; Constant delay
    %assign/vec4/a/d v000000000670ecd0, 4, 5;
T_89.23 ;
    %load/vec4 v000000000670f8b0_0;
    %parti/s 1, 11, 5;
    %nor/r;
    %flag_set/vec4 8;
    %jmp/0xz  T_89.25, 8;
    %load/vec4 v000000000670ea50_0;
    %parti/s 1, 11, 5;
    %load/vec4 v000000000670f450_0;
    %parti/s 8, 0, 2;
    %pad/u 10;
    %ix/vec4 3;
    %ix/load 4, 11, 0; part off
    %ix/load 5, 0, 0; Constant delay
    %assign/vec4/a/d v000000000670ecd0, 4, 5;
T_89.25 ;
    %load/vec4 v000000000670f8b0_0;
    %parti/s 1, 12, 5;
    %nor/r;
    %flag_set/vec4 8;
    %jmp/0xz  T_89.27, 8;
    %load/vec4 v000000000670ea50_0;
    %parti/s 1, 12, 5;
    %load/vec4 v000000000670f450_0;
    %parti/s 8, 0, 2;
    %pad/u 10;
    %ix/vec4 3;
    %ix/load 4, 12, 0; part off
    %ix/load 5, 0, 0; Constant delay
    %assign/vec4/a/d v000000000670ecd0, 4, 5;
T_89.27 ;
    %load/vec4 v000000000670f8b0_0;
    %parti/s 1, 13, 5;
    %nor/r;
    %flag_set/vec4 8;
    %jmp/0xz  T_89.29, 8;
    %load/vec4 v000000000670ea50_0;
    %parti/s 1, 13, 5;
    %load/vec4 v000000000670f450_0;
    %parti/s 8, 0, 2;
    %pad/u 10;
    %ix/vec4 3;
    %ix/load 4, 13, 0; part off
    %ix/load 5, 0, 0; Constant delay
    %assign/vec4/a/d v000000000670ecd0, 4, 5;
T_89.29 ;
    %load/vec4 v000000000670f8b0_0;
    %parti/s 1, 14, 5;
    %nor/r;
    %flag_set/vec4 8;
    %jmp/0xz  T_89.31, 8;
    %load/vec4 v000000000670ea50_0;
    %parti/s 1, 14, 5;
    %load/vec4 v000000000670f450_0;
    %parti/s 8, 0, 2;
    %pad/u 10;
    %ix/vec4 3;
    %ix/load 4, 14, 0; part off
    %ix/load 5, 0, 0; Constant delay
    %assign/vec4/a/d v000000000670ecd0, 4, 5;
T_89.31 ;
    %load/vec4 v000000000670f8b0_0;
    %parti/s 1, 15, 5;
    %nor/r;
    %flag_set/vec4 8;
    %jmp/0xz  T_89.33, 8;
    %load/vec4 v000000000670ea50_0;
    %parti/s 1, 15, 5;
    %load/vec4 v000000000670f450_0;
    %parti/s 8, 0, 2;
    %pad/u 10;
    %ix/vec4 3;
    %ix/load 4, 15, 0; part off
    %ix/load 5, 0, 0; Constant delay
    %assign/vec4/a/d v000000000670ecd0, 4, 5;
T_89.33 ;
T_89.0 ;
    %jmp T_89;
    .thread T_89;
    .scope S_00000000064f50d0;
T_90 ;
    %wait E_000000000666f130;
    %load/vec4 v000000000670f630_0;
    %flag_set/vec4 9;
    %flag_get/vec4 9;
    %jmp/0 T_90.2, 9;
    %load/vec4 v000000000670e370_0;
    %and;
T_90.2;
    %flag_set/vec4 8;
    %jmp/0xz  T_90.0, 8;
    %load/vec4 v000000000670f3b0_0;
    %parti/s 8, 0, 2;
    %pad/u 10;
    %ix/vec4 4;
    %load/vec4a v000000000670ecd0, 4;
    %load/vec4 v000000000670e910_0;
    %inv;
    %and;
    %assign/vec4 v000000000670fd10_0, 0;
T_90.0 ;
    %jmp T_90;
    .thread T_90;
    .scope S_0000000006715d50;
T_91 ;
    %pushi/vec4 0, 0, 32;
    %store/vec4 v0000000006712470_0, 0, 32;
T_91.0 ; Top of for-loop 
    %load/vec4 v0000000006712470_0;
    %cmpi/s 16, 0, 32;
    %jmp/0xz T_91.1, 5;
    %pushi/vec4 0, 0, 256;
    %load/vec4 v0000000006712470_0;
    %muli 16, 0, 32;
    %part/s 16;
    %pushi/vec4 0, 0, 32;
    %load/vec4 v0000000006712470_0;
    %add;
    %ix/vec4/s 4;
    %store/vec4a v0000000006710e90, 4, 0;
    %pushi/vec4 0, 0, 256;
    %load/vec4 v0000000006712470_0;
    %muli 16, 0, 32;
    %part/s 16;
    %pushi/vec4 16, 0, 32;
    %load/vec4 v0000000006712470_0;
    %add;
    %ix/vec4/s 4;
    %store/vec4a v0000000006710e90, 4, 0;
    %pushi/vec4 0, 0, 256;
    %load/vec4 v0000000006712470_0;
    %muli 16, 0, 32;
    %part/s 16;
    %pushi/vec4 32, 0, 32;
    %load/vec4 v0000000006712470_0;
    %add;
    %ix/vec4/s 4;
    %store/vec4a v0000000006710e90, 4, 0;
    %pushi/vec4 0, 0, 256;
    %load/vec4 v0000000006712470_0;
    %muli 16, 0, 32;
    %part/s 16;
    %pushi/vec4 48, 0, 32;
    %load/vec4 v0000000006712470_0;
    %add;
    %ix/vec4/s 4;
    %store/vec4a v0000000006710e90, 4, 0;
    %pushi/vec4 0, 0, 256;
    %load/vec4 v0000000006712470_0;
    %muli 16, 0, 32;
    %part/s 16;
    %pushi/vec4 64, 0, 32;
    %load/vec4 v0000000006712470_0;
    %add;
    %ix/vec4/s 4;
    %store/vec4a v0000000006710e90, 4, 0;
    %pushi/vec4 0, 0, 256;
    %load/vec4 v0000000006712470_0;
    %muli 16, 0, 32;
    %part/s 16;
    %pushi/vec4 80, 0, 32;
    %load/vec4 v0000000006712470_0;
    %add;
    %ix/vec4/s 4;
    %store/vec4a v0000000006710e90, 4, 0;
    %pushi/vec4 0, 0, 256;
    %load/vec4 v0000000006712470_0;
    %muli 16, 0, 32;
    %part/s 16;
    %pushi/vec4 96, 0, 32;
    %load/vec4 v0000000006712470_0;
    %add;
    %ix/vec4/s 4;
    %store/vec4a v0000000006710e90, 4, 0;
    %pushi/vec4 0, 0, 256;
    %load/vec4 v0000000006712470_0;
    %muli 16, 0, 32;
    %part/s 16;
    %pushi/vec4 112, 0, 32;
    %load/vec4 v0000000006712470_0;
    %add;
    %ix/vec4/s 4;
    %store/vec4a v0000000006710e90, 4, 0;
    %pushi/vec4 0, 0, 256;
    %load/vec4 v0000000006712470_0;
    %muli 16, 0, 32;
    %part/s 16;
    %pushi/vec4 128, 0, 32;
    %load/vec4 v0000000006712470_0;
    %add;
    %ix/vec4/s 4;
    %store/vec4a v0000000006710e90, 4, 0;
    %pushi/vec4 0, 0, 256;
    %load/vec4 v0000000006712470_0;
    %muli 16, 0, 32;
    %part/s 16;
    %pushi/vec4 144, 0, 32;
    %load/vec4 v0000000006712470_0;
    %add;
    %ix/vec4/s 4;
    %store/vec4a v0000000006710e90, 4, 0;
    %pushi/vec4 0, 0, 256;
    %load/vec4 v0000000006712470_0;
    %muli 16, 0, 32;
    %part/s 16;
    %pushi/vec4 160, 0, 32;
    %load/vec4 v0000000006712470_0;
    %add;
    %ix/vec4/s 4;
    %store/vec4a v0000000006710e90, 4, 0;
    %pushi/vec4 0, 0, 256;
    %load/vec4 v0000000006712470_0;
    %muli 16, 0, 32;
    %part/s 16;
    %pushi/vec4 176, 0, 32;
    %load/vec4 v0000000006712470_0;
    %add;
    %ix/vec4/s 4;
    %store/vec4a v0000000006710e90, 4, 0;
    %pushi/vec4 0, 0, 256;
    %load/vec4 v0000000006712470_0;
    %muli 16, 0, 32;
    %part/s 16;
    %pushi/vec4 192, 0, 32;
    %load/vec4 v0000000006712470_0;
    %add;
    %ix/vec4/s 4;
    %store/vec4a v0000000006710e90, 4, 0;
    %pushi/vec4 0, 0, 256;
    %load/vec4 v0000000006712470_0;
    %muli 16, 0, 32;
    %part/s 16;
    %pushi/vec4 208, 0, 32;
    %load/vec4 v0000000006712470_0;
    %add;
    %ix/vec4/s 4;
    %store/vec4a v0000000006710e90, 4, 0;
    %pushi/vec4 0, 0, 256;
    %load/vec4 v0000000006712470_0;
    %muli 16, 0, 32;
    %part/s 16;
    %pushi/vec4 224, 0, 32;
    %load/vec4 v0000000006712470_0;
    %add;
    %ix/vec4/s 4;
    %store/vec4a v0000000006710e90, 4, 0;
    %pushi/vec4 0, 0, 256;
    %load/vec4 v0000000006712470_0;
    %muli 16, 0, 32;
    %part/s 16;
    %pushi/vec4 240, 0, 32;
    %load/vec4 v0000000006712470_0;
    %add;
    %ix/vec4/s 4;
    %store/vec4a v0000000006710e90, 4, 0;
T_91.2 ; for-loop step statement
    %load/vec4 v0000000006712470_0;
    %addi 1, 0, 32;
    %store/vec4 v0000000006712470_0, 0, 32;
    %jmp T_91.0;
T_91.1 ; for-loop exit label
    %end;
    .thread T_91;
    .scope S_0000000006715d50;
T_92 ;
    %wait E_000000000666eb70;
    %load/vec4 v00000000067108f0_0;
    %flag_set/vec4 9;
    %flag_get/vec4 9;
    %jmp/0 T_92.2, 9;
    %load/vec4 v00000000067112f0_0;
    %and;
T_92.2;
    %flag_set/vec4 8;
    %jmp/0xz  T_92.0, 8;
    %load/vec4 v0000000006712330_0;
    %parti/s 1, 0, 2;
    %nor/r;
    %flag_set/vec4 8;
    %jmp/0xz  T_92.3, 8;
    %load/vec4 v0000000006710cb0_0;
    %parti/s 1, 0, 2;
    %load/vec4 v0000000006711b10_0;
    %parti/s 8, 0, 2;
    %pad/u 10;
    %ix/vec4 3;
    %ix/load 4, 0, 0; Constant delay
    %assign/vec4/a/d v0000000006710e90, 0, 4;
T_92.3 ;
    %load/vec4 v0000000006712330_0;
    %parti/s 1, 1, 2;
    %nor/r;
    %flag_set/vec4 8;
    %jmp/0xz  T_92.5, 8;
    %load/vec4 v0000000006710cb0_0;
    %parti/s 1, 1, 2;
    %load/vec4 v0000000006711b10_0;
    %parti/s 8, 0, 2;
    %pad/u 10;
    %ix/vec4 3;
    %ix/load 4, 1, 0; part off
    %ix/load 5, 0, 0; Constant delay
    %assign/vec4/a/d v0000000006710e90, 4, 5;
T_92.5 ;
    %load/vec4 v0000000006712330_0;
    %parti/s 1, 2, 3;
    %nor/r;
    %flag_set/vec4 8;
    %jmp/0xz  T_92.7, 8;
    %load/vec4 v0000000006710cb0_0;
    %parti/s 1, 2, 3;
    %load/vec4 v0000000006711b10_0;
    %parti/s 8, 0, 2;
    %pad/u 10;
    %ix/vec4 3;
    %ix/load 4, 2, 0; part off
    %ix/load 5, 0, 0; Constant delay
    %assign/vec4/a/d v0000000006710e90, 4, 5;
T_92.7 ;
    %load/vec4 v0000000006712330_0;
    %parti/s 1, 3, 3;
    %nor/r;
    %flag_set/vec4 8;
    %jmp/0xz  T_92.9, 8;
    %load/vec4 v0000000006710cb0_0;
    %parti/s 1, 3, 3;
    %load/vec4 v0000000006711b10_0;
    %parti/s 8, 0, 2;
    %pad/u 10;
    %ix/vec4 3;
    %ix/load 4, 3, 0; part off
    %ix/load 5, 0, 0; Constant delay
    %assign/vec4/a/d v0000000006710e90, 4, 5;
T_92.9 ;
    %load/vec4 v0000000006712330_0;
    %parti/s 1, 4, 4;
    %nor/r;
    %flag_set/vec4 8;
    %jmp/0xz  T_92.11, 8;
    %load/vec4 v0000000006710cb0_0;
    %parti/s 1, 4, 4;
    %load/vec4 v0000000006711b10_0;
    %parti/s 8, 0, 2;
    %pad/u 10;
    %ix/vec4 3;
    %ix/load 4, 4, 0; part off
    %ix/load 5, 0, 0; Constant delay
    %assign/vec4/a/d v0000000006710e90, 4, 5;
T_92.11 ;
    %load/vec4 v0000000006712330_0;
    %parti/s 1, 5, 4;
    %nor/r;
    %flag_set/vec4 8;
    %jmp/0xz  T_92.13, 8;
    %load/vec4 v0000000006710cb0_0;
    %parti/s 1, 5, 4;
    %load/vec4 v0000000006711b10_0;
    %parti/s 8, 0, 2;
    %pad/u 10;
    %ix/vec4 3;
    %ix/load 4, 5, 0; part off
    %ix/load 5, 0, 0; Constant delay
    %assign/vec4/a/d v0000000006710e90, 4, 5;
T_92.13 ;
    %load/vec4 v0000000006712330_0;
    %parti/s 1, 6, 4;
    %nor/r;
    %flag_set/vec4 8;
    %jmp/0xz  T_92.15, 8;
    %load/vec4 v0000000006710cb0_0;
    %parti/s 1, 6, 4;
    %load/vec4 v0000000006711b10_0;
    %parti/s 8, 0, 2;
    %pad/u 10;
    %ix/vec4 3;
    %ix/load 4, 6, 0; part off
    %ix/load 5, 0, 0; Constant delay
    %assign/vec4/a/d v0000000006710e90, 4, 5;
T_92.15 ;
    %load/vec4 v0000000006712330_0;
    %parti/s 1, 7, 4;
    %nor/r;
    %flag_set/vec4 8;
    %jmp/0xz  T_92.17, 8;
    %load/vec4 v0000000006710cb0_0;
    %parti/s 1, 7, 4;
    %load/vec4 v0000000006711b10_0;
    %parti/s 8, 0, 2;
    %pad/u 10;
    %ix/vec4 3;
    %ix/load 4, 7, 0; part off
    %ix/load 5, 0, 0; Constant delay
    %assign/vec4/a/d v0000000006710e90, 4, 5;
T_92.17 ;
    %load/vec4 v0000000006712330_0;
    %parti/s 1, 8, 5;
    %nor/r;
    %flag_set/vec4 8;
    %jmp/0xz  T_92.19, 8;
    %load/vec4 v0000000006710cb0_0;
    %parti/s 1, 8, 5;
    %load/vec4 v0000000006711b10_0;
    %parti/s 8, 0, 2;
    %pad/u 10;
    %ix/vec4 3;
    %ix/load 4, 8, 0; part off
    %ix/load 5, 0, 0; Constant delay
    %assign/vec4/a/d v0000000006710e90, 4, 5;
T_92.19 ;
    %load/vec4 v0000000006712330_0;
    %parti/s 1, 9, 5;
    %nor/r;
    %flag_set/vec4 8;
    %jmp/0xz  T_92.21, 8;
    %load/vec4 v0000000006710cb0_0;
    %parti/s 1, 9, 5;
    %load/vec4 v0000000006711b10_0;
    %parti/s 8, 0, 2;
    %pad/u 10;
    %ix/vec4 3;
    %ix/load 4, 9, 0; part off
    %ix/load 5, 0, 0; Constant delay
    %assign/vec4/a/d v0000000006710e90, 4, 5;
T_92.21 ;
    %load/vec4 v0000000006712330_0;
    %parti/s 1, 10, 5;
    %nor/r;
    %flag_set/vec4 8;
    %jmp/0xz  T_92.23, 8;
    %load/vec4 v0000000006710cb0_0;
    %parti/s 1, 10, 5;
    %load/vec4 v0000000006711b10_0;
    %parti/s 8, 0, 2;
    %pad/u 10;
    %ix/vec4 3;
    %ix/load 4, 10, 0; part off
    %ix/load 5, 0, 0; Constant delay
    %assign/vec4/a/d v0000000006710e90, 4, 5;
T_92.23 ;
    %load/vec4 v0000000006712330_0;
    %parti/s 1, 11, 5;
    %nor/r;
    %flag_set/vec4 8;
    %jmp/0xz  T_92.25, 8;
    %load/vec4 v0000000006710cb0_0;
    %parti/s 1, 11, 5;
    %load/vec4 v0000000006711b10_0;
    %parti/s 8, 0, 2;
    %pad/u 10;
    %ix/vec4 3;
    %ix/load 4, 11, 0; part off
    %ix/load 5, 0, 0; Constant delay
    %assign/vec4/a/d v0000000006710e90, 4, 5;
T_92.25 ;
    %load/vec4 v0000000006712330_0;
    %parti/s 1, 12, 5;
    %nor/r;
    %flag_set/vec4 8;
    %jmp/0xz  T_92.27, 8;
    %load/vec4 v0000000006710cb0_0;
    %parti/s 1, 12, 5;
    %load/vec4 v0000000006711b10_0;
    %parti/s 8, 0, 2;
    %pad/u 10;
    %ix/vec4 3;
    %ix/load 4, 12, 0; part off
    %ix/load 5, 0, 0; Constant delay
    %assign/vec4/a/d v0000000006710e90, 4, 5;
T_92.27 ;
    %load/vec4 v0000000006712330_0;
    %parti/s 1, 13, 5;
    %nor/r;
    %flag_set/vec4 8;
    %jmp/0xz  T_92.29, 8;
    %load/vec4 v0000000006710cb0_0;
    %parti/s 1, 13, 5;
    %load/vec4 v0000000006711b10_0;
    %parti/s 8, 0, 2;
    %pad/u 10;
    %ix/vec4 3;
    %ix/load 4, 13, 0; part off
    %ix/load 5, 0, 0; Constant delay
    %assign/vec4/a/d v0000000006710e90, 4, 5;
T_92.29 ;
    %load/vec4 v0000000006712330_0;
    %parti/s 1, 14, 5;
    %nor/r;
    %flag_set/vec4 8;
    %jmp/0xz  T_92.31, 8;
    %load/vec4 v0000000006710cb0_0;
    %parti/s 1, 14, 5;
    %load/vec4 v0000000006711b10_0;
    %parti/s 8, 0, 2;
    %pad/u 10;
    %ix/vec4 3;
    %ix/load 4, 14, 0; part off
    %ix/load 5, 0, 0; Constant delay
    %assign/vec4/a/d v0000000006710e90, 4, 5;
T_92.31 ;
    %load/vec4 v0000000006712330_0;
    %parti/s 1, 15, 5;
    %nor/r;
    %flag_set/vec4 8;
    %jmp/0xz  T_92.33, 8;
    %load/vec4 v0000000006710cb0_0;
    %parti/s 1, 15, 5;
    %load/vec4 v0000000006711b10_0;
    %parti/s 8, 0, 2;
    %pad/u 10;
    %ix/vec4 3;
    %ix/load 4, 15, 0; part off
    %ix/load 5, 0, 0; Constant delay
    %assign/vec4/a/d v0000000006710e90, 4, 5;
T_92.33 ;
T_92.0 ;
    %jmp T_92;
    .thread T_92;
    .scope S_0000000006715d50;
T_93 ;
    %wait E_000000000666eaf0;
    %load/vec4 v000000000670dc90_0;
    %flag_set/vec4 9;
    %flag_get/vec4 9;
    %jmp/0 T_93.2, 9;
    %load/vec4 v000000000670d830_0;
    %and;
T_93.2;
    %flag_set/vec4 8;
    %jmp/0xz  T_93.0, 8;
    %load/vec4 v000000000670fe50_0;
    %parti/s 8, 0, 2;
    %pad/u 10;
    %ix/vec4 4;
    %load/vec4a v0000000006710e90, 4;
    %load/vec4 v000000000670dd30_0;
    %inv;
    %and;
    %assign/vec4 v000000000670dbf0_0, 0;
T_93.0 ;
    %jmp T_93;
    .thread T_93;
    .scope S_0000000006716520;
T_94 ;
    %pushi/vec4 0, 0, 32;
    %store/vec4 v0000000006711430_0, 0, 32;
T_94.0 ; Top of for-loop 
    %load/vec4 v0000000006711430_0;
    %cmpi/s 16, 0, 32;
    %jmp/0xz T_94.1, 5;
    %pushi/vec4 0, 0, 256;
    %load/vec4 v0000000006711430_0;
    %muli 16, 0, 32;
    %part/s 16;
    %pushi/vec4 0, 0, 32;
    %load/vec4 v0000000006711430_0;
    %add;
    %ix/vec4/s 4;
    %store/vec4a v00000000067119d0, 4, 0;
    %pushi/vec4 0, 0, 256;
    %load/vec4 v0000000006711430_0;
    %muli 16, 0, 32;
    %part/s 16;
    %pushi/vec4 16, 0, 32;
    %load/vec4 v0000000006711430_0;
    %add;
    %ix/vec4/s 4;
    %store/vec4a v00000000067119d0, 4, 0;
    %pushi/vec4 0, 0, 256;
    %load/vec4 v0000000006711430_0;
    %muli 16, 0, 32;
    %part/s 16;
    %pushi/vec4 32, 0, 32;
    %load/vec4 v0000000006711430_0;
    %add;
    %ix/vec4/s 4;
    %store/vec4a v00000000067119d0, 4, 0;
    %pushi/vec4 0, 0, 256;
    %load/vec4 v0000000006711430_0;
    %muli 16, 0, 32;
    %part/s 16;
    %pushi/vec4 48, 0, 32;
    %load/vec4 v0000000006711430_0;
    %add;
    %ix/vec4/s 4;
    %store/vec4a v00000000067119d0, 4, 0;
    %pushi/vec4 0, 0, 256;
    %load/vec4 v0000000006711430_0;
    %muli 16, 0, 32;
    %part/s 16;
    %pushi/vec4 64, 0, 32;
    %load/vec4 v0000000006711430_0;
    %add;
    %ix/vec4/s 4;
    %store/vec4a v00000000067119d0, 4, 0;
    %pushi/vec4 0, 0, 256;
    %load/vec4 v0000000006711430_0;
    %muli 16, 0, 32;
    %part/s 16;
    %pushi/vec4 80, 0, 32;
    %load/vec4 v0000000006711430_0;
    %add;
    %ix/vec4/s 4;
    %store/vec4a v00000000067119d0, 4, 0;
    %pushi/vec4 0, 0, 256;
    %load/vec4 v0000000006711430_0;
    %muli 16, 0, 32;
    %part/s 16;
    %pushi/vec4 96, 0, 32;
    %load/vec4 v0000000006711430_0;
    %add;
    %ix/vec4/s 4;
    %store/vec4a v00000000067119d0, 4, 0;
    %pushi/vec4 0, 0, 256;
    %load/vec4 v0000000006711430_0;
    %muli 16, 0, 32;
    %part/s 16;
    %pushi/vec4 112, 0, 32;
    %load/vec4 v0000000006711430_0;
    %add;
    %ix/vec4/s 4;
    %store/vec4a v00000000067119d0, 4, 0;
    %pushi/vec4 0, 0, 256;
    %load/vec4 v0000000006711430_0;
    %muli 16, 0, 32;
    %part/s 16;
    %pushi/vec4 128, 0, 32;
    %load/vec4 v0000000006711430_0;
    %add;
    %ix/vec4/s 4;
    %store/vec4a v00000000067119d0, 4, 0;
    %pushi/vec4 0, 0, 256;
    %load/vec4 v0000000006711430_0;
    %muli 16, 0, 32;
    %part/s 16;
    %pushi/vec4 144, 0, 32;
    %load/vec4 v0000000006711430_0;
    %add;
    %ix/vec4/s 4;
    %store/vec4a v00000000067119d0, 4, 0;
    %pushi/vec4 0, 0, 256;
    %load/vec4 v0000000006711430_0;
    %muli 16, 0, 32;
    %part/s 16;
    %pushi/vec4 160, 0, 32;
    %load/vec4 v0000000006711430_0;
    %add;
    %ix/vec4/s 4;
    %store/vec4a v00000000067119d0, 4, 0;
    %pushi/vec4 0, 0, 256;
    %load/vec4 v0000000006711430_0;
    %muli 16, 0, 32;
    %part/s 16;
    %pushi/vec4 176, 0, 32;
    %load/vec4 v0000000006711430_0;
    %add;
    %ix/vec4/s 4;
    %store/vec4a v00000000067119d0, 4, 0;
    %pushi/vec4 0, 0, 256;
    %load/vec4 v0000000006711430_0;
    %muli 16, 0, 32;
    %part/s 16;
    %pushi/vec4 192, 0, 32;
    %load/vec4 v0000000006711430_0;
    %add;
    %ix/vec4/s 4;
    %store/vec4a v00000000067119d0, 4, 0;
    %pushi/vec4 0, 0, 256;
    %load/vec4 v0000000006711430_0;
    %muli 16, 0, 32;
    %part/s 16;
    %pushi/vec4 208, 0, 32;
    %load/vec4 v0000000006711430_0;
    %add;
    %ix/vec4/s 4;
    %store/vec4a v00000000067119d0, 4, 0;
    %pushi/vec4 0, 0, 256;
    %load/vec4 v0000000006711430_0;
    %muli 16, 0, 32;
    %part/s 16;
    %pushi/vec4 224, 0, 32;
    %load/vec4 v0000000006711430_0;
    %add;
    %ix/vec4/s 4;
    %store/vec4a v00000000067119d0, 4, 0;
    %pushi/vec4 0, 0, 256;
    %load/vec4 v0000000006711430_0;
    %muli 16, 0, 32;
    %part/s 16;
    %pushi/vec4 240, 0, 32;
    %load/vec4 v0000000006711430_0;
    %add;
    %ix/vec4/s 4;
    %store/vec4a v00000000067119d0, 4, 0;
T_94.2 ; for-loop step statement
    %load/vec4 v0000000006711430_0;
    %addi 1, 0, 32;
    %store/vec4 v0000000006711430_0, 0, 32;
    %jmp T_94.0;
T_94.1 ; for-loop exit label
    %end;
    .thread T_94;
    .scope S_0000000006716520;
T_95 ;
    %wait E_000000000666e7b0;
    %load/vec4 v00000000067120b0_0;
    %flag_set/vec4 9;
    %flag_get/vec4 9;
    %jmp/0 T_95.2, 9;
    %load/vec4 v00000000067116b0_0;
    %and;
T_95.2;
    %flag_set/vec4 8;
    %jmp/0xz  T_95.0, 8;
    %load/vec4 v00000000067107b0_0;
    %parti/s 1, 0, 2;
    %nor/r;
    %flag_set/vec4 8;
    %jmp/0xz  T_95.3, 8;
    %load/vec4 v00000000067100d0_0;
    %parti/s 1, 0, 2;
    %load/vec4 v0000000006712010_0;
    %parti/s 8, 0, 2;
    %pad/u 10;
    %ix/vec4 3;
    %ix/load 4, 0, 0; Constant delay
    %assign/vec4/a/d v00000000067119d0, 0, 4;
T_95.3 ;
    %load/vec4 v00000000067107b0_0;
    %parti/s 1, 1, 2;
    %nor/r;
    %flag_set/vec4 8;
    %jmp/0xz  T_95.5, 8;
    %load/vec4 v00000000067100d0_0;
    %parti/s 1, 1, 2;
    %load/vec4 v0000000006712010_0;
    %parti/s 8, 0, 2;
    %pad/u 10;
    %ix/vec4 3;
    %ix/load 4, 1, 0; part off
    %ix/load 5, 0, 0; Constant delay
    %assign/vec4/a/d v00000000067119d0, 4, 5;
T_95.5 ;
    %load/vec4 v00000000067107b0_0;
    %parti/s 1, 2, 3;
    %nor/r;
    %flag_set/vec4 8;
    %jmp/0xz  T_95.7, 8;
    %load/vec4 v00000000067100d0_0;
    %parti/s 1, 2, 3;
    %load/vec4 v0000000006712010_0;
    %parti/s 8, 0, 2;
    %pad/u 10;
    %ix/vec4 3;
    %ix/load 4, 2, 0; part off
    %ix/load 5, 0, 0; Constant delay
    %assign/vec4/a/d v00000000067119d0, 4, 5;
T_95.7 ;
    %load/vec4 v00000000067107b0_0;
    %parti/s 1, 3, 3;
    %nor/r;
    %flag_set/vec4 8;
    %jmp/0xz  T_95.9, 8;
    %load/vec4 v00000000067100d0_0;
    %parti/s 1, 3, 3;
    %load/vec4 v0000000006712010_0;
    %parti/s 8, 0, 2;
    %pad/u 10;
    %ix/vec4 3;
    %ix/load 4, 3, 0; part off
    %ix/load 5, 0, 0; Constant delay
    %assign/vec4/a/d v00000000067119d0, 4, 5;
T_95.9 ;
    %load/vec4 v00000000067107b0_0;
    %parti/s 1, 4, 4;
    %nor/r;
    %flag_set/vec4 8;
    %jmp/0xz  T_95.11, 8;
    %load/vec4 v00000000067100d0_0;
    %parti/s 1, 4, 4;
    %load/vec4 v0000000006712010_0;
    %parti/s 8, 0, 2;
    %pad/u 10;
    %ix/vec4 3;
    %ix/load 4, 4, 0; part off
    %ix/load 5, 0, 0; Constant delay
    %assign/vec4/a/d v00000000067119d0, 4, 5;
T_95.11 ;
    %load/vec4 v00000000067107b0_0;
    %parti/s 1, 5, 4;
    %nor/r;
    %flag_set/vec4 8;
    %jmp/0xz  T_95.13, 8;
    %load/vec4 v00000000067100d0_0;
    %parti/s 1, 5, 4;
    %load/vec4 v0000000006712010_0;
    %parti/s 8, 0, 2;
    %pad/u 10;
    %ix/vec4 3;
    %ix/load 4, 5, 0; part off
    %ix/load 5, 0, 0; Constant delay
    %assign/vec4/a/d v00000000067119d0, 4, 5;
T_95.13 ;
    %load/vec4 v00000000067107b0_0;
    %parti/s 1, 6, 4;
    %nor/r;
    %flag_set/vec4 8;
    %jmp/0xz  T_95.15, 8;
    %load/vec4 v00000000067100d0_0;
    %parti/s 1, 6, 4;
    %load/vec4 v0000000006712010_0;
    %parti/s 8, 0, 2;
    %pad/u 10;
    %ix/vec4 3;
    %ix/load 4, 6, 0; part off
    %ix/load 5, 0, 0; Constant delay
    %assign/vec4/a/d v00000000067119d0, 4, 5;
T_95.15 ;
    %load/vec4 v00000000067107b0_0;
    %parti/s 1, 7, 4;
    %nor/r;
    %flag_set/vec4 8;
    %jmp/0xz  T_95.17, 8;
    %load/vec4 v00000000067100d0_0;
    %parti/s 1, 7, 4;
    %load/vec4 v0000000006712010_0;
    %parti/s 8, 0, 2;
    %pad/u 10;
    %ix/vec4 3;
    %ix/load 4, 7, 0; part off
    %ix/load 5, 0, 0; Constant delay
    %assign/vec4/a/d v00000000067119d0, 4, 5;
T_95.17 ;
    %load/vec4 v00000000067107b0_0;
    %parti/s 1, 8, 5;
    %nor/r;
    %flag_set/vec4 8;
    %jmp/0xz  T_95.19, 8;
    %load/vec4 v00000000067100d0_0;
    %parti/s 1, 8, 5;
    %load/vec4 v0000000006712010_0;
    %parti/s 8, 0, 2;
    %pad/u 10;
    %ix/vec4 3;
    %ix/load 4, 8, 0; part off
    %ix/load 5, 0, 0; Constant delay
    %assign/vec4/a/d v00000000067119d0, 4, 5;
T_95.19 ;
    %load/vec4 v00000000067107b0_0;
    %parti/s 1, 9, 5;
    %nor/r;
    %flag_set/vec4 8;
    %jmp/0xz  T_95.21, 8;
    %load/vec4 v00000000067100d0_0;
    %parti/s 1, 9, 5;
    %load/vec4 v0000000006712010_0;
    %parti/s 8, 0, 2;
    %pad/u 10;
    %ix/vec4 3;
    %ix/load 4, 9, 0; part off
    %ix/load 5, 0, 0; Constant delay
    %assign/vec4/a/d v00000000067119d0, 4, 5;
T_95.21 ;
    %load/vec4 v00000000067107b0_0;
    %parti/s 1, 10, 5;
    %nor/r;
    %flag_set/vec4 8;
    %jmp/0xz  T_95.23, 8;
    %load/vec4 v00000000067100d0_0;
    %parti/s 1, 10, 5;
    %load/vec4 v0000000006712010_0;
    %parti/s 8, 0, 2;
    %pad/u 10;
    %ix/vec4 3;
    %ix/load 4, 10, 0; part off
    %ix/load 5, 0, 0; Constant delay
    %assign/vec4/a/d v00000000067119d0, 4, 5;
T_95.23 ;
    %load/vec4 v00000000067107b0_0;
    %parti/s 1, 11, 5;
    %nor/r;
    %flag_set/vec4 8;
    %jmp/0xz  T_95.25, 8;
    %load/vec4 v00000000067100d0_0;
    %parti/s 1, 11, 5;
    %load/vec4 v0000000006712010_0;
    %parti/s 8, 0, 2;
    %pad/u 10;
    %ix/vec4 3;
    %ix/load 4, 11, 0; part off
    %ix/load 5, 0, 0; Constant delay
    %assign/vec4/a/d v00000000067119d0, 4, 5;
T_95.25 ;
    %load/vec4 v00000000067107b0_0;
    %parti/s 1, 12, 5;
    %nor/r;
    %flag_set/vec4 8;
    %jmp/0xz  T_95.27, 8;
    %load/vec4 v00000000067100d0_0;
    %parti/s 1, 12, 5;
    %load/vec4 v0000000006712010_0;
    %parti/s 8, 0, 2;
    %pad/u 10;
    %ix/vec4 3;
    %ix/load 4, 12, 0; part off
    %ix/load 5, 0, 0; Constant delay
    %assign/vec4/a/d v00000000067119d0, 4, 5;
T_95.27 ;
    %load/vec4 v00000000067107b0_0;
    %parti/s 1, 13, 5;
    %nor/r;
    %flag_set/vec4 8;
    %jmp/0xz  T_95.29, 8;
    %load/vec4 v00000000067100d0_0;
    %parti/s 1, 13, 5;
    %load/vec4 v0000000006712010_0;
    %parti/s 8, 0, 2;
    %pad/u 10;
    %ix/vec4 3;
    %ix/load 4, 13, 0; part off
    %ix/load 5, 0, 0; Constant delay
    %assign/vec4/a/d v00000000067119d0, 4, 5;
T_95.29 ;
    %load/vec4 v00000000067107b0_0;
    %parti/s 1, 14, 5;
    %nor/r;
    %flag_set/vec4 8;
    %jmp/0xz  T_95.31, 8;
    %load/vec4 v00000000067100d0_0;
    %parti/s 1, 14, 5;
    %load/vec4 v0000000006712010_0;
    %parti/s 8, 0, 2;
    %pad/u 10;
    %ix/vec4 3;
    %ix/load 4, 14, 0; part off
    %ix/load 5, 0, 0; Constant delay
    %assign/vec4/a/d v00000000067119d0, 4, 5;
T_95.31 ;
    %load/vec4 v00000000067107b0_0;
    %parti/s 1, 15, 5;
    %nor/r;
    %flag_set/vec4 8;
    %jmp/0xz  T_95.33, 8;
    %load/vec4 v00000000067100d0_0;
    %parti/s 1, 15, 5;
    %load/vec4 v0000000006712010_0;
    %parti/s 8, 0, 2;
    %pad/u 10;
    %ix/vec4 3;
    %ix/load 4, 15, 0; part off
    %ix/load 5, 0, 0; Constant delay
    %assign/vec4/a/d v00000000067119d0, 4, 5;
T_95.33 ;
T_95.0 ;
    %jmp T_95;
    .thread T_95;
    .scope S_0000000006716520;
T_96 ;
    %wait E_000000000666ee70;
    %load/vec4 v0000000006710d50_0;
    %flag_set/vec4 9;
    %flag_get/vec4 9;
    %jmp/0 T_96.2, 9;
    %load/vec4 v0000000006711d90_0;
    %and;
T_96.2;
    %flag_set/vec4 8;
    %jmp/0xz  T_96.0, 8;
    %load/vec4 v0000000006711e30_0;
    %parti/s 8, 0, 2;
    %pad/u 10;
    %ix/vec4 4;
    %load/vec4a v00000000067119d0, 4;
    %load/vec4 v0000000006710710_0;
    %inv;
    %and;
    %assign/vec4 v0000000006711f70_0, 0;
T_96.0 ;
    %jmp T_96;
    .thread T_96;
    .scope S_00000000064f5d50;
T_97 ;
    %wait E_000000000666e9f0;
    %pushi/vec4 0, 0, 32;
    %store/vec4 v0000000006712e70_0, 0, 32;
T_97.0 ; Top of for-loop 
    %load/vec4 v0000000006712e70_0;
    %cmpi/s 16383, 0, 32;
    %flag_or 5, 4;
    %jmp/0xz T_97.1, 5;
    %pushi/vec4 65535, 65535, 16;
    %ix/getv/s 4, v0000000006712e70_0;
    %store/vec4a v0000000006714090, 4, 0;
T_97.2 ; for-loop step statement
    %load/vec4 v0000000006712e70_0;
    %addi 1, 0, 32;
    %store/vec4 v0000000006712e70_0, 0, 32;
    %jmp T_97.0;
T_97.1 ; for-loop exit label
    %jmp T_97;
    .thread T_97;
    .scope S_00000000064f5d50;
T_98 ;
    %wait E_000000000666f1b0;
    %load/vec4 v0000000006713190_0;
    %flag_set/vec4 8;
    %jmp/0xz  T_98.0, 8;
    %pushi/vec4 0, 0, 16;
    %assign/vec4 v00000000067141d0_0, 0;
    %jmp T_98.1;
T_98.0 ;
    %load/vec4 v0000000006712ab0_0;
    %flag_set/vec4 8;
    %jmp/0xz  T_98.2, 8;
    %pushi/vec4 65535, 65535, 16;
    %assign/vec4 v00000000067141d0_0, 0;
    %jmp T_98.3;
T_98.2 ;
    %load/vec4 v0000000006714ef0_0;
    %flag_set/vec4 8;
    %jmp/0xz  T_98.4, 8;
    %load/vec4 v0000000006712d30_0;
    %nor/r;
    %flag_set/vec4 8;
    %jmp/0xz  T_98.6, 8;
    %load/vec4 v0000000006713a50_0;
    %pad/u 16;
    %ix/vec4 4;
    %load/vec4a v0000000006714090, 4;
    %assign/vec4 v00000000067141d0_0, 0;
    %jmp T_98.7;
T_98.6 ;
    %load/vec4 v0000000006712790_0;
    %parti/s 1, 0, 2;
    %flag_set/vec4 8;
    %jmp/0xz  T_98.8, 8;
    %load/vec4 v0000000006713af0_0;
    %parti/s 4, 0, 2;
    %load/vec4 v0000000006713a50_0;
    %pad/u 16;
    %ix/vec4 3;
    %ix/load 4, 0, 0; Constant delay
    %assign/vec4/a/d v0000000006714090, 0, 4;
T_98.8 ;
    %load/vec4 v0000000006712790_0;
    %parti/s 1, 1, 2;
    %flag_set/vec4 8;
    %jmp/0xz  T_98.10, 8;
    %load/vec4 v0000000006713af0_0;
    %parti/s 4, 4, 4;
    %load/vec4 v0000000006713a50_0;
    %pad/u 16;
    %ix/vec4 3;
    %ix/load 4, 4, 0; part off
    %ix/load 5, 0, 0; Constant delay
    %assign/vec4/a/d v0000000006714090, 4, 5;
T_98.10 ;
    %load/vec4 v0000000006712790_0;
    %parti/s 1, 2, 3;
    %flag_set/vec4 8;
    %jmp/0xz  T_98.12, 8;
    %load/vec4 v0000000006713af0_0;
    %parti/s 4, 8, 5;
    %load/vec4 v0000000006713a50_0;
    %pad/u 16;
    %ix/vec4 3;
    %ix/load 4, 8, 0; part off
    %ix/load 5, 0, 0; Constant delay
    %assign/vec4/a/d v0000000006714090, 4, 5;
T_98.12 ;
    %load/vec4 v0000000006712790_0;
    %parti/s 1, 3, 3;
    %flag_set/vec4 8;
    %jmp/0xz  T_98.14, 8;
    %load/vec4 v0000000006713af0_0;
    %parti/s 4, 12, 5;
    %load/vec4 v0000000006713a50_0;
    %pad/u 16;
    %ix/vec4 3;
    %ix/load 4, 12, 0; part off
    %ix/load 5, 0, 0; Constant delay
    %assign/vec4/a/d v0000000006714090, 4, 5;
T_98.14 ;
    %pushi/vec4 65535, 65535, 16;
    %assign/vec4 v00000000067141d0_0, 0;
T_98.7 ;
T_98.4 ;
T_98.3 ;
T_98.1 ;
    %jmp T_98;
    .thread T_98;
    .scope S_0000000006717970;
T_99 ;
    %wait E_000000000666eef0;
    %load/vec4 v0000000006734ab0_0;
    %flag_set/vec4 8;
    %jmp/0xz  T_99.0, 8;
    %pushi/vec4 0, 0, 32;
    %assign/vec4 v0000000006733e30_0, 0;
    %pushi/vec4 0, 0, 32;
    %assign/vec4 v0000000006734470_0, 0;
    %pushi/vec4 0, 0, 32;
    %assign/vec4 v00000000067346f0_0, 0;
    %pushi/vec4 0, 0, 1;
    %assign/vec4 v0000000006733890_0, 0;
    %pushi/vec4 0, 0, 1;
    %assign/vec4 v0000000006734dd0_0, 0;
    %jmp T_99.1;
T_99.0 ;
    %load/vec4 v0000000006734790_0;
    %flag_set/vec4 9;
    %flag_get/vec4 9;
    %jmp/0 T_99.4, 9;
    %load/vec4 v0000000006733430_0;
    %and;
T_99.4;
    %flag_set/vec4 8;
    %jmp/0xz  T_99.2, 8;
    %load/vec4 v0000000006733e30_0;
    %parti/s 31, 0, 2;
    %load/vec4 v0000000006733a70_0;
    %concat/vec4; draw_concat_vec4
    %assign/vec4 v0000000006733e30_0, 0;
    %load/vec4 v0000000006733f70_0;
    %assign/vec4 v0000000006733890_0, 0;
    %load/vec4 v0000000006733890_0;
    %assign/vec4 v0000000006734dd0_0, 0;
    %load/vec4 v00000000067348d0_0;
    %flag_set/vec4 8;
    %jmp/0xz  T_99.5, 8;
    %load/vec4 v0000000006733e30_0;
    %assign/vec4 v0000000006734470_0, 0;
    %jmp T_99.6;
T_99.5 ;
    %load/vec4 v0000000006733390_0;
    %flag_set/vec4 8;
    %jmp/0xz  T_99.7, 8;
    %load/vec4 v0000000006733e30_0;
    %assign/vec4 v00000000067346f0_0, 0;
T_99.7 ;
T_99.6 ;
T_99.2 ;
T_99.1 ;
    %jmp T_99;
    .thread T_99;
    .scope S_0000000006717970;
T_100 ;
    %wait E_000000000666e3b0;
    %load/vec4 v0000000006734dd0_0;
    %load/vec4 v0000000006733890_0;
    %xor;
    %assign/vec4 v0000000006733110_0, 0;
    %load/vec4 v0000000006733890_0;
    %cmpi/e 1, 0, 1;
    %flag_get/vec4 4;
    %jmp/0 T_100.0, 4;
    %load/vec4 v0000000006733110_0;
    %pushi/vec4 1, 0, 1;
    %cmp/e;
    %flag_get/vec4 4;
    %and;
T_100.0;
    %assign/vec4 v00000000067348d0_0, 0;
    %load/vec4 v0000000006733890_0;
    %cmpi/e 0, 0, 1;
    %flag_get/vec4 4;
    %jmp/0 T_100.1, 4;
    %load/vec4 v0000000006733110_0;
    %pushi/vec4 1, 0, 1;
    %cmp/e;
    %flag_get/vec4 4;
    %and;
T_100.1;
    %assign/vec4 v0000000006733390_0, 0;
    %jmp T_100;
    .thread T_100, $push;
    .scope S_0000000006717010;
T_101 ;
    %pushi/vec4 0, 0, 4;
    %store/vec4 v0000000006734510_0, 0, 4;
    %pushi/vec4 0, 0, 4;
    %store/vec4 v00000000067343d0_0, 0, 4;
    %pushi/vec4 0, 0, 5;
    %store/vec4 v0000000006715530_0, 0, 5;
    %end;
    .thread T_101;
    .scope S_0000000006717010;
T_102 ;
    %wait E_000000000666e230;
    %load/vec4 v0000000006734650_0;
    %flag_set/vec4 8;
    %jmp/0xz  T_102.0, 8;
    %pushi/vec4 0, 0, 4;
    %assign/vec4 v0000000006734510_0, 0;
    %pushi/vec4 0, 0, 4;
    %assign/vec4 v00000000067343d0_0, 0;
    %pushi/vec4 0, 0, 5;
    %assign/vec4 v0000000006715530_0, 0;
    %pushi/vec4 0, 0, 32;
    %assign/vec4 v0000000006715670_0, 0;
    %pushi/vec4 0, 0, 32;
    %assign/vec4 v0000000006733750_0, 0;
    %jmp T_102.1;
T_102.0 ;
    %load/vec4 v0000000006734150_0;
    %flag_set/vec4 9;
    %flag_get/vec4 9;
    %jmp/0 T_102.4, 9;
    %load/vec4 v0000000006734330_0;
    %nor/r;
    %and;
T_102.4;
    %flag_set/vec4 8;
    %jmp/0xz  T_102.2, 8;
    %load/vec4 v00000000067155d0_0;
    %load/vec4 v0000000006734510_0;
    %pad/u 6;
    %ix/vec4 3;
    %ix/load 4, 0, 0; Constant delay
    %assign/vec4/a/d v00000000067341f0, 0, 4;
    %load/vec4 v0000000006714f90_0;
    %load/vec4 v0000000006734510_0;
    %pad/u 6;
    %ix/vec4 3;
    %ix/load 4, 0, 0; Constant delay
    %assign/vec4/a/d v00000000067345b0, 0, 4;
    %load/vec4 v0000000006734510_0;
    %addi 1, 0, 4;
    %assign/vec4 v0000000006734510_0, 0;
T_102.2 ;
    %load/vec4 v00000000067340b0_0;
    %flag_set/vec4 9;
    %flag_get/vec4 9;
    %jmp/0 T_102.7, 9;
    %load/vec4 v0000000006734830_0;
    %nor/r;
    %and;
T_102.7;
    %flag_set/vec4 8;
    %jmp/0xz  T_102.5, 8;
    %load/vec4 v00000000067343d0_0;
    %pad/u 6;
    %ix/vec4 4;
    %load/vec4a v00000000067341f0, 4;
    %assign/vec4 v0000000006715670_0, 0;
    %load/vec4 v00000000067343d0_0;
    %pad/u 6;
    %ix/vec4 4;
    %load/vec4a v00000000067345b0, 4;
    %assign/vec4 v0000000006733750_0, 0;
    %load/vec4 v00000000067343d0_0;
    %addi 1, 0, 4;
    %assign/vec4 v00000000067343d0_0, 0;
T_102.5 ;
    %load/vec4 v0000000006734150_0;
    %flag_set/vec4 8;
    %flag_get/vec4 8;
    %jmp/0 T_102.12, 8;
    %load/vec4 v0000000006734330_0;
    %nor/r;
    %and;
T_102.12;
    %load/vec4 v00000000067340b0_0;
    %flag_set/vec4 8;
    %flag_get/vec4 8;
    %jmp/0 T_102.13, 8;
    %load/vec4 v0000000006734830_0;
    %nor/r;
    %and;
T_102.13;
    %concat/vec4; draw_concat_vec4
    %dup/vec4;
    %pushi/vec4 2, 0, 2;
    %cmp/u;
    %jmp/1 T_102.8, 6;
    %dup/vec4;
    %pushi/vec4 1, 0, 2;
    %cmp/u;
    %jmp/1 T_102.9, 6;
    %load/vec4 v0000000006715530_0;
    %assign/vec4 v0000000006715530_0, 0;
    %jmp T_102.11;
T_102.8 ;
    %load/vec4 v0000000006715530_0;
    %addi 1, 0, 5;
    %assign/vec4 v0000000006715530_0, 0;
    %jmp T_102.11;
T_102.9 ;
    %load/vec4 v0000000006715530_0;
    %subi 1, 0, 5;
    %assign/vec4 v0000000006715530_0, 0;
    %jmp T_102.11;
T_102.11 ;
    %pop/vec4 1;
T_102.1 ;
    %jmp T_102;
    .thread T_102;
    .scope S_00000000067177e0;
T_103 ;
    %pushi/vec4 0, 0, 192;
    %store/vec4 v00000000067350f0_0, 0, 192;
    %pushi/vec4 0, 0, 192;
    %store/vec4 v0000000006735190_0, 0, 192;
    %pushi/vec4 0, 0, 1;
    %store/vec4 v00000000067337f0_0, 0, 1;
    %pushi/vec4 0, 0, 8;
    %store/vec4 v0000000006734c90_0, 0, 8;
    %pushi/vec4 0, 0, 6;
    %store/vec4 v0000000006734f10_0, 0, 6;
    %pushi/vec4 0, 0, 1;
    %store/vec4 v0000000006735550_0, 0, 1;
    %pushi/vec4 0, 0, 10;
    %store/vec4 v00000000067354b0_0, 0, 10;
    %pushi/vec4 0, 0, 1;
    %store/vec4 v0000000006733d90_0, 0, 1;
    %pushi/vec4 0, 0, 1;
    %store/vec4 v0000000006734fb0_0, 0, 1;
    %end;
    .thread T_103;
    .scope S_00000000067177e0;
T_104 ;
    %wait E_000000000666f030;
    %load/vec4 v00000000067357d0_0;
    %ix/load 4, 24, 0;
    %flag_set/imm 4, 0;
    %store/vec4 v00000000067350f0_0, 4, 4;
    %load/vec4 v00000000067357d0_0;
    %ix/load 4, 24, 0;
    %flag_set/imm 4, 0;
    %store/vec4 v0000000006735190_0, 4, 4;
    %jmp T_104;
    .thread T_104, $push;
    .scope S_00000000067177e0;
T_105 ;
    %wait E_000000000666eef0;
    %load/vec4 v00000000067337f0_0;
    %addi 1, 0, 1;
    %assign/vec4 v00000000067337f0_0, 0;
    %jmp T_105;
    .thread T_105;
    .scope S_00000000067177e0;
T_106 ;
    %wait E_000000000666e4f0;
    %load/vec4 v0000000006735370_0;
    %load/vec4 v0000000006733610_0;
    %pushi/vec4 0, 0, 1;
    %load/vec4 v0000000006735230_0;
    %store/vec4 v0000000006733b10_0, 0, 1;
    %store/vec4 v0000000006734e70_0, 0, 1;
    %store/vec4 v0000000006733c50_0, 0, 1;
    %store/vec4 v00000000067334d0_0, 0, 32;
    %callf/vec4 TD_splitstreamer_tb.uut.out.make_subframe, S_0000000006717330;
    %store/vec4 v0000000006733250_0, 0, 28;
    %load/vec4 v0000000006735410_0;
    %load/vec4 v0000000006733610_0;
    %pushi/vec4 0, 0, 1;
    %load/vec4 v00000000067352d0_0;
    %store/vec4 v0000000006733b10_0, 0, 1;
    %store/vec4 v0000000006734e70_0, 0, 1;
    %store/vec4 v0000000006733c50_0, 0, 1;
    %store/vec4 v00000000067334d0_0, 0, 32;
    %callf/vec4 TD_splitstreamer_tb.uut.out.make_subframe, S_0000000006717330;
    %store/vec4 v00000000067332f0_0, 0, 28;
    %jmp T_106;
    .thread T_106, $push;
    .scope S_00000000067177e0;
T_107 ;
    %wait E_000000000666eef0;
    %load/vec4 v0000000006735730_0;
    %flag_set/vec4 8;
    %jmp/0xz  T_107.0, 8;
    %pushi/vec4 0, 0, 6;
    %assign/vec4 v0000000006734f10_0, 0;
    %pushi/vec4 0, 0, 1;
    %assign/vec4 v0000000006735550_0, 0;
    %pushi/vec4 0, 0, 10;
    %assign/vec4 v00000000067354b0_0, 0;
    %jmp T_107.1;
T_107.0 ;
    %load/vec4 v00000000067337f0_0;
    %pad/u 32;
    %cmpi/e 0, 0, 32;
    %jmp/0xz  T_107.2, 4;
    %load/vec4 v0000000006734f10_0;
    %pad/u 32;
    %cmpi/e 31, 0, 32;
    %jmp/0xz  T_107.4, 4;
    %pushi/vec4 0, 0, 6;
    %assign/vec4 v0000000006734f10_0, 0;
    %load/vec4 v0000000006735550_0;
    %inv;
    %assign/vec4 v0000000006735550_0, 0;
    %load/vec4 v0000000006735550_0;
    %flag_set/vec4 8;
    %jmp/0xz  T_107.6, 8;
    %load/vec4 v00000000067354b0_0;
    %pad/u 32;
    %cmpi/e 191, 0, 32;
    %flag_mov 8, 4;
    %jmp/0 T_107.8, 8;
    %pushi/vec4 0, 0, 10;
    %jmp/1 T_107.9, 8;
T_107.8 ; End of true expr.
    %load/vec4 v00000000067354b0_0;
    %addi 1, 0, 10;
    %jmp/0 T_107.9, 8;
 ; End of false expr.
    %blend;
T_107.9;
    %assign/vec4 v00000000067354b0_0, 0;
T_107.6 ;
    %jmp T_107.5;
T_107.4 ;
    %load/vec4 v0000000006734f10_0;
    %addi 1, 0, 6;
    %assign/vec4 v0000000006734f10_0, 0;
T_107.5 ;
T_107.2 ;
T_107.1 ;
    %jmp T_107;
    .thread T_107;
    .scope S_00000000067177e0;
T_108 ;
    %wait E_000000000666eef0;
    %load/vec4 v0000000006735730_0;
    %flag_set/vec4 8;
    %jmp/0xz  T_108.0, 8;
    %pushi/vec4 0, 0, 1;
    %assign/vec4 v0000000006733d90_0, 0;
    %pushi/vec4 0, 0, 1;
    %assign/vec4 v0000000006734fb0_0, 0;
    %pushi/vec4 0, 0, 28;
    %assign/vec4 v0000000006733070_0, 0;
    %pushi/vec4 0, 0, 4;
    %assign/vec4 v0000000006735690_0, 0;
    %jmp T_108.1;
T_108.0 ;
    %load/vec4 v0000000006734f10_0;
    %pad/u 32;
    %cmpi/e 0, 0, 32;
    %jmp/0xz  T_108.2, 4;
    %load/vec4 v0000000006735550_0;
    %pad/u 32;
    %cmpi/e 0, 0, 32;
    %jmp/0xz  T_108.4, 4;
    %load/vec4 v0000000006733250_0;
    %assign/vec4 v0000000006733070_0, 0;
    %load/vec4 v00000000067354b0_0;
    %pad/u 32;
    %cmpi/e 0, 0, 32;
    %jmp/0xz  T_108.6, 4;
    %pushi/vec4 1, 0, 4;
    %assign/vec4 v0000000006735690_0, 0;
    %jmp T_108.7;
T_108.6 ;
    %pushi/vec4 2, 0, 4;
    %assign/vec4 v0000000006735690_0, 0;
T_108.7 ;
    %jmp T_108.5;
T_108.4 ;
    %load/vec4 v00000000067332f0_0;
    %assign/vec4 v0000000006733070_0, 0;
    %pushi/vec4 3, 0, 4;
    %assign/vec4 v0000000006735690_0, 0;
T_108.5 ;
T_108.2 ;
    %load/vec4 v0000000006734f10_0;
    %pad/u 32;
    %cmpi/u 4, 0, 32;
    %jmp/0xz  T_108.8, 5;
    %load/vec4 v0000000006735690_0;
    %dup/vec4;
    %pushi/vec4 1, 0, 4;
    %cmp/u;
    %jmp/1 T_108.10, 6;
    %dup/vec4;
    %pushi/vec4 2, 0, 4;
    %cmp/u;
    %jmp/1 T_108.11, 6;
    %dup/vec4;
    %pushi/vec4 3, 0, 4;
    %cmp/u;
    %jmp/1 T_108.12, 6;
    %pushi/vec4 1, 0, 1;
    %assign/vec4 v0000000006733d90_0, 0;
    %jmp T_108.14;
T_108.10 ;
    %load/vec4 v0000000006734f10_0;
    %store/vec4 v0000000006734b50_0, 0, 6;
    %callf/vec4 TD_splitstreamer_tb.uut.out.preamble_b, S_00000000067174c0;
    %assign/vec4 v0000000006733d90_0, 0;
    %jmp T_108.14;
T_108.11 ;
    %load/vec4 v0000000006734f10_0;
    %store/vec4 v0000000006734bf0_0, 0, 6;
    %callf/vec4 TD_splitstreamer_tb.uut.out.preamble_m, S_0000000006717650;
    %assign/vec4 v0000000006733d90_0, 0;
    %jmp T_108.14;
T_108.12 ;
    %load/vec4 v0000000006734f10_0;
    %store/vec4 v0000000006733cf0_0, 0, 6;
    %callf/vec4 TD_splitstreamer_tb.uut.out.preamble_w, S_00000000064f6200;
    %assign/vec4 v0000000006733d90_0, 0;
    %jmp T_108.14;
T_108.14 ;
    %pop/vec4 1;
    %jmp T_108.9;
T_108.8 ;
    %load/vec4 v0000000006734fb0_0;
    %pad/u 32;
    %cmpi/e 0, 0, 32;
    %jmp/0xz  T_108.15, 4;
    %load/vec4 v0000000006733d90_0;
    %inv;
    %assign/vec4 v0000000006733d90_0, 0;
    %pushi/vec4 1, 0, 1;
    %assign/vec4 v0000000006734fb0_0, 0;
    %jmp T_108.16;
T_108.15 ;
    %load/vec4 v0000000006733070_0;
    %parti/s 1, 27, 6;
    %flag_set/vec4 8;
    %jmp/0xz  T_108.17, 8;
    %load/vec4 v0000000006733d90_0;
    %inv;
    %assign/vec4 v0000000006733d90_0, 0;
    %jmp T_108.18;
T_108.17 ;
    %load/vec4 v0000000006733d90_0;
    %assign/vec4 v0000000006733d90_0, 0;
T_108.18 ;
    %pushi/vec4 0, 0, 1;
    %assign/vec4 v0000000006734fb0_0, 0;
    %load/vec4 v0000000006733070_0;
    %parti/s 27, 0, 2;
    %concati/vec4 0, 0, 1;
    %assign/vec4 v0000000006733070_0, 0;
T_108.16 ;
T_108.9 ;
T_108.1 ;
    %jmp T_108;
    .thread T_108;
    .scope S_00000000067177e0;
T_109 ;
    %wait E_000000000666eef0;
    %load/vec4 v0000000006733d90_0;
    %assign/vec4 v00000000067331b0_0, 0;
    %jmp T_109;
    .thread T_109;
    .scope S_00000000067472d0;
T_110 ;
    %pushi/vec4 0, 0, 1;
    %store/vec4 v0000000006731310_0, 0, 1;
    %pushi/vec4 0, 0, 2;
    %store/vec4 v000000000672f5b0_0, 0, 2;
    %pushi/vec4 0, 0, 2;
    %store/vec4 v00000000067316d0_0, 0, 2;
    %pushi/vec4 0, 0, 1;
    %store/vec4 v0000000006731d10_0, 0, 1;
    %end;
    .thread T_110;
    .scope S_00000000067472d0;
T_111 ;
    %wait E_000000000666eef0;
    %load/vec4 v0000000006730c30_0;
    %flag_set/vec4 8;
    %jmp/0xz  T_111.0, 8;
    %pushi/vec4 0, 0, 1;
    %assign/vec4 v0000000006731310_0, 0;
    %pushi/vec4 0, 0, 1;
    %assign/vec4 v00000000067307d0_0, 0;
    %pushi/vec4 0, 0, 2;
    %assign/vec4 v000000000672f5b0_0, 0;
    %jmp T_111.1;
T_111.0 ;
    %load/vec4 v0000000006732a30_0;
    %assign/vec4 v00000000067307d0_0, 0;
    %load/vec4 v00000000067307d0_0;
    %assign/vec4 v000000000672f790_0, 0;
    %load/vec4 v000000000672fc90_0;
    %flag_set/vec4 8;
    %jmp/0xz  T_111.2, 8;
    %load/vec4 v000000000672f5b0_0;
    %cmpi/u 2, 0, 2;
    %jmp/0xz  T_111.4, 5;
    %load/vec4 v000000000672f5b0_0;
    %addi 1, 0, 2;
    %assign/vec4 v000000000672f5b0_0, 0;
T_111.4 ;
    %load/vec4 v000000000672f5b0_0;
    %cmpi/e 1, 0, 2;
    %jmp/0xz  T_111.6, 4;
    %pushi/vec4 1, 0, 1;
    %assign/vec4 v0000000006731310_0, 0;
T_111.6 ;
T_111.2 ;
T_111.1 ;
    %jmp T_111;
    .thread T_111;
    .scope S_00000000067472d0;
T_112 ;
    %wait E_000000000666eef0;
    %load/vec4 v00000000067316d0_0;
    %parti/s 1, 0, 2;
    %load/vec4 v0000000006731bd0_0;
    %concat/vec4; draw_concat_vec4
    %assign/vec4 v00000000067316d0_0, 0;
    %jmp T_112;
    .thread T_112;
    .scope S_00000000067472d0;
T_113 ;
    %wait E_000000000666eef0;
    %load/vec4 v00000000067316d0_0;
    %parti/s 1, 1, 2;
    %cmpi/e 0, 0, 1;
    %flag_get/vec4 4;
    %jmp/0 T_113.2, 4;
    %load/vec4 v00000000067316d0_0;
    %parti/s 1, 0, 2;
    %pushi/vec4 1, 0, 1;
    %cmp/e;
    %flag_get/vec4 4;
    %and;
T_113.2;
    %flag_set/vec4 8;
    %jmp/0xz  T_113.0, 8;
    %pushi/vec4 0, 0, 1;
    %assign/vec4 v0000000006731d10_0, 0;
    %jmp T_113.1;
T_113.0 ;
    %load/vec4 v0000000006731d10_0;
    %pad/u 32;
    %cmpi/e 0, 0, 32;
    %flag_get/vec4 4;
    %jmp/0 T_113.5, 4;
    %load/vec4 v00000000067316d0_0;
    %parti/s 1, 1, 2;
    %pad/u 32;
    %pushi/vec4 1, 0, 32;
    %cmp/e;
    %flag_get/vec4 4;
    %and;
T_113.5;
    %flag_set/vec4 8;
    %jmp/0xz  T_113.3, 8;
    %pushi/vec4 1, 0, 1;
    %assign/vec4 v0000000006731d10_0, 0;
T_113.3 ;
T_113.1 ;
    %jmp T_113;
    .thread T_113;
    .scope S_00000000064f53f0;
T_114 ;
    %pushi/vec4 1, 0, 1;
    %store/vec4 v0000000006730910_0, 0, 1;
    %end;
    .thread T_114;
    .scope S_00000000064f53f0;
T_115 ;
    %delay 20000, 0;
    %load/vec4 v0000000006732cb0_0;
    %pushi/vec4 0, 0, 1;
    %cmp/e;
    %flag_get/vec4 6;
    %store/vec4 v0000000006732cb0_0, 0, 1;
    %jmp T_115;
    .thread T_115;
    .scope S_00000000064f53f0;
T_116 ;
    %delay 40000, 0;
    %load/vec4 v0000000006732fd0_0;
    %pushi/vec4 0, 0, 1;
    %cmp/e;
    %flag_get/vec4 6;
    %store/vec4 v0000000006732fd0_0, 0, 1;
    %jmp T_116;
    .thread T_116;
    .scope S_00000000064f53f0;
T_117 ;
    %delay 2560000, 0;
    %load/vec4 v0000000006732990_0;
    %pushi/vec4 0, 0, 1;
    %cmp/e;
    %flag_get/vec4 6;
    %store/vec4 v0000000006732990_0, 0, 1;
    %jmp T_117;
    .thread T_117;
    .scope S_00000000064f53f0;
T_118 ;
    %vpi_call 3 36 "$dumpfile", "splitstreamer_tb.vcd" {0 0 0};
    %vpi_call 3 37 "$dumpvars", 32'sb00000000000000000000000000000000, S_00000000064f53f0 {0 0 0};
    %pushi/vec4 0, 0, 1;
    %store/vec4 v0000000006730910_0, 0, 1;
    %delay 100000, 0;
    %pushi/vec4 1, 0, 1;
    %store/vec4 v0000000006730910_0, 0, 1;
    %pushi/vec4 0, 0, 1;
    %assign/vec4 v0000000006731270_0, 0;
    %wait E_000000000666e4b0;
    %wait E_000000000666eeb0;
    %pushi/vec4 0, 0, 64;
    %store/vec4 v0000000006731950_0, 0, 64;
    %load/vec4 v0000000006731950_0;
    %parti/s 32, 32, 7;
    %store/vec4 v00000000067313b0_0, 0, 32;
    %load/vec4 v0000000006731950_0;
    %parti/s 32, 0, 2;
    %store/vec4 v0000000006730af0_0, 0, 32;
    %pushi/vec4 31, 0, 32;
T_118.0 %dup/vec4;
    %pushi/vec4 0, 0, 32;
    %cmp/s;
    %jmp/1xz T_118.1, 5;
    %jmp/1 T_118.1, 4;
    %pushi/vec4 1, 0, 32;
    %sub;
    %load/vec4 v0000000006731950_0;
    %parti/s 1, 63, 7;
    %assign/vec4 v0000000006731270_0, 0;
    %load/vec4 v0000000006731950_0;
    %ix/load 4, 1, 0;
    %flag_set/imm 4, 0;
    %shiftl 4;
    %assign/vec4 v0000000006731950_0, 0;
    %wait E_000000000666eeb0;
    %jmp T_118.0;
T_118.1 ;
    %pop/vec4 1;
    %pushi/vec4 32, 0, 32;
T_118.2 %dup/vec4;
    %pushi/vec4 0, 0, 32;
    %cmp/s;
    %jmp/1xz T_118.3, 5;
    %jmp/1 T_118.3, 4;
    %pushi/vec4 1, 0, 32;
    %sub;
    %load/vec4 v0000000006731950_0;
    %parti/s 1, 63, 7;
    %assign/vec4 v0000000006731270_0, 0;
    %load/vec4 v0000000006731950_0;
    %ix/load 4, 1, 0;
    %flag_set/imm 4, 0;
    %shiftl 4;
    %assign/vec4 v0000000006731950_0, 0;
    %wait E_000000000666eeb0;
    %jmp T_118.2;
T_118.3 ;
    %pop/vec4 1;
    %load/vec4 v0000000006731950_0;
    %parti/s 1, 63, 7;
    %assign/vec4 v0000000006731270_0, 0;
    %pushi/vec4 10, 0, 32;
T_118.4 %dup/vec4;
    %pushi/vec4 0, 0, 32;
    %cmp/s;
    %jmp/1xz T_118.5, 5;
    %jmp/1 T_118.5, 4;
    %pushi/vec4 1, 0, 32;
    %sub;
    %wait E_000000000666eeb0;
    %vpi_func 3 73 "$random" 32 {0 0 0};
    %vpi_func 3 73 "$random" 32 {0 0 0};
    %concat/vec4; draw_concat_vec4
    %store/vec4 v0000000006731950_0, 0, 64;
    %load/vec4 v0000000006731950_0;
    %parti/s 32, 32, 7;
    %store/vec4 v00000000067313b0_0, 0, 32;
    %load/vec4 v0000000006731950_0;
    %parti/s 32, 0, 2;
    %store/vec4 v0000000006730af0_0, 0, 32;
    %pushi/vec4 31, 0, 32;
T_118.6 %dup/vec4;
    %pushi/vec4 0, 0, 32;
    %cmp/s;
    %jmp/1xz T_118.7, 5;
    %jmp/1 T_118.7, 4;
    %pushi/vec4 1, 0, 32;
    %sub;
    %load/vec4 v0000000006731950_0;
    %parti/s 1, 63, 7;
    %assign/vec4 v0000000006731270_0, 0;
    %load/vec4 v0000000006731950_0;
    %ix/load 4, 1, 0;
    %flag_set/imm 4, 0;
    %shiftl 4;
    %assign/vec4 v0000000006731950_0, 0;
    %wait E_000000000666eeb0;
    %jmp T_118.6;
T_118.7 ;
    %pop/vec4 1;
    %pushi/vec4 32, 0, 32;
T_118.8 %dup/vec4;
    %pushi/vec4 0, 0, 32;
    %cmp/s;
    %jmp/1xz T_118.9, 5;
    %jmp/1 T_118.9, 4;
    %pushi/vec4 1, 0, 32;
    %sub;
    %load/vec4 v0000000006731950_0;
    %parti/s 1, 63, 7;
    %assign/vec4 v0000000006731270_0, 0;
    %load/vec4 v0000000006731950_0;
    %ix/load 4, 1, 0;
    %flag_set/imm 4, 0;
    %shiftl 4;
    %assign/vec4 v0000000006731950_0, 0;
    %wait E_000000000666eeb0;
    %jmp T_118.8;
T_118.9 ;
    %pop/vec4 1;
    %load/vec4 v0000000006731950_0;
    %parti/s 1, 63, 7;
    %assign/vec4 v0000000006731270_0, 0;
    %jmp T_118.4;
T_118.5 ;
    %pop/vec4 1;
    %delay 1000000, 0;
    %vpi_call 3 94 "$finish" {0 0 0};
    %end;
    .thread T_118;
# The file index is used to find the file name in the following table.
:file_names 8;
    "N/A";
    "<interactive>";
    "C:\Users\niekt\.apio\packages\tools-oss-cad-suite\share\yosys/ice40/cells_sim.v";
    "splitstreamer_tb.v";
    "splitstreamer.v";
    "fifo.v";
    "i2s_receive1.v";
    "spdif_transmit.v";
