#! 
:ivl_version "13.0 (devel)" "(s20221226-321-gd22bb3d25)";
:ivl_delay_selection "TYPICAL";
:vpi_time_precision - 12;
:vpi_module "C:\Users\niekt\APIO~1\packages\TOOLS-~3\lib\ivl\system.vpi";
:vpi_module "C:\Users\niekt\APIO~1\packages\TOOLS-~3\lib\ivl\vhdl_sys.vpi";
:vpi_module "C:\Users\niekt\APIO~1\packages\TOOLS-~3\lib\ivl\vhdl_textio.vpi";
:vpi_module "C:\Users\niekt\APIO~1\packages\TOOLS-~3\lib\ivl\v2005_math.vpi";
:vpi_module "C:\Users\niekt\APIO~1\packages\TOOLS-~3\lib\ivl\va_math.vpi";
S_00000000063ed920 .scope module, "ICESTORM_LC" "ICESTORM_LC" 2 2136;
 .timescale -12 -12;
    .port_info 0 /INPUT 1 "I0";
    .port_info 1 /INPUT 1 "I1";
    .port_info 2 /INPUT 1 "I2";
    .port_info 3 /INPUT 1 "I3";
    .port_info 4 /INPUT 1 "CIN";
    .port_info 5 /INPUT 1 "CLK";
    .port_info 6 /INPUT 1 "CEN";
    .port_info 7 /INPUT 1 "SR";
    .port_info 8 /OUTPUT 1 "LO";
    .port_info 9 /OUTPUT 1 "O";
    .port_info 10 /OUTPUT 1 "COUT";
P_00000000063cea00 .param/l "ASYNC_SR" 0 2 2148, C4<0>;
P_00000000063cea38 .param/l "CARRY_ENABLE" 0 2 2145, C4<0>;
P_00000000063cea70 .param/l "CIN_CONST" 0 2 2150, C4<0>;
P_00000000063ceaa8 .param/l "CIN_SET" 0 2 2151, C4<0>;
P_00000000063ceae0 .param/l "DFF_ENABLE" 0 2 2146, C4<0>;
P_00000000063ceb18 .param/l "LUT_INIT" 0 2 2142, C4<0000000000000000>;
P_00000000063ceb50 .param/l "NEG_CLK" 0 2 2144, C4<0>;
P_00000000063ceb88 .param/l "SET_NORESET" 0 2 2147, C4<0>;
o0000000006637ad8 .functor BUFZ 1, C4<z>; HiZ drive
L_00000000065a50d0 .functor BUFZ 1, o0000000006637ad8, C4<0>, C4<0>, C4<0>;
L_00000000065a4ea0 .functor BUFZ 1, L_00000000066bca50, C4<0>, C4<0>, C4<0>;
o0000000006637b08 .functor BUFZ 1, C4<z>; HiZ drive
L_00000000066d2a20 .functor BUFT 1, C4<0>, C4<0>, C4<0>, C4<0>;
L_00000000065a4650 .functor XOR 1, o0000000006637b08, L_00000000066d2a20, C4<0>, C4<0>;
L_00000000065a5a70 .functor BUFZ 1, L_00000000066bca50, C4<0>, C4<0>, C4<0>;
o0000000006637a78 .functor BUFZ 1, C4<z>; HiZ drive
v00000000066153c0_0 .net "CEN", 0 0, o0000000006637a78;  0 drivers
v00000000066150a0_0 .net "CEN_pu", 0 0, L_00000000066bd810;  1 drivers
v0000000006614ba0_0 .net "CIN", 0 0, o0000000006637ad8;  0 drivers
v0000000006615640_0 .net "CLK", 0 0, o0000000006637b08;  0 drivers
L_00000000066d2948 .functor BUFT 1, C4<x>, C4<0>, C4<0>, C4<0>;
v00000000066156e0_0 .net "COUT", 0 0, L_00000000066d2948;  1 drivers
o0000000006637b68 .functor BUFZ 1, C4<z>; HiZ drive
v0000000006615140_0 .net "I0", 0 0, o0000000006637b68;  0 drivers
v0000000006615780_0 .net "I0_pd", 0 0, L_00000000066bd630;  1 drivers
o0000000006637bc8 .functor BUFZ 1, C4<z>; HiZ drive
v00000000066151e0_0 .net "I1", 0 0, o0000000006637bc8;  0 drivers
v0000000006615b40_0 .net "I1_pd", 0 0, L_00000000066be490;  1 drivers
o0000000006637c28 .functor BUFZ 1, C4<z>; HiZ drive
v0000000006615280_0 .net "I2", 0 0, o0000000006637c28;  0 drivers
v0000000006615320_0 .net "I2_pd", 0 0, L_00000000066bd270;  1 drivers
o0000000006637c88 .functor BUFZ 1, C4<z>; HiZ drive
v0000000006616040_0 .net "I3", 0 0, o0000000006637c88;  0 drivers
v00000000066158c0_0 .net "I3_pd", 0 0, L_00000000066bc9b0;  1 drivers
v0000000006615a00_0 .net "LO", 0 0, L_00000000065a4ea0;  1 drivers
v0000000006616180_0 .net "O", 0 0, L_00000000065a5a70;  1 drivers
o0000000006637d48 .functor BUFZ 1, C4<z>; HiZ drive
v0000000006615be0_0 .net "SR", 0 0, o0000000006637d48;  0 drivers
v00000000066162c0_0 .net "SR_pd", 0 0, L_00000000066bd6d0;  1 drivers
o0000000006637da8 .functor BUFZ 1, C4<z>; HiZ drive
; Elide local net with no drivers, v0000000006615d20_0 name=_ivl_0
v00000000065a21d0_0 .net *"_ivl_10", 0 0, L_00000000066be2b0;  1 drivers
L_00000000066d27e0 .functor BUFT 1, C4<0>, C4<0>, C4<0>, C4<0>;
v00000000065a0470_0 .net/2u *"_ivl_12", 0 0, L_00000000066d27e0;  1 drivers
o0000000006637e38 .functor BUFZ 1, C4<z>; HiZ drive
; Elide local net with no drivers, v00000000065a14b0_0 name=_ivl_16
v00000000065a0790_0 .net *"_ivl_18", 0 0, L_00000000066bdef0;  1 drivers
v00000000065a08d0_0 .net *"_ivl_2", 0 0, L_00000000066bce10;  1 drivers
L_00000000066d2828 .functor BUFT 1, C4<0>, C4<0>, C4<0>, C4<0>;
v00000000065a1550_0 .net/2u *"_ivl_20", 0 0, L_00000000066d2828;  1 drivers
o0000000006637ef8 .functor BUFZ 1, C4<z>; HiZ drive
; Elide local net with no drivers, v00000000065a17d0_0 name=_ivl_24
v00000000065a19b0_0 .net *"_ivl_26", 0 0, L_00000000066bd9f0;  1 drivers
L_00000000066d2870 .functor BUFT 1, C4<0>, C4<0>, C4<0>, C4<0>;
v000000000658a690_0 .net/2u *"_ivl_28", 0 0, L_00000000066d2870;  1 drivers
o0000000006637f88 .functor BUFZ 1, C4<z>; HiZ drive
; Elide local net with no drivers, v000000000658b770_0 name=_ivl_32
v000000000658b590_0 .net *"_ivl_34", 0 0, L_00000000066be530;  1 drivers
L_00000000066d28b8 .functor BUFT 1, C4<0>, C4<0>, C4<0>, C4<0>;
v000000000658ab90_0 .net/2u *"_ivl_36", 0 0, L_00000000066d28b8;  1 drivers
L_00000000066d2798 .functor BUFT 1, C4<0>, C4<0>, C4<0>, C4<0>;
v000000000658ae10_0 .net/2u *"_ivl_4", 0 0, L_00000000066d2798;  1 drivers
o0000000006638048 .functor BUFZ 1, C4<z>; HiZ drive
; Elide local net with no drivers, v000000000658aeb0_0 name=_ivl_40
v00000000065cd630_0 .net *"_ivl_42", 0 0, L_00000000066bdd10;  1 drivers
L_00000000066d2900 .functor BUFT 1, C4<1>, C4<0>, C4<0>, C4<0>;
v00000000065ccf50_0 .net/2u *"_ivl_44", 0 0, L_00000000066d2900;  1 drivers
L_00000000066d2990 .functor BUFT 1, C4<00000000>, C4<0>, C4<0>, C4<0>;
v00000000065ce0d0_0 .net/2u *"_ivl_52", 7 0, L_00000000066d2990;  1 drivers
L_00000000066d29d8 .functor BUFT 1, C4<00000000>, C4<0>, C4<0>, C4<0>;
v00000000065cd130_0 .net/2u *"_ivl_54", 7 0, L_00000000066d29d8;  1 drivers
v00000000065cd6d0_0 .net *"_ivl_59", 3 0, L_00000000066becb0;  1 drivers
v00000000065bef50_0 .net *"_ivl_61", 3 0, L_00000000066bcaf0;  1 drivers
v00000000065c05d0_0 .net *"_ivl_65", 1 0, L_00000000066bda90;  1 drivers
v00000000065bee10_0 .net *"_ivl_67", 1 0, L_00000000066bedf0;  1 drivers
v00000000065beff0_0 .net *"_ivl_71", 0 0, L_00000000066bead0;  1 drivers
v00000000065545f0_0 .net *"_ivl_73", 0 0, L_00000000066be350;  1 drivers
v0000000006677f60_0 .net/2u *"_ivl_78", 0 0, L_00000000066d2a20;  1 drivers
o0000000006638288 .functor BUFZ 1, C4<z>; HiZ drive
; Elide local net with no drivers, v0000000006679720_0 name=_ivl_8
v0000000006678c80_0 .net "lut_o", 0 0, L_00000000066bca50;  1 drivers
v00000000066794a0_0 .net "lut_s1", 1 0, L_00000000066bd130;  1 drivers
v0000000006679540_0 .net "lut_s2", 3 0, L_00000000066bcd70;  1 drivers
v0000000006679400_0 .net "lut_s3", 7 0, L_00000000066bc910;  1 drivers
v0000000006677ba0_0 .net "mux_cin", 0 0, L_00000000065a50d0;  1 drivers
v00000000066797c0_0 .var "o_reg", 0 0;
v0000000006678000_0 .var "o_reg_async", 0 0;
v0000000006678960_0 .net "polarized_clk", 0 0, L_00000000065a4650;  1 drivers
E_00000000065ef840 .event posedge, v00000000066162c0_0, v0000000006678960_0;
E_00000000065ef880 .event posedge, v0000000006678960_0;
L_00000000066bce10 .cmp/eeq 1, o0000000006637b68, o0000000006637da8;
L_00000000066bd630 .functor MUXZ 1, o0000000006637b68, L_00000000066d2798, L_00000000066bce10, C4<>;
L_00000000066be2b0 .cmp/eeq 1, o0000000006637bc8, o0000000006638288;
L_00000000066be490 .functor MUXZ 1, o0000000006637bc8, L_00000000066d27e0, L_00000000066be2b0, C4<>;
L_00000000066bdef0 .cmp/eeq 1, o0000000006637c28, o0000000006637e38;
L_00000000066bd270 .functor MUXZ 1, o0000000006637c28, L_00000000066d2828, L_00000000066bdef0, C4<>;
L_00000000066bd9f0 .cmp/eeq 1, o0000000006637c88, o0000000006637ef8;
L_00000000066bc9b0 .functor MUXZ 1, o0000000006637c88, L_00000000066d2870, L_00000000066bd9f0, C4<>;
L_00000000066be530 .cmp/eeq 1, o0000000006637d48, o0000000006637f88;
L_00000000066bd6d0 .functor MUXZ 1, o0000000006637d48, L_00000000066d28b8, L_00000000066be530, C4<>;
L_00000000066bdd10 .cmp/eeq 1, o0000000006637a78, o0000000006638048;
L_00000000066bd810 .functor MUXZ 1, o0000000006637a78, L_00000000066d2900, L_00000000066bdd10, C4<>;
L_00000000066bc910 .functor MUXZ 8, L_00000000066d29d8, L_00000000066d2990, L_00000000066bc9b0, C4<>;
L_00000000066becb0 .part L_00000000066bc910, 4, 4;
L_00000000066bcaf0 .part L_00000000066bc910, 0, 4;
L_00000000066bcd70 .functor MUXZ 4, L_00000000066bcaf0, L_00000000066becb0, L_00000000066bd270, C4<>;
L_00000000066bda90 .part L_00000000066bcd70, 2, 2;
L_00000000066bedf0 .part L_00000000066bcd70, 0, 2;
L_00000000066bd130 .functor MUXZ 2, L_00000000066bedf0, L_00000000066bda90, L_00000000066be490, C4<>;
L_00000000066bead0 .part L_00000000066bd130, 1, 1;
L_00000000066be350 .part L_00000000066bd130, 0, 1;
L_00000000066bca50 .functor MUXZ 1, L_00000000066be350, L_00000000066bead0, L_00000000066bd630, C4<>;
S_00000000065ced30 .scope module, "ICESTORM_RAM" "ICESTORM_RAM" 2 3167;
 .timescale -12 -12;
    .port_info 0 /OUTPUT 1 "RDATA_15";
    .port_info 1 /OUTPUT 1 "RDATA_14";
    .port_info 2 /OUTPUT 1 "RDATA_13";
    .port_info 3 /OUTPUT 1 "RDATA_12";
    .port_info 4 /OUTPUT 1 "RDATA_11";
    .port_info 5 /OUTPUT 1 "RDATA_10";
    .port_info 6 /OUTPUT 1 "RDATA_9";
    .port_info 7 /OUTPUT 1 "RDATA_8";
    .port_info 8 /OUTPUT 1 "RDATA_7";
    .port_info 9 /OUTPUT 1 "RDATA_6";
    .port_info 10 /OUTPUT 1 "RDATA_5";
    .port_info 11 /OUTPUT 1 "RDATA_4";
    .port_info 12 /OUTPUT 1 "RDATA_3";
    .port_info 13 /OUTPUT 1 "RDATA_2";
    .port_info 14 /OUTPUT 1 "RDATA_1";
    .port_info 15 /OUTPUT 1 "RDATA_0";
    .port_info 16 /INPUT 1 "RCLK";
    .port_info 17 /INPUT 1 "RCLKE";
    .port_info 18 /INPUT 1 "RE";
    .port_info 19 /INPUT 1 "RADDR_10";
    .port_info 20 /INPUT 1 "RADDR_9";
    .port_info 21 /INPUT 1 "RADDR_8";
    .port_info 22 /INPUT 1 "RADDR_7";
    .port_info 23 /INPUT 1 "RADDR_6";
    .port_info 24 /INPUT 1 "RADDR_5";
    .port_info 25 /INPUT 1 "RADDR_4";
    .port_info 26 /INPUT 1 "RADDR_3";
    .port_info 27 /INPUT 1 "RADDR_2";
    .port_info 28 /INPUT 1 "RADDR_1";
    .port_info 29 /INPUT 1 "RADDR_0";
    .port_info 30 /INPUT 1 "WCLK";
    .port_info 31 /INPUT 1 "WCLKE";
    .port_info 32 /INPUT 1 "WE";
    .port_info 33 /INPUT 1 "WADDR_10";
    .port_info 34 /INPUT 1 "WADDR_9";
    .port_info 35 /INPUT 1 "WADDR_8";
    .port_info 36 /INPUT 1 "WADDR_7";
    .port_info 37 /INPUT 1 "WADDR_6";
    .port_info 38 /INPUT 1 "WADDR_5";
    .port_info 39 /INPUT 1 "WADDR_4";
    .port_info 40 /INPUT 1 "WADDR_3";
    .port_info 41 /INPUT 1 "WADDR_2";
    .port_info 42 /INPUT 1 "WADDR_1";
    .port_info 43 /INPUT 1 "WADDR_0";
    .port_info 44 /INPUT 1 "MASK_15";
    .port_info 45 /INPUT 1 "MASK_14";
    .port_info 46 /INPUT 1 "MASK_13";
    .port_info 47 /INPUT 1 "MASK_12";
    .port_info 48 /INPUT 1 "MASK_11";
    .port_info 49 /INPUT 1 "MASK_10";
    .port_info 50 /INPUT 1 "MASK_9";
    .port_info 51 /INPUT 1 "MASK_8";
    .port_info 52 /INPUT 1 "MASK_7";
    .port_info 53 /INPUT 1 "MASK_6";
    .port_info 54 /INPUT 1 "MASK_5";
    .port_info 55 /INPUT 1 "MASK_4";
    .port_info 56 /INPUT 1 "MASK_3";
    .port_info 57 /INPUT 1 "MASK_2";
    .port_info 58 /INPUT 1 "MASK_1";
    .port_info 59 /INPUT 1 "MASK_0";
    .port_info 60 /INPUT 1 "WDATA_15";
    .port_info 61 /INPUT 1 "WDATA_14";
    .port_info 62 /INPUT 1 "WDATA_13";
    .port_info 63 /INPUT 1 "WDATA_12";
    .port_info 64 /INPUT 1 "WDATA_11";
    .port_info 65 /INPUT 1 "WDATA_10";
    .port_info 66 /INPUT 1 "WDATA_9";
    .port_info 67 /INPUT 1 "WDATA_8";
    .port_info 68 /INPUT 1 "WDATA_7";
    .port_info 69 /INPUT 1 "WDATA_6";
    .port_info 70 /INPUT 1 "WDATA_5";
    .port_info 71 /INPUT 1 "WDATA_4";
    .port_info 72 /INPUT 1 "WDATA_3";
    .port_info 73 /INPUT 1 "WDATA_2";
    .port_info 74 /INPUT 1 "WDATA_1";
    .port_info 75 /INPUT 1 "WDATA_0";
P_0000000006329490 .param/l "INIT_0" 0 2 3182, C4<0000000000000000000000000000000000000000000000000000000000000000000000000000000000000000000000000000000000000000000000000000000000000000000000000000000000000000000000000000000000000000000000000000000000000000000000000000000000000000000000000000000000000000>;
P_00000000063294c8 .param/l "INIT_1" 0 2 3183, C4<0000000000000000000000000000000000000000000000000000000000000000000000000000000000000000000000000000000000000000000000000000000000000000000000000000000000000000000000000000000000000000000000000000000000000000000000000000000000000000000000000000000000000000>;
P_0000000006329500 .param/l "INIT_2" 0 2 3184, C4<0000000000000000000000000000000000000000000000000000000000000000000000000000000000000000000000000000000000000000000000000000000000000000000000000000000000000000000000000000000000000000000000000000000000000000000000000000000000000000000000000000000000000000>;
P_0000000006329538 .param/l "INIT_3" 0 2 3185, C4<0000000000000000000000000000000000000000000000000000000000000000000000000000000000000000000000000000000000000000000000000000000000000000000000000000000000000000000000000000000000000000000000000000000000000000000000000000000000000000000000000000000000000000>;
P_0000000006329570 .param/l "INIT_4" 0 2 3186, C4<0000000000000000000000000000000000000000000000000000000000000000000000000000000000000000000000000000000000000000000000000000000000000000000000000000000000000000000000000000000000000000000000000000000000000000000000000000000000000000000000000000000000000000>;
P_00000000063295a8 .param/l "INIT_5" 0 2 3187, C4<0000000000000000000000000000000000000000000000000000000000000000000000000000000000000000000000000000000000000000000000000000000000000000000000000000000000000000000000000000000000000000000000000000000000000000000000000000000000000000000000000000000000000000>;
P_00000000063295e0 .param/l "INIT_6" 0 2 3188, C4<0000000000000000000000000000000000000000000000000000000000000000000000000000000000000000000000000000000000000000000000000000000000000000000000000000000000000000000000000000000000000000000000000000000000000000000000000000000000000000000000000000000000000000>;
P_0000000006329618 .param/l "INIT_7" 0 2 3189, C4<0000000000000000000000000000000000000000000000000000000000000000000000000000000000000000000000000000000000000000000000000000000000000000000000000000000000000000000000000000000000000000000000000000000000000000000000000000000000000000000000000000000000000000>;
P_0000000006329650 .param/l "INIT_8" 0 2 3190, C4<0000000000000000000000000000000000000000000000000000000000000000000000000000000000000000000000000000000000000000000000000000000000000000000000000000000000000000000000000000000000000000000000000000000000000000000000000000000000000000000000000000000000000000>;
P_0000000006329688 .param/l "INIT_9" 0 2 3191, C4<0000000000000000000000000000000000000000000000000000000000000000000000000000000000000000000000000000000000000000000000000000000000000000000000000000000000000000000000000000000000000000000000000000000000000000000000000000000000000000000000000000000000000000>;
P_00000000063296c0 .param/l "INIT_A" 0 2 3192, C4<0000000000000000000000000000000000000000000000000000000000000000000000000000000000000000000000000000000000000000000000000000000000000000000000000000000000000000000000000000000000000000000000000000000000000000000000000000000000000000000000000000000000000000>;
P_00000000063296f8 .param/l "INIT_B" 0 2 3193, C4<0000000000000000000000000000000000000000000000000000000000000000000000000000000000000000000000000000000000000000000000000000000000000000000000000000000000000000000000000000000000000000000000000000000000000000000000000000000000000000000000000000000000000000>;
P_0000000006329730 .param/l "INIT_C" 0 2 3194, C4<0000000000000000000000000000000000000000000000000000000000000000000000000000000000000000000000000000000000000000000000000000000000000000000000000000000000000000000000000000000000000000000000000000000000000000000000000000000000000000000000000000000000000000>;
P_0000000006329768 .param/l "INIT_D" 0 2 3195, C4<0000000000000000000000000000000000000000000000000000000000000000000000000000000000000000000000000000000000000000000000000000000000000000000000000000000000000000000000000000000000000000000000000000000000000000000000000000000000000000000000000000000000000000>;
P_00000000063297a0 .param/l "INIT_E" 0 2 3196, C4<0000000000000000000000000000000000000000000000000000000000000000000000000000000000000000000000000000000000000000000000000000000000000000000000000000000000000000000000000000000000000000000000000000000000000000000000000000000000000000000000000000000000000000>;
P_00000000063297d8 .param/l "INIT_F" 0 2 3197, C4<0000000000000000000000000000000000000000000000000000000000000000000000000000000000000000000000000000000000000000000000000000000000000000000000000000000000000000000000000000000000000000000000000000000000000000000000000000000000000000000000000000000000000000>;
P_0000000006329810 .param/l "NEG_CLK_R" 0 2 3179, C4<0>;
P_0000000006329848 .param/l "NEG_CLK_W" 0 2 3180, C4<0>;
P_0000000006329880 .param/l "READ_MODE" 0 2 3177, +C4<00000000000000000000000000000000>;
P_00000000063298b8 .param/l "WRITE_MODE" 0 2 3176, +C4<00000000000000000000000000000000>;
L_00000000066d2ab0 .functor BUFT 1, C4<0>, C4<0>, C4<0>, C4<0>;
L_00000000065a5060 .functor XOR 1, L_00000000066bd3b0, L_00000000066d2ab0, C4<0>, C4<0>;
L_00000000066d2af8 .functor BUFT 1, C4<0>, C4<0>, C4<0>, C4<0>;
L_00000000065a4490 .functor XOR 1, L_000000000672f660, L_00000000066d2af8, C4<0>, C4<0>;
o0000000006638c18 .functor BUFZ 1, C4<z>; HiZ drive
v0000000006678820_0 .net "MASK_0", 0 0, o0000000006638c18;  0 drivers
o0000000006638c48 .functor BUFZ 1, C4<z>; HiZ drive
v0000000006678460_0 .net "MASK_1", 0 0, o0000000006638c48;  0 drivers
o0000000006638c78 .functor BUFZ 1, C4<z>; HiZ drive
v0000000006679b80_0 .net "MASK_10", 0 0, o0000000006638c78;  0 drivers
o0000000006638ca8 .functor BUFZ 1, C4<z>; HiZ drive
v0000000006679e00_0 .net "MASK_11", 0 0, o0000000006638ca8;  0 drivers
o0000000006638cd8 .functor BUFZ 1, C4<z>; HiZ drive
v0000000006678780_0 .net "MASK_12", 0 0, o0000000006638cd8;  0 drivers
o0000000006638d08 .functor BUFZ 1, C4<z>; HiZ drive
v00000000066783c0_0 .net "MASK_13", 0 0, o0000000006638d08;  0 drivers
o0000000006638d38 .functor BUFZ 1, C4<z>; HiZ drive
v0000000006679c20_0 .net "MASK_14", 0 0, o0000000006638d38;  0 drivers
o0000000006638d68 .functor BUFZ 1, C4<z>; HiZ drive
v0000000006677d80_0 .net "MASK_15", 0 0, o0000000006638d68;  0 drivers
o0000000006638d98 .functor BUFZ 1, C4<z>; HiZ drive
v0000000006679040_0 .net "MASK_2", 0 0, o0000000006638d98;  0 drivers
o0000000006638dc8 .functor BUFZ 1, C4<z>; HiZ drive
v0000000006677b00_0 .net "MASK_3", 0 0, o0000000006638dc8;  0 drivers
o0000000006638df8 .functor BUFZ 1, C4<z>; HiZ drive
v0000000006679cc0_0 .net "MASK_4", 0 0, o0000000006638df8;  0 drivers
o0000000006638e28 .functor BUFZ 1, C4<z>; HiZ drive
v0000000006678500_0 .net "MASK_5", 0 0, o0000000006638e28;  0 drivers
o0000000006638e58 .functor BUFZ 1, C4<z>; HiZ drive
v0000000006679180_0 .net "MASK_6", 0 0, o0000000006638e58;  0 drivers
o0000000006638e88 .functor BUFZ 1, C4<z>; HiZ drive
v0000000006679fe0_0 .net "MASK_7", 0 0, o0000000006638e88;  0 drivers
o0000000006638eb8 .functor BUFZ 1, C4<z>; HiZ drive
v00000000066785a0_0 .net "MASK_8", 0 0, o0000000006638eb8;  0 drivers
o0000000006638ee8 .functor BUFZ 1, C4<z>; HiZ drive
v0000000006678640_0 .net "MASK_9", 0 0, o0000000006638ee8;  0 drivers
o0000000006638f18 .functor BUFZ 1, C4<z>; HiZ drive
v00000000066786e0_0 .net "RADDR_0", 0 0, o0000000006638f18;  0 drivers
o0000000006638f48 .functor BUFZ 1, C4<z>; HiZ drive
v0000000006679d60_0 .net "RADDR_1", 0 0, o0000000006638f48;  0 drivers
o0000000006638f78 .functor BUFZ 1, C4<z>; HiZ drive
v0000000006678aa0_0 .net "RADDR_10", 0 0, o0000000006638f78;  0 drivers
o0000000006638fa8 .functor BUFZ 1, C4<z>; HiZ drive
v0000000006679ea0_0 .net "RADDR_2", 0 0, o0000000006638fa8;  0 drivers
o0000000006638fd8 .functor BUFZ 1, C4<z>; HiZ drive
v0000000006679f40_0 .net "RADDR_3", 0 0, o0000000006638fd8;  0 drivers
o0000000006639008 .functor BUFZ 1, C4<z>; HiZ drive
v000000000667a080_0 .net "RADDR_4", 0 0, o0000000006639008;  0 drivers
o0000000006639038 .functor BUFZ 1, C4<z>; HiZ drive
v0000000006678a00_0 .net "RADDR_5", 0 0, o0000000006639038;  0 drivers
o0000000006639068 .functor BUFZ 1, C4<z>; HiZ drive
v000000000667a120_0 .net "RADDR_6", 0 0, o0000000006639068;  0 drivers
o0000000006639098 .functor BUFZ 1, C4<z>; HiZ drive
v0000000006677c40_0 .net "RADDR_7", 0 0, o0000000006639098;  0 drivers
o00000000066390c8 .functor BUFZ 1, C4<z>; HiZ drive
v0000000006678b40_0 .net "RADDR_8", 0 0, o00000000066390c8;  0 drivers
o00000000066390f8 .functor BUFZ 1, C4<z>; HiZ drive
v0000000006678be0_0 .net "RADDR_9", 0 0, o00000000066390f8;  0 drivers
o0000000006639128 .functor BUFZ 1, C4<z>; HiZ drive
v0000000006678d20_0 .net "RCLK", 0 0, o0000000006639128;  0 drivers
o0000000006639158 .functor BUFZ 1, C4<z>; HiZ drive
v0000000006678dc0_0 .net "RCLKE", 0 0, o0000000006639158;  0 drivers
v0000000006678e60_0 .net "RDATA_0", 0 0, L_00000000066bd310;  1 drivers
v0000000006678f00_0 .net "RDATA_1", 0 0, L_00000000066bdbd0;  1 drivers
v0000000006678fa0_0 .net "RDATA_10", 0 0, L_00000000066be7b0;  1 drivers
v0000000006679220_0 .net "RDATA_11", 0 0, L_00000000066be710;  1 drivers
v000000000667b7a0_0 .net "RDATA_12", 0 0, L_00000000066bdc70;  1 drivers
v000000000667a6c0_0 .net "RDATA_13", 0 0, L_00000000066bcb90;  1 drivers
v000000000667aa80_0 .net "RDATA_14", 0 0, L_00000000066bdb30;  1 drivers
v000000000667ada0_0 .net "RDATA_15", 0 0, L_00000000066be5d0;  1 drivers
v000000000667a440_0 .net "RDATA_2", 0 0, L_00000000066bd090;  1 drivers
v000000000667b980_0 .net "RDATA_3", 0 0, L_00000000066bd8b0;  1 drivers
v000000000667ac60_0 .net "RDATA_4", 0 0, L_00000000066bcf50;  1 drivers
v000000000667ad00_0 .net "RDATA_5", 0 0, L_00000000066be8f0;  1 drivers
v000000000667b840_0 .net "RDATA_6", 0 0, L_00000000066bceb0;  1 drivers
v000000000667a300_0 .net "RDATA_7", 0 0, L_00000000066bccd0;  1 drivers
v000000000667ae40_0 .net "RDATA_8", 0 0, L_00000000066bcc30;  1 drivers
v000000000667a760_0 .net "RDATA_9", 0 0, L_00000000066be850;  1 drivers
o0000000006639488 .functor BUFZ 1, C4<z>; HiZ drive
v000000000667aee0_0 .net "RE", 0 0, o0000000006639488;  0 drivers
o00000000066394b8 .functor BUFZ 1, C4<z>; HiZ drive
v000000000667a3a0_0 .net "WADDR_0", 0 0, o00000000066394b8;  0 drivers
o00000000066394e8 .functor BUFZ 1, C4<z>; HiZ drive
v000000000667b2a0_0 .net "WADDR_1", 0 0, o00000000066394e8;  0 drivers
o0000000006639518 .functor BUFZ 1, C4<z>; HiZ drive
v000000000667b340_0 .net "WADDR_10", 0 0, o0000000006639518;  0 drivers
o0000000006639548 .functor BUFZ 1, C4<z>; HiZ drive
v000000000667b020_0 .net "WADDR_2", 0 0, o0000000006639548;  0 drivers
o0000000006639578 .functor BUFZ 1, C4<z>; HiZ drive
v000000000667a800_0 .net "WADDR_3", 0 0, o0000000006639578;  0 drivers
o00000000066395a8 .functor BUFZ 1, C4<z>; HiZ drive
v000000000667b3e0_0 .net "WADDR_4", 0 0, o00000000066395a8;  0 drivers
o00000000066395d8 .functor BUFZ 1, C4<z>; HiZ drive
v000000000667b480_0 .net "WADDR_5", 0 0, o00000000066395d8;  0 drivers
o0000000006639608 .functor BUFZ 1, C4<z>; HiZ drive
v000000000667af80_0 .net "WADDR_6", 0 0, o0000000006639608;  0 drivers
o0000000006639638 .functor BUFZ 1, C4<z>; HiZ drive
v000000000667b700_0 .net "WADDR_7", 0 0, o0000000006639638;  0 drivers
o0000000006639668 .functor BUFZ 1, C4<z>; HiZ drive
v000000000667b0c0_0 .net "WADDR_8", 0 0, o0000000006639668;  0 drivers
o0000000006639698 .functor BUFZ 1, C4<z>; HiZ drive
v000000000667b520_0 .net "WADDR_9", 0 0, o0000000006639698;  0 drivers
o00000000066396c8 .functor BUFZ 1, C4<z>; HiZ drive
v000000000667a4e0_0 .net "WCLK", 0 0, o00000000066396c8;  0 drivers
o00000000066396f8 .functor BUFZ 1, C4<z>; HiZ drive
v000000000667a9e0_0 .net "WCLKE", 0 0, o00000000066396f8;  0 drivers
o0000000006639728 .functor BUFZ 1, C4<z>; HiZ drive
v000000000667b5c0_0 .net "WDATA_0", 0 0, o0000000006639728;  0 drivers
o0000000006639758 .functor BUFZ 1, C4<z>; HiZ drive
v000000000667b660_0 .net "WDATA_1", 0 0, o0000000006639758;  0 drivers
o0000000006639788 .functor BUFZ 1, C4<z>; HiZ drive
v000000000667b160_0 .net "WDATA_10", 0 0, o0000000006639788;  0 drivers
o00000000066397b8 .functor BUFZ 1, C4<z>; HiZ drive
v000000000667a580_0 .net "WDATA_11", 0 0, o00000000066397b8;  0 drivers
o00000000066397e8 .functor BUFZ 1, C4<z>; HiZ drive
v000000000667ab20_0 .net "WDATA_12", 0 0, o00000000066397e8;  0 drivers
o0000000006639818 .functor BUFZ 1, C4<z>; HiZ drive
v000000000667b200_0 .net "WDATA_13", 0 0, o0000000006639818;  0 drivers
o0000000006639848 .functor BUFZ 1, C4<z>; HiZ drive
v000000000667b8e0_0 .net "WDATA_14", 0 0, o0000000006639848;  0 drivers
o0000000006639878 .functor BUFZ 1, C4<z>; HiZ drive
v000000000667a620_0 .net "WDATA_15", 0 0, o0000000006639878;  0 drivers
o00000000066398a8 .functor BUFZ 1, C4<z>; HiZ drive
v000000000667a8a0_0 .net "WDATA_2", 0 0, o00000000066398a8;  0 drivers
o00000000066398d8 .functor BUFZ 1, C4<z>; HiZ drive
v000000000667a940_0 .net "WDATA_3", 0 0, o00000000066398d8;  0 drivers
o0000000006639908 .functor BUFZ 1, C4<z>; HiZ drive
v000000000667abc0_0 .net "WDATA_4", 0 0, o0000000006639908;  0 drivers
o0000000006639938 .functor BUFZ 1, C4<z>; HiZ drive
v000000000667e340_0 .net "WDATA_5", 0 0, o0000000006639938;  0 drivers
o0000000006639968 .functor BUFZ 1, C4<z>; HiZ drive
v000000000667f100_0 .net "WDATA_6", 0 0, o0000000006639968;  0 drivers
o0000000006639998 .functor BUFZ 1, C4<z>; HiZ drive
v0000000006680140_0 .net "WDATA_7", 0 0, o0000000006639998;  0 drivers
o00000000066399c8 .functor BUFZ 1, C4<z>; HiZ drive
v00000000066801e0_0 .net "WDATA_8", 0 0, o00000000066399c8;  0 drivers
o00000000066399f8 .functor BUFZ 1, C4<z>; HiZ drive
v000000000667f060_0 .net "WDATA_9", 0 0, o00000000066399f8;  0 drivers
o0000000006639a28 .functor BUFZ 1, C4<z>; HiZ drive
v000000000667eca0_0 .net "WE", 0 0, o0000000006639a28;  0 drivers
v000000000667f9c0_0 .net *"_ivl_100", 0 0, L_000000000672f480;  1 drivers
v000000000667efc0_0 .net *"_ivl_102", 0 0, L_000000000672e9e0;  1 drivers
v000000000667de40_0 .net *"_ivl_104", 0 0, L_000000000672dae0;  1 drivers
v000000000667e020_0 .net *"_ivl_106", 0 0, L_000000000672ea80;  1 drivers
v000000000667e5c0_0 .net *"_ivl_108", 0 0, L_000000000672d720;  1 drivers
v000000000667f6a0_0 .net *"_ivl_110", 0 0, L_000000000672dea0;  1 drivers
v000000000667e160_0 .net *"_ivl_112", 0 0, L_000000000672e300;  1 drivers
v000000000667e0c0_0 .net *"_ivl_114", 0 0, L_000000000672ef80;  1 drivers
v000000000667f2e0_0 .net *"_ivl_116", 0 0, L_000000000672f8e0;  1 drivers
v0000000006680280_0 .net *"_ivl_120", 0 0, L_000000000672da40;  1 drivers
v000000000667db20_0 .net *"_ivl_122", 0 0, L_000000000672e3a0;  1 drivers
v000000000667fe20_0 .net *"_ivl_124", 0 0, L_000000000672f980;  1 drivers
v000000000667e200_0 .net *"_ivl_126", 0 0, L_000000000672e800;  1 drivers
v000000000667dee0_0 .net *"_ivl_128", 0 0, L_000000000672f020;  1 drivers
v000000000667e660_0 .net *"_ivl_130", 0 0, L_000000000672dfe0;  1 drivers
v000000000667e2a0_0 .net *"_ivl_132", 0 0, L_000000000672d220;  1 drivers
v000000000667f1a0_0 .net *"_ivl_134", 0 0, L_000000000672e080;  1 drivers
v000000000667e480_0 .net *"_ivl_136", 0 0, L_000000000672e440;  1 drivers
v000000000667fce0_0 .net *"_ivl_138", 0 0, L_000000000672f160;  1 drivers
v000000000667fec0_0 .net *"_ivl_140", 0 0, L_000000000672e8a0;  1 drivers
v000000000667df80_0 .net *"_ivl_142", 0 0, L_000000000672d360;  1 drivers
v000000000667f380_0 .net *"_ivl_144", 0 0, L_000000000672e4e0;  1 drivers
v000000000667e3e0_0 .net *"_ivl_146", 0 0, L_000000000672d540;  1 drivers
v000000000667fba0_0 .net *"_ivl_148", 0 0, L_000000000672e620;  1 drivers
v000000000667e700_0 .net *"_ivl_150", 0 0, L_000000000672f520;  1 drivers
v000000000667dbc0_0 .net *"_ivl_18", 0 0, L_00000000066bd3b0;  1 drivers
v000000000667f240_0 .net/2u *"_ivl_19", 0 0, L_00000000066d2ab0;  1 drivers
v000000000667e520_0 .net *"_ivl_28", 0 0, L_000000000672e580;  1 drivers
v000000000667ff60_0 .net *"_ivl_30", 0 0, L_000000000672dcc0;  1 drivers
v000000000667fd80_0 .net *"_ivl_32", 0 0, L_000000000672eda0;  1 drivers
v000000000667e8e0_0 .net *"_ivl_34", 0 0, L_000000000672db80;  1 drivers
v000000000667e840_0 .net *"_ivl_36", 0 0, L_000000000672f7a0;  1 drivers
v000000000667e7a0_0 .net *"_ivl_38", 0 0, L_000000000672ec60;  1 drivers
v000000000667ee80_0 .net *"_ivl_40", 0 0, L_000000000672f840;  1 drivers
v000000000667f420_0 .net *"_ivl_42", 0 0, L_000000000672e1c0;  1 drivers
v000000000667e980_0 .net *"_ivl_44", 0 0, L_000000000672f340;  1 drivers
v000000000667ea20_0 .net *"_ivl_46", 0 0, L_000000000672e120;  1 drivers
v000000000667eac0_0 .net *"_ivl_48", 0 0, L_000000000672d2c0;  1 drivers
v000000000667eb60_0 .net *"_ivl_52", 0 0, L_000000000672f660;  1 drivers
v000000000667f4c0_0 .net/2u *"_ivl_53", 0 0, L_00000000066d2af8;  1 drivers
v000000000667dc60_0 .net *"_ivl_62", 0 0, L_000000000672e260;  1 drivers
v000000000667ec00_0 .net *"_ivl_64", 0 0, L_000000000672eee0;  1 drivers
v000000000667f560_0 .net *"_ivl_66", 0 0, L_000000000672f700;  1 drivers
v000000000667f600_0 .net *"_ivl_68", 0 0, L_000000000672d4a0;  1 drivers
v000000000667ed40_0 .net *"_ivl_70", 0 0, L_000000000672d860;  1 drivers
v00000000066800a0_0 .net *"_ivl_72", 0 0, L_000000000672d5e0;  1 drivers
v000000000667ede0_0 .net *"_ivl_74", 0 0, L_000000000672ebc0;  1 drivers
v000000000667f740_0 .net *"_ivl_76", 0 0, L_000000000672e6c0;  1 drivers
v000000000667ef20_0 .net *"_ivl_78", 0 0, L_000000000672dd60;  1 drivers
v000000000667f7e0_0 .net *"_ivl_80", 0 0, L_000000000672f3e0;  1 drivers
v000000000667f880_0 .net *"_ivl_82", 0 0, L_000000000672e760;  1 drivers
v000000000667f920_0 .net *"_ivl_86", 0 0, L_000000000672ee40;  1 drivers
v000000000667fa60_0 .net *"_ivl_88", 0 0, L_000000000672d400;  1 drivers
v000000000667fb00_0 .net *"_ivl_90", 0 0, L_000000000672f0c0;  1 drivers
v000000000667fc40_0 .net *"_ivl_92", 0 0, L_000000000672d900;  1 drivers
v0000000006680000_0 .net *"_ivl_94", 0 0, L_000000000672dc20;  1 drivers
v000000000667dd00_0 .net *"_ivl_96", 0 0, L_000000000672de00;  1 drivers
v000000000667dda0_0 .net *"_ivl_98", 0 0, L_000000000672e940;  1 drivers
L_00000000066be5d0 .part v0000000006679860_0, 15, 1;
L_00000000066bdb30 .part v0000000006679860_0, 14, 1;
L_00000000066bcb90 .part v0000000006679860_0, 13, 1;
L_00000000066bdc70 .part v0000000006679860_0, 12, 1;
L_00000000066be710 .part v0000000006679860_0, 11, 1;
L_00000000066be7b0 .part v0000000006679860_0, 10, 1;
L_00000000066be850 .part v0000000006679860_0, 9, 1;
L_00000000066bcc30 .part v0000000006679860_0, 8, 1;
L_00000000066bccd0 .part v0000000006679860_0, 7, 1;
L_00000000066bceb0 .part v0000000006679860_0, 6, 1;
L_00000000066be8f0 .part v0000000006679860_0, 5, 1;
L_00000000066bcf50 .part v0000000006679860_0, 4, 1;
L_00000000066bd8b0 .part v0000000006679860_0, 3, 1;
L_00000000066bd090 .part v0000000006679860_0, 2, 1;
L_00000000066bdbd0 .part v0000000006679860_0, 1, 1;
L_00000000066bd310 .part v0000000006679860_0, 0, 1;
L_00000000066bd3b0 .ufunc/vec4 TD_ICESTORM_RAM.pd, 1, o0000000006639128 (v000000000667a260_0) S_0000000006482c40;
L_00000000066bd450 .ufunc/vec4 TD_ICESTORM_RAM.pu, 1, o0000000006639158 (v0000000006679ae0_0) S_00000000064835a0;
L_000000000672d7c0 .ufunc/vec4 TD_ICESTORM_RAM.pd, 1, o0000000006639488 (v000000000667a260_0) S_0000000006482c40;
L_000000000672e580 .ufunc/vec4 TD_ICESTORM_RAM.pd, 1, o0000000006638f78 (v000000000667a260_0) S_0000000006482c40;
L_000000000672dcc0 .ufunc/vec4 TD_ICESTORM_RAM.pd, 1, o00000000066390f8 (v000000000667a260_0) S_0000000006482c40;
L_000000000672eda0 .ufunc/vec4 TD_ICESTORM_RAM.pd, 1, o00000000066390c8 (v000000000667a260_0) S_0000000006482c40;
L_000000000672db80 .ufunc/vec4 TD_ICESTORM_RAM.pd, 1, o0000000006639098 (v000000000667a260_0) S_0000000006482c40;
L_000000000672f7a0 .ufunc/vec4 TD_ICESTORM_RAM.pd, 1, o0000000006639068 (v000000000667a260_0) S_0000000006482c40;
L_000000000672ec60 .ufunc/vec4 TD_ICESTORM_RAM.pd, 1, o0000000006639038 (v000000000667a260_0) S_0000000006482c40;
L_000000000672f840 .ufunc/vec4 TD_ICESTORM_RAM.pd, 1, o0000000006639008 (v000000000667a260_0) S_0000000006482c40;
L_000000000672e1c0 .ufunc/vec4 TD_ICESTORM_RAM.pd, 1, o0000000006638fd8 (v000000000667a260_0) S_0000000006482c40;
L_000000000672f340 .ufunc/vec4 TD_ICESTORM_RAM.pd, 1, o0000000006638fa8 (v000000000667a260_0) S_0000000006482c40;
L_000000000672e120 .ufunc/vec4 TD_ICESTORM_RAM.pd, 1, o0000000006638f48 (v000000000667a260_0) S_0000000006482c40;
L_000000000672d2c0 .ufunc/vec4 TD_ICESTORM_RAM.pd, 1, o0000000006638f18 (v000000000667a260_0) S_0000000006482c40;
LS_000000000672d680_0_0 .concat [ 1 1 1 1], L_000000000672d2c0, L_000000000672e120, L_000000000672f340, L_000000000672e1c0;
LS_000000000672d680_0_4 .concat [ 1 1 1 1], L_000000000672f840, L_000000000672ec60, L_000000000672f7a0, L_000000000672db80;
LS_000000000672d680_0_8 .concat [ 1 1 1 0], L_000000000672eda0, L_000000000672dcc0, L_000000000672e580;
L_000000000672d680 .concat [ 4 4 3 0], LS_000000000672d680_0_0, LS_000000000672d680_0_4, LS_000000000672d680_0_8;
L_000000000672f660 .ufunc/vec4 TD_ICESTORM_RAM.pd, 1, o00000000066396c8 (v000000000667a260_0) S_0000000006482c40;
L_000000000672eb20 .ufunc/vec4 TD_ICESTORM_RAM.pu, 1, o00000000066396f8 (v0000000006679ae0_0) S_00000000064835a0;
L_000000000672df40 .ufunc/vec4 TD_ICESTORM_RAM.pd, 1, o0000000006639a28 (v000000000667a260_0) S_0000000006482c40;
L_000000000672e260 .ufunc/vec4 TD_ICESTORM_RAM.pd, 1, o0000000006639518 (v000000000667a260_0) S_0000000006482c40;
L_000000000672eee0 .ufunc/vec4 TD_ICESTORM_RAM.pd, 1, o0000000006639698 (v000000000667a260_0) S_0000000006482c40;
L_000000000672f700 .ufunc/vec4 TD_ICESTORM_RAM.pd, 1, o0000000006639668 (v000000000667a260_0) S_0000000006482c40;
L_000000000672d4a0 .ufunc/vec4 TD_ICESTORM_RAM.pd, 1, o0000000006639638 (v000000000667a260_0) S_0000000006482c40;
L_000000000672d860 .ufunc/vec4 TD_ICESTORM_RAM.pd, 1, o0000000006639608 (v000000000667a260_0) S_0000000006482c40;
L_000000000672d5e0 .ufunc/vec4 TD_ICESTORM_RAM.pd, 1, o00000000066395d8 (v000000000667a260_0) S_0000000006482c40;
L_000000000672ebc0 .ufunc/vec4 TD_ICESTORM_RAM.pd, 1, o00000000066395a8 (v000000000667a260_0) S_0000000006482c40;
L_000000000672e6c0 .ufunc/vec4 TD_ICESTORM_RAM.pd, 1, o0000000006639578 (v000000000667a260_0) S_0000000006482c40;
L_000000000672dd60 .ufunc/vec4 TD_ICESTORM_RAM.pd, 1, o0000000006639548 (v000000000667a260_0) S_0000000006482c40;
L_000000000672f3e0 .ufunc/vec4 TD_ICESTORM_RAM.pd, 1, o00000000066394e8 (v000000000667a260_0) S_0000000006482c40;
L_000000000672e760 .ufunc/vec4 TD_ICESTORM_RAM.pd, 1, o00000000066394b8 (v000000000667a260_0) S_0000000006482c40;
LS_000000000672ed00_0_0 .concat [ 1 1 1 1], L_000000000672e760, L_000000000672f3e0, L_000000000672dd60, L_000000000672e6c0;
LS_000000000672ed00_0_4 .concat [ 1 1 1 1], L_000000000672ebc0, L_000000000672d5e0, L_000000000672d860, L_000000000672d4a0;
LS_000000000672ed00_0_8 .concat [ 1 1 1 0], L_000000000672f700, L_000000000672eee0, L_000000000672e260;
L_000000000672ed00 .concat [ 4 4 3 0], LS_000000000672ed00_0_0, LS_000000000672ed00_0_4, LS_000000000672ed00_0_8;
L_000000000672ee40 .ufunc/vec4 TD_ICESTORM_RAM.pd, 1, o0000000006638d68 (v000000000667a260_0) S_0000000006482c40;
L_000000000672d400 .ufunc/vec4 TD_ICESTORM_RAM.pd, 1, o0000000006638d38 (v000000000667a260_0) S_0000000006482c40;
L_000000000672f0c0 .ufunc/vec4 TD_ICESTORM_RAM.pd, 1, o0000000006638d08 (v000000000667a260_0) S_0000000006482c40;
L_000000000672d900 .ufunc/vec4 TD_ICESTORM_RAM.pd, 1, o0000000006638cd8 (v000000000667a260_0) S_0000000006482c40;
L_000000000672dc20 .ufunc/vec4 TD_ICESTORM_RAM.pd, 1, o0000000006638ca8 (v000000000667a260_0) S_0000000006482c40;
L_000000000672de00 .ufunc/vec4 TD_ICESTORM_RAM.pd, 1, o0000000006638c78 (v000000000667a260_0) S_0000000006482c40;
L_000000000672e940 .ufunc/vec4 TD_ICESTORM_RAM.pd, 1, o0000000006638ee8 (v000000000667a260_0) S_0000000006482c40;
L_000000000672f480 .ufunc/vec4 TD_ICESTORM_RAM.pd, 1, o0000000006638eb8 (v000000000667a260_0) S_0000000006482c40;
L_000000000672e9e0 .ufunc/vec4 TD_ICESTORM_RAM.pd, 1, o0000000006638e88 (v000000000667a260_0) S_0000000006482c40;
L_000000000672dae0 .ufunc/vec4 TD_ICESTORM_RAM.pd, 1, o0000000006638e58 (v000000000667a260_0) S_0000000006482c40;
L_000000000672ea80 .ufunc/vec4 TD_ICESTORM_RAM.pd, 1, o0000000006638e28 (v000000000667a260_0) S_0000000006482c40;
L_000000000672d720 .ufunc/vec4 TD_ICESTORM_RAM.pd, 1, o0000000006638df8 (v000000000667a260_0) S_0000000006482c40;
L_000000000672dea0 .ufunc/vec4 TD_ICESTORM_RAM.pd, 1, o0000000006638dc8 (v000000000667a260_0) S_0000000006482c40;
L_000000000672e300 .ufunc/vec4 TD_ICESTORM_RAM.pd, 1, o0000000006638d98 (v000000000667a260_0) S_0000000006482c40;
L_000000000672ef80 .ufunc/vec4 TD_ICESTORM_RAM.pd, 1, o0000000006638c48 (v000000000667a260_0) S_0000000006482c40;
L_000000000672f8e0 .ufunc/vec4 TD_ICESTORM_RAM.pd, 1, o0000000006638c18 (v000000000667a260_0) S_0000000006482c40;
LS_000000000672d9a0_0_0 .concat [ 1 1 1 1], L_000000000672f8e0, L_000000000672ef80, L_000000000672e300, L_000000000672dea0;
LS_000000000672d9a0_0_4 .concat [ 1 1 1 1], L_000000000672d720, L_000000000672ea80, L_000000000672dae0, L_000000000672e9e0;
LS_000000000672d9a0_0_8 .concat [ 1 1 1 1], L_000000000672f480, L_000000000672e940, L_000000000672de00, L_000000000672dc20;
LS_000000000672d9a0_0_12 .concat [ 1 1 1 1], L_000000000672d900, L_000000000672f0c0, L_000000000672d400, L_000000000672ee40;
L_000000000672d9a0 .concat [ 4 4 4 4], LS_000000000672d9a0_0_0, LS_000000000672d9a0_0_4, LS_000000000672d9a0_0_8, LS_000000000672d9a0_0_12;
L_000000000672da40 .ufunc/vec4 TD_ICESTORM_RAM.pd, 1, o0000000006639878 (v000000000667a260_0) S_0000000006482c40;
L_000000000672e3a0 .ufunc/vec4 TD_ICESTORM_RAM.pd, 1, o0000000006639848 (v000000000667a260_0) S_0000000006482c40;
L_000000000672f980 .ufunc/vec4 TD_ICESTORM_RAM.pd, 1, o0000000006639818 (v000000000667a260_0) S_0000000006482c40;
L_000000000672e800 .ufunc/vec4 TD_ICESTORM_RAM.pd, 1, o00000000066397e8 (v000000000667a260_0) S_0000000006482c40;
L_000000000672f020 .ufunc/vec4 TD_ICESTORM_RAM.pd, 1, o00000000066397b8 (v000000000667a260_0) S_0000000006482c40;
L_000000000672dfe0 .ufunc/vec4 TD_ICESTORM_RAM.pd, 1, o0000000006639788 (v000000000667a260_0) S_0000000006482c40;
L_000000000672d220 .ufunc/vec4 TD_ICESTORM_RAM.pd, 1, o00000000066399f8 (v000000000667a260_0) S_0000000006482c40;
L_000000000672e080 .ufunc/vec4 TD_ICESTORM_RAM.pd, 1, o00000000066399c8 (v000000000667a260_0) S_0000000006482c40;
L_000000000672e440 .ufunc/vec4 TD_ICESTORM_RAM.pd, 1, o0000000006639998 (v000000000667a260_0) S_0000000006482c40;
L_000000000672f160 .ufunc/vec4 TD_ICESTORM_RAM.pd, 1, o0000000006639968 (v000000000667a260_0) S_0000000006482c40;
L_000000000672e8a0 .ufunc/vec4 TD_ICESTORM_RAM.pd, 1, o0000000006639938 (v000000000667a260_0) S_0000000006482c40;
L_000000000672d360 .ufunc/vec4 TD_ICESTORM_RAM.pd, 1, o0000000006639908 (v000000000667a260_0) S_0000000006482c40;
L_000000000672e4e0 .ufunc/vec4 TD_ICESTORM_RAM.pd, 1, o00000000066398d8 (v000000000667a260_0) S_0000000006482c40;
L_000000000672d540 .ufunc/vec4 TD_ICESTORM_RAM.pd, 1, o00000000066398a8 (v000000000667a260_0) S_0000000006482c40;
L_000000000672e620 .ufunc/vec4 TD_ICESTORM_RAM.pd, 1, o0000000006639758 (v000000000667a260_0) S_0000000006482c40;
L_000000000672f520 .ufunc/vec4 TD_ICESTORM_RAM.pd, 1, o0000000006639728 (v000000000667a260_0) S_0000000006482c40;
LS_000000000672f200_0_0 .concat [ 1 1 1 1], L_000000000672f520, L_000000000672e620, L_000000000672d540, L_000000000672e4e0;
LS_000000000672f200_0_4 .concat [ 1 1 1 1], L_000000000672d360, L_000000000672e8a0, L_000000000672f160, L_000000000672e440;
LS_000000000672f200_0_8 .concat [ 1 1 1 1], L_000000000672e080, L_000000000672d220, L_000000000672dfe0, L_000000000672f020;
LS_000000000672f200_0_12 .concat [ 1 1 1 1], L_000000000672e800, L_000000000672f980, L_000000000672e3a0, L_000000000672da40;
L_000000000672f200 .concat [ 4 4 4 4], LS_000000000672f200_0_0, LS_000000000672f200_0_4, LS_000000000672f200_0_8, LS_000000000672f200_0_12;
S_0000000006482600 .scope module, "RAM" "SB_RAM40_4K" 2 3233, 2 1487 0, S_00000000065ced30;
 .timescale -12 -12;
    .port_info 0 /OUTPUT 16 "RDATA";
    .port_info 1 /INPUT 1 "RCLK";
    .port_info 2 /INPUT 1 "RCLKE";
    .port_info 3 /INPUT 1 "RE";
    .port_info 4 /INPUT 11 "RADDR";
    .port_info 5 /INPUT 1 "WCLK";
    .port_info 6 /INPUT 1 "WCLKE";
    .port_info 7 /INPUT 1 "WE";
    .port_info 8 /INPUT 11 "WADDR";
    .port_info 9 /INPUT 16 "MASK";
    .port_info 10 /INPUT 16 "WDATA";
P_0000000006484720 .param/l "INIT_0" 0 2 1507, C4<0000000000000000000000000000000000000000000000000000000000000000000000000000000000000000000000000000000000000000000000000000000000000000000000000000000000000000000000000000000000000000000000000000000000000000000000000000000000000000000000000000000000000000>;
P_0000000006484758 .param/l "INIT_1" 0 2 1508, C4<0000000000000000000000000000000000000000000000000000000000000000000000000000000000000000000000000000000000000000000000000000000000000000000000000000000000000000000000000000000000000000000000000000000000000000000000000000000000000000000000000000000000000000>;
P_0000000006484790 .param/l "INIT_2" 0 2 1509, C4<0000000000000000000000000000000000000000000000000000000000000000000000000000000000000000000000000000000000000000000000000000000000000000000000000000000000000000000000000000000000000000000000000000000000000000000000000000000000000000000000000000000000000000>;
P_00000000064847c8 .param/l "INIT_3" 0 2 1510, C4<0000000000000000000000000000000000000000000000000000000000000000000000000000000000000000000000000000000000000000000000000000000000000000000000000000000000000000000000000000000000000000000000000000000000000000000000000000000000000000000000000000000000000000>;
P_0000000006484800 .param/l "INIT_4" 0 2 1511, C4<0000000000000000000000000000000000000000000000000000000000000000000000000000000000000000000000000000000000000000000000000000000000000000000000000000000000000000000000000000000000000000000000000000000000000000000000000000000000000000000000000000000000000000>;
P_0000000006484838 .param/l "INIT_5" 0 2 1512, C4<0000000000000000000000000000000000000000000000000000000000000000000000000000000000000000000000000000000000000000000000000000000000000000000000000000000000000000000000000000000000000000000000000000000000000000000000000000000000000000000000000000000000000000>;
P_0000000006484870 .param/l "INIT_6" 0 2 1513, C4<0000000000000000000000000000000000000000000000000000000000000000000000000000000000000000000000000000000000000000000000000000000000000000000000000000000000000000000000000000000000000000000000000000000000000000000000000000000000000000000000000000000000000000>;
P_00000000064848a8 .param/l "INIT_7" 0 2 1514, C4<0000000000000000000000000000000000000000000000000000000000000000000000000000000000000000000000000000000000000000000000000000000000000000000000000000000000000000000000000000000000000000000000000000000000000000000000000000000000000000000000000000000000000000>;
P_00000000064848e0 .param/l "INIT_8" 0 2 1515, C4<0000000000000000000000000000000000000000000000000000000000000000000000000000000000000000000000000000000000000000000000000000000000000000000000000000000000000000000000000000000000000000000000000000000000000000000000000000000000000000000000000000000000000000>;
P_0000000006484918 .param/l "INIT_9" 0 2 1516, C4<0000000000000000000000000000000000000000000000000000000000000000000000000000000000000000000000000000000000000000000000000000000000000000000000000000000000000000000000000000000000000000000000000000000000000000000000000000000000000000000000000000000000000000>;
P_0000000006484950 .param/l "INIT_A" 0 2 1517, C4<0000000000000000000000000000000000000000000000000000000000000000000000000000000000000000000000000000000000000000000000000000000000000000000000000000000000000000000000000000000000000000000000000000000000000000000000000000000000000000000000000000000000000000>;
P_0000000006484988 .param/l "INIT_B" 0 2 1518, C4<0000000000000000000000000000000000000000000000000000000000000000000000000000000000000000000000000000000000000000000000000000000000000000000000000000000000000000000000000000000000000000000000000000000000000000000000000000000000000000000000000000000000000000>;
P_00000000064849c0 .param/l "INIT_C" 0 2 1519, C4<0000000000000000000000000000000000000000000000000000000000000000000000000000000000000000000000000000000000000000000000000000000000000000000000000000000000000000000000000000000000000000000000000000000000000000000000000000000000000000000000000000000000000000>;
P_00000000064849f8 .param/l "INIT_D" 0 2 1520, C4<0000000000000000000000000000000000000000000000000000000000000000000000000000000000000000000000000000000000000000000000000000000000000000000000000000000000000000000000000000000000000000000000000000000000000000000000000000000000000000000000000000000000000000>;
P_0000000006484a30 .param/l "INIT_E" 0 2 1521, C4<0000000000000000000000000000000000000000000000000000000000000000000000000000000000000000000000000000000000000000000000000000000000000000000000000000000000000000000000000000000000000000000000000000000000000000000000000000000000000000000000000000000000000000>;
P_0000000006484a68 .param/l "INIT_F" 0 2 1522, C4<0000000000000000000000000000000000000000000000000000000000000000000000000000000000000000000000000000000000000000000000000000000000000000000000000000000000000000000000000000000000000000000000000000000000000000000000000000000000000000000000000000000000000000>;
P_0000000006484aa0 .param/str "INIT_FILE" 0 2 1524, "\000";
P_0000000006484ad8 .param/l "READ_MODE" 0 2 1505, +C4<00000000000000000000000000000000>;
P_0000000006484b10 .param/l "WRITE_MODE" 0 2 1504, +C4<00000000000000000000000000000000>;
v0000000006677ce0_0 .net "MASK", 15 0, L_000000000672d9a0;  1 drivers
v0000000006677e20_0 .net "RADDR", 10 0, L_000000000672d680;  1 drivers
v00000000066790e0_0 .net "RCLK", 0 0, L_00000000065a5060;  1 drivers
v00000000066781e0_0 .net "RCLKE", 0 0, L_00000000066bd450;  1 drivers
v0000000006677ec0_0 .net "RDATA", 15 0, v0000000006679860_0;  1 drivers
v0000000006679860_0 .var "RDATA_I", 15 0;
v000000000667a1c0_0 .net "RE", 0 0, L_000000000672d7c0;  1 drivers
L_00000000066d2a68 .functor BUFT 1, C4<0000000000000000>, C4<0>, C4<0>, C4<0>;
v0000000006679680_0 .net "RMASK_I", 15 0, L_00000000066d2a68;  1 drivers
v0000000006678140_0 .net "WADDR", 10 0, L_000000000672ed00;  1 drivers
v00000000066780a0_0 .net "WCLK", 0 0, L_00000000065a4490;  1 drivers
v00000000066792c0_0 .net "WCLKE", 0 0, L_000000000672eb20;  1 drivers
v00000000066788c0_0 .net "WDATA", 15 0, L_000000000672f200;  1 drivers
v0000000006678280_0 .net "WDATA_I", 15 0, L_00000000065a4ff0;  1 drivers
v0000000006679360_0 .net "WE", 0 0, L_000000000672df40;  1 drivers
v0000000006679900_0 .net "WMASK_I", 15 0, L_00000000065a5530;  1 drivers
v00000000066795e0_0 .var/i "i", 31 0;
v00000000066799a0 .array "memory", 255 0, 15 0;
E_00000000065efa00 .event posedge, v00000000066790e0_0;
E_00000000065f0a40 .event posedge, v00000000066780a0_0;
S_00000000064830f0 .scope generate, "genblk1" "genblk1" 2 1534, 2 1534 0, S_0000000006482600;
 .timescale -12 -12;
L_00000000065a5530 .functor BUFZ 16, L_000000000672d9a0, C4<0000000000000000>, C4<0000000000000000>, C4<0000000000000000>;
S_0000000006482920 .scope generate, "genblk2" "genblk2" 2 1555, 2 1555 0, S_0000000006482600;
 .timescale -12 -12;
S_0000000006482470 .scope generate, "genblk3" "genblk3" 2 1576, 2 1576 0, S_0000000006482600;
 .timescale -12 -12;
L_00000000065a4ff0 .functor BUFZ 16, L_000000000672f200, C4<0000000000000000>, C4<0000000000000000>, C4<0000000000000000>;
S_0000000006482ab0 .scope generate, "genblk4" "genblk4" 2 1595, 2 1595 0, S_0000000006482600;
 .timescale -12 -12;
S_0000000006482c40 .scope function.vec4.s1, "pd" "pd" 2 3200, 2 3200 0, S_00000000065ced30;
 .timescale -12 -12;
; Variable pd is vec4 return value of scope S_0000000006482c40
v000000000667a260_0 .var "x", 0 0;
TD_ICESTORM_RAM.pd ;
    %load/vec4 v000000000667a260_0;
    %cmpi/e 0, 1, 1;
    %flag_mov 8, 6;
    %jmp/0 T_0.0, 8;
    %pushi/vec4 0, 0, 1;
    %jmp/1 T_0.1, 8;
T_0.0 ; End of true expr.
    %load/vec4 v000000000667a260_0;
    %jmp/0 T_0.1, 8;
 ; End of false expr.
    %blend;
T_0.1;
    %ret/vec4 0, 0, 1;  Assign to pd (store_vec4_to_lval)
    %end;
S_00000000064835a0 .scope function.vec4.s1, "pu" "pu" 2 3207, 2 3207 0, S_00000000065ced30;
 .timescale -12 -12;
; Variable pu is vec4 return value of scope S_00000000064835a0
v0000000006679ae0_0 .var "x", 0 0;
TD_ICESTORM_RAM.pu ;
    %load/vec4 v0000000006679ae0_0;
    %cmpi/e 0, 1, 1;
    %flag_mov 8, 6;
    %jmp/0 T_1.2, 8;
    %pushi/vec4 1, 0, 1;
    %jmp/1 T_1.3, 8;
T_1.2 ; End of true expr.
    %load/vec4 v0000000006679ae0_0;
    %jmp/0 T_1.3, 8;
 ; End of false expr.
    %blend;
T_1.3;
    %ret/vec4 0, 0, 1;  Assign to pu (store_vec4_to_lval)
    %end;
S_0000000004b08d60 .scope module, "SB_CARRY" "SB_CARRY" 2 228;
 .timescale -12 -12;
    .port_info 0 /OUTPUT 1 "CO";
    .port_info 1 /INPUT 1 "I0";
    .port_info 2 /INPUT 1 "I1";
    .port_info 3 /INPUT 1 "CI";
o000000000663b3d8 .functor BUFZ 1, C4<z>; HiZ drive
o000000000663b408 .functor BUFZ 1, C4<z>; HiZ drive
L_00000000065a4500 .functor AND 1, o000000000663b3d8, o000000000663b408, C4<1>, C4<1>;
L_00000000065a46c0 .functor OR 1, o000000000663b3d8, o000000000663b408, C4<0>, C4<0>;
o000000000663b378 .functor BUFZ 1, C4<z>; HiZ drive
L_00000000065a4570 .functor AND 1, L_00000000065a46c0, o000000000663b378, C4<1>, C4<1>;
L_00000000065a5290 .functor OR 1, L_00000000065a4500, L_00000000065a4570, C4<0>, C4<0>;
v00000000066819a0_0 .net "CI", 0 0, o000000000663b378;  0 drivers
v0000000006680460_0 .net "CO", 0 0, L_00000000065a5290;  1 drivers
v00000000066814a0_0 .net "I0", 0 0, o000000000663b3d8;  0 drivers
v0000000006680f00_0 .net "I1", 0 0, o000000000663b408;  0 drivers
v0000000006681540_0 .net *"_ivl_1", 0 0, L_00000000065a4500;  1 drivers
v00000000066808c0_0 .net *"_ivl_3", 0 0, L_00000000065a46c0;  1 drivers
v0000000006681400_0 .net *"_ivl_5", 0 0, L_00000000065a4570;  1 drivers
S_00000000062e2ca0 .scope module, "SB_DFF" "SB_DFF" 2 265;
 .timescale -12 -12;
    .port_info 0 /OUTPUT 1 "Q";
    .port_info 1 /INPUT 1 "C";
    .port_info 2 /INPUT 1 "D";
o000000000663b588 .functor BUFZ 1, C4<z>; HiZ drive
v0000000006681680_0 .net "C", 0 0, o000000000663b588;  0 drivers
o000000000663b5b8 .functor BUFZ 1, C4<z>; HiZ drive
v0000000006680be0_0 .net "D", 0 0, o000000000663b5b8;  0 drivers
v0000000006680b40_0 .var "Q", 0 0;
E_00000000065f0e80 .event posedge, v0000000006681680_0;
S_00000000062e2e30 .scope module, "SB_DFFE" "SB_DFFE" 2 303;
 .timescale -12 -12;
    .port_info 0 /OUTPUT 1 "Q";
    .port_info 1 /INPUT 1 "C";
    .port_info 2 /INPUT 1 "E";
    .port_info 3 /INPUT 1 "D";
o000000000663b6a8 .functor BUFZ 1, C4<z>; HiZ drive
v00000000066805a0_0 .net "C", 0 0, o000000000663b6a8;  0 drivers
o000000000663b6d8 .functor BUFZ 1, C4<z>; HiZ drive
v0000000006680500_0 .net "D", 0 0, o000000000663b6d8;  0 drivers
o000000000663b708 .functor BUFZ 1, C4<z>; HiZ drive
v0000000006680960_0 .net "E", 0 0, o000000000663b708;  0 drivers
v0000000006680640_0 .var "Q", 0 0;
E_00000000065f1000 .event posedge, v00000000066805a0_0;
S_00000000062e2fc0 .scope module, "SB_DFFER" "SB_DFFER" 2 653;
 .timescale -12 -12;
    .port_info 0 /OUTPUT 1 "Q";
    .port_info 1 /INPUT 1 "C";
    .port_info 2 /INPUT 1 "E";
    .port_info 3 /INPUT 1 "R";
    .port_info 4 /INPUT 1 "D";
o000000000663b828 .functor BUFZ 1, C4<z>; HiZ drive
v0000000006680820_0 .net "C", 0 0, o000000000663b828;  0 drivers
o000000000663b858 .functor BUFZ 1, C4<z>; HiZ drive
v0000000006680c80_0 .net "D", 0 0, o000000000663b858;  0 drivers
o000000000663b888 .functor BUFZ 1, C4<z>; HiZ drive
v00000000066806e0_0 .net "E", 0 0, o000000000663b888;  0 drivers
v0000000006680780_0 .var "Q", 0 0;
o000000000663b8e8 .functor BUFZ 1, C4<z>; HiZ drive
v0000000006680d20_0 .net "R", 0 0, o000000000663b8e8;  0 drivers
E_00000000065f0b00 .event posedge, v0000000006680d20_0, v0000000006680820_0;
S_0000000006323df0 .scope module, "SB_DFFES" "SB_DFFES" 2 794;
 .timescale -12 -12;
    .port_info 0 /OUTPUT 1 "Q";
    .port_info 1 /INPUT 1 "C";
    .port_info 2 /INPUT 1 "E";
    .port_info 3 /INPUT 1 "S";
    .port_info 4 /INPUT 1 "D";
o000000000663ba08 .functor BUFZ 1, C4<z>; HiZ drive
v0000000006681720_0 .net "C", 0 0, o000000000663ba08;  0 drivers
o000000000663ba38 .functor BUFZ 1, C4<z>; HiZ drive
v0000000006681360_0 .net "D", 0 0, o000000000663ba38;  0 drivers
o000000000663ba68 .functor BUFZ 1, C4<z>; HiZ drive
v0000000006680a00_0 .net "E", 0 0, o000000000663ba68;  0 drivers
v0000000006680aa0_0 .var "Q", 0 0;
o000000000663bac8 .functor BUFZ 1, C4<z>; HiZ drive
v0000000006680e60_0 .net "S", 0 0, o000000000663bac8;  0 drivers
E_00000000065f1140 .event posedge, v0000000006680e60_0, v0000000006681720_0;
S_0000000006323f80 .scope module, "SB_DFFESR" "SB_DFFESR" 2 592;
 .timescale -12 -12;
    .port_info 0 /OUTPUT 1 "Q";
    .port_info 1 /INPUT 1 "C";
    .port_info 2 /INPUT 1 "E";
    .port_info 3 /INPUT 1 "R";
    .port_info 4 /INPUT 1 "D";
o000000000663bbe8 .functor BUFZ 1, C4<z>; HiZ drive
v0000000006680dc0_0 .net "C", 0 0, o000000000663bbe8;  0 drivers
o000000000663bc18 .functor BUFZ 1, C4<z>; HiZ drive
v00000000066815e0_0 .net "D", 0 0, o000000000663bc18;  0 drivers
o000000000663bc48 .functor BUFZ 1, C4<z>; HiZ drive
v0000000006681900_0 .net "E", 0 0, o000000000663bc48;  0 drivers
v0000000006681860_0 .var "Q", 0 0;
o000000000663bca8 .functor BUFZ 1, C4<z>; HiZ drive
v0000000006680fa0_0 .net "R", 0 0, o000000000663bca8;  0 drivers
E_00000000065f0280 .event posedge, v0000000006680dc0_0;
S_0000000006324110 .scope module, "SB_DFFESS" "SB_DFFESS" 2 733;
 .timescale -12 -12;
    .port_info 0 /OUTPUT 1 "Q";
    .port_info 1 /INPUT 1 "C";
    .port_info 2 /INPUT 1 "E";
    .port_info 3 /INPUT 1 "S";
    .port_info 4 /INPUT 1 "D";
o000000000663bdc8 .functor BUFZ 1, C4<z>; HiZ drive
v0000000006681040_0 .net "C", 0 0, o000000000663bdc8;  0 drivers
o000000000663bdf8 .functor BUFZ 1, C4<z>; HiZ drive
v00000000066810e0_0 .net "D", 0 0, o000000000663bdf8;  0 drivers
o000000000663be28 .functor BUFZ 1, C4<z>; HiZ drive
v00000000066812c0_0 .net "E", 0 0, o000000000663be28;  0 drivers
v0000000006681180_0 .var "Q", 0 0;
o000000000663be88 .functor BUFZ 1, C4<z>; HiZ drive
v00000000066817c0_0 .net "S", 0 0, o000000000663be88;  0 drivers
E_00000000065f0340 .event posedge, v0000000006681040_0;
S_0000000006328700 .scope module, "SB_DFFN" "SB_DFFN" 2 876;
 .timescale -12 -12;
    .port_info 0 /OUTPUT 1 "Q";
    .port_info 1 /INPUT 1 "C";
    .port_info 2 /INPUT 1 "D";
o000000000663bfa8 .functor BUFZ 1, C4<z>; HiZ drive
v0000000006681220_0 .net "C", 0 0, o000000000663bfa8;  0 drivers
o000000000663bfd8 .functor BUFZ 1, C4<z>; HiZ drive
v0000000006680320_0 .net "D", 0 0, o000000000663bfd8;  0 drivers
v00000000066803c0_0 .var "Q", 0 0;
E_00000000065f04c0 .event negedge, v0000000006681220_0;
S_0000000006328890 .scope module, "SB_DFFNE" "SB_DFFNE" 2 914;
 .timescale -12 -12;
    .port_info 0 /OUTPUT 1 "Q";
    .port_info 1 /INPUT 1 "C";
    .port_info 2 /INPUT 1 "E";
    .port_info 3 /INPUT 1 "D";
o000000000663c0c8 .functor BUFZ 1, C4<z>; HiZ drive
v000000000668b3a0_0 .net "C", 0 0, o000000000663c0c8;  0 drivers
o000000000663c0f8 .functor BUFZ 1, C4<z>; HiZ drive
v000000000668c020_0 .net "D", 0 0, o000000000663c0f8;  0 drivers
o000000000663c128 .functor BUFZ 1, C4<z>; HiZ drive
v000000000668a4a0_0 .net "E", 0 0, o000000000663c128;  0 drivers
v000000000668a900_0 .var "Q", 0 0;
E_00000000065f0480 .event negedge, v000000000668b3a0_0;
S_0000000006328a20 .scope module, "SB_DFFNER" "SB_DFFNER" 2 1264;
 .timescale -12 -12;
    .port_info 0 /OUTPUT 1 "Q";
    .port_info 1 /INPUT 1 "C";
    .port_info 2 /INPUT 1 "E";
    .port_info 3 /INPUT 1 "R";
    .port_info 4 /INPUT 1 "D";
o000000000663c248 .functor BUFZ 1, C4<z>; HiZ drive
v000000000668bbc0_0 .net "C", 0 0, o000000000663c248;  0 drivers
o000000000663c278 .functor BUFZ 1, C4<z>; HiZ drive
v000000000668a720_0 .net "D", 0 0, o000000000663c278;  0 drivers
o000000000663c2a8 .functor BUFZ 1, C4<z>; HiZ drive
v000000000668c160_0 .net "E", 0 0, o000000000663c2a8;  0 drivers
v000000000668b1c0_0 .var "Q", 0 0;
o000000000663c308 .functor BUFZ 1, C4<z>; HiZ drive
v0000000006689dc0_0 .net "R", 0 0, o000000000663c308;  0 drivers
E_00000000065f0500/0 .event negedge, v000000000668bbc0_0;
E_00000000065f0500/1 .event posedge, v0000000006689dc0_0;
E_00000000065f0500 .event/or E_00000000065f0500/0, E_00000000065f0500/1;
S_0000000006332d70 .scope module, "SB_DFFNES" "SB_DFFNES" 2 1405;
 .timescale -12 -12;
    .port_info 0 /OUTPUT 1 "Q";
    .port_info 1 /INPUT 1 "C";
    .port_info 2 /INPUT 1 "E";
    .port_info 3 /INPUT 1 "S";
    .port_info 4 /INPUT 1 "D";
o000000000663c428 .functor BUFZ 1, C4<z>; HiZ drive
v000000000668b300_0 .net "C", 0 0, o000000000663c428;  0 drivers
o000000000663c458 .functor BUFZ 1, C4<z>; HiZ drive
v000000000668b120_0 .net "D", 0 0, o000000000663c458;  0 drivers
o000000000663c488 .functor BUFZ 1, C4<z>; HiZ drive
v000000000668a5e0_0 .net "E", 0 0, o000000000663c488;  0 drivers
v000000000668b260_0 .var "Q", 0 0;
o000000000663c4e8 .functor BUFZ 1, C4<z>; HiZ drive
v000000000668b440_0 .net "S", 0 0, o000000000663c4e8;  0 drivers
E_00000000065f0d80/0 .event negedge, v000000000668b300_0;
E_00000000065f0d80/1 .event posedge, v000000000668b440_0;
E_00000000065f0d80 .event/or E_00000000065f0d80/0, E_00000000065f0d80/1;
S_0000000006332f00 .scope module, "SB_DFFNESR" "SB_DFFNESR" 2 1203;
 .timescale -12 -12;
    .port_info 0 /OUTPUT 1 "Q";
    .port_info 1 /INPUT 1 "C";
    .port_info 2 /INPUT 1 "E";
    .port_info 3 /INPUT 1 "R";
    .port_info 4 /INPUT 1 "D";
o000000000663c608 .functor BUFZ 1, C4<z>; HiZ drive
v0000000006689e60_0 .net "C", 0 0, o000000000663c608;  0 drivers
o000000000663c638 .functor BUFZ 1, C4<z>; HiZ drive
v0000000006689d20_0 .net "D", 0 0, o000000000663c638;  0 drivers
o000000000663c668 .functor BUFZ 1, C4<z>; HiZ drive
v000000000668b4e0_0 .net "E", 0 0, o000000000663c668;  0 drivers
v000000000668a400_0 .var "Q", 0 0;
o000000000663c6c8 .functor BUFZ 1, C4<z>; HiZ drive
v000000000668b580_0 .net "R", 0 0, o000000000663c6c8;  0 drivers
E_00000000065f0c40 .event negedge, v0000000006689e60_0;
S_0000000006634260 .scope module, "SB_DFFNESS" "SB_DFFNESS" 2 1344;
 .timescale -12 -12;
    .port_info 0 /OUTPUT 1 "Q";
    .port_info 1 /INPUT 1 "C";
    .port_info 2 /INPUT 1 "E";
    .port_info 3 /INPUT 1 "S";
    .port_info 4 /INPUT 1 "D";
o000000000663c7e8 .functor BUFZ 1, C4<z>; HiZ drive
v0000000006689fa0_0 .net "C", 0 0, o000000000663c7e8;  0 drivers
o000000000663c818 .functor BUFZ 1, C4<z>; HiZ drive
v000000000668b620_0 .net "D", 0 0, o000000000663c818;  0 drivers
o000000000663c848 .functor BUFZ 1, C4<z>; HiZ drive
v000000000668aa40_0 .net "E", 0 0, o000000000663c848;  0 drivers
v000000000668aae0_0 .var "Q", 0 0;
o000000000663c8a8 .functor BUFZ 1, C4<z>; HiZ drive
v000000000668c0c0_0 .net "S", 0 0, o000000000663c8a8;  0 drivers
E_00000000065f1100 .event negedge, v0000000006689fa0_0;
S_0000000006633db0 .scope module, "SB_DFFNR" "SB_DFFNR" 2 1011;
 .timescale -12 -12;
    .port_info 0 /OUTPUT 1 "Q";
    .port_info 1 /INPUT 1 "C";
    .port_info 2 /INPUT 1 "R";
    .port_info 3 /INPUT 1 "D";
o000000000663c9c8 .functor BUFZ 1, C4<z>; HiZ drive
v000000000668bb20_0 .net "C", 0 0, o000000000663c9c8;  0 drivers
o000000000663c9f8 .functor BUFZ 1, C4<z>; HiZ drive
v000000000668b6c0_0 .net "D", 0 0, o000000000663c9f8;  0 drivers
v000000000668b080_0 .var "Q", 0 0;
o000000000663ca58 .functor BUFZ 1, C4<z>; HiZ drive
v000000000668a360_0 .net "R", 0 0, o000000000663ca58;  0 drivers
E_00000000065f0380/0 .event negedge, v000000000668bb20_0;
E_00000000065f0380/1 .event posedge, v000000000668a360_0;
E_00000000065f0380 .event/or E_00000000065f0380/0, E_00000000065f0380/1;
S_0000000006633f40 .scope module, "SB_DFFNS" "SB_DFFNS" 2 1132;
 .timescale -12 -12;
    .port_info 0 /OUTPUT 1 "Q";
    .port_info 1 /INPUT 1 "C";
    .port_info 2 /INPUT 1 "S";
    .port_info 3 /INPUT 1 "D";
o000000000663cb48 .functor BUFZ 1, C4<z>; HiZ drive
v000000000668ab80_0 .net "C", 0 0, o000000000663cb48;  0 drivers
o000000000663cb78 .functor BUFZ 1, C4<z>; HiZ drive
v000000000668acc0_0 .net "D", 0 0, o000000000663cb78;  0 drivers
v000000000668a540_0 .var "Q", 0 0;
o000000000663cbd8 .functor BUFZ 1, C4<z>; HiZ drive
v000000000668ac20_0 .net "S", 0 0, o000000000663cbd8;  0 drivers
E_00000000065f03c0/0 .event negedge, v000000000668ab80_0;
E_00000000065f03c0/1 .event posedge, v000000000668ac20_0;
E_00000000065f03c0 .event/or E_00000000065f03c0/0, E_00000000065f03c0/1;
S_00000000066340d0 .scope module, "SB_DFFNSR" "SB_DFFNSR" 2 961;
 .timescale -12 -12;
    .port_info 0 /OUTPUT 1 "Q";
    .port_info 1 /INPUT 1 "C";
    .port_info 2 /INPUT 1 "R";
    .port_info 3 /INPUT 1 "D";
o000000000663ccc8 .functor BUFZ 1, C4<z>; HiZ drive
v000000000668b760_0 .net "C", 0 0, o000000000663ccc8;  0 drivers
o000000000663ccf8 .functor BUFZ 1, C4<z>; HiZ drive
v000000000668b800_0 .net "D", 0 0, o000000000663ccf8;  0 drivers
v000000000668a040_0 .var "Q", 0 0;
o000000000663cd58 .functor BUFZ 1, C4<z>; HiZ drive
v000000000668c200_0 .net "R", 0 0, o000000000663cd58;  0 drivers
E_00000000065f1080 .event negedge, v000000000668b760_0;
S_0000000006633a90 .scope module, "SB_DFFNSS" "SB_DFFNSS" 2 1082;
 .timescale -12 -12;
    .port_info 0 /OUTPUT 1 "Q";
    .port_info 1 /INPUT 1 "C";
    .port_info 2 /INPUT 1 "S";
    .port_info 3 /INPUT 1 "D";
o000000000663ce48 .functor BUFZ 1, C4<z>; HiZ drive
v000000000668a0e0_0 .net "C", 0 0, o000000000663ce48;  0 drivers
o000000000663ce78 .functor BUFZ 1, C4<z>; HiZ drive
v000000000668b8a0_0 .net "D", 0 0, o000000000663ce78;  0 drivers
v000000000668ad60_0 .var "Q", 0 0;
o000000000663ced8 .functor BUFZ 1, C4<z>; HiZ drive
v000000000668ae00_0 .net "S", 0 0, o000000000663ced8;  0 drivers
E_00000000065f1180 .event negedge, v000000000668a0e0_0;
S_00000000066343f0 .scope module, "SB_DFFR" "SB_DFFR" 2 400;
 .timescale -12 -12;
    .port_info 0 /OUTPUT 1 "Q";
    .port_info 1 /INPUT 1 "C";
    .port_info 2 /INPUT 1 "R";
    .port_info 3 /INPUT 1 "D";
o000000000663cfc8 .functor BUFZ 1, C4<z>; HiZ drive
v000000000668a9a0_0 .net "C", 0 0, o000000000663cfc8;  0 drivers
o000000000663cff8 .functor BUFZ 1, C4<z>; HiZ drive
v000000000668b940_0 .net "D", 0 0, o000000000663cff8;  0 drivers
v000000000668a7c0_0 .var "Q", 0 0;
o000000000663d058 .functor BUFZ 1, C4<z>; HiZ drive
v000000000668aea0_0 .net "R", 0 0, o000000000663d058;  0 drivers
E_00000000065f0c80 .event posedge, v000000000668aea0_0, v000000000668a9a0_0;
S_0000000006634580 .scope module, "SB_DFFS" "SB_DFFS" 2 521;
 .timescale -12 -12;
    .port_info 0 /OUTPUT 1 "Q";
    .port_info 1 /INPUT 1 "C";
    .port_info 2 /INPUT 1 "S";
    .port_info 3 /INPUT 1 "D";
o000000000663d148 .functor BUFZ 1, C4<z>; HiZ drive
v000000000668a680_0 .net "C", 0 0, o000000000663d148;  0 drivers
o000000000663d178 .functor BUFZ 1, C4<z>; HiZ drive
v000000000668c2a0_0 .net "D", 0 0, o000000000663d178;  0 drivers
v000000000668a180_0 .var "Q", 0 0;
o000000000663d1d8 .functor BUFZ 1, C4<z>; HiZ drive
v000000000668bee0_0 .net "S", 0 0, o000000000663d1d8;  0 drivers
E_00000000065f0740 .event posedge, v000000000668bee0_0, v000000000668a680_0;
S_0000000006633c20 .scope module, "SB_DFFSR" "SB_DFFSR" 2 350;
 .timescale -12 -12;
    .port_info 0 /OUTPUT 1 "Q";
    .port_info 1 /INPUT 1 "C";
    .port_info 2 /INPUT 1 "R";
    .port_info 3 /INPUT 1 "D";
o000000000663d2c8 .functor BUFZ 1, C4<z>; HiZ drive
v0000000006689b40_0 .net "C", 0 0, o000000000663d2c8;  0 drivers
o000000000663d2f8 .functor BUFZ 1, C4<z>; HiZ drive
v000000000668b9e0_0 .net "D", 0 0, o000000000663d2f8;  0 drivers
v000000000668af40_0 .var "Q", 0 0;
o000000000663d358 .functor BUFZ 1, C4<z>; HiZ drive
v000000000668a220_0 .net "R", 0 0, o000000000663d358;  0 drivers
E_00000000065f0dc0 .event posedge, v0000000006689b40_0;
S_0000000006634710 .scope module, "SB_DFFSS" "SB_DFFSS" 2 471;
 .timescale -12 -12;
    .port_info 0 /OUTPUT 1 "Q";
    .port_info 1 /INPUT 1 "C";
    .port_info 2 /INPUT 1 "S";
    .port_info 3 /INPUT 1 "D";
o000000000663d448 .functor BUFZ 1, C4<z>; HiZ drive
v000000000668a2c0_0 .net "C", 0 0, o000000000663d448;  0 drivers
o000000000663d478 .functor BUFZ 1, C4<z>; HiZ drive
v0000000006689be0_0 .net "D", 0 0, o000000000663d478;  0 drivers
v000000000668bda0_0 .var "Q", 0 0;
o000000000663d4d8 .functor BUFZ 1, C4<z>; HiZ drive
v000000000668ba80_0 .net "S", 0 0, o000000000663d4d8;  0 drivers
E_00000000065f0e00 .event posedge, v000000000668a2c0_0;
S_00000000066348a0 .scope module, "SB_FILTER_50NS" "SB_FILTER_50NS" 2 2856;
 .timescale -12 -12;
    .port_info 0 /INPUT 1 "FILTERIN";
    .port_info 1 /OUTPUT 1 "FILTEROUT";
o000000000663d5c8 .functor BUFZ 1, C4<z>; HiZ drive
v000000000668afe0_0 .net "FILTERIN", 0 0, o000000000663d5c8;  0 drivers
o000000000663d5f8 .functor BUFZ 1, C4<z>; HiZ drive
v000000000668a860_0 .net "FILTEROUT", 0 0, o000000000663d5f8;  0 drivers
S_0000000006635ef0 .scope module, "SB_GB" "SB_GB" 2 162;
 .timescale -12 -12;
    .port_info 0 /INPUT 1 "USER_SIGNAL_TO_GLOBAL_BUFFER";
    .port_info 1 /OUTPUT 1 "GLOBAL_BUFFER_OUTPUT";
o000000000663d6b8 .functor BUFZ 1, C4<z>; HiZ drive
L_00000000065a5300 .functor BUFZ 1, o000000000663d6b8, C4<0>, C4<0>, C4<0>;
v000000000668bc60_0 .net "GLOBAL_BUFFER_OUTPUT", 0 0, L_00000000065a5300;  1 drivers
v0000000006689f00_0 .net "USER_SIGNAL_TO_GLOBAL_BUFFER", 0 0, o000000000663d6b8;  0 drivers
S_0000000006634dc0 .scope module, "SB_GB_IO" "SB_GB_IO" 2 123;
 .timescale -12 -12;
    .port_info 0 /INOUT 1 "PACKAGE_PIN";
    .port_info 1 /OUTPUT 1 "GLOBAL_BUFFER_OUTPUT";
    .port_info 2 /INPUT 1 "LATCH_INPUT_VALUE";
    .port_info 3 /INPUT 1 "CLOCK_ENABLE";
    .port_info 4 /INPUT 1 "INPUT_CLK";
    .port_info 5 /INPUT 1 "OUTPUT_CLK";
    .port_info 6 /INPUT 1 "OUTPUT_ENABLE";
    .port_info 7 /INPUT 1 "D_OUT_0";
    .port_info 8 /INPUT 1 "D_OUT_1";
    .port_info 9 /OUTPUT 1 "D_IN_0";
    .port_info 10 /OUTPUT 1 "D_IN_1";
P_00000000065ceec0 .param/str "IO_STANDARD" 0 2 139, "SB_LVCMOS";
P_00000000065ceef8 .param/l "NEG_TRIGGER" 0 2 138, C4<0>;
P_00000000065cef30 .param/l "PIN_TYPE" 0 2 136, C4<000000>;
P_00000000065cef68 .param/l "PULLUP" 0 2 137, C4<0>;
o000000000663d8f8 .functor BUFZ 1, C4<z>; HiZ drive
L_00000000065a4a40 .functor BUFZ 1, o000000000663d8f8, C4<0>, C4<0>, C4<0>;
o000000000663d748 .functor BUFZ 1, C4<z>; HiZ drive
v000000000668d6a0_0 .net "CLOCK_ENABLE", 0 0, o000000000663d748;  0 drivers
v000000000668cf20_0 .net "D_IN_0", 0 0, L_00000000065a42d0;  1 drivers
v000000000668cfc0_0 .net "D_IN_1", 0 0, L_00000000065a41f0;  1 drivers
o000000000663d7d8 .functor BUFZ 1, C4<z>; HiZ drive
v000000000668cca0_0 .net "D_OUT_0", 0 0, o000000000663d7d8;  0 drivers
o000000000663d808 .functor BUFZ 1, C4<z>; HiZ drive
v000000000668c840_0 .net "D_OUT_1", 0 0, o000000000663d808;  0 drivers
v000000000668d560_0 .net "GLOBAL_BUFFER_OUTPUT", 0 0, L_00000000065a4a40;  1 drivers
o000000000663d838 .functor BUFZ 1, C4<z>; HiZ drive
v000000000668cd40_0 .net "INPUT_CLK", 0 0, o000000000663d838;  0 drivers
o000000000663d868 .functor BUFZ 1, C4<z>; HiZ drive
v000000000668c8e0_0 .net "LATCH_INPUT_VALUE", 0 0, o000000000663d868;  0 drivers
o000000000663d898 .functor BUFZ 1, C4<z>; HiZ drive
v000000000668c980_0 .net "OUTPUT_CLK", 0 0, o000000000663d898;  0 drivers
o000000000663d8c8 .functor BUFZ 1, C4<z>; HiZ drive
v000000000668d2e0_0 .net "OUTPUT_ENABLE", 0 0, o000000000663d8c8;  0 drivers
v000000000668cde0_0 .net "PACKAGE_PIN", 0 0, o000000000663d8f8;  0 drivers
S_0000000006482dd0 .scope module, "IO" "SB_IO" 2 148, 2 17 0, S_0000000006634dc0;
 .timescale -12 -12;
    .port_info 0 /INOUT 1 "PACKAGE_PIN";
    .port_info 1 /INPUT 1 "LATCH_INPUT_VALUE";
    .port_info 2 /INPUT 1 "CLOCK_ENABLE";
    .port_info 3 /INPUT 1 "INPUT_CLK";
    .port_info 4 /INPUT 1 "OUTPUT_CLK";
    .port_info 5 /INPUT 1 "OUTPUT_ENABLE";
    .port_info 6 /INPUT 1 "D_OUT_0";
    .port_info 7 /INPUT 1 "D_OUT_1";
    .port_info 8 /OUTPUT 1 "D_IN_0";
    .port_info 9 /OUTPUT 1 "D_IN_1";
P_000000000662ada0 .param/str "IO_STANDARD" 0 2 32, "SB_LVCMOS";
P_000000000662add8 .param/l "NEG_TRIGGER" 0 2 31, C4<0>;
P_000000000662ae10 .param/l "PIN_TYPE" 0 2 29, C4<000000>;
P_000000000662ae48 .param/l "PULLUP" 0 2 30, C4<0>;
L_00000000065a5450 .functor OR 1, o000000000663d748, L_000000000672f2a0, C4<0>, C4<0>;
L_00000000065a42d0 .functor BUFZ 1, v000000000668c520_0, C4<0>, C4<0>, C4<0>;
L_00000000065a41f0 .functor BUFZ 1, v000000000668ca20_0, C4<0>, C4<0>, C4<0>;
v000000000668be40_0 .net "CLOCK_ENABLE", 0 0, o000000000663d748;  alias, 0 drivers
v000000000668bd00_0 .net "D_IN_0", 0 0, L_00000000065a42d0;  alias, 1 drivers
v000000000668bf80_0 .net "D_IN_1", 0 0, L_00000000065a41f0;  alias, 1 drivers
v0000000006689c80_0 .net "D_OUT_0", 0 0, o000000000663d7d8;  alias, 0 drivers
v000000000668c3e0_0 .net "D_OUT_1", 0 0, o000000000663d808;  alias, 0 drivers
v000000000668d420_0 .net "INPUT_CLK", 0 0, o000000000663d838;  alias, 0 drivers
v000000000668d100_0 .net "LATCH_INPUT_VALUE", 0 0, o000000000663d868;  alias, 0 drivers
v000000000668ce80_0 .net "OUTPUT_CLK", 0 0, o000000000663d898;  alias, 0 drivers
v000000000668d600_0 .net "OUTPUT_ENABLE", 0 0, o000000000663d8c8;  alias, 0 drivers
v000000000668c5c0_0 .net "PACKAGE_PIN", 0 0, o000000000663d8f8;  alias, 0 drivers
o000000000663d928 .functor BUFZ 1, C4<z>; HiZ drive
; Elide local net with no drivers, v000000000668cb60_0 name=_ivl_0
v000000000668d920_0 .net *"_ivl_2", 0 0, L_000000000672f2a0;  1 drivers
v000000000668d1a0_0 .net "clken_pulled", 0 0, L_00000000065a5450;  1 drivers
v000000000668c700_0 .var "clken_pulled_ri", 0 0;
v000000000668cac0_0 .var "clken_pulled_ro", 0 0;
v000000000668c520_0 .var "din_0", 0 0;
v000000000668ca20_0 .var "din_1", 0 0;
v000000000668d9c0_0 .var "din_q_0", 0 0;
v000000000668d380_0 .var "din_q_1", 0 0;
v000000000668cc00_0 .var "dout", 0 0;
v000000000668c660_0 .var "dout_q_0", 0 0;
v000000000668c340_0 .var "dout_q_1", 0 0;
v000000000668c480_0 .var "outclk_delayed_1", 0 0;
v000000000668c7a0_0 .var "outclk_delayed_2", 0 0;
v000000000668d880_0 .var "outena_q", 0 0;
E_00000000065f0400 .event anyedge, v000000000668c7a0_0, v000000000668c660_0, v000000000668c340_0;
E_00000000065f0440 .event anyedge, v000000000668c480_0;
E_00000000065f0640 .event anyedge, v000000000668ce80_0;
E_00000000065f0d00 .event anyedge, v000000000668d9c0_0, v000000000668d380_0;
L_000000000672f2a0 .cmp/eeq 1, o000000000663d748, o000000000663d928;
S_0000000006483730 .scope generate, "genblk1" "genblk1" 2 45, 2 45 0, S_0000000006482dd0;
 .timescale -12 -12;
E_00000000065f0540 .event posedge, v000000000668ce80_0;
E_00000000065f0b80 .event negedge, v000000000668ce80_0;
E_00000000065f11c0 .event negedge, v000000000668d420_0;
E_00000000065f0200 .event posedge, v000000000668d420_0;
S_0000000006635400 .scope module, "SB_HFOSC" "SB_HFOSC" 2 2664;
 .timescale -12 -12;
    .port_info 0 /INPUT 1 "TRIM0";
    .port_info 1 /INPUT 1 "TRIM1";
    .port_info 2 /INPUT 1 "TRIM2";
    .port_info 3 /INPUT 1 "TRIM3";
    .port_info 4 /INPUT 1 "TRIM4";
    .port_info 5 /INPUT 1 "TRIM5";
    .port_info 6 /INPUT 1 "TRIM6";
    .port_info 7 /INPUT 1 "TRIM7";
    .port_info 8 /INPUT 1 "TRIM8";
    .port_info 9 /INPUT 1 "TRIM9";
    .port_info 10 /INPUT 1 "CLKHFPU";
    .port_info 11 /INPUT 1 "CLKHFEN";
    .port_info 12 /OUTPUT 1 "CLKHF";
P_00000000064d98c0 .param/str "CLKHF_DIV" 0 2 2680, "0b00";
P_00000000064d98f8 .param/str "TRIM_EN" 0 2 2679, "0b0";
o000000000663e018 .functor BUFZ 1, C4<z>; HiZ drive
v000000000668d240_0 .net "CLKHF", 0 0, o000000000663e018;  0 drivers
o000000000663e048 .functor BUFZ 1, C4<z>; HiZ drive
v000000000668d060_0 .net "CLKHFEN", 0 0, o000000000663e048;  0 drivers
o000000000663e078 .functor BUFZ 1, C4<z>; HiZ drive
v000000000668d4c0_0 .net "CLKHFPU", 0 0, o000000000663e078;  0 drivers
o000000000663e0a8 .functor BUFZ 1, C4<z>; HiZ drive
v000000000668d740_0 .net "TRIM0", 0 0, o000000000663e0a8;  0 drivers
o000000000663e0d8 .functor BUFZ 1, C4<z>; HiZ drive
v000000000668d7e0_0 .net "TRIM1", 0 0, o000000000663e0d8;  0 drivers
o000000000663e108 .functor BUFZ 1, C4<z>; HiZ drive
v0000000006690cb0_0 .net "TRIM2", 0 0, o000000000663e108;  0 drivers
o000000000663e138 .functor BUFZ 1, C4<z>; HiZ drive
v0000000006690670_0 .net "TRIM3", 0 0, o000000000663e138;  0 drivers
o000000000663e168 .functor BUFZ 1, C4<z>; HiZ drive
v0000000006691110_0 .net "TRIM4", 0 0, o000000000663e168;  0 drivers
o000000000663e198 .functor BUFZ 1, C4<z>; HiZ drive
v0000000006690710_0 .net "TRIM5", 0 0, o000000000663e198;  0 drivers
o000000000663e1c8 .functor BUFZ 1, C4<z>; HiZ drive
v0000000006691610_0 .net "TRIM6", 0 0, o000000000663e1c8;  0 drivers
o000000000663e1f8 .functor BUFZ 1, C4<z>; HiZ drive
v0000000006691890_0 .net "TRIM7", 0 0, o000000000663e1f8;  0 drivers
o000000000663e228 .functor BUFZ 1, C4<z>; HiZ drive
v0000000006691930_0 .net "TRIM8", 0 0, o000000000663e228;  0 drivers
o000000000663e258 .functor BUFZ 1, C4<z>; HiZ drive
v00000000066919d0_0 .net "TRIM9", 0 0, o000000000663e258;  0 drivers
S_0000000006634f50 .scope module, "SB_I2C" "SB_I2C" 2 2733;
 .timescale -12 -12;
    .port_info 0 /INPUT 1 "SBCLKI";
    .port_info 1 /INPUT 1 "SBRWI";
    .port_info 2 /INPUT 1 "SBSTBI";
    .port_info 3 /INPUT 1 "SBADRI7";
    .port_info 4 /INPUT 1 "SBADRI6";
    .port_info 5 /INPUT 1 "SBADRI5";
    .port_info 6 /INPUT 1 "SBADRI4";
    .port_info 7 /INPUT 1 "SBADRI3";
    .port_info 8 /INPUT 1 "SBADRI2";
    .port_info 9 /INPUT 1 "SBADRI1";
    .port_info 10 /INPUT 1 "SBADRI0";
    .port_info 11 /INPUT 1 "SBDATI7";
    .port_info 12 /INPUT 1 "SBDATI6";
    .port_info 13 /INPUT 1 "SBDATI5";
    .port_info 14 /INPUT 1 "SBDATI4";
    .port_info 15 /INPUT 1 "SBDATI3";
    .port_info 16 /INPUT 1 "SBDATI2";
    .port_info 17 /INPUT 1 "SBDATI1";
    .port_info 18 /INPUT 1 "SBDATI0";
    .port_info 19 /INPUT 1 "SCLI";
    .port_info 20 /INPUT 1 "SDAI";
    .port_info 21 /OUTPUT 1 "SBDATO7";
    .port_info 22 /OUTPUT 1 "SBDATO6";
    .port_info 23 /OUTPUT 1 "SBDATO5";
    .port_info 24 /OUTPUT 1 "SBDATO4";
    .port_info 25 /OUTPUT 1 "SBDATO3";
    .port_info 26 /OUTPUT 1 "SBDATO2";
    .port_info 27 /OUTPUT 1 "SBDATO1";
    .port_info 28 /OUTPUT 1 "SBDATO0";
    .port_info 29 /OUTPUT 1 "SBACKO";
    .port_info 30 /OUTPUT 1 "I2CIRQ";
    .port_info 31 /OUTPUT 1 "I2CWKUP";
    .port_info 32 /OUTPUT 1 "SCLO";
    .port_info 33 /OUTPUT 1 "SCLOE";
    .port_info 34 /OUTPUT 1 "SDAO";
    .port_info 35 /OUTPUT 1 "SDAOE";
P_00000000064d9340 .param/str "BUS_ADDR74" 0 2 2772, "0b0001";
P_00000000064d9378 .param/str "I2C_SLAVE_INIT_ADDR" 0 2 2771, "0b1111100001";
o000000000663e4f8 .functor BUFZ 1, C4<z>; HiZ drive
v00000000066914d0_0 .net "I2CIRQ", 0 0, o000000000663e4f8;  0 drivers
o000000000663e528 .functor BUFZ 1, C4<z>; HiZ drive
v0000000006691390_0 .net "I2CWKUP", 0 0, o000000000663e528;  0 drivers
o000000000663e558 .functor BUFZ 1, C4<z>; HiZ drive
v0000000006690ad0_0 .net "SBACKO", 0 0, o000000000663e558;  0 drivers
o000000000663e588 .functor BUFZ 1, C4<z>; HiZ drive
v0000000006690850_0 .net "SBADRI0", 0 0, o000000000663e588;  0 drivers
o000000000663e5b8 .functor BUFZ 1, C4<z>; HiZ drive
v00000000066911b0_0 .net "SBADRI1", 0 0, o000000000663e5b8;  0 drivers
o000000000663e5e8 .functor BUFZ 1, C4<z>; HiZ drive
v0000000006690a30_0 .net "SBADRI2", 0 0, o000000000663e5e8;  0 drivers
o000000000663e618 .functor BUFZ 1, C4<z>; HiZ drive
v0000000006690c10_0 .net "SBADRI3", 0 0, o000000000663e618;  0 drivers
o000000000663e648 .functor BUFZ 1, C4<z>; HiZ drive
v0000000006690e90_0 .net "SBADRI4", 0 0, o000000000663e648;  0 drivers
o000000000663e678 .functor BUFZ 1, C4<z>; HiZ drive
v00000000066907b0_0 .net "SBADRI5", 0 0, o000000000663e678;  0 drivers
o000000000663e6a8 .functor BUFZ 1, C4<z>; HiZ drive
v00000000066908f0_0 .net "SBADRI6", 0 0, o000000000663e6a8;  0 drivers
o000000000663e6d8 .functor BUFZ 1, C4<z>; HiZ drive
v0000000006690fd0_0 .net "SBADRI7", 0 0, o000000000663e6d8;  0 drivers
o000000000663e708 .functor BUFZ 1, C4<z>; HiZ drive
v0000000006690490_0 .net "SBCLKI", 0 0, o000000000663e708;  0 drivers
o000000000663e738 .functor BUFZ 1, C4<z>; HiZ drive
v0000000006690350_0 .net "SBDATI0", 0 0, o000000000663e738;  0 drivers
o000000000663e768 .functor BUFZ 1, C4<z>; HiZ drive
v0000000006691250_0 .net "SBDATI1", 0 0, o000000000663e768;  0 drivers
o000000000663e798 .functor BUFZ 1, C4<z>; HiZ drive
v0000000006690990_0 .net "SBDATI2", 0 0, o000000000663e798;  0 drivers
o000000000663e7c8 .functor BUFZ 1, C4<z>; HiZ drive
v0000000006691070_0 .net "SBDATI3", 0 0, o000000000663e7c8;  0 drivers
o000000000663e7f8 .functor BUFZ 1, C4<z>; HiZ drive
v00000000066903f0_0 .net "SBDATI4", 0 0, o000000000663e7f8;  0 drivers
o000000000663e828 .functor BUFZ 1, C4<z>; HiZ drive
v0000000006691430_0 .net "SBDATI5", 0 0, o000000000663e828;  0 drivers
o000000000663e858 .functor BUFZ 1, C4<z>; HiZ drive
v0000000006690b70_0 .net "SBDATI6", 0 0, o000000000663e858;  0 drivers
o000000000663e888 .functor BUFZ 1, C4<z>; HiZ drive
v0000000006690530_0 .net "SBDATI7", 0 0, o000000000663e888;  0 drivers
o000000000663e8b8 .functor BUFZ 1, C4<z>; HiZ drive
v00000000066916b0_0 .net "SBDATO0", 0 0, o000000000663e8b8;  0 drivers
o000000000663e8e8 .functor BUFZ 1, C4<z>; HiZ drive
v0000000006690f30_0 .net "SBDATO1", 0 0, o000000000663e8e8;  0 drivers
o000000000663e918 .functor BUFZ 1, C4<z>; HiZ drive
v0000000006691570_0 .net "SBDATO2", 0 0, o000000000663e918;  0 drivers
o000000000663e948 .functor BUFZ 1, C4<z>; HiZ drive
v00000000066905d0_0 .net "SBDATO3", 0 0, o000000000663e948;  0 drivers
o000000000663e978 .functor BUFZ 1, C4<z>; HiZ drive
v0000000006690d50_0 .net "SBDATO4", 0 0, o000000000663e978;  0 drivers
o000000000663e9a8 .functor BUFZ 1, C4<z>; HiZ drive
v0000000006691750_0 .net "SBDATO5", 0 0, o000000000663e9a8;  0 drivers
o000000000663e9d8 .functor BUFZ 1, C4<z>; HiZ drive
v0000000006690df0_0 .net "SBDATO6", 0 0, o000000000663e9d8;  0 drivers
o000000000663ea08 .functor BUFZ 1, C4<z>; HiZ drive
v00000000066912f0_0 .net "SBDATO7", 0 0, o000000000663ea08;  0 drivers
o000000000663ea38 .functor BUFZ 1, C4<z>; HiZ drive
v00000000066917f0_0 .net "SBRWI", 0 0, o000000000663ea38;  0 drivers
o000000000663ea68 .functor BUFZ 1, C4<z>; HiZ drive
v000000000668dfb0_0 .net "SBSTBI", 0 0, o000000000663ea68;  0 drivers
o000000000663ea98 .functor BUFZ 1, C4<z>; HiZ drive
v000000000668e9b0_0 .net "SCLI", 0 0, o000000000663ea98;  0 drivers
o000000000663eac8 .functor BUFZ 1, C4<z>; HiZ drive
v000000000668e0f0_0 .net "SCLO", 0 0, o000000000663eac8;  0 drivers
o000000000663eaf8 .functor BUFZ 1, C4<z>; HiZ drive
v000000000668fb30_0 .net "SCLOE", 0 0, o000000000663eaf8;  0 drivers
o000000000663eb28 .functor BUFZ 1, C4<z>; HiZ drive
v000000000668e7d0_0 .net "SDAI", 0 0, o000000000663eb28;  0 drivers
o000000000663eb58 .functor BUFZ 1, C4<z>; HiZ drive
v000000000668fd10_0 .net "SDAO", 0 0, o000000000663eb58;  0 drivers
o000000000663eb88 .functor BUFZ 1, C4<z>; HiZ drive
v000000000668f090_0 .net "SDAOE", 0 0, o000000000663eb88;  0 drivers
S_00000000066350e0 .scope module, "SB_IO_I3C" "SB_IO_I3C" 2 2862;
 .timescale -12 -12;
    .port_info 0 /INOUT 1 "PACKAGE_PIN";
    .port_info 1 /INPUT 1 "LATCH_INPUT_VALUE";
    .port_info 2 /INPUT 1 "CLOCK_ENABLE";
    .port_info 3 /INPUT 1 "INPUT_CLK";
    .port_info 4 /INPUT 1 "OUTPUT_CLK";
    .port_info 5 /INPUT 1 "OUTPUT_ENABLE";
    .port_info 6 /INPUT 1 "D_OUT_0";
    .port_info 7 /INPUT 1 "D_OUT_1";
    .port_info 8 /OUTPUT 1 "D_IN_0";
    .port_info 9 /OUTPUT 1 "D_IN_1";
    .port_info 10 /INPUT 1 "PU_ENB";
    .port_info 11 /INPUT 1 "WEAK_PU_ENB";
P_00000000063ced20 .param/str "IO_STANDARD" 0 2 2880, "SB_LVCMOS";
P_00000000063ced58 .param/l "NEG_TRIGGER" 0 2 2879, C4<0>;
P_00000000063ced90 .param/l "PIN_TYPE" 0 2 2876, C4<000000>;
P_00000000063cedc8 .param/l "PULLUP" 0 2 2877, C4<0>;
P_00000000063cee00 .param/l "WEAK_PULLUP" 0 2 2878, C4<0>;
L_00000000065a4810 .functor BUFZ 1, v000000000668fbd0_0, C4<0>, C4<0>, C4<0>;
L_00000000065a4110 .functor BUFZ 1, v000000000668e550_0, C4<0>, C4<0>, C4<0>;
o000000000663f278 .functor BUFZ 1, C4<z>; HiZ drive
v000000000668e190_0 .net "CLOCK_ENABLE", 0 0, o000000000663f278;  0 drivers
v000000000668eff0_0 .net "D_IN_0", 0 0, L_00000000065a4810;  1 drivers
v000000000668ef50_0 .net "D_IN_1", 0 0, L_00000000065a4110;  1 drivers
o000000000663f308 .functor BUFZ 1, C4<z>; HiZ drive
v000000000668de70_0 .net "D_OUT_0", 0 0, o000000000663f308;  0 drivers
o000000000663f338 .functor BUFZ 1, C4<z>; HiZ drive
v000000000668f130_0 .net "D_OUT_1", 0 0, o000000000663f338;  0 drivers
o000000000663f368 .functor BUFZ 1, C4<z>; HiZ drive
v000000000668f1d0_0 .net "INPUT_CLK", 0 0, o000000000663f368;  0 drivers
o000000000663f398 .functor BUFZ 1, C4<z>; HiZ drive
v0000000006690170_0 .net "LATCH_INPUT_VALUE", 0 0, o000000000663f398;  0 drivers
o000000000663f3c8 .functor BUFZ 1, C4<z>; HiZ drive
v0000000006690210_0 .net "OUTPUT_CLK", 0 0, o000000000663f3c8;  0 drivers
o000000000663f3f8 .functor BUFZ 1, C4<z>; HiZ drive
v000000000668f270_0 .net "OUTPUT_ENABLE", 0 0, o000000000663f3f8;  0 drivers
o000000000663f428 .functor BUFZ 1, C4<z>; HiZ drive
v000000000668e870_0 .net "PACKAGE_PIN", 0 0, o000000000663f428;  0 drivers
o000000000663f458 .functor BUFZ 1, C4<z>; HiZ drive
v000000000668f310_0 .net "PU_ENB", 0 0, o000000000663f458;  0 drivers
o000000000663f488 .functor BUFZ 1, C4<z>; HiZ drive
v000000000668f3b0_0 .net "WEAK_PU_ENB", 0 0, o000000000663f488;  0 drivers
v000000000668fbd0_0 .var "din_0", 0 0;
v000000000668e550_0 .var "din_1", 0 0;
v000000000668e050_0 .var "din_q_0", 0 0;
v000000000668f450_0 .var "din_q_1", 0 0;
v00000000066902b0_0 .var "dout", 0 0;
v000000000668f4f0_0 .var "dout_q_0", 0 0;
v000000000668e230_0 .var "dout_q_1", 0 0;
v000000000668fdb0_0 .var "outclk_delayed_1", 0 0;
v000000000668df10_0 .var "outclk_delayed_2", 0 0;
v000000000668f590_0 .var "outena_q", 0 0;
E_00000000065f0580 .event anyedge, v000000000668df10_0, v000000000668f4f0_0, v000000000668e230_0;
E_00000000065f0bc0 .event anyedge, v000000000668fdb0_0;
E_00000000065f0240 .event anyedge, v0000000006690210_0;
E_00000000065f0880 .event anyedge, v000000000668e050_0, v000000000668f450_0;
S_0000000006483a50 .scope generate, "genblk1" "genblk1" 2 2888, 2 2888 0, S_00000000066350e0;
 .timescale -12 -12;
E_00000000065f0cc0 .event posedge, v0000000006690210_0;
E_00000000065f0f40 .event negedge, v0000000006690210_0;
E_00000000065f10c0 .event negedge, v000000000668f1d0_0;
E_00000000065f0980 .event posedge, v000000000668f1d0_0;
S_0000000006635590 .scope module, "SB_IO_OD" "SB_IO_OD" 2 2931;
 .timescale -12 -12;
    .port_info 0 /INOUT 1 "PACKAGEPIN";
    .port_info 1 /INPUT 1 "LATCHINPUTVALUE";
    .port_info 2 /INPUT 1 "CLOCKENABLE";
    .port_info 3 /INPUT 1 "INPUTCLK";
    .port_info 4 /INPUT 1 "OUTPUTCLK";
    .port_info 5 /INPUT 1 "OUTPUTENABLE";
    .port_info 6 /INPUT 1 "DOUT1";
    .port_info 7 /INPUT 1 "DOUT0";
    .port_info 8 /OUTPUT 1 "DIN1";
    .port_info 9 /OUTPUT 1 "DIN0";
P_00000000064d9e40 .param/l "NEG_TRIGGER" 0 2 2944, C4<0>;
P_00000000064d9e78 .param/l "PIN_TYPE" 0 2 2943, C4<000000>;
L_00000000065a45e0 .functor BUFZ 1, v000000000668db50_0, C4<0>, C4<0>, C4<0>;
L_00000000065a4e30 .functor BUFZ 1, v000000000668f810_0, C4<0>, C4<0>, C4<0>;
o000000000663f8d8 .functor BUFZ 1, C4<z>; HiZ drive
v000000000668fc70_0 .net "CLOCKENABLE", 0 0, o000000000663f8d8;  0 drivers
v000000000668e4b0_0 .net "DIN0", 0 0, L_00000000065a45e0;  1 drivers
v000000000668f630_0 .net "DIN1", 0 0, L_00000000065a4e30;  1 drivers
o000000000663f968 .functor BUFZ 1, C4<z>; HiZ drive
v000000000668f6d0_0 .net "DOUT0", 0 0, o000000000663f968;  0 drivers
o000000000663f998 .functor BUFZ 1, C4<z>; HiZ drive
v000000000668f770_0 .net "DOUT1", 0 0, o000000000663f998;  0 drivers
o000000000663f9c8 .functor BUFZ 1, C4<z>; HiZ drive
v000000000668fef0_0 .net "INPUTCLK", 0 0, o000000000663f9c8;  0 drivers
o000000000663f9f8 .functor BUFZ 1, C4<z>; HiZ drive
v000000000668e2d0_0 .net "LATCHINPUTVALUE", 0 0, o000000000663f9f8;  0 drivers
o000000000663fa28 .functor BUFZ 1, C4<z>; HiZ drive
v000000000668eaf0_0 .net "OUTPUTCLK", 0 0, o000000000663fa28;  0 drivers
o000000000663fa58 .functor BUFZ 1, C4<z>; HiZ drive
v000000000668ff90_0 .net "OUTPUTENABLE", 0 0, o000000000663fa58;  0 drivers
o000000000663fa88 .functor BUFZ 1, C4<z>; HiZ drive
v000000000668e410_0 .net "PACKAGEPIN", 0 0, o000000000663fa88;  0 drivers
v000000000668db50_0 .var "din_0", 0 0;
v000000000668f810_0 .var "din_1", 0 0;
v000000000668f8b0_0 .var "din_q_0", 0 0;
v000000000668e370_0 .var "din_q_1", 0 0;
v000000000668ed70_0 .var "dout", 0 0;
v000000000668e5f0_0 .var "dout_q_0", 0 0;
v000000000668e690_0 .var "dout_q_1", 0 0;
v000000000668e730_0 .var "outclk_delayed_1", 0 0;
v000000000668f950_0 .var "outclk_delayed_2", 0 0;
v000000000668f9f0_0 .var "outena_q", 0 0;
E_00000000065f0b40 .event anyedge, v000000000668f950_0, v000000000668e5f0_0, v000000000668e690_0;
E_00000000065f0d40 .event anyedge, v000000000668e730_0;
E_00000000065f05c0 .event anyedge, v000000000668eaf0_0;
E_00000000065f0a80 .event anyedge, v000000000668f8b0_0, v000000000668e370_0;
S_0000000006483be0 .scope generate, "genblk1" "genblk1" 2 2952, 2 2952 0, S_0000000006635590;
 .timescale -12 -12;
E_00000000065f02c0 .event posedge, v000000000668eaf0_0;
E_00000000065f0ac0 .event negedge, v000000000668eaf0_0;
E_00000000065f0700 .event negedge, v000000000668fef0_0;
E_00000000065f0800 .event posedge, v000000000668fef0_0;
S_0000000006636850 .scope module, "SB_LEDDA_IP" "SB_LEDDA_IP" 2 2830;
 .timescale -12 -12;
    .port_info 0 /INPUT 1 "LEDDCS";
    .port_info 1 /INPUT 1 "LEDDCLK";
    .port_info 2 /INPUT 1 "LEDDDAT7";
    .port_info 3 /INPUT 1 "LEDDDAT6";
    .port_info 4 /INPUT 1 "LEDDDAT5";
    .port_info 5 /INPUT 1 "LEDDDAT4";
    .port_info 6 /INPUT 1 "LEDDDAT3";
    .port_info 7 /INPUT 1 "LEDDDAT2";
    .port_info 8 /INPUT 1 "LEDDDAT1";
    .port_info 9 /INPUT 1 "LEDDDAT0";
    .port_info 10 /INPUT 1 "LEDDADDR3";
    .port_info 11 /INPUT 1 "LEDDADDR2";
    .port_info 12 /INPUT 1 "LEDDADDR1";
    .port_info 13 /INPUT 1 "LEDDADDR0";
    .port_info 14 /INPUT 1 "LEDDDEN";
    .port_info 15 /INPUT 1 "LEDDEXE";
    .port_info 16 /INPUT 1 "LEDDRST";
    .port_info 17 /OUTPUT 1 "PWMOUT0";
    .port_info 18 /OUTPUT 1 "PWMOUT1";
    .port_info 19 /OUTPUT 1 "PWMOUT2";
    .port_info 20 /OUTPUT 1 "LEDDON";
o000000000663fe78 .functor BUFZ 1, C4<z>; HiZ drive
v000000000668ecd0_0 .net "LEDDADDR0", 0 0, o000000000663fe78;  0 drivers
o000000000663fea8 .functor BUFZ 1, C4<z>; HiZ drive
v000000000668e910_0 .net "LEDDADDR1", 0 0, o000000000663fea8;  0 drivers
o000000000663fed8 .functor BUFZ 1, C4<z>; HiZ drive
v000000000668fe50_0 .net "LEDDADDR2", 0 0, o000000000663fed8;  0 drivers
o000000000663ff08 .functor BUFZ 1, C4<z>; HiZ drive
v000000000668ea50_0 .net "LEDDADDR3", 0 0, o000000000663ff08;  0 drivers
o000000000663ff38 .functor BUFZ 1, C4<z>; HiZ drive
v000000000668eb90_0 .net "LEDDCLK", 0 0, o000000000663ff38;  0 drivers
o000000000663ff68 .functor BUFZ 1, C4<z>; HiZ drive
v000000000668fa90_0 .net "LEDDCS", 0 0, o000000000663ff68;  0 drivers
o000000000663ff98 .functor BUFZ 1, C4<z>; HiZ drive
v000000000668ec30_0 .net "LEDDDAT0", 0 0, o000000000663ff98;  0 drivers
o000000000663ffc8 .functor BUFZ 1, C4<z>; HiZ drive
v000000000668ee10_0 .net "LEDDDAT1", 0 0, o000000000663ffc8;  0 drivers
o000000000663fff8 .functor BUFZ 1, C4<z>; HiZ drive
v000000000668dbf0_0 .net "LEDDDAT2", 0 0, o000000000663fff8;  0 drivers
o0000000006640028 .functor BUFZ 1, C4<z>; HiZ drive
v000000000668eeb0_0 .net "LEDDDAT3", 0 0, o0000000006640028;  0 drivers
o0000000006640058 .functor BUFZ 1, C4<z>; HiZ drive
v0000000006690030_0 .net "LEDDDAT4", 0 0, o0000000006640058;  0 drivers
o0000000006640088 .functor BUFZ 1, C4<z>; HiZ drive
v00000000066900d0_0 .net "LEDDDAT5", 0 0, o0000000006640088;  0 drivers
o00000000066400b8 .functor BUFZ 1, C4<z>; HiZ drive
v000000000668dc90_0 .net "LEDDDAT6", 0 0, o00000000066400b8;  0 drivers
o00000000066400e8 .functor BUFZ 1, C4<z>; HiZ drive
v000000000668dd30_0 .net "LEDDDAT7", 0 0, o00000000066400e8;  0 drivers
o0000000006640118 .functor BUFZ 1, C4<z>; HiZ drive
v000000000668ddd0_0 .net "LEDDDEN", 0 0, o0000000006640118;  0 drivers
o0000000006640148 .functor BUFZ 1, C4<z>; HiZ drive
v0000000006694720_0 .net "LEDDEXE", 0 0, o0000000006640148;  0 drivers
o0000000006640178 .functor BUFZ 1, C4<z>; HiZ drive
v00000000066959e0_0 .net "LEDDON", 0 0, o0000000006640178;  0 drivers
o00000000066401a8 .functor BUFZ 1, C4<z>; HiZ drive
v0000000006694900_0 .net "LEDDRST", 0 0, o00000000066401a8;  0 drivers
o00000000066401d8 .functor BUFZ 1, C4<z>; HiZ drive
v0000000006696660_0 .net "PWMOUT0", 0 0, o00000000066401d8;  0 drivers
o0000000006640208 .functor BUFZ 1, C4<z>; HiZ drive
v0000000006694fe0_0 .net "PWMOUT1", 0 0, o0000000006640208;  0 drivers
o0000000006640238 .functor BUFZ 1, C4<z>; HiZ drive
v0000000006696840_0 .net "PWMOUT2", 0 0, o0000000006640238;  0 drivers
S_0000000006635a40 .scope module, "SB_LED_DRV_CUR" "SB_LED_DRV_CUR" 2 2709;
 .timescale -12 -12;
    .port_info 0 /INPUT 1 "EN";
    .port_info 1 /OUTPUT 1 "LEDPU";
o0000000006640658 .functor BUFZ 1, C4<z>; HiZ drive
v00000000066947c0_0 .net "EN", 0 0, o0000000006640658;  0 drivers
o0000000006640688 .functor BUFZ 1, C4<z>; HiZ drive
v0000000006695f80_0 .net "LEDPU", 0 0, o0000000006640688;  0 drivers
S_0000000006635d60 .scope module, "SB_LFOSC" "SB_LFOSC" 2 2684;
 .timescale -12 -12;
    .port_info 0 /INPUT 1 "CLKLFPU";
    .port_info 1 /INPUT 1 "CLKLFEN";
    .port_info 2 /OUTPUT 1 "CLKLF";
o0000000006640718 .functor BUFZ 1, C4<z>; HiZ drive
v0000000006696480_0 .net "CLKLF", 0 0, o0000000006640718;  0 drivers
o0000000006640748 .functor BUFZ 1, C4<z>; HiZ drive
v00000000066944a0_0 .net "CLKLFEN", 0 0, o0000000006640748;  0 drivers
o0000000006640778 .functor BUFZ 1, C4<z>; HiZ drive
v00000000066968e0_0 .net "CLKLFPU", 0 0, o0000000006640778;  0 drivers
S_0000000006634c30 .scope module, "SB_LUT4" "SB_LUT4" 2 177;
 .timescale -12 -12;
    .port_info 0 /OUTPUT 1 "O";
    .port_info 1 /INPUT 1 "I0";
    .port_info 2 /INPUT 1 "I1";
    .port_info 3 /INPUT 1 "I2";
    .port_info 4 /INPUT 1 "I3";
P_00000000065ef240 .param/l "LUT_INIT" 0 2 184, C4<0000000000000000>;
o0000000006640838 .functor BUFZ 1, C4<z>; HiZ drive
v0000000006695e40_0 .net "I0", 0 0, o0000000006640838;  0 drivers
o0000000006640868 .functor BUFZ 1, C4<z>; HiZ drive
v00000000066949a0_0 .net "I1", 0 0, o0000000006640868;  0 drivers
o0000000006640898 .functor BUFZ 1, C4<z>; HiZ drive
v00000000066963e0_0 .net "I2", 0 0, o0000000006640898;  0 drivers
o00000000066408c8 .functor BUFZ 1, C4<z>; HiZ drive
v0000000006696520_0 .net "I3", 0 0, o00000000066408c8;  0 drivers
v00000000066958a0_0 .net "O", 0 0, L_0000000006731be0;  1 drivers
L_00000000066d2b40 .functor BUFT 1, C4<00000000>, C4<0>, C4<0>, C4<0>;
v0000000006694b80_0 .net/2u *"_ivl_0", 7 0, L_00000000066d2b40;  1 drivers
v0000000006695080_0 .net *"_ivl_13", 1 0, L_000000000672fca0;  1 drivers
v0000000006694e00_0 .net *"_ivl_15", 1 0, L_00000000067315a0;  1 drivers
v0000000006696ac0_0 .net *"_ivl_19", 0 0, L_00000000067310a0;  1 drivers
L_00000000066d2b88 .functor BUFT 1, C4<00000000>, C4<0>, C4<0>, C4<0>;
v00000000066954e0_0 .net/2u *"_ivl_2", 7 0, L_00000000066d2b88;  1 drivers
v0000000006694c20_0 .net *"_ivl_21", 0 0, L_0000000006730420;  1 drivers
v0000000006695260_0 .net *"_ivl_7", 3 0, L_000000000672fd40;  1 drivers
v0000000006696020_0 .net *"_ivl_9", 3 0, L_0000000006731640;  1 drivers
v0000000006694360_0 .net "s1", 1 0, L_0000000006731280;  1 drivers
v0000000006696160_0 .net "s2", 3 0, L_0000000006732040;  1 drivers
v00000000066956c0_0 .net "s3", 7 0, L_000000000672f5c0;  1 drivers
L_000000000672f5c0 .functor MUXZ 8, L_00000000066d2b88, L_00000000066d2b40, o00000000066408c8, C4<>;
L_000000000672fd40 .part L_000000000672f5c0, 4, 4;
L_0000000006731640 .part L_000000000672f5c0, 0, 4;
L_0000000006732040 .functor MUXZ 4, L_0000000006731640, L_000000000672fd40, o0000000006640898, C4<>;
L_000000000672fca0 .part L_0000000006732040, 2, 2;
L_00000000067315a0 .part L_0000000006732040, 0, 2;
L_0000000006731280 .functor MUXZ 2, L_00000000067315a0, L_000000000672fca0, o0000000006640868, C4<>;
L_00000000067310a0 .part L_0000000006731280, 1, 1;
L_0000000006730420 .part L_0000000006731280, 0, 1;
L_0000000006731be0 .functor MUXZ 1, L_0000000006730420, L_00000000067310a0, o0000000006640838, C4<>;
S_0000000006634aa0 .scope module, "SB_MAC16" "SB_MAC16" 2 2996;
 .timescale -12 -12;
    .port_info 0 /INPUT 1 "CLK";
    .port_info 1 /INPUT 1 "CE";
    .port_info 2 /INPUT 16 "C";
    .port_info 3 /INPUT 16 "A";
    .port_info 4 /INPUT 16 "B";
    .port_info 5 /INPUT 16 "D";
    .port_info 6 /INPUT 1 "AHOLD";
    .port_info 7 /INPUT 1 "BHOLD";
    .port_info 8 /INPUT 1 "CHOLD";
    .port_info 9 /INPUT 1 "DHOLD";
    .port_info 10 /INPUT 1 "IRSTTOP";
    .port_info 11 /INPUT 1 "IRSTBOT";
    .port_info 12 /INPUT 1 "ORSTTOP";
    .port_info 13 /INPUT 1 "ORSTBOT";
    .port_info 14 /INPUT 1 "OLOADTOP";
    .port_info 15 /INPUT 1 "OLOADBOT";
    .port_info 16 /INPUT 1 "ADDSUBTOP";
    .port_info 17 /INPUT 1 "ADDSUBBOT";
    .port_info 18 /INPUT 1 "OHOLDTOP";
    .port_info 19 /INPUT 1 "OHOLDBOT";
    .port_info 20 /INPUT 1 "CI";
    .port_info 21 /INPUT 1 "ACCUMCI";
    .port_info 22 /INPUT 1 "SIGNEXTIN";
    .port_info 23 /OUTPUT 32 "O";
    .port_info 24 /OUTPUT 1 "CO";
    .port_info 25 /OUTPUT 1 "ACCUMCO";
    .port_info 26 /OUTPUT 1 "SIGNEXTOUT";
P_0000000006331080 .param/l "A_REG" 0 2 3011, C4<0>;
P_00000000063310b8 .param/l "A_SIGNED" 0 2 3027, C4<0>;
P_00000000063310f0 .param/l "BOTADDSUB_CARRYSELECT" 0 2 3025, C4<00>;
P_0000000006331128 .param/l "BOTADDSUB_LOWERINPUT" 0 2 3023, C4<00>;
P_0000000006331160 .param/l "BOTADDSUB_UPPERINPUT" 0 2 3024, C4<0>;
P_0000000006331198 .param/l "BOTOUTPUT_SELECT" 0 2 3022, C4<00>;
P_00000000063311d0 .param/l "BOT_8x8_MULT_REG" 0 2 3015, C4<0>;
P_0000000006331208 .param/l "B_REG" 0 2 3012, C4<0>;
P_0000000006331240 .param/l "B_SIGNED" 0 2 3028, C4<0>;
P_0000000006331278 .param/l "C_REG" 0 2 3010, C4<0>;
P_00000000063312b0 .param/l "D_REG" 0 2 3013, C4<0>;
P_00000000063312e8 .param/l "MODE_8x8" 0 2 3026, C4<0>;
P_0000000006331320 .param/l "NEG_TRIGGER" 0 2 3009, C4<0>;
P_0000000006331358 .param/l "PIPELINE_16x16_MULT_REG1" 0 2 3016, C4<0>;
P_0000000006331390 .param/l "PIPELINE_16x16_MULT_REG2" 0 2 3017, C4<0>;
P_00000000063313c8 .param/l "TOPADDSUB_CARRYSELECT" 0 2 3021, C4<00>;
P_0000000006331400 .param/l "TOPADDSUB_LOWERINPUT" 0 2 3019, C4<00>;
P_0000000006331438 .param/l "TOPADDSUB_UPPERINPUT" 0 2 3020, C4<0>;
P_0000000006331470 .param/l "TOPOUTPUT_SELECT" 0 2 3018, C4<00>;
P_00000000063314a8 .param/l "TOP_8x8_MULT_REG" 0 2 3014, C4<0>;
o0000000006640f28 .functor BUFZ 1, C4<z>; HiZ drive
L_00000000066d2bd0 .functor BUFT 1, C4<0>, C4<0>, C4<0>, C4<0>;
L_00000000065a49d0 .functor XOR 1, o0000000006640f28, L_00000000066d2bd0, C4<0>, C4<0>;
o0000000006640e68 .functor BUFZ 16, C4<zzzzzzzzzzzzzzzz>; HiZ drive
L_00000000065a4730 .functor BUFZ 16, o0000000006640e68, C4<0000000000000000>, C4<0000000000000000>, C4<0000000000000000>;
o0000000006640c28 .functor BUFZ 16, C4<zzzzzzzzzzzzzzzz>; HiZ drive
L_00000000065a47a0 .functor BUFZ 16, o0000000006640c28, C4<0000000000000000>, C4<0000000000000000>, C4<0000000000000000>;
o0000000006640da8 .functor BUFZ 16, C4<zzzzzzzzzzzzzzzz>; HiZ drive
L_00000000065a48f0 .functor BUFZ 16, o0000000006640da8, C4<0000000000000000>, C4<0000000000000000>, C4<0000000000000000>;
o0000000006640f88 .functor BUFZ 16, C4<zzzzzzzzzzzzzzzz>; HiZ drive
L_00000000065a5ae0 .functor BUFZ 16, o0000000006640f88, C4<0000000000000000>, C4<0000000000000000>, C4<0000000000000000>;
L_00000000065a5920 .functor BUFZ 16, L_0000000006731dc0, C4<0000000000000000>, C4<0000000000000000>, C4<0000000000000000>;
L_00000000065a54c0 .functor BUFZ 16, L_0000000006730ce0, C4<0000000000000000>, C4<0000000000000000>, C4<0000000000000000>;
L_00000000065a55a0 .functor BUFZ 16, L_0000000006730240, C4<0000000000000000>, C4<0000000000000000>, C4<0000000000000000>;
L_00000000065a53e0 .functor BUFZ 16, L_0000000006732180, C4<0000000000000000>, C4<0000000000000000>, C4<0000000000000000>;
L_00000000065a4960 .functor BUFZ 32, L_0000000006731780, C4<00000000000000000000000000000000>, C4<00000000000000000000000000000000>, C4<00000000000000000000000000000000>;
L_00000000065a4ab0 .functor BUFZ 16, v0000000006693fa0_0, C4<0000000000000000>, C4<0000000000000000>, C4<0000000000000000>;
L_00000000065a4ce0 .functor BUFZ 16, L_00000000065a47a0, C4<0000000000000000>, C4<0000000000000000>, C4<0000000000000000>;
L_00000000065a5370 .functor XOR 17, L_000000000672ffc0, L_0000000006731a00, C4<00000000000000000>, C4<00000000000000000>;
o0000000006640ce8 .functor BUFZ 1, C4<z>; HiZ drive
L_00000000065a4180 .functor XOR 1, L_00000000067318c0, o0000000006640ce8, C4<0>, C4<0>;
L_00000000065a4b20 .functor XOR 16, L_000000000672fac0, L_00000000067302e0, C4<0000000000000000>, C4<0000000000000000>;
L_00000000065a51b0 .functor BUFZ 16, L_00000000067306a0, C4<0000000000000000>, C4<0000000000000000>, C4<0000000000000000>;
L_00000000065a4b90 .functor BUFZ 16, v0000000006692e20_0, C4<0000000000000000>, C4<0000000000000000>, C4<0000000000000000>;
L_00000000065a5990 .functor BUFZ 16, L_00000000065a48f0, C4<0000000000000000>, C4<0000000000000000>, C4<0000000000000000>;
L_00000000065a4030 .functor XOR 17, L_0000000006730600, L_0000000006730ba0, C4<00000000000000000>, C4<00000000000000000>;
L_00000000065a4c00 .functor XOR 16, L_000000000672fc00, L_0000000006731d20, C4<0000000000000000>, C4<0000000000000000>;
L_00000000065a4f10 .functor BUFZ 16, L_00000000067304c0, C4<0000000000000000>, C4<0000000000000000>, C4<0000000000000000>;
v0000000006695940_0 .net "A", 15 0, o0000000006640c28;  0 drivers
o0000000006640c58 .functor BUFZ 1, C4<z>; HiZ drive
v0000000006694a40_0 .net "ACCUMCI", 0 0, o0000000006640c58;  0 drivers
v0000000006696a20_0 .net "ACCUMCO", 0 0, L_00000000067318c0;  1 drivers
o0000000006640cb8 .functor BUFZ 1, C4<z>; HiZ drive
v0000000006694680_0 .net "ADDSUBBOT", 0 0, o0000000006640cb8;  0 drivers
v0000000006695120_0 .net "ADDSUBTOP", 0 0, o0000000006640ce8;  0 drivers
o0000000006640d18 .functor BUFZ 1, C4<z>; HiZ drive
v0000000006695300_0 .net "AHOLD", 0 0, o0000000006640d18;  0 drivers
v0000000006694ae0_0 .net "Ah", 15 0, L_0000000006731500;  1 drivers
v0000000006694d60_0 .net "Al", 15 0, L_000000000672fa20;  1 drivers
v00000000066960c0_0 .net "B", 15 0, o0000000006640da8;  0 drivers
o0000000006640dd8 .functor BUFZ 1, C4<z>; HiZ drive
v0000000006695d00_0 .net "BHOLD", 0 0, o0000000006640dd8;  0 drivers
v0000000006695a80_0 .net "Bh", 15 0, L_0000000006731820;  1 drivers
v0000000006696700_0 .net "Bl", 15 0, L_000000000672fde0;  1 drivers
v0000000006694860_0 .net "C", 15 0, o0000000006640e68;  0 drivers
o0000000006640e98 .functor BUFZ 1, C4<z>; HiZ drive
v00000000066967a0_0 .net "CE", 0 0, o0000000006640e98;  0 drivers
o0000000006640ec8 .functor BUFZ 1, C4<z>; HiZ drive
v0000000006694400_0 .net "CHOLD", 0 0, o0000000006640ec8;  0 drivers
o0000000006640ef8 .functor BUFZ 1, C4<z>; HiZ drive
v0000000006694cc0_0 .net "CI", 0 0, o0000000006640ef8;  0 drivers
v0000000006696200_0 .net "CLK", 0 0, o0000000006640f28;  0 drivers
v0000000006695ee0_0 .net "CO", 0 0, L_00000000065a4180;  1 drivers
v0000000006694ea0_0 .net "D", 15 0, o0000000006640f88;  0 drivers
o0000000006640fb8 .functor BUFZ 1, C4<z>; HiZ drive
v0000000006694f40_0 .net "DHOLD", 0 0, o0000000006640fb8;  0 drivers
L_00000000066d3128 .functor BUFT 1, C4<0>, C4<0>, C4<0>, C4<0>;
v00000000066962a0_0 .net "HCI", 0 0, L_00000000066d3128;  1 drivers
o0000000006641018 .functor BUFZ 1, C4<z>; HiZ drive
v00000000066951c0_0 .net "IRSTBOT", 0 0, o0000000006641018;  0 drivers
o0000000006641048 .functor BUFZ 1, C4<z>; HiZ drive
v00000000066953a0_0 .net "IRSTTOP", 0 0, o0000000006641048;  0 drivers
L_00000000066d3248 .functor BUFT 1, C4<0>, C4<0>, C4<0>, C4<0>;
v0000000006696340_0 .net "LCI", 0 0, L_00000000066d3248;  1 drivers
v0000000006695bc0_0 .net "LCO", 0 0, L_0000000006730380;  1 drivers
v0000000006695760_0 .net "O", 31 0, L_0000000006731f00;  1 drivers
o0000000006641108 .functor BUFZ 1, C4<z>; HiZ drive
v0000000006695da0_0 .net "OHOLDBOT", 0 0, o0000000006641108;  0 drivers
o0000000006641138 .functor BUFZ 1, C4<z>; HiZ drive
v0000000006696980_0 .net "OHOLDTOP", 0 0, o0000000006641138;  0 drivers
o0000000006641168 .functor BUFZ 1, C4<z>; HiZ drive
v0000000006695440_0 .net "OLOADBOT", 0 0, o0000000006641168;  0 drivers
o0000000006641198 .functor BUFZ 1, C4<z>; HiZ drive
v0000000006695580_0 .net "OLOADTOP", 0 0, o0000000006641198;  0 drivers
o00000000066411c8 .functor BUFZ 1, C4<z>; HiZ drive
v0000000006695620_0 .net "ORSTBOT", 0 0, o00000000066411c8;  0 drivers
o00000000066411f8 .functor BUFZ 1, C4<z>; HiZ drive
v0000000006695800_0 .net "ORSTTOP", 0 0, o00000000066411f8;  0 drivers
v0000000006694540_0 .net "Oh", 15 0, L_00000000065a51b0;  1 drivers
v0000000006695b20_0 .net "Ol", 15 0, L_00000000065a4f10;  1 drivers
o0000000006641288 .functor BUFZ 1, C4<z>; HiZ drive
v00000000066945e0_0 .net "SIGNEXTIN", 0 0, o0000000006641288;  0 drivers
v0000000006695c60_0 .net "SIGNEXTOUT", 0 0, L_0000000006731e60;  1 drivers
v00000000066965c0_0 .net "XW", 15 0, L_000000000672fac0;  1 drivers
v0000000006696de0_0 .net "YZ", 15 0, L_000000000672fc00;  1 drivers
v00000000066992c0_0 .net/2u *"_ivl_0", 0 0, L_00000000066d2bd0;  1 drivers
v0000000006697420_0 .net *"_ivl_100", 31 0, L_0000000006730920;  1 drivers
L_00000000066d2fc0 .functor BUFT 1, C4<0000000000000000>, C4<0>, C4<0>, C4<0>;
v0000000006698820_0 .net *"_ivl_103", 15 0, L_00000000066d2fc0;  1 drivers
v0000000006698320_0 .net *"_ivl_104", 31 0, L_00000000067316e0;  1 drivers
v0000000006698140_0 .net *"_ivl_106", 15 0, L_00000000067313c0;  1 drivers
L_00000000066d3008 .functor BUFT 1, C4<0000000000000000>, C4<0>, C4<0>, C4<0>;
v0000000006698280_0 .net *"_ivl_108", 15 0, L_00000000066d3008;  1 drivers
L_00000000066d2c18 .functor BUFT 1, C4<00000000>, C4<0>, C4<0>, C4<0>;
v00000000066981e0_0 .net/2u *"_ivl_12", 7 0, L_00000000066d2c18;  1 drivers
v0000000006697100_0 .net *"_ivl_121", 16 0, L_000000000672fb60;  1 drivers
L_00000000066d3050 .functor BUFT 1, C4<0>, C4<0>, C4<0>, C4<0>;
v0000000006697a60_0 .net *"_ivl_124", 0 0, L_00000000066d3050;  1 drivers
v0000000006699040_0 .net *"_ivl_125", 16 0, L_000000000672ffc0;  1 drivers
L_00000000066d3098 .functor BUFT 1, C4<0>, C4<0>, C4<0>, C4<0>;
v0000000006698be0_0 .net *"_ivl_128", 0 0, L_00000000066d3098;  1 drivers
v00000000066983c0_0 .net *"_ivl_129", 15 0, L_0000000006731960;  1 drivers
v00000000066986e0_0 .net *"_ivl_131", 16 0, L_0000000006731a00;  1 drivers
L_00000000066d30e0 .functor BUFT 1, C4<0>, C4<0>, C4<0>, C4<0>;
v0000000006698460_0 .net *"_ivl_134", 0 0, L_00000000066d30e0;  1 drivers
v0000000006697060_0 .net *"_ivl_135", 16 0, L_00000000065a5370;  1 drivers
v00000000066990e0_0 .net *"_ivl_137", 16 0, L_00000000067301a0;  1 drivers
L_00000000066d3560 .functor BUFT 1, C4<00000000000000000>, C4<0>, C4<0>, C4<0>;
v00000000066985a0_0 .net *"_ivl_139", 16 0, L_00000000066d3560;  1 drivers
v0000000006696fc0_0 .net *"_ivl_143", 16 0, L_0000000006730880;  1 drivers
v0000000006698780_0 .net *"_ivl_147", 15 0, L_00000000067302e0;  1 drivers
v0000000006697ce0_0 .net *"_ivl_149", 15 0, L_00000000065a4b20;  1 drivers
v0000000006698c80_0 .net *"_ivl_15", 7 0, L_0000000006730740;  1 drivers
v0000000006696ca0_0 .net *"_ivl_168", 16 0, L_0000000006731aa0;  1 drivers
L_00000000066d3170 .functor BUFT 1, C4<0>, C4<0>, C4<0>, C4<0>;
v0000000006699180_0 .net *"_ivl_171", 0 0, L_00000000066d3170;  1 drivers
v00000000066977e0_0 .net *"_ivl_172", 16 0, L_0000000006730600;  1 drivers
L_00000000066d31b8 .functor BUFT 1, C4<0>, C4<0>, C4<0>, C4<0>;
v00000000066971a0_0 .net *"_ivl_175", 0 0, L_00000000066d31b8;  1 drivers
v0000000006696e80_0 .net *"_ivl_176", 15 0, L_0000000006730b00;  1 drivers
v0000000006698b40_0 .net *"_ivl_178", 16 0, L_0000000006730ba0;  1 drivers
L_00000000066d2c60 .functor BUFT 1, C4<00000000>, C4<0>, C4<0>, C4<0>;
v0000000006698d20_0 .net/2u *"_ivl_18", 7 0, L_00000000066d2c60;  1 drivers
L_00000000066d3200 .functor BUFT 1, C4<0>, C4<0>, C4<0>, C4<0>;
v0000000006699220_0 .net *"_ivl_181", 0 0, L_00000000066d3200;  1 drivers
v00000000066972e0_0 .net *"_ivl_182", 16 0, L_00000000065a4030;  1 drivers
v0000000006697240_0 .net *"_ivl_184", 16 0, L_0000000006730c40;  1 drivers
L_00000000066d35a8 .functor BUFT 1, C4<00000000000000000>, C4<0>, C4<0>, C4<0>;
v0000000006696f20_0 .net *"_ivl_186", 16 0, L_00000000066d35a8;  1 drivers
v0000000006697b00_0 .net *"_ivl_190", 16 0, L_0000000006730d80;  1 drivers
v0000000006697d80_0 .net *"_ivl_192", 15 0, L_0000000006731d20;  1 drivers
v00000000066974c0_0 .net *"_ivl_194", 15 0, L_00000000065a4c00;  1 drivers
v0000000006697ba0_0 .net *"_ivl_21", 7 0, L_00000000067307e0;  1 drivers
L_00000000066d2ca8 .functor BUFT 1, C4<00000000>, C4<0>, C4<0>, C4<0>;
v00000000066988c0_0 .net/2u *"_ivl_24", 7 0, L_00000000066d2ca8;  1 drivers
v0000000006696b60_0 .net *"_ivl_27", 7 0, L_00000000067320e0;  1 drivers
L_00000000066d2cf0 .functor BUFT 1, C4<00000000>, C4<0>, C4<0>, C4<0>;
v0000000006698960_0 .net/2u *"_ivl_30", 7 0, L_00000000066d2cf0;  1 drivers
v0000000006697ec0_0 .net *"_ivl_33", 7 0, L_0000000006731460;  1 drivers
L_00000000066d2d38 .functor BUFT 1, C4<00000000>, C4<0>, C4<0>, C4<0>;
v0000000006697380_0 .net/2u *"_ivl_38", 7 0, L_00000000066d2d38;  1 drivers
v0000000006698500_0 .net *"_ivl_41", 7 0, L_0000000006730560;  1 drivers
v0000000006698fa0_0 .net *"_ivl_42", 15 0, L_0000000006731b40;  1 drivers
L_00000000066d2d80 .functor BUFT 1, C4<00000000>, C4<0>, C4<0>, C4<0>;
v0000000006698dc0_0 .net/2u *"_ivl_46", 7 0, L_00000000066d2d80;  1 drivers
v0000000006696c00_0 .net *"_ivl_49", 7 0, L_0000000006731140;  1 drivers
v0000000006697560_0 .net *"_ivl_50", 15 0, L_0000000006730e20;  1 drivers
L_00000000066d2dc8 .functor BUFT 1, C4<00000000>, C4<0>, C4<0>, C4<0>;
v0000000006697600_0 .net/2u *"_ivl_64", 7 0, L_00000000066d2dc8;  1 drivers
L_00000000066d2e10 .functor BUFT 1, C4<00000000>, C4<0>, C4<0>, C4<0>;
v0000000006697f60_0 .net/2u *"_ivl_68", 7 0, L_00000000066d2e10;  1 drivers
v00000000066980a0_0 .net *"_ivl_72", 31 0, L_0000000006730100;  1 drivers
L_00000000066d2e58 .functor BUFT 1, C4<0000000000000000>, C4<0>, C4<0>, C4<0>;
v0000000006698000_0 .net *"_ivl_75", 15 0, L_00000000066d2e58;  1 drivers
v0000000006698a00_0 .net *"_ivl_76", 31 0, L_000000000672ff20;  1 drivers
L_00000000066d2ea0 .functor BUFT 1, C4<00000000>, C4<0>, C4<0>, C4<0>;
v00000000066976a0_0 .net *"_ivl_79", 7 0, L_00000000066d2ea0;  1 drivers
v0000000006696d40_0 .net *"_ivl_80", 31 0, L_0000000006731320;  1 drivers
v0000000006697740_0 .net *"_ivl_82", 23 0, L_0000000006730f60;  1 drivers
L_00000000066d2ee8 .functor BUFT 1, C4<00000000>, C4<0>, C4<0>, C4<0>;
v0000000006697880_0 .net *"_ivl_84", 7 0, L_00000000066d2ee8;  1 drivers
v0000000006697920_0 .net *"_ivl_86", 31 0, L_0000000006731c80;  1 drivers
v00000000066979c0_0 .net *"_ivl_88", 31 0, L_0000000006731fa0;  1 drivers
L_00000000066d2f30 .functor BUFT 1, C4<00000000>, C4<0>, C4<0>, C4<0>;
v0000000006697c40_0 .net *"_ivl_91", 7 0, L_00000000066d2f30;  1 drivers
v0000000006697e20_0 .net *"_ivl_92", 31 0, L_0000000006730060;  1 drivers
v0000000006698640_0 .net *"_ivl_94", 23 0, L_000000000672fe80;  1 drivers
L_00000000066d2f78 .functor BUFT 1, C4<00000000>, C4<0>, C4<0>, C4<0>;
v0000000006698aa0_0 .net *"_ivl_96", 7 0, L_00000000066d2f78;  1 drivers
v0000000006698e60_0 .net *"_ivl_98", 31 0, L_0000000006730a60;  1 drivers
v0000000006698f00_0 .net "clock", 0 0, L_00000000065a49d0;  1 drivers
v0000000006699a40_0 .net "iA", 15 0, L_00000000065a47a0;  1 drivers
v00000000066997c0_0 .net "iB", 15 0, L_00000000065a48f0;  1 drivers
v0000000006699400_0 .net "iC", 15 0, L_00000000065a4730;  1 drivers
v0000000006699860_0 .net "iD", 15 0, L_00000000065a5ae0;  1 drivers
v0000000006699680_0 .net "iF", 15 0, L_00000000065a5920;  1 drivers
v00000000066999a0_0 .net "iG", 15 0, L_00000000065a53e0;  1 drivers
v0000000006699360_0 .net "iH", 31 0, L_00000000065a4960;  1 drivers
v00000000066994a0_0 .net "iJ", 15 0, L_00000000065a54c0;  1 drivers
v0000000006699720_0 .net "iJ_e", 23 0, L_00000000067309c0;  1 drivers
v00000000066995e0_0 .net "iK", 15 0, L_00000000065a55a0;  1 drivers
v0000000006699900_0 .net "iK_e", 23 0, L_00000000067311e0;  1 drivers
v0000000006699540_0 .net "iL", 31 0, L_0000000006731780;  1 drivers
v00000000066933c0_0 .net "iP", 15 0, L_00000000067306a0;  1 drivers
v00000000066930a0_0 .net "iQ", 15 0, v0000000006693fa0_0;  1 drivers
v0000000006692380_0 .net "iR", 15 0, L_00000000067304c0;  1 drivers
v0000000006692880_0 .net "iS", 15 0, v0000000006692e20_0;  1 drivers
v0000000006692600_0 .net "iW", 15 0, L_00000000065a4ab0;  1 drivers
v00000000066942c0_0 .net "iX", 15 0, L_00000000065a4ce0;  1 drivers
v0000000006692060_0 .net "iY", 15 0, L_00000000065a4b90;  1 drivers
v0000000006693f00_0 .net "iZ", 15 0, L_00000000065a5990;  1 drivers
v0000000006693320_0 .net "p_Ah_Bh", 15 0, L_0000000006731dc0;  1 drivers
v00000000066921a0_0 .net "p_Ah_Bl", 15 0, L_0000000006730240;  1 drivers
v0000000006694220_0 .net "p_Al_Bh", 15 0, L_0000000006730ce0;  1 drivers
v0000000006693460_0 .net "p_Al_Bl", 15 0, L_0000000006732180;  1 drivers
v0000000006691de0_0 .var "rA", 15 0;
v0000000006692100_0 .var "rB", 15 0;
v0000000006692420_0 .var "rC", 15 0;
v0000000006693500_0 .var "rD", 15 0;
v0000000006691c00_0 .var "rF", 15 0;
v0000000006692ba0_0 .var "rG", 15 0;
v0000000006692c40_0 .var "rH", 31 0;
v0000000006693640_0 .var "rJ", 15 0;
v0000000006693c80_0 .var "rK", 15 0;
v0000000006693fa0_0 .var "rQ", 15 0;
v0000000006692e20_0 .var "rS", 15 0;
E_00000000065f0300 .event posedge, v0000000006695620_0, v0000000006698f00_0;
E_00000000065f0f80 .event posedge, v0000000006695800_0, v0000000006698f00_0;
E_00000000065f0600 .event posedge, v00000000066951c0_0, v0000000006698f00_0;
E_00000000065f0680 .event posedge, v00000000066953a0_0, v0000000006698f00_0;
L_0000000006730740 .part L_00000000065a47a0, 8, 8;
L_0000000006731500 .concat [ 8 8 0 0], L_0000000006730740, L_00000000066d2c18;
L_00000000067307e0 .part L_00000000065a47a0, 0, 8;
L_000000000672fa20 .concat [ 8 8 0 0], L_00000000067307e0, L_00000000066d2c60;
L_00000000067320e0 .part L_00000000065a48f0, 8, 8;
L_0000000006731820 .concat [ 8 8 0 0], L_00000000067320e0, L_00000000066d2ca8;
L_0000000006731460 .part L_00000000065a48f0, 0, 8;
L_000000000672fde0 .concat [ 8 8 0 0], L_0000000006731460, L_00000000066d2cf0;
L_0000000006731dc0 .arith/mult 16, L_0000000006731500, L_0000000006731820;
L_0000000006730560 .part L_000000000672fa20, 0, 8;
L_0000000006731b40 .concat [ 8 8 0 0], L_0000000006730560, L_00000000066d2d38;
L_0000000006730ce0 .arith/mult 16, L_0000000006731b40, L_0000000006731820;
L_0000000006731140 .part L_000000000672fde0, 0, 8;
L_0000000006730e20 .concat [ 8 8 0 0], L_0000000006731140, L_00000000066d2d80;
L_0000000006730240 .arith/mult 16, L_0000000006731500, L_0000000006730e20;
L_0000000006732180 .arith/mult 16, L_000000000672fa20, L_000000000672fde0;
L_00000000067311e0 .concat [ 16 8 0 0], L_00000000065a55a0, L_00000000066d2dc8;
L_00000000067309c0 .concat [ 16 8 0 0], L_00000000065a54c0, L_00000000066d2e10;
L_0000000006730100 .concat [ 16 16 0 0], L_00000000065a53e0, L_00000000066d2e58;
L_000000000672ff20 .concat [ 24 8 0 0], L_00000000067311e0, L_00000000066d2ea0;
L_0000000006730f60 .part L_000000000672ff20, 0, 24;
L_0000000006731320 .concat [ 8 24 0 0], L_00000000066d2ee8, L_0000000006730f60;
L_0000000006731c80 .arith/sum 32, L_0000000006730100, L_0000000006731320;
L_0000000006731fa0 .concat [ 24 8 0 0], L_00000000067309c0, L_00000000066d2f30;
L_000000000672fe80 .part L_0000000006731fa0, 0, 24;
L_0000000006730060 .concat [ 8 24 0 0], L_00000000066d2f78, L_000000000672fe80;
L_0000000006730a60 .arith/sum 32, L_0000000006731c80, L_0000000006730060;
L_0000000006730920 .concat [ 16 16 0 0], L_00000000065a5920, L_00000000066d2fc0;
L_00000000067313c0 .part L_0000000006730920, 0, 16;
L_00000000067316e0 .concat [ 16 16 0 0], L_00000000066d3008, L_00000000067313c0;
L_0000000006731780 .arith/sum 32, L_0000000006730a60, L_00000000067316e0;
L_00000000067318c0 .part L_0000000006730880, 16, 1;
L_000000000672fac0 .part L_0000000006730880, 0, 16;
L_000000000672fb60 .concat [ 16 1 0 0], L_00000000065a4ce0, L_00000000066d3050;
L_000000000672ffc0 .concat [ 16 1 0 0], L_00000000065a4ab0, L_00000000066d3098;
LS_0000000006731960_0_0 .concat [ 1 1 1 1], o0000000006640ce8, o0000000006640ce8, o0000000006640ce8, o0000000006640ce8;
LS_0000000006731960_0_4 .concat [ 1 1 1 1], o0000000006640ce8, o0000000006640ce8, o0000000006640ce8, o0000000006640ce8;
LS_0000000006731960_0_8 .concat [ 1 1 1 1], o0000000006640ce8, o0000000006640ce8, o0000000006640ce8, o0000000006640ce8;
LS_0000000006731960_0_12 .concat [ 1 1 1 1], o0000000006640ce8, o0000000006640ce8, o0000000006640ce8, o0000000006640ce8;
L_0000000006731960 .concat [ 4 4 4 4], LS_0000000006731960_0_0, LS_0000000006731960_0_4, LS_0000000006731960_0_8, LS_0000000006731960_0_12;
L_0000000006731a00 .concat [ 16 1 0 0], L_0000000006731960, L_00000000066d30e0;
L_00000000067301a0 .arith/sum 17, L_000000000672fb60, L_00000000065a5370;
L_0000000006730880 .arith/sum 17, L_00000000067301a0, L_00000000066d3560;
LS_00000000067302e0_0_0 .concat [ 1 1 1 1], o0000000006640ce8, o0000000006640ce8, o0000000006640ce8, o0000000006640ce8;
LS_00000000067302e0_0_4 .concat [ 1 1 1 1], o0000000006640ce8, o0000000006640ce8, o0000000006640ce8, o0000000006640ce8;
LS_00000000067302e0_0_8 .concat [ 1 1 1 1], o0000000006640ce8, o0000000006640ce8, o0000000006640ce8, o0000000006640ce8;
LS_00000000067302e0_0_12 .concat [ 1 1 1 1], o0000000006640ce8, o0000000006640ce8, o0000000006640ce8, o0000000006640ce8;
L_00000000067302e0 .concat [ 4 4 4 4], LS_00000000067302e0_0_0, LS_00000000067302e0_0_4, LS_00000000067302e0_0_8, LS_00000000067302e0_0_12;
L_00000000067306a0 .functor MUXZ 16, L_00000000065a4b20, L_00000000065a4730, o0000000006641198, C4<>;
L_0000000006731e60 .part L_00000000065a4ce0, 15, 1;
L_0000000006730380 .part L_0000000006730d80, 16, 1;
L_000000000672fc00 .part L_0000000006730d80, 0, 16;
L_0000000006731aa0 .concat [ 16 1 0 0], L_00000000065a5990, L_00000000066d3170;
L_0000000006730600 .concat [ 16 1 0 0], L_00000000065a4b90, L_00000000066d31b8;
LS_0000000006730b00_0_0 .concat [ 1 1 1 1], o0000000006640cb8, o0000000006640cb8, o0000000006640cb8, o0000000006640cb8;
LS_0000000006730b00_0_4 .concat [ 1 1 1 1], o0000000006640cb8, o0000000006640cb8, o0000000006640cb8, o0000000006640cb8;
LS_0000000006730b00_0_8 .concat [ 1 1 1 1], o0000000006640cb8, o0000000006640cb8, o0000000006640cb8, o0000000006640cb8;
LS_0000000006730b00_0_12 .concat [ 1 1 1 1], o0000000006640cb8, o0000000006640cb8, o0000000006640cb8, o0000000006640cb8;
L_0000000006730b00 .concat [ 4 4 4 4], LS_0000000006730b00_0_0, LS_0000000006730b00_0_4, LS_0000000006730b00_0_8, LS_0000000006730b00_0_12;
L_0000000006730ba0 .concat [ 16 1 0 0], L_0000000006730b00, L_00000000066d3200;
L_0000000006730c40 .arith/sum 17, L_0000000006731aa0, L_00000000065a4030;
L_0000000006730d80 .arith/sum 17, L_0000000006730c40, L_00000000066d35a8;
LS_0000000006731d20_0_0 .concat [ 1 1 1 1], o0000000006640cb8, o0000000006640cb8, o0000000006640cb8, o0000000006640cb8;
LS_0000000006731d20_0_4 .concat [ 1 1 1 1], o0000000006640cb8, o0000000006640cb8, o0000000006640cb8, o0000000006640cb8;
LS_0000000006731d20_0_8 .concat [ 1 1 1 1], o0000000006640cb8, o0000000006640cb8, o0000000006640cb8, o0000000006640cb8;
LS_0000000006731d20_0_12 .concat [ 1 1 1 1], o0000000006640cb8, o0000000006640cb8, o0000000006640cb8, o0000000006640cb8;
L_0000000006731d20 .concat [ 4 4 4 4], LS_0000000006731d20_0_0, LS_0000000006731d20_0_4, LS_0000000006731d20_0_8, LS_0000000006731d20_0_12;
L_00000000067304c0 .functor MUXZ 16, L_00000000065a4c00, L_00000000065a5ae0, o0000000006641168, C4<>;
L_0000000006731f00 .concat [ 16 16 0 0], L_00000000065a4f10, L_00000000065a51b0;
S_0000000006635270 .scope module, "SB_PLL40_2F_CORE" "SB_PLL40_2F_CORE" 2 2521;
 .timescale -12 -12;
    .port_info 0 /INPUT 1 "REFERENCECLK";
    .port_info 1 /OUTPUT 1 "PLLOUTCOREA";
    .port_info 2 /OUTPUT 1 "PLLOUTGLOBALA";
    .port_info 3 /OUTPUT 1 "PLLOUTCOREB";
    .port_info 4 /OUTPUT 1 "PLLOUTGLOBALB";
    .port_info 5 /INPUT 1 "EXTFEEDBACK";
    .port_info 6 /INPUT 8 "DYNAMICDELAY";
    .port_info 7 /OUTPUT 1 "LOCK";
    .port_info 8 /INPUT 1 "BYPASS";
    .port_info 9 /INPUT 1 "RESETB";
    .port_info 10 /INPUT 1 "LATCHINPUTVALUE";
    .port_info 11 /OUTPUT 1 "SDO";
    .port_info 12 /INPUT 1 "SDI";
    .port_info 13 /INPUT 1 "SCLK";
P_000000000633fcd0 .param/str "DELAY_ADJUSTMENT_MODE_FEEDBACK" 0 2 2538, "FIXED";
P_000000000633fd08 .param/str "DELAY_ADJUSTMENT_MODE_RELATIVE" 0 2 2539, "FIXED";
P_000000000633fd40 .param/l "DIVF" 0 2 2546, C4<0000000>;
P_000000000633fd78 .param/l "DIVQ" 0 2 2547, C4<000>;
P_000000000633fdb0 .param/l "DIVR" 0 2 2545, C4<0000>;
P_000000000633fde8 .param/l "ENABLE_ICEGATE_PORTA" 0 2 2549, C4<0>;
P_000000000633fe20 .param/l "ENABLE_ICEGATE_PORTB" 0 2 2550, C4<0>;
P_000000000633fe58 .param/l "EXTERNAL_DIVIDE_FACTOR" 0 2 2552, +C4<00000000000000000000000000000001>;
P_000000000633fe90 .param/l "FDA_FEEDBACK" 0 2 2541, C4<0000>;
P_000000000633fec8 .param/l "FDA_RELATIVE" 0 2 2542, C4<0000>;
P_000000000633ff00 .param/str "FEEDBACK_PATH" 0 2 2537, "SIMPLE";
P_000000000633ff38 .param/l "FILTER_RANGE" 0 2 2548, C4<000>;
P_000000000633ff70 .param/str "PLLOUT_SELECT_PORTA" 0 2 2543, "GENCLK";
P_000000000633ffa8 .param/str "PLLOUT_SELECT_PORTB" 0 2 2544, "GENCLK";
P_000000000633ffe0 .param/l "SHIFTREG_DIV_MODE" 0 2 2540, C4<0>;
P_0000000006340018 .param/l "TEST_MODE" 0 2 2551, C4<0>;
o0000000006642ab8 .functor BUFZ 1, C4<z>; HiZ drive
v0000000006692240_0 .net "BYPASS", 0 0, o0000000006642ab8;  0 drivers
o0000000006642ae8 .functor BUFZ 8, C4<zzzzzzzz>; HiZ drive
v0000000006692560_0 .net "DYNAMICDELAY", 7 0, o0000000006642ae8;  0 drivers
o0000000006642b18 .functor BUFZ 1, C4<z>; HiZ drive
v0000000006692f60_0 .net "EXTFEEDBACK", 0 0, o0000000006642b18;  0 drivers
o0000000006642b48 .functor BUFZ 1, C4<z>; HiZ drive
v00000000066935a0_0 .net "LATCHINPUTVALUE", 0 0, o0000000006642b48;  0 drivers
o0000000006642b78 .functor BUFZ 1, C4<z>; HiZ drive
v0000000006693280_0 .net "LOCK", 0 0, o0000000006642b78;  0 drivers
o0000000006642ba8 .functor BUFZ 1, C4<z>; HiZ drive
v0000000006694040_0 .net "PLLOUTCOREA", 0 0, o0000000006642ba8;  0 drivers
o0000000006642bd8 .functor BUFZ 1, C4<z>; HiZ drive
v00000000066922e0_0 .net "PLLOUTCOREB", 0 0, o0000000006642bd8;  0 drivers
o0000000006642c08 .functor BUFZ 1, C4<z>; HiZ drive
v0000000006692b00_0 .net "PLLOUTGLOBALA", 0 0, o0000000006642c08;  0 drivers
o0000000006642c38 .functor BUFZ 1, C4<z>; HiZ drive
v00000000066940e0_0 .net "PLLOUTGLOBALB", 0 0, o0000000006642c38;  0 drivers
o0000000006642c68 .functor BUFZ 1, C4<z>; HiZ drive
v00000000066924c0_0 .net "REFERENCECLK", 0 0, o0000000006642c68;  0 drivers
o0000000006642c98 .functor BUFZ 1, C4<z>; HiZ drive
v0000000006691b60_0 .net "RESETB", 0 0, o0000000006642c98;  0 drivers
o0000000006642cc8 .functor BUFZ 1, C4<z>; HiZ drive
v00000000066936e0_0 .net "SCLK", 0 0, o0000000006642cc8;  0 drivers
o0000000006642cf8 .functor BUFZ 1, C4<z>; HiZ drive
v0000000006693780_0 .net "SDI", 0 0, o0000000006642cf8;  0 drivers
o0000000006642d28 .functor BUFZ 1, C4<z>; HiZ drive
v00000000066926a0_0 .net "SDO", 0 0, o0000000006642d28;  0 drivers
S_00000000066358b0 .scope module, "SB_PLL40_2F_PAD" "SB_PLL40_2F_PAD" 2 2556;
 .timescale -12 -12;
    .port_info 0 /INPUT 1 "PACKAGEPIN";
    .port_info 1 /OUTPUT 1 "PLLOUTCOREA";
    .port_info 2 /OUTPUT 1 "PLLOUTGLOBALA";
    .port_info 3 /OUTPUT 1 "PLLOUTCOREB";
    .port_info 4 /OUTPUT 1 "PLLOUTGLOBALB";
    .port_info 5 /INPUT 1 "EXTFEEDBACK";
    .port_info 6 /INPUT 8 "DYNAMICDELAY";
    .port_info 7 /OUTPUT 1 "LOCK";
    .port_info 8 /INPUT 1 "BYPASS";
    .port_info 9 /INPUT 1 "RESETB";
    .port_info 10 /INPUT 1 "LATCHINPUTVALUE";
    .port_info 11 /OUTPUT 1 "SDO";
    .port_info 12 /INPUT 1 "SDI";
    .port_info 13 /INPUT 1 "SCLK";
P_000000000633a3f0 .param/str "DELAY_ADJUSTMENT_MODE_FEEDBACK" 0 2 2573, "FIXED";
P_000000000633a428 .param/str "DELAY_ADJUSTMENT_MODE_RELATIVE" 0 2 2574, "FIXED";
P_000000000633a460 .param/l "DIVF" 0 2 2581, C4<0000000>;
P_000000000633a498 .param/l "DIVQ" 0 2 2582, C4<000>;
P_000000000633a4d0 .param/l "DIVR" 0 2 2580, C4<0000>;
P_000000000633a508 .param/l "ENABLE_ICEGATE_PORTA" 0 2 2584, C4<0>;
P_000000000633a540 .param/l "ENABLE_ICEGATE_PORTB" 0 2 2585, C4<0>;
P_000000000633a578 .param/l "EXTERNAL_DIVIDE_FACTOR" 0 2 2587, +C4<00000000000000000000000000000001>;
P_000000000633a5b0 .param/l "FDA_FEEDBACK" 0 2 2576, C4<0000>;
P_000000000633a5e8 .param/l "FDA_RELATIVE" 0 2 2577, C4<0000>;
P_000000000633a620 .param/str "FEEDBACK_PATH" 0 2 2572, "SIMPLE";
P_000000000633a658 .param/l "FILTER_RANGE" 0 2 2583, C4<000>;
P_000000000633a690 .param/str "PLLOUT_SELECT_PORTA" 0 2 2578, "GENCLK";
P_000000000633a6c8 .param/str "PLLOUT_SELECT_PORTB" 0 2 2579, "GENCLK";
P_000000000633a700 .param/l "SHIFTREG_DIV_MODE" 0 2 2575, C4<00>;
P_000000000633a738 .param/l "TEST_MODE" 0 2 2586, C4<0>;
o0000000006642ff8 .functor BUFZ 1, C4<z>; HiZ drive
v0000000006693d20_0 .net "BYPASS", 0 0, o0000000006642ff8;  0 drivers
o0000000006643028 .functor BUFZ 8, C4<zzzzzzzz>; HiZ drive
v0000000006693e60_0 .net "DYNAMICDELAY", 7 0, o0000000006643028;  0 drivers
o0000000006643058 .functor BUFZ 1, C4<z>; HiZ drive
v0000000006692ce0_0 .net "EXTFEEDBACK", 0 0, o0000000006643058;  0 drivers
o0000000006643088 .functor BUFZ 1, C4<z>; HiZ drive
v0000000006693820_0 .net "LATCHINPUTVALUE", 0 0, o0000000006643088;  0 drivers
o00000000066430b8 .functor BUFZ 1, C4<z>; HiZ drive
v0000000006692740_0 .net "LOCK", 0 0, o00000000066430b8;  0 drivers
o00000000066430e8 .functor BUFZ 1, C4<z>; HiZ drive
v0000000006693be0_0 .net "PACKAGEPIN", 0 0, o00000000066430e8;  0 drivers
o0000000006643118 .functor BUFZ 1, C4<z>; HiZ drive
v0000000006694180_0 .net "PLLOUTCOREA", 0 0, o0000000006643118;  0 drivers
o0000000006643148 .functor BUFZ 1, C4<z>; HiZ drive
v0000000006691ca0_0 .net "PLLOUTCOREB", 0 0, o0000000006643148;  0 drivers
o0000000006643178 .functor BUFZ 1, C4<z>; HiZ drive
v0000000006691d40_0 .net "PLLOUTGLOBALA", 0 0, o0000000006643178;  0 drivers
o00000000066431a8 .functor BUFZ 1, C4<z>; HiZ drive
v00000000066931e0_0 .net "PLLOUTGLOBALB", 0 0, o00000000066431a8;  0 drivers
o00000000066431d8 .functor BUFZ 1, C4<z>; HiZ drive
v0000000006691e80_0 .net "RESETB", 0 0, o00000000066431d8;  0 drivers
o0000000006643208 .functor BUFZ 1, C4<z>; HiZ drive
v0000000006691fc0_0 .net "SCLK", 0 0, o0000000006643208;  0 drivers
o0000000006643238 .functor BUFZ 1, C4<z>; HiZ drive
v0000000006691f20_0 .net "SDI", 0 0, o0000000006643238;  0 drivers
o0000000006643268 .functor BUFZ 1, C4<z>; HiZ drive
v00000000066927e0_0 .net "SDO", 0 0, o0000000006643268;  0 drivers
S_0000000006635720 .scope module, "SB_PLL40_2_PAD" "SB_PLL40_2_PAD" 2 2487;
 .timescale -12 -12;
    .port_info 0 /INPUT 1 "PACKAGEPIN";
    .port_info 1 /OUTPUT 1 "PLLOUTCOREA";
    .port_info 2 /OUTPUT 1 "PLLOUTGLOBALA";
    .port_info 3 /OUTPUT 1 "PLLOUTCOREB";
    .port_info 4 /OUTPUT 1 "PLLOUTGLOBALB";
    .port_info 5 /INPUT 1 "EXTFEEDBACK";
    .port_info 6 /INPUT 8 "DYNAMICDELAY";
    .port_info 7 /OUTPUT 1 "LOCK";
    .port_info 8 /INPUT 1 "BYPASS";
    .port_info 9 /INPUT 1 "RESETB";
    .port_info 10 /INPUT 1 "LATCHINPUTVALUE";
    .port_info 11 /OUTPUT 1 "SDO";
    .port_info 12 /INPUT 1 "SDI";
    .port_info 13 /INPUT 1 "SCLK";
P_0000000006338740 .param/str "DELAY_ADJUSTMENT_MODE_FEEDBACK" 0 2 2504, "FIXED";
P_0000000006338778 .param/str "DELAY_ADJUSTMENT_MODE_RELATIVE" 0 2 2505, "FIXED";
P_00000000063387b0 .param/l "DIVF" 0 2 2511, C4<0000000>;
P_00000000063387e8 .param/l "DIVQ" 0 2 2512, C4<000>;
P_0000000006338820 .param/l "DIVR" 0 2 2510, C4<0000>;
P_0000000006338858 .param/l "ENABLE_ICEGATE_PORTA" 0 2 2514, C4<0>;
P_0000000006338890 .param/l "ENABLE_ICEGATE_PORTB" 0 2 2515, C4<0>;
P_00000000063388c8 .param/l "EXTERNAL_DIVIDE_FACTOR" 0 2 2517, +C4<00000000000000000000000000000001>;
P_0000000006338900 .param/l "FDA_FEEDBACK" 0 2 2507, C4<0000>;
P_0000000006338938 .param/l "FDA_RELATIVE" 0 2 2508, C4<0000>;
P_0000000006338970 .param/str "FEEDBACK_PATH" 0 2 2503, "SIMPLE";
P_00000000063389a8 .param/l "FILTER_RANGE" 0 2 2513, C4<000>;
P_00000000063389e0 .param/str "PLLOUT_SELECT_PORTB" 0 2 2509, "GENCLK";
P_0000000006338a18 .param/l "SHIFTREG_DIV_MODE" 0 2 2506, C4<0>;
P_0000000006338a50 .param/l "TEST_MODE" 0 2 2516, C4<0>;
o0000000006643538 .functor BUFZ 1, C4<z>; HiZ drive
v0000000006692920_0 .net "BYPASS", 0 0, o0000000006643538;  0 drivers
o0000000006643568 .functor BUFZ 8, C4<zzzzzzzz>; HiZ drive
v00000000066929c0_0 .net "DYNAMICDELAY", 7 0, o0000000006643568;  0 drivers
o0000000006643598 .functor BUFZ 1, C4<z>; HiZ drive
v0000000006692a60_0 .net "EXTFEEDBACK", 0 0, o0000000006643598;  0 drivers
o00000000066435c8 .functor BUFZ 1, C4<z>; HiZ drive
v00000000066938c0_0 .net "LATCHINPUTVALUE", 0 0, o00000000066435c8;  0 drivers
o00000000066435f8 .functor BUFZ 1, C4<z>; HiZ drive
v0000000006692d80_0 .net "LOCK", 0 0, o00000000066435f8;  0 drivers
o0000000006643628 .functor BUFZ 1, C4<z>; HiZ drive
v0000000006693960_0 .net "PACKAGEPIN", 0 0, o0000000006643628;  0 drivers
o0000000006643658 .functor BUFZ 1, C4<z>; HiZ drive
v0000000006692ec0_0 .net "PLLOUTCOREA", 0 0, o0000000006643658;  0 drivers
o0000000006643688 .functor BUFZ 1, C4<z>; HiZ drive
v0000000006693000_0 .net "PLLOUTCOREB", 0 0, o0000000006643688;  0 drivers
o00000000066436b8 .functor BUFZ 1, C4<z>; HiZ drive
v0000000006693a00_0 .net "PLLOUTGLOBALA", 0 0, o00000000066436b8;  0 drivers
o00000000066436e8 .functor BUFZ 1, C4<z>; HiZ drive
v0000000006693140_0 .net "PLLOUTGLOBALB", 0 0, o00000000066436e8;  0 drivers
o0000000006643718 .functor BUFZ 1, C4<z>; HiZ drive
v0000000006693aa0_0 .net "RESETB", 0 0, o0000000006643718;  0 drivers
o0000000006643748 .functor BUFZ 1, C4<z>; HiZ drive
v0000000006693b40_0 .net "SCLK", 0 0, o0000000006643748;  0 drivers
o0000000006643778 .functor BUFZ 1, C4<z>; HiZ drive
v0000000006693dc0_0 .net "SDI", 0 0, o0000000006643778;  0 drivers
o00000000066437a8 .functor BUFZ 1, C4<z>; HiZ drive
v000000000669a7f0_0 .net "SDO", 0 0, o00000000066437a8;  0 drivers
S_0000000006636530 .scope module, "SB_PLL40_PAD" "SB_PLL40_PAD" 2 2456;
 .timescale -12 -12;
    .port_info 0 /INPUT 1 "PACKAGEPIN";
    .port_info 1 /OUTPUT 1 "PLLOUTCORE";
    .port_info 2 /OUTPUT 1 "PLLOUTGLOBAL";
    .port_info 3 /INPUT 1 "EXTFEEDBACK";
    .port_info 4 /INPUT 8 "DYNAMICDELAY";
    .port_info 5 /OUTPUT 1 "LOCK";
    .port_info 6 /INPUT 1 "BYPASS";
    .port_info 7 /INPUT 1 "RESETB";
    .port_info 8 /INPUT 1 "LATCHINPUTVALUE";
    .port_info 9 /OUTPUT 1 "SDO";
    .port_info 10 /INPUT 1 "SDI";
    .port_info 11 /INPUT 1 "SCLK";
P_000000000633d7f0 .param/str "DELAY_ADJUSTMENT_MODE_FEEDBACK" 0 2 2471, "FIXED";
P_000000000633d828 .param/str "DELAY_ADJUSTMENT_MODE_RELATIVE" 0 2 2472, "FIXED";
P_000000000633d860 .param/l "DIVF" 0 2 2478, C4<0000000>;
P_000000000633d898 .param/l "DIVQ" 0 2 2479, C4<000>;
P_000000000633d8d0 .param/l "DIVR" 0 2 2477, C4<0000>;
P_000000000633d908 .param/l "ENABLE_ICEGATE" 0 2 2481, C4<0>;
P_000000000633d940 .param/l "EXTERNAL_DIVIDE_FACTOR" 0 2 2483, +C4<00000000000000000000000000000001>;
P_000000000633d978 .param/l "FDA_FEEDBACK" 0 2 2474, C4<0000>;
P_000000000633d9b0 .param/l "FDA_RELATIVE" 0 2 2475, C4<0000>;
P_000000000633d9e8 .param/str "FEEDBACK_PATH" 0 2 2470, "SIMPLE";
P_000000000633da20 .param/l "FILTER_RANGE" 0 2 2480, C4<000>;
P_000000000633da58 .param/str "PLLOUT_SELECT" 0 2 2476, "GENCLK";
P_000000000633da90 .param/l "SHIFTREG_DIV_MODE" 0 2 2473, C4<0>;
P_000000000633dac8 .param/l "TEST_MODE" 0 2 2482, C4<0>;
o0000000006643a78 .functor BUFZ 1, C4<z>; HiZ drive
v0000000006699e90_0 .net "BYPASS", 0 0, o0000000006643a78;  0 drivers
o0000000006643aa8 .functor BUFZ 8, C4<zzzzzzzz>; HiZ drive
v000000000669aa70_0 .net "DYNAMICDELAY", 7 0, o0000000006643aa8;  0 drivers
o0000000006643ad8 .functor BUFZ 1, C4<z>; HiZ drive
v000000000669b330_0 .net "EXTFEEDBACK", 0 0, o0000000006643ad8;  0 drivers
o0000000006643b08 .functor BUFZ 1, C4<z>; HiZ drive
v0000000006699c10_0 .net "LATCHINPUTVALUE", 0 0, o0000000006643b08;  0 drivers
o0000000006643b38 .functor BUFZ 1, C4<z>; HiZ drive
v000000000669ab10_0 .net "LOCK", 0 0, o0000000006643b38;  0 drivers
o0000000006643b68 .functor BUFZ 1, C4<z>; HiZ drive
v000000000669b830_0 .net "PACKAGEPIN", 0 0, o0000000006643b68;  0 drivers
o0000000006643b98 .functor BUFZ 1, C4<z>; HiZ drive
v000000000669c230_0 .net "PLLOUTCORE", 0 0, o0000000006643b98;  0 drivers
o0000000006643bc8 .functor BUFZ 1, C4<z>; HiZ drive
v000000000669bfb0_0 .net "PLLOUTGLOBAL", 0 0, o0000000006643bc8;  0 drivers
o0000000006643bf8 .functor BUFZ 1, C4<z>; HiZ drive
v000000000669b970_0 .net "RESETB", 0 0, o0000000006643bf8;  0 drivers
o0000000006643c28 .functor BUFZ 1, C4<z>; HiZ drive
v000000000669aed0_0 .net "SCLK", 0 0, o0000000006643c28;  0 drivers
o0000000006643c58 .functor BUFZ 1, C4<z>; HiZ drive
v000000000669a070_0 .net "SDI", 0 0, o0000000006643c58;  0 drivers
o0000000006643c88 .functor BUFZ 1, C4<z>; HiZ drive
v000000000669b5b0_0 .net "SDO", 0 0, o0000000006643c88;  0 drivers
S_0000000006636080 .scope module, "SB_RAM40_4KNR" "SB_RAM40_4KNR" 2 1726;
 .timescale -12 -12;
    .port_info 0 /OUTPUT 16 "RDATA";
    .port_info 1 /INPUT 1 "RCLKN";
    .port_info 2 /INPUT 1 "RCLKE";
    .port_info 3 /INPUT 1 "RE";
    .port_info 4 /INPUT 11 "RADDR";
    .port_info 5 /INPUT 1 "WCLK";
    .port_info 6 /INPUT 1 "WCLKE";
    .port_info 7 /INPUT 1 "WE";
    .port_info 8 /INPUT 11 "WADDR";
    .port_info 9 /INPUT 16 "MASK";
    .port_info 10 /INPUT 16 "WDATA";
P_0000000006338f10 .param/l "INIT_0" 0 2 1742, C4<0000000000000000000000000000000000000000000000000000000000000000000000000000000000000000000000000000000000000000000000000000000000000000000000000000000000000000000000000000000000000000000000000000000000000000000000000000000000000000000000000000000000000000>;
P_0000000006338f48 .param/l "INIT_1" 0 2 1743, C4<0000000000000000000000000000000000000000000000000000000000000000000000000000000000000000000000000000000000000000000000000000000000000000000000000000000000000000000000000000000000000000000000000000000000000000000000000000000000000000000000000000000000000000>;
P_0000000006338f80 .param/l "INIT_2" 0 2 1744, C4<0000000000000000000000000000000000000000000000000000000000000000000000000000000000000000000000000000000000000000000000000000000000000000000000000000000000000000000000000000000000000000000000000000000000000000000000000000000000000000000000000000000000000000>;
P_0000000006338fb8 .param/l "INIT_3" 0 2 1745, C4<0000000000000000000000000000000000000000000000000000000000000000000000000000000000000000000000000000000000000000000000000000000000000000000000000000000000000000000000000000000000000000000000000000000000000000000000000000000000000000000000000000000000000000>;
P_0000000006338ff0 .param/l "INIT_4" 0 2 1746, C4<0000000000000000000000000000000000000000000000000000000000000000000000000000000000000000000000000000000000000000000000000000000000000000000000000000000000000000000000000000000000000000000000000000000000000000000000000000000000000000000000000000000000000000>;
P_0000000006339028 .param/l "INIT_5" 0 2 1747, C4<0000000000000000000000000000000000000000000000000000000000000000000000000000000000000000000000000000000000000000000000000000000000000000000000000000000000000000000000000000000000000000000000000000000000000000000000000000000000000000000000000000000000000000>;
P_0000000006339060 .param/l "INIT_6" 0 2 1748, C4<0000000000000000000000000000000000000000000000000000000000000000000000000000000000000000000000000000000000000000000000000000000000000000000000000000000000000000000000000000000000000000000000000000000000000000000000000000000000000000000000000000000000000000>;
P_0000000006339098 .param/l "INIT_7" 0 2 1749, C4<0000000000000000000000000000000000000000000000000000000000000000000000000000000000000000000000000000000000000000000000000000000000000000000000000000000000000000000000000000000000000000000000000000000000000000000000000000000000000000000000000000000000000000>;
P_00000000063390d0 .param/l "INIT_8" 0 2 1750, C4<0000000000000000000000000000000000000000000000000000000000000000000000000000000000000000000000000000000000000000000000000000000000000000000000000000000000000000000000000000000000000000000000000000000000000000000000000000000000000000000000000000000000000000>;
P_0000000006339108 .param/l "INIT_9" 0 2 1751, C4<0000000000000000000000000000000000000000000000000000000000000000000000000000000000000000000000000000000000000000000000000000000000000000000000000000000000000000000000000000000000000000000000000000000000000000000000000000000000000000000000000000000000000000>;
P_0000000006339140 .param/l "INIT_A" 0 2 1752, C4<0000000000000000000000000000000000000000000000000000000000000000000000000000000000000000000000000000000000000000000000000000000000000000000000000000000000000000000000000000000000000000000000000000000000000000000000000000000000000000000000000000000000000000>;
P_0000000006339178 .param/l "INIT_B" 0 2 1753, C4<0000000000000000000000000000000000000000000000000000000000000000000000000000000000000000000000000000000000000000000000000000000000000000000000000000000000000000000000000000000000000000000000000000000000000000000000000000000000000000000000000000000000000000>;
P_00000000063391b0 .param/l "INIT_C" 0 2 1754, C4<0000000000000000000000000000000000000000000000000000000000000000000000000000000000000000000000000000000000000000000000000000000000000000000000000000000000000000000000000000000000000000000000000000000000000000000000000000000000000000000000000000000000000000>;
P_00000000063391e8 .param/l "INIT_D" 0 2 1755, C4<0000000000000000000000000000000000000000000000000000000000000000000000000000000000000000000000000000000000000000000000000000000000000000000000000000000000000000000000000000000000000000000000000000000000000000000000000000000000000000000000000000000000000000>;
P_0000000006339220 .param/l "INIT_E" 0 2 1756, C4<0000000000000000000000000000000000000000000000000000000000000000000000000000000000000000000000000000000000000000000000000000000000000000000000000000000000000000000000000000000000000000000000000000000000000000000000000000000000000000000000000000000000000000>;
P_0000000006339258 .param/l "INIT_F" 0 2 1757, C4<0000000000000000000000000000000000000000000000000000000000000000000000000000000000000000000000000000000000000000000000000000000000000000000000000000000000000000000000000000000000000000000000000000000000000000000000000000000000000000000000000000000000000000>;
P_0000000006339290 .param/str "INIT_FILE" 0 2 1759, "\000";
P_00000000063392c8 .param/l "READ_MODE" 0 2 1740, +C4<00000000000000000000000000000000>;
P_0000000006339300 .param/l "WRITE_MODE" 0 2 1739, +C4<00000000000000000000000000000000>;
o0000000006644408 .functor BUFZ 1, C4<z>; HiZ drive
L_00000000065a5760 .functor NOT 1, o0000000006644408, C4<0>, C4<0>, C4<0>;
o0000000006643ef8 .functor BUFZ 16, C4<zzzzzzzzzzzzzzzz>; HiZ drive
v000000000669a890_0 .net "MASK", 15 0, o0000000006643ef8;  0 drivers
o0000000006643f28 .functor BUFZ 11, C4<zzzzzzzzzzz>; HiZ drive
v000000000669af70_0 .net "RADDR", 10 0, o0000000006643f28;  0 drivers
o0000000006643f88 .functor BUFZ 1, C4<z>; HiZ drive
v000000000669bbf0_0 .net "RCLKE", 0 0, o0000000006643f88;  0 drivers
v000000000669b150_0 .net "RCLKN", 0 0, o0000000006644408;  0 drivers
v0000000006699d50_0 .net "RDATA", 15 0, L_00000000065a56f0;  1 drivers
o0000000006644018 .functor BUFZ 1, C4<z>; HiZ drive
v000000000669b3d0_0 .net "RE", 0 0, o0000000006644018;  0 drivers
o0000000006644078 .functor BUFZ 11, C4<zzzzzzzzzzz>; HiZ drive
v000000000669a430_0 .net "WADDR", 10 0, o0000000006644078;  0 drivers
o00000000066440a8 .functor BUFZ 1, C4<z>; HiZ drive
v000000000669ae30_0 .net "WCLK", 0 0, o00000000066440a8;  0 drivers
o00000000066440d8 .functor BUFZ 1, C4<z>; HiZ drive
v000000000669a1b0_0 .net "WCLKE", 0 0, o00000000066440d8;  0 drivers
o0000000006644108 .functor BUFZ 16, C4<zzzzzzzzzzzzzzzz>; HiZ drive
v000000000669c2d0_0 .net "WDATA", 15 0, o0000000006644108;  0 drivers
o0000000006644168 .functor BUFZ 1, C4<z>; HiZ drive
v000000000669b510_0 .net "WE", 0 0, o0000000006644168;  0 drivers
S_0000000006483d70 .scope module, "RAM" "SB_RAM40_4K" 2 1781, 2 1487 0, S_0000000006636080;
 .timescale -12 -12;
    .port_info 0 /OUTPUT 16 "RDATA";
    .port_info 1 /INPUT 1 "RCLK";
    .port_info 2 /INPUT 1 "RCLKE";
    .port_info 3 /INPUT 1 "RE";
    .port_info 4 /INPUT 11 "RADDR";
    .port_info 5 /INPUT 1 "WCLK";
    .port_info 6 /INPUT 1 "WCLKE";
    .port_info 7 /INPUT 1 "WE";
    .port_info 8 /INPUT 11 "WADDR";
    .port_info 9 /INPUT 16 "MASK";
    .port_info 10 /INPUT 16 "WDATA";
P_00000000066a1b20 .param/l "INIT_0" 0 2 1507, C4<0000000000000000000000000000000000000000000000000000000000000000000000000000000000000000000000000000000000000000000000000000000000000000000000000000000000000000000000000000000000000000000000000000000000000000000000000000000000000000000000000000000000000000>;
P_00000000066a1b58 .param/l "INIT_1" 0 2 1508, C4<0000000000000000000000000000000000000000000000000000000000000000000000000000000000000000000000000000000000000000000000000000000000000000000000000000000000000000000000000000000000000000000000000000000000000000000000000000000000000000000000000000000000000000>;
P_00000000066a1b90 .param/l "INIT_2" 0 2 1509, C4<0000000000000000000000000000000000000000000000000000000000000000000000000000000000000000000000000000000000000000000000000000000000000000000000000000000000000000000000000000000000000000000000000000000000000000000000000000000000000000000000000000000000000000>;
P_00000000066a1bc8 .param/l "INIT_3" 0 2 1510, C4<0000000000000000000000000000000000000000000000000000000000000000000000000000000000000000000000000000000000000000000000000000000000000000000000000000000000000000000000000000000000000000000000000000000000000000000000000000000000000000000000000000000000000000>;
P_00000000066a1c00 .param/l "INIT_4" 0 2 1511, C4<0000000000000000000000000000000000000000000000000000000000000000000000000000000000000000000000000000000000000000000000000000000000000000000000000000000000000000000000000000000000000000000000000000000000000000000000000000000000000000000000000000000000000000>;
P_00000000066a1c38 .param/l "INIT_5" 0 2 1512, C4<0000000000000000000000000000000000000000000000000000000000000000000000000000000000000000000000000000000000000000000000000000000000000000000000000000000000000000000000000000000000000000000000000000000000000000000000000000000000000000000000000000000000000000>;
P_00000000066a1c70 .param/l "INIT_6" 0 2 1513, C4<0000000000000000000000000000000000000000000000000000000000000000000000000000000000000000000000000000000000000000000000000000000000000000000000000000000000000000000000000000000000000000000000000000000000000000000000000000000000000000000000000000000000000000>;
P_00000000066a1ca8 .param/l "INIT_7" 0 2 1514, C4<0000000000000000000000000000000000000000000000000000000000000000000000000000000000000000000000000000000000000000000000000000000000000000000000000000000000000000000000000000000000000000000000000000000000000000000000000000000000000000000000000000000000000000>;
P_00000000066a1ce0 .param/l "INIT_8" 0 2 1515, C4<0000000000000000000000000000000000000000000000000000000000000000000000000000000000000000000000000000000000000000000000000000000000000000000000000000000000000000000000000000000000000000000000000000000000000000000000000000000000000000000000000000000000000000>;
P_00000000066a1d18 .param/l "INIT_9" 0 2 1516, C4<0000000000000000000000000000000000000000000000000000000000000000000000000000000000000000000000000000000000000000000000000000000000000000000000000000000000000000000000000000000000000000000000000000000000000000000000000000000000000000000000000000000000000000>;
P_00000000066a1d50 .param/l "INIT_A" 0 2 1517, C4<0000000000000000000000000000000000000000000000000000000000000000000000000000000000000000000000000000000000000000000000000000000000000000000000000000000000000000000000000000000000000000000000000000000000000000000000000000000000000000000000000000000000000000>;
P_00000000066a1d88 .param/l "INIT_B" 0 2 1518, C4<0000000000000000000000000000000000000000000000000000000000000000000000000000000000000000000000000000000000000000000000000000000000000000000000000000000000000000000000000000000000000000000000000000000000000000000000000000000000000000000000000000000000000000>;
P_00000000066a1dc0 .param/l "INIT_C" 0 2 1519, C4<0000000000000000000000000000000000000000000000000000000000000000000000000000000000000000000000000000000000000000000000000000000000000000000000000000000000000000000000000000000000000000000000000000000000000000000000000000000000000000000000000000000000000000>;
P_00000000066a1df8 .param/l "INIT_D" 0 2 1520, C4<0000000000000000000000000000000000000000000000000000000000000000000000000000000000000000000000000000000000000000000000000000000000000000000000000000000000000000000000000000000000000000000000000000000000000000000000000000000000000000000000000000000000000000>;
P_00000000066a1e30 .param/l "INIT_E" 0 2 1521, C4<0000000000000000000000000000000000000000000000000000000000000000000000000000000000000000000000000000000000000000000000000000000000000000000000000000000000000000000000000000000000000000000000000000000000000000000000000000000000000000000000000000000000000000>;
P_00000000066a1e68 .param/l "INIT_F" 0 2 1522, C4<0000000000000000000000000000000000000000000000000000000000000000000000000000000000000000000000000000000000000000000000000000000000000000000000000000000000000000000000000000000000000000000000000000000000000000000000000000000000000000000000000000000000000000>;
P_00000000066a1ea0 .param/str "INIT_FILE" 0 2 1524, "\000";
P_00000000066a1ed8 .param/l "READ_MODE" 0 2 1505, +C4<00000000000000000000000000000000>;
P_00000000066a1f10 .param/l "WRITE_MODE" 0 2 1504, +C4<00000000000000000000000000000000>;
v000000000669b470_0 .net "MASK", 15 0, o0000000006643ef8;  alias, 0 drivers
v0000000006699b70_0 .net "RADDR", 10 0, o0000000006643f28;  alias, 0 drivers
v000000000669b290_0 .net "RCLK", 0 0, L_00000000065a5760;  1 drivers
v000000000669bc90_0 .net "RCLKE", 0 0, o0000000006643f88;  alias, 0 drivers
v000000000669b650_0 .net "RDATA", 15 0, L_00000000065a56f0;  alias, 1 drivers
v000000000669ac50_0 .var "RDATA_I", 15 0;
v000000000669acf0_0 .net "RE", 0 0, o0000000006644018;  alias, 0 drivers
L_00000000066d3290 .functor BUFT 1, C4<0000000000000000>, C4<0>, C4<0>, C4<0>;
v000000000669a6b0_0 .net "RMASK_I", 15 0, L_00000000066d3290;  1 drivers
v000000000669a930_0 .net "WADDR", 10 0, o0000000006644078;  alias, 0 drivers
v000000000669a750_0 .net "WCLK", 0 0, o00000000066440a8;  alias, 0 drivers
v000000000669abb0_0 .net "WCLKE", 0 0, o00000000066440d8;  alias, 0 drivers
v000000000669a2f0_0 .net "WDATA", 15 0, o0000000006644108;  alias, 0 drivers
v000000000669ad90_0 .net "WDATA_I", 15 0, L_00000000065a5680;  1 drivers
v0000000006699fd0_0 .net "WE", 0 0, o0000000006644168;  alias, 0 drivers
v000000000669be70_0 .net "WMASK_I", 15 0, L_00000000065a5840;  1 drivers
v000000000669bdd0_0 .var/i "i", 31 0;
v000000000669a9d0 .array "memory", 255 0, 15 0;
E_00000000065f0c00 .event posedge, v000000000669b290_0;
E_00000000065f06c0 .event posedge, v000000000669a750_0;
S_0000000006483f00 .scope generate, "genblk1" "genblk1" 2 1534, 2 1534 0, S_0000000006483d70;
 .timescale -12 -12;
L_00000000065a5840 .functor BUFZ 16, o0000000006643ef8, C4<0000000000000000>, C4<0000000000000000>, C4<0000000000000000>;
S_0000000006482150 .scope generate, "genblk2" "genblk2" 2 1555, 2 1555 0, S_0000000006483d70;
 .timescale -12 -12;
S_00000000064822e0 .scope generate, "genblk3" "genblk3" 2 1576, 2 1576 0, S_0000000006483d70;
 .timescale -12 -12;
L_00000000065a5680 .functor BUFZ 16, o0000000006644108, C4<0000000000000000>, C4<0000000000000000>, C4<0000000000000000>;
S_00000000066a25e0 .scope generate, "genblk4" "genblk4" 2 1595, 2 1595 0, S_0000000006483d70;
 .timescale -12 -12;
L_00000000065a56f0 .functor BUFZ 16, v000000000669ac50_0, C4<0000000000000000>, C4<0000000000000000>, C4<0000000000000000>;
S_00000000066363a0 .scope module, "SB_RAM40_4KNRNW" "SB_RAM40_4KNRNW" 2 1998;
 .timescale -12 -12;
    .port_info 0 /OUTPUT 16 "RDATA";
    .port_info 1 /INPUT 1 "RCLKN";
    .port_info 2 /INPUT 1 "RCLKE";
    .port_info 3 /INPUT 1 "RE";
    .port_info 4 /INPUT 11 "RADDR";
    .port_info 5 /INPUT 1 "WCLKN";
    .port_info 6 /INPUT 1 "WCLKE";
    .port_info 7 /INPUT 1 "WE";
    .port_info 8 /INPUT 11 "WADDR";
    .port_info 9 /INPUT 16 "MASK";
    .port_info 10 /INPUT 16 "WDATA";
P_000000000632e6c0 .param/l "INIT_0" 0 2 2014, C4<0000000000000000000000000000000000000000000000000000000000000000000000000000000000000000000000000000000000000000000000000000000000000000000000000000000000000000000000000000000000000000000000000000000000000000000000000000000000000000000000000000000000000000>;
P_000000000632e6f8 .param/l "INIT_1" 0 2 2015, C4<0000000000000000000000000000000000000000000000000000000000000000000000000000000000000000000000000000000000000000000000000000000000000000000000000000000000000000000000000000000000000000000000000000000000000000000000000000000000000000000000000000000000000000>;
P_000000000632e730 .param/l "INIT_2" 0 2 2016, C4<0000000000000000000000000000000000000000000000000000000000000000000000000000000000000000000000000000000000000000000000000000000000000000000000000000000000000000000000000000000000000000000000000000000000000000000000000000000000000000000000000000000000000000>;
P_000000000632e768 .param/l "INIT_3" 0 2 2017, C4<0000000000000000000000000000000000000000000000000000000000000000000000000000000000000000000000000000000000000000000000000000000000000000000000000000000000000000000000000000000000000000000000000000000000000000000000000000000000000000000000000000000000000000>;
P_000000000632e7a0 .param/l "INIT_4" 0 2 2018, C4<0000000000000000000000000000000000000000000000000000000000000000000000000000000000000000000000000000000000000000000000000000000000000000000000000000000000000000000000000000000000000000000000000000000000000000000000000000000000000000000000000000000000000000>;
P_000000000632e7d8 .param/l "INIT_5" 0 2 2019, C4<0000000000000000000000000000000000000000000000000000000000000000000000000000000000000000000000000000000000000000000000000000000000000000000000000000000000000000000000000000000000000000000000000000000000000000000000000000000000000000000000000000000000000000>;
P_000000000632e810 .param/l "INIT_6" 0 2 2020, C4<0000000000000000000000000000000000000000000000000000000000000000000000000000000000000000000000000000000000000000000000000000000000000000000000000000000000000000000000000000000000000000000000000000000000000000000000000000000000000000000000000000000000000000>;
P_000000000632e848 .param/l "INIT_7" 0 2 2021, C4<0000000000000000000000000000000000000000000000000000000000000000000000000000000000000000000000000000000000000000000000000000000000000000000000000000000000000000000000000000000000000000000000000000000000000000000000000000000000000000000000000000000000000000>;
P_000000000632e880 .param/l "INIT_8" 0 2 2022, C4<0000000000000000000000000000000000000000000000000000000000000000000000000000000000000000000000000000000000000000000000000000000000000000000000000000000000000000000000000000000000000000000000000000000000000000000000000000000000000000000000000000000000000000>;
P_000000000632e8b8 .param/l "INIT_9" 0 2 2023, C4<0000000000000000000000000000000000000000000000000000000000000000000000000000000000000000000000000000000000000000000000000000000000000000000000000000000000000000000000000000000000000000000000000000000000000000000000000000000000000000000000000000000000000000>;
P_000000000632e8f0 .param/l "INIT_A" 0 2 2024, C4<0000000000000000000000000000000000000000000000000000000000000000000000000000000000000000000000000000000000000000000000000000000000000000000000000000000000000000000000000000000000000000000000000000000000000000000000000000000000000000000000000000000000000000>;
P_000000000632e928 .param/l "INIT_B" 0 2 2025, C4<0000000000000000000000000000000000000000000000000000000000000000000000000000000000000000000000000000000000000000000000000000000000000000000000000000000000000000000000000000000000000000000000000000000000000000000000000000000000000000000000000000000000000000>;
P_000000000632e960 .param/l "INIT_C" 0 2 2026, C4<0000000000000000000000000000000000000000000000000000000000000000000000000000000000000000000000000000000000000000000000000000000000000000000000000000000000000000000000000000000000000000000000000000000000000000000000000000000000000000000000000000000000000000>;
P_000000000632e998 .param/l "INIT_D" 0 2 2027, C4<0000000000000000000000000000000000000000000000000000000000000000000000000000000000000000000000000000000000000000000000000000000000000000000000000000000000000000000000000000000000000000000000000000000000000000000000000000000000000000000000000000000000000000>;
P_000000000632e9d0 .param/l "INIT_E" 0 2 2028, C4<0000000000000000000000000000000000000000000000000000000000000000000000000000000000000000000000000000000000000000000000000000000000000000000000000000000000000000000000000000000000000000000000000000000000000000000000000000000000000000000000000000000000000000>;
P_000000000632ea08 .param/l "INIT_F" 0 2 2029, C4<0000000000000000000000000000000000000000000000000000000000000000000000000000000000000000000000000000000000000000000000000000000000000000000000000000000000000000000000000000000000000000000000000000000000000000000000000000000000000000000000000000000000000000>;
P_000000000632ea40 .param/str "INIT_FILE" 0 2 2031, "\000";
P_000000000632ea78 .param/l "READ_MODE" 0 2 2012, +C4<00000000000000000000000000000000>;
P_000000000632eab0 .param/l "WRITE_MODE" 0 2 2011, +C4<00000000000000000000000000000000>;
o0000000006644b58 .functor BUFZ 1, C4<z>; HiZ drive
L_00000000065a4f80 .functor NOT 1, o0000000006644b58, C4<0>, C4<0>, C4<0>;
o0000000006644b88 .functor BUFZ 1, C4<z>; HiZ drive
L_00000000065a58b0 .functor NOT 1, o0000000006644b88, C4<0>, C4<0>, C4<0>;
o0000000006644648 .functor BUFZ 16, C4<zzzzzzzzzzzzzzzz>; HiZ drive
v000000000669c0f0_0 .net "MASK", 15 0, o0000000006644648;  0 drivers
o0000000006644678 .functor BUFZ 11, C4<zzzzzzzzzzz>; HiZ drive
v000000000669a390_0 .net "RADDR", 10 0, o0000000006644678;  0 drivers
o00000000066446d8 .functor BUFZ 1, C4<z>; HiZ drive
v000000000669a4d0_0 .net "RCLKE", 0 0, o00000000066446d8;  0 drivers
v000000000669bb50_0 .net "RCLKN", 0 0, o0000000006644b58;  0 drivers
v000000000669a570_0 .net "RDATA", 15 0, L_00000000065a4dc0;  1 drivers
o0000000006644768 .functor BUFZ 1, C4<z>; HiZ drive
v000000000669a610_0 .net "RE", 0 0, o0000000006644768;  0 drivers
o00000000066447c8 .functor BUFZ 11, C4<zzzzzzzzzzz>; HiZ drive
v000000000669c5f0_0 .net "WADDR", 10 0, o00000000066447c8;  0 drivers
o0000000006644828 .functor BUFZ 1, C4<z>; HiZ drive
v000000000669c550_0 .net "WCLKE", 0 0, o0000000006644828;  0 drivers
v000000000669c370_0 .net "WCLKN", 0 0, o0000000006644b88;  0 drivers
o0000000006644858 .functor BUFZ 16, C4<zzzzzzzzzzzzzzzz>; HiZ drive
v000000000669ccd0_0 .net "WDATA", 15 0, o0000000006644858;  0 drivers
o00000000066448b8 .functor BUFZ 1, C4<z>; HiZ drive
v000000000669d950_0 .net "WE", 0 0, o00000000066448b8;  0 drivers
S_00000000066a3580 .scope module, "RAM" "SB_RAM40_4K" 2 2053, 2 1487 0, S_00000000066363a0;
 .timescale -12 -12;
    .port_info 0 /OUTPUT 16 "RDATA";
    .port_info 1 /INPUT 1 "RCLK";
    .port_info 2 /INPUT 1 "RCLKE";
    .port_info 3 /INPUT 1 "RE";
    .port_info 4 /INPUT 11 "RADDR";
    .port_info 5 /INPUT 1 "WCLK";
    .port_info 6 /INPUT 1 "WCLKE";
    .port_info 7 /INPUT 1 "WE";
    .port_info 8 /INPUT 11 "WADDR";
    .port_info 9 /INPUT 16 "MASK";
    .port_info 10 /INPUT 16 "WDATA";
P_00000000066a3f60 .param/l "INIT_0" 0 2 1507, C4<0000000000000000000000000000000000000000000000000000000000000000000000000000000000000000000000000000000000000000000000000000000000000000000000000000000000000000000000000000000000000000000000000000000000000000000000000000000000000000000000000000000000000000>;
P_00000000066a3f98 .param/l "INIT_1" 0 2 1508, C4<0000000000000000000000000000000000000000000000000000000000000000000000000000000000000000000000000000000000000000000000000000000000000000000000000000000000000000000000000000000000000000000000000000000000000000000000000000000000000000000000000000000000000000>;
P_00000000066a3fd0 .param/l "INIT_2" 0 2 1509, C4<0000000000000000000000000000000000000000000000000000000000000000000000000000000000000000000000000000000000000000000000000000000000000000000000000000000000000000000000000000000000000000000000000000000000000000000000000000000000000000000000000000000000000000>;
P_00000000066a4008 .param/l "INIT_3" 0 2 1510, C4<0000000000000000000000000000000000000000000000000000000000000000000000000000000000000000000000000000000000000000000000000000000000000000000000000000000000000000000000000000000000000000000000000000000000000000000000000000000000000000000000000000000000000000>;
P_00000000066a4040 .param/l "INIT_4" 0 2 1511, C4<0000000000000000000000000000000000000000000000000000000000000000000000000000000000000000000000000000000000000000000000000000000000000000000000000000000000000000000000000000000000000000000000000000000000000000000000000000000000000000000000000000000000000000>;
P_00000000066a4078 .param/l "INIT_5" 0 2 1512, C4<0000000000000000000000000000000000000000000000000000000000000000000000000000000000000000000000000000000000000000000000000000000000000000000000000000000000000000000000000000000000000000000000000000000000000000000000000000000000000000000000000000000000000000>;
P_00000000066a40b0 .param/l "INIT_6" 0 2 1513, C4<0000000000000000000000000000000000000000000000000000000000000000000000000000000000000000000000000000000000000000000000000000000000000000000000000000000000000000000000000000000000000000000000000000000000000000000000000000000000000000000000000000000000000000>;
P_00000000066a40e8 .param/l "INIT_7" 0 2 1514, C4<0000000000000000000000000000000000000000000000000000000000000000000000000000000000000000000000000000000000000000000000000000000000000000000000000000000000000000000000000000000000000000000000000000000000000000000000000000000000000000000000000000000000000000>;
P_00000000066a4120 .param/l "INIT_8" 0 2 1515, C4<0000000000000000000000000000000000000000000000000000000000000000000000000000000000000000000000000000000000000000000000000000000000000000000000000000000000000000000000000000000000000000000000000000000000000000000000000000000000000000000000000000000000000000>;
P_00000000066a4158 .param/l "INIT_9" 0 2 1516, C4<0000000000000000000000000000000000000000000000000000000000000000000000000000000000000000000000000000000000000000000000000000000000000000000000000000000000000000000000000000000000000000000000000000000000000000000000000000000000000000000000000000000000000000>;
P_00000000066a4190 .param/l "INIT_A" 0 2 1517, C4<0000000000000000000000000000000000000000000000000000000000000000000000000000000000000000000000000000000000000000000000000000000000000000000000000000000000000000000000000000000000000000000000000000000000000000000000000000000000000000000000000000000000000000>;
P_00000000066a41c8 .param/l "INIT_B" 0 2 1518, C4<0000000000000000000000000000000000000000000000000000000000000000000000000000000000000000000000000000000000000000000000000000000000000000000000000000000000000000000000000000000000000000000000000000000000000000000000000000000000000000000000000000000000000000>;
P_00000000066a4200 .param/l "INIT_C" 0 2 1519, C4<0000000000000000000000000000000000000000000000000000000000000000000000000000000000000000000000000000000000000000000000000000000000000000000000000000000000000000000000000000000000000000000000000000000000000000000000000000000000000000000000000000000000000000>;
P_00000000066a4238 .param/l "INIT_D" 0 2 1520, C4<0000000000000000000000000000000000000000000000000000000000000000000000000000000000000000000000000000000000000000000000000000000000000000000000000000000000000000000000000000000000000000000000000000000000000000000000000000000000000000000000000000000000000000>;
P_00000000066a4270 .param/l "INIT_E" 0 2 1521, C4<0000000000000000000000000000000000000000000000000000000000000000000000000000000000000000000000000000000000000000000000000000000000000000000000000000000000000000000000000000000000000000000000000000000000000000000000000000000000000000000000000000000000000000>;
P_00000000066a42a8 .param/l "INIT_F" 0 2 1522, C4<0000000000000000000000000000000000000000000000000000000000000000000000000000000000000000000000000000000000000000000000000000000000000000000000000000000000000000000000000000000000000000000000000000000000000000000000000000000000000000000000000000000000000000>;
P_00000000066a42e0 .param/str "INIT_FILE" 0 2 1524, "\000";
P_00000000066a4318 .param/l "READ_MODE" 0 2 1505, +C4<00000000000000000000000000000000>;
P_00000000066a4350 .param/l "WRITE_MODE" 0 2 1504, +C4<00000000000000000000000000000000>;
v000000000669bf10_0 .net "MASK", 15 0, o0000000006644648;  alias, 0 drivers
v000000000669b6f0_0 .net "RADDR", 10 0, o0000000006644678;  alias, 0 drivers
v000000000669c050_0 .net "RCLK", 0 0, L_00000000065a4f80;  1 drivers
v000000000669b010_0 .net "RCLKE", 0 0, o00000000066446d8;  alias, 0 drivers
v0000000006699cb0_0 .net "RDATA", 15 0, L_00000000065a4dc0;  alias, 1 drivers
v000000000669b790_0 .var "RDATA_I", 15 0;
v000000000669bd30_0 .net "RE", 0 0, o0000000006644768;  alias, 0 drivers
L_00000000066d32d8 .functor BUFT 1, C4<0000000000000000>, C4<0>, C4<0>, C4<0>;
v000000000669b8d0_0 .net "RMASK_I", 15 0, L_00000000066d32d8;  1 drivers
v000000000669b0b0_0 .net "WADDR", 10 0, o00000000066447c8;  alias, 0 drivers
v000000000669b1f0_0 .net "WCLK", 0 0, L_00000000065a58b0;  1 drivers
v000000000669ba10_0 .net "WCLKE", 0 0, o0000000006644828;  alias, 0 drivers
v000000000669c190_0 .net "WDATA", 15 0, o0000000006644858;  alias, 0 drivers
v0000000006699f30_0 .net "WDATA_I", 15 0, L_00000000065a4c70;  1 drivers
v0000000006699df0_0 .net "WE", 0 0, o00000000066448b8;  alias, 0 drivers
v000000000669a110_0 .net "WMASK_I", 15 0, L_00000000065a57d0;  1 drivers
v000000000669bab0_0 .var/i "i", 31 0;
v000000000669a250 .array "memory", 255 0, 15 0;
E_00000000065f0e40 .event posedge, v000000000669c050_0;
E_00000000065f1040 .event posedge, v000000000669b1f0_0;
S_00000000066a2130 .scope generate, "genblk1" "genblk1" 2 1534, 2 1534 0, S_00000000066a3580;
 .timescale -12 -12;
L_00000000065a57d0 .functor BUFZ 16, o0000000006644648, C4<0000000000000000>, C4<0000000000000000>, C4<0000000000000000>;
S_00000000066a3a30 .scope generate, "genblk2" "genblk2" 2 1555, 2 1555 0, S_00000000066a3580;
 .timescale -12 -12;
S_00000000066a2770 .scope generate, "genblk3" "genblk3" 2 1576, 2 1576 0, S_00000000066a3580;
 .timescale -12 -12;
L_00000000065a4c70 .functor BUFZ 16, o0000000006644858, C4<0000000000000000>, C4<0000000000000000>, C4<0000000000000000>;
S_00000000066a3710 .scope generate, "genblk4" "genblk4" 2 1595, 2 1595 0, S_00000000066a3580;
 .timescale -12 -12;
L_00000000065a4dc0 .functor BUFZ 16, v000000000669b790_0, C4<0000000000000000>, C4<0000000000000000>, C4<0000000000000000>;
S_0000000006635bd0 .scope module, "SB_RAM40_4KNW" "SB_RAM40_4KNW" 2 1862;
 .timescale -12 -12;
    .port_info 0 /OUTPUT 16 "RDATA";
    .port_info 1 /INPUT 1 "RCLK";
    .port_info 2 /INPUT 1 "RCLKE";
    .port_info 3 /INPUT 1 "RE";
    .port_info 4 /INPUT 11 "RADDR";
    .port_info 5 /INPUT 1 "WCLKN";
    .port_info 6 /INPUT 1 "WCLKE";
    .port_info 7 /INPUT 1 "WE";
    .port_info 8 /INPUT 11 "WADDR";
    .port_info 9 /INPUT 16 "MASK";
    .port_info 10 /INPUT 16 "WDATA";
P_000000000632c9d0 .param/l "INIT_0" 0 2 1878, C4<0000000000000000000000000000000000000000000000000000000000000000000000000000000000000000000000000000000000000000000000000000000000000000000000000000000000000000000000000000000000000000000000000000000000000000000000000000000000000000000000000000000000000000>;
P_000000000632ca08 .param/l "INIT_1" 0 2 1879, C4<0000000000000000000000000000000000000000000000000000000000000000000000000000000000000000000000000000000000000000000000000000000000000000000000000000000000000000000000000000000000000000000000000000000000000000000000000000000000000000000000000000000000000000>;
P_000000000632ca40 .param/l "INIT_2" 0 2 1880, C4<0000000000000000000000000000000000000000000000000000000000000000000000000000000000000000000000000000000000000000000000000000000000000000000000000000000000000000000000000000000000000000000000000000000000000000000000000000000000000000000000000000000000000000>;
P_000000000632ca78 .param/l "INIT_3" 0 2 1881, C4<0000000000000000000000000000000000000000000000000000000000000000000000000000000000000000000000000000000000000000000000000000000000000000000000000000000000000000000000000000000000000000000000000000000000000000000000000000000000000000000000000000000000000000>;
P_000000000632cab0 .param/l "INIT_4" 0 2 1882, C4<0000000000000000000000000000000000000000000000000000000000000000000000000000000000000000000000000000000000000000000000000000000000000000000000000000000000000000000000000000000000000000000000000000000000000000000000000000000000000000000000000000000000000000>;
P_000000000632cae8 .param/l "INIT_5" 0 2 1883, C4<0000000000000000000000000000000000000000000000000000000000000000000000000000000000000000000000000000000000000000000000000000000000000000000000000000000000000000000000000000000000000000000000000000000000000000000000000000000000000000000000000000000000000000>;
P_000000000632cb20 .param/l "INIT_6" 0 2 1884, C4<0000000000000000000000000000000000000000000000000000000000000000000000000000000000000000000000000000000000000000000000000000000000000000000000000000000000000000000000000000000000000000000000000000000000000000000000000000000000000000000000000000000000000000>;
P_000000000632cb58 .param/l "INIT_7" 0 2 1885, C4<0000000000000000000000000000000000000000000000000000000000000000000000000000000000000000000000000000000000000000000000000000000000000000000000000000000000000000000000000000000000000000000000000000000000000000000000000000000000000000000000000000000000000000>;
P_000000000632cb90 .param/l "INIT_8" 0 2 1886, C4<0000000000000000000000000000000000000000000000000000000000000000000000000000000000000000000000000000000000000000000000000000000000000000000000000000000000000000000000000000000000000000000000000000000000000000000000000000000000000000000000000000000000000000>;
P_000000000632cbc8 .param/l "INIT_9" 0 2 1887, C4<0000000000000000000000000000000000000000000000000000000000000000000000000000000000000000000000000000000000000000000000000000000000000000000000000000000000000000000000000000000000000000000000000000000000000000000000000000000000000000000000000000000000000000>;
P_000000000632cc00 .param/l "INIT_A" 0 2 1888, C4<0000000000000000000000000000000000000000000000000000000000000000000000000000000000000000000000000000000000000000000000000000000000000000000000000000000000000000000000000000000000000000000000000000000000000000000000000000000000000000000000000000000000000000>;
P_000000000632cc38 .param/l "INIT_B" 0 2 1889, C4<0000000000000000000000000000000000000000000000000000000000000000000000000000000000000000000000000000000000000000000000000000000000000000000000000000000000000000000000000000000000000000000000000000000000000000000000000000000000000000000000000000000000000000>;
P_000000000632cc70 .param/l "INIT_C" 0 2 1890, C4<0000000000000000000000000000000000000000000000000000000000000000000000000000000000000000000000000000000000000000000000000000000000000000000000000000000000000000000000000000000000000000000000000000000000000000000000000000000000000000000000000000000000000000>;
P_000000000632cca8 .param/l "INIT_D" 0 2 1891, C4<0000000000000000000000000000000000000000000000000000000000000000000000000000000000000000000000000000000000000000000000000000000000000000000000000000000000000000000000000000000000000000000000000000000000000000000000000000000000000000000000000000000000000000>;
P_000000000632cce0 .param/l "INIT_E" 0 2 1892, C4<0000000000000000000000000000000000000000000000000000000000000000000000000000000000000000000000000000000000000000000000000000000000000000000000000000000000000000000000000000000000000000000000000000000000000000000000000000000000000000000000000000000000000000>;
P_000000000632cd18 .param/l "INIT_F" 0 2 1893, C4<0000000000000000000000000000000000000000000000000000000000000000000000000000000000000000000000000000000000000000000000000000000000000000000000000000000000000000000000000000000000000000000000000000000000000000000000000000000000000000000000000000000000000000>;
P_000000000632cd50 .param/str "INIT_FILE" 0 2 1895, "\000";
P_000000000632cd88 .param/l "READ_MODE" 0 2 1876, +C4<00000000000000000000000000000000>;
P_000000000632cdc0 .param/l "WRITE_MODE" 0 2 1875, +C4<00000000000000000000000000000000>;
o00000000066452d8 .functor BUFZ 1, C4<z>; HiZ drive
L_00000000065a40a0 .functor NOT 1, o00000000066452d8, C4<0>, C4<0>, C4<0>;
o0000000006644dc8 .functor BUFZ 16, C4<zzzzzzzzzzzzzzzz>; HiZ drive
v000000000669d9f0_0 .net "MASK", 15 0, o0000000006644dc8;  0 drivers
o0000000006644df8 .functor BUFZ 11, C4<zzzzzzzzzzz>; HiZ drive
v000000000669ea30_0 .net "RADDR", 10 0, o0000000006644df8;  0 drivers
o0000000006644e28 .functor BUFZ 1, C4<z>; HiZ drive
v000000000669d4f0_0 .net "RCLK", 0 0, o0000000006644e28;  0 drivers
o0000000006644e58 .functor BUFZ 1, C4<z>; HiZ drive
v000000000669da90_0 .net "RCLKE", 0 0, o0000000006644e58;  0 drivers
v000000000669d8b0_0 .net "RDATA", 15 0, L_00000000065a3fc0;  1 drivers
o0000000006644ee8 .functor BUFZ 1, C4<z>; HiZ drive
v000000000669cd70_0 .net "RE", 0 0, o0000000006644ee8;  0 drivers
o0000000006644f48 .functor BUFZ 11, C4<zzzzzzzzzzz>; HiZ drive
v000000000669c870_0 .net "WADDR", 10 0, o0000000006644f48;  0 drivers
o0000000006644fa8 .functor BUFZ 1, C4<z>; HiZ drive
v000000000669ce10_0 .net "WCLKE", 0 0, o0000000006644fa8;  0 drivers
v000000000669df90_0 .net "WCLKN", 0 0, o00000000066452d8;  0 drivers
o0000000006644fd8 .functor BUFZ 16, C4<zzzzzzzzzzzzzzzz>; HiZ drive
v000000000669e2b0_0 .net "WDATA", 15 0, o0000000006644fd8;  0 drivers
o0000000006645038 .functor BUFZ 1, C4<z>; HiZ drive
v000000000669e530_0 .net "WE", 0 0, o0000000006645038;  0 drivers
S_00000000066a2c20 .scope module, "RAM" "SB_RAM40_4K" 2 1917, 2 1487 0, S_0000000006635bd0;
 .timescale -12 -12;
    .port_info 0 /OUTPUT 16 "RDATA";
    .port_info 1 /INPUT 1 "RCLK";
    .port_info 2 /INPUT 1 "RCLKE";
    .port_info 3 /INPUT 1 "RE";
    .port_info 4 /INPUT 11 "RADDR";
    .port_info 5 /INPUT 1 "WCLK";
    .port_info 6 /INPUT 1 "WCLKE";
    .port_info 7 /INPUT 1 "WE";
    .port_info 8 /INPUT 11 "WADDR";
    .port_info 9 /INPUT 16 "MASK";
    .port_info 10 /INPUT 16 "WDATA";
P_00000000066a63a0 .param/l "INIT_0" 0 2 1507, C4<0000000000000000000000000000000000000000000000000000000000000000000000000000000000000000000000000000000000000000000000000000000000000000000000000000000000000000000000000000000000000000000000000000000000000000000000000000000000000000000000000000000000000000>;
P_00000000066a63d8 .param/l "INIT_1" 0 2 1508, C4<0000000000000000000000000000000000000000000000000000000000000000000000000000000000000000000000000000000000000000000000000000000000000000000000000000000000000000000000000000000000000000000000000000000000000000000000000000000000000000000000000000000000000000>;
P_00000000066a6410 .param/l "INIT_2" 0 2 1509, C4<0000000000000000000000000000000000000000000000000000000000000000000000000000000000000000000000000000000000000000000000000000000000000000000000000000000000000000000000000000000000000000000000000000000000000000000000000000000000000000000000000000000000000000>;
P_00000000066a6448 .param/l "INIT_3" 0 2 1510, C4<0000000000000000000000000000000000000000000000000000000000000000000000000000000000000000000000000000000000000000000000000000000000000000000000000000000000000000000000000000000000000000000000000000000000000000000000000000000000000000000000000000000000000000>;
P_00000000066a6480 .param/l "INIT_4" 0 2 1511, C4<0000000000000000000000000000000000000000000000000000000000000000000000000000000000000000000000000000000000000000000000000000000000000000000000000000000000000000000000000000000000000000000000000000000000000000000000000000000000000000000000000000000000000000>;
P_00000000066a64b8 .param/l "INIT_5" 0 2 1512, C4<0000000000000000000000000000000000000000000000000000000000000000000000000000000000000000000000000000000000000000000000000000000000000000000000000000000000000000000000000000000000000000000000000000000000000000000000000000000000000000000000000000000000000000>;
P_00000000066a64f0 .param/l "INIT_6" 0 2 1513, C4<0000000000000000000000000000000000000000000000000000000000000000000000000000000000000000000000000000000000000000000000000000000000000000000000000000000000000000000000000000000000000000000000000000000000000000000000000000000000000000000000000000000000000000>;
P_00000000066a6528 .param/l "INIT_7" 0 2 1514, C4<0000000000000000000000000000000000000000000000000000000000000000000000000000000000000000000000000000000000000000000000000000000000000000000000000000000000000000000000000000000000000000000000000000000000000000000000000000000000000000000000000000000000000000>;
P_00000000066a6560 .param/l "INIT_8" 0 2 1515, C4<0000000000000000000000000000000000000000000000000000000000000000000000000000000000000000000000000000000000000000000000000000000000000000000000000000000000000000000000000000000000000000000000000000000000000000000000000000000000000000000000000000000000000000>;
P_00000000066a6598 .param/l "INIT_9" 0 2 1516, C4<0000000000000000000000000000000000000000000000000000000000000000000000000000000000000000000000000000000000000000000000000000000000000000000000000000000000000000000000000000000000000000000000000000000000000000000000000000000000000000000000000000000000000000>;
P_00000000066a65d0 .param/l "INIT_A" 0 2 1517, C4<0000000000000000000000000000000000000000000000000000000000000000000000000000000000000000000000000000000000000000000000000000000000000000000000000000000000000000000000000000000000000000000000000000000000000000000000000000000000000000000000000000000000000000>;
P_00000000066a6608 .param/l "INIT_B" 0 2 1518, C4<0000000000000000000000000000000000000000000000000000000000000000000000000000000000000000000000000000000000000000000000000000000000000000000000000000000000000000000000000000000000000000000000000000000000000000000000000000000000000000000000000000000000000000>;
P_00000000066a6640 .param/l "INIT_C" 0 2 1519, C4<0000000000000000000000000000000000000000000000000000000000000000000000000000000000000000000000000000000000000000000000000000000000000000000000000000000000000000000000000000000000000000000000000000000000000000000000000000000000000000000000000000000000000000>;
P_00000000066a6678 .param/l "INIT_D" 0 2 1520, C4<0000000000000000000000000000000000000000000000000000000000000000000000000000000000000000000000000000000000000000000000000000000000000000000000000000000000000000000000000000000000000000000000000000000000000000000000000000000000000000000000000000000000000000>;
P_00000000066a66b0 .param/l "INIT_E" 0 2 1521, C4<0000000000000000000000000000000000000000000000000000000000000000000000000000000000000000000000000000000000000000000000000000000000000000000000000000000000000000000000000000000000000000000000000000000000000000000000000000000000000000000000000000000000000000>;
P_00000000066a66e8 .param/l "INIT_F" 0 2 1522, C4<0000000000000000000000000000000000000000000000000000000000000000000000000000000000000000000000000000000000000000000000000000000000000000000000000000000000000000000000000000000000000000000000000000000000000000000000000000000000000000000000000000000000000000>;
P_00000000066a6720 .param/str "INIT_FILE" 0 2 1524, "\000";
P_00000000066a6758 .param/l "READ_MODE" 0 2 1505, +C4<00000000000000000000000000000000>;
P_00000000066a6790 .param/l "WRITE_MODE" 0 2 1504, +C4<00000000000000000000000000000000>;
v000000000669e710_0 .net "MASK", 15 0, o0000000006644dc8;  alias, 0 drivers
v000000000669d270_0 .net "RADDR", 10 0, o0000000006644df8;  alias, 0 drivers
v000000000669d3b0_0 .net "RCLK", 0 0, o0000000006644e28;  alias, 0 drivers
v000000000669e7b0_0 .net "RCLKE", 0 0, o0000000006644e58;  alias, 0 drivers
v000000000669e170_0 .net "RDATA", 15 0, L_00000000065a3fc0;  alias, 1 drivers
v000000000669ddb0_0 .var "RDATA_I", 15 0;
v000000000669de50_0 .net "RE", 0 0, o0000000006644ee8;  alias, 0 drivers
L_00000000066d3320 .functor BUFT 1, C4<0000000000000000>, C4<0>, C4<0>, C4<0>;
v000000000669dd10_0 .net "RMASK_I", 15 0, L_00000000066d3320;  1 drivers
v000000000669e850_0 .net "WADDR", 10 0, o0000000006644f48;  alias, 0 drivers
v000000000669ca50_0 .net "WCLK", 0 0, L_00000000065a40a0;  1 drivers
v000000000669d810_0 .net "WCLKE", 0 0, o0000000006644fa8;  alias, 0 drivers
v000000000669c690_0 .net "WDATA", 15 0, o0000000006644fd8;  alias, 0 drivers
v000000000669c730_0 .net "WDATA_I", 15 0, L_00000000065a3f50;  1 drivers
v000000000669e490_0 .net "WE", 0 0, o0000000006645038;  alias, 0 drivers
v000000000669ceb0_0 .net "WMASK_I", 15 0, L_00000000065a5a00;  1 drivers
v000000000669cc30_0 .var/i "i", 31 0;
v000000000669def0 .array "memory", 255 0, 15 0;
E_00000000065f0780 .event posedge, v000000000669d3b0_0;
E_00000000065f07c0 .event posedge, v000000000669ca50_0;
S_00000000066a2450 .scope generate, "genblk1" "genblk1" 2 1534, 2 1534 0, S_00000000066a2c20;
 .timescale -12 -12;
L_00000000065a5a00 .functor BUFZ 16, o0000000006644dc8, C4<0000000000000000>, C4<0000000000000000>, C4<0000000000000000>;
S_00000000066a33f0 .scope generate, "genblk2" "genblk2" 2 1555, 2 1555 0, S_00000000066a2c20;
 .timescale -12 -12;
S_00000000066a3260 .scope generate, "genblk3" "genblk3" 2 1576, 2 1576 0, S_00000000066a2c20;
 .timescale -12 -12;
L_00000000065a3f50 .functor BUFZ 16, o0000000006644fd8, C4<0000000000000000>, C4<0000000000000000>, C4<0000000000000000>;
S_00000000066a38a0 .scope generate, "genblk4" "genblk4" 2 1595, 2 1595 0, S_00000000066a2c20;
 .timescale -12 -12;
L_00000000065a3fc0 .functor BUFZ 16, v000000000669ddb0_0, C4<0000000000000000>, C4<0000000000000000>, C4<0000000000000000>;
S_0000000006636210 .scope module, "SB_RGBA_DRV" "SB_RGBA_DRV" 2 2692;
 .timescale -12 -12;
    .port_info 0 /INPUT 1 "CURREN";
    .port_info 1 /INPUT 1 "RGBLEDEN";
    .port_info 2 /INPUT 1 "RGB0PWM";
    .port_info 3 /INPUT 1 "RGB1PWM";
    .port_info 4 /INPUT 1 "RGB2PWM";
    .port_info 5 /OUTPUT 1 "RGB0";
    .port_info 6 /OUTPUT 1 "RGB1";
    .port_info 7 /OUTPUT 1 "RGB2";
P_000000000633a780 .param/str "CURRENT_MODE" 0 2 2702, "0b0";
P_000000000633a7b8 .param/str "RGB0_CURRENT" 0 2 2703, "0b000000";
P_000000000633a7f0 .param/str "RGB1_CURRENT" 0 2 2704, "0b000000";
P_000000000633a828 .param/str "RGB2_CURRENT" 0 2 2705, "0b000000";
o0000000006645518 .functor BUFZ 1, C4<z>; HiZ drive
v000000000669e030_0 .net "CURREN", 0 0, o0000000006645518;  0 drivers
o0000000006645548 .functor BUFZ 1, C4<z>; HiZ drive
v000000000669db30_0 .net "RGB0", 0 0, o0000000006645548;  0 drivers
o0000000006645578 .functor BUFZ 1, C4<z>; HiZ drive
v000000000669cf50_0 .net "RGB0PWM", 0 0, o0000000006645578;  0 drivers
o00000000066455a8 .functor BUFZ 1, C4<z>; HiZ drive
v000000000669dbd0_0 .net "RGB1", 0 0, o00000000066455a8;  0 drivers
o00000000066455d8 .functor BUFZ 1, C4<z>; HiZ drive
v000000000669d770_0 .net "RGB1PWM", 0 0, o00000000066455d8;  0 drivers
o0000000006645608 .functor BUFZ 1, C4<z>; HiZ drive
v000000000669dc70_0 .net "RGB2", 0 0, o0000000006645608;  0 drivers
o0000000006645638 .functor BUFZ 1, C4<z>; HiZ drive
v000000000669e0d0_0 .net "RGB2PWM", 0 0, o0000000006645638;  0 drivers
o0000000006645668 .functor BUFZ 1, C4<z>; HiZ drive
v000000000669e8f0_0 .net "RGBLEDEN", 0 0, o0000000006645668;  0 drivers
S_00000000066366c0 .scope module, "SB_RGB_DRV" "SB_RGB_DRV" 2 2716;
 .timescale -12 -12;
    .port_info 0 /INPUT 1 "RGBLEDEN";
    .port_info 1 /INPUT 1 "RGB0PWM";
    .port_info 2 /INPUT 1 "RGB1PWM";
    .port_info 3 /INPUT 1 "RGB2PWM";
    .port_info 4 /INPUT 1 "RGBPU";
    .port_info 5 /OUTPUT 1 "RGB0";
    .port_info 6 /OUTPUT 1 "RGB1";
    .port_info 7 /OUTPUT 1 "RGB2";
P_0000000006340060 .param/str "CURRENT_MODE" 0 2 2726, "0b0";
P_0000000006340098 .param/str "RGB0_CURRENT" 0 2 2727, "0b000000";
P_00000000063400d0 .param/str "RGB1_CURRENT" 0 2 2728, "0b000000";
P_0000000006340108 .param/str "RGB2_CURRENT" 0 2 2729, "0b000000";
o0000000006645818 .functor BUFZ 1, C4<z>; HiZ drive
v000000000669e210_0 .net "RGB0", 0 0, o0000000006645818;  0 drivers
o0000000006645848 .functor BUFZ 1, C4<z>; HiZ drive
v000000000669e990_0 .net "RGB0PWM", 0 0, o0000000006645848;  0 drivers
o0000000006645878 .functor BUFZ 1, C4<z>; HiZ drive
v000000000669c7d0_0 .net "RGB1", 0 0, o0000000006645878;  0 drivers
o00000000066458a8 .functor BUFZ 1, C4<z>; HiZ drive
v000000000669ead0_0 .net "RGB1PWM", 0 0, o00000000066458a8;  0 drivers
o00000000066458d8 .functor BUFZ 1, C4<z>; HiZ drive
v000000000669c410_0 .net "RGB2", 0 0, o00000000066458d8;  0 drivers
o0000000006645908 .functor BUFZ 1, C4<z>; HiZ drive
v000000000669e350_0 .net "RGB2PWM", 0 0, o0000000006645908;  0 drivers
o0000000006645938 .functor BUFZ 1, C4<z>; HiZ drive
v000000000669c910_0 .net "RGBLEDEN", 0 0, o0000000006645938;  0 drivers
o0000000006645968 .functor BUFZ 1, C4<z>; HiZ drive
v000000000669c9b0_0 .net "RGBPU", 0 0, o0000000006645968;  0 drivers
S_00000000064838c0 .scope module, "SB_SPI" "SB_SPI" 2 2776;
 .timescale -12 -12;
    .port_info 0 /INPUT 1 "SBCLKI";
    .port_info 1 /INPUT 1 "SBRWI";
    .port_info 2 /INPUT 1 "SBSTBI";
    .port_info 3 /INPUT 1 "SBADRI7";
    .port_info 4 /INPUT 1 "SBADRI6";
    .port_info 5 /INPUT 1 "SBADRI5";
    .port_info 6 /INPUT 1 "SBADRI4";
    .port_info 7 /INPUT 1 "SBADRI3";
    .port_info 8 /INPUT 1 "SBADRI2";
    .port_info 9 /INPUT 1 "SBADRI1";
    .port_info 10 /INPUT 1 "SBADRI0";
    .port_info 11 /INPUT 1 "SBDATI7";
    .port_info 12 /INPUT 1 "SBDATI6";
    .port_info 13 /INPUT 1 "SBDATI5";
    .port_info 14 /INPUT 1 "SBDATI4";
    .port_info 15 /INPUT 1 "SBDATI3";
    .port_info 16 /INPUT 1 "SBDATI2";
    .port_info 17 /INPUT 1 "SBDATI1";
    .port_info 18 /INPUT 1 "SBDATI0";
    .port_info 19 /INPUT 1 "MI";
    .port_info 20 /INPUT 1 "SI";
    .port_info 21 /INPUT 1 "SCKI";
    .port_info 22 /INPUT 1 "SCSNI";
    .port_info 23 /OUTPUT 1 "SBDATO7";
    .port_info 24 /OUTPUT 1 "SBDATO6";
    .port_info 25 /OUTPUT 1 "SBDATO5";
    .port_info 26 /OUTPUT 1 "SBDATO4";
    .port_info 27 /OUTPUT 1 "SBDATO3";
    .port_info 28 /OUTPUT 1 "SBDATO2";
    .port_info 29 /OUTPUT 1 "SBDATO1";
    .port_info 30 /OUTPUT 1 "SBDATO0";
    .port_info 31 /OUTPUT 1 "SBACKO";
    .port_info 32 /OUTPUT 1 "SPIIRQ";
    .port_info 33 /OUTPUT 1 "SPIWKUP";
    .port_info 34 /OUTPUT 1 "SO";
    .port_info 35 /OUTPUT 1 "SOE";
    .port_info 36 /OUTPUT 1 "MO";
    .port_info 37 /OUTPUT 1 "MOE";
    .port_info 38 /OUTPUT 1 "SCKO";
    .port_info 39 /OUTPUT 1 "SCKOE";
    .port_info 40 /OUTPUT 1 "MCSNO3";
    .port_info 41 /OUTPUT 1 "MCSNO2";
    .port_info 42 /OUTPUT 1 "MCSNO1";
    .port_info 43 /OUTPUT 1 "MCSNO0";
    .port_info 44 /OUTPUT 1 "MCSNOE3";
    .port_info 45 /OUTPUT 1 "MCSNOE2";
    .port_info 46 /OUTPUT 1 "MCSNOE1";
    .port_info 47 /OUTPUT 1 "MCSNOE0";
P_00000000065ef2c0 .param/str "BUS_ADDR74" 0 2 2826, "0b0000";
o0000000006645b18 .functor BUFZ 1, C4<z>; HiZ drive
v000000000669d090_0 .net "MCSNO0", 0 0, o0000000006645b18;  0 drivers
o0000000006645b48 .functor BUFZ 1, C4<z>; HiZ drive
v000000000669e5d0_0 .net "MCSNO1", 0 0, o0000000006645b48;  0 drivers
o0000000006645b78 .functor BUFZ 1, C4<z>; HiZ drive
v000000000669caf0_0 .net "MCSNO2", 0 0, o0000000006645b78;  0 drivers
o0000000006645ba8 .functor BUFZ 1, C4<z>; HiZ drive
v000000000669cff0_0 .net "MCSNO3", 0 0, o0000000006645ba8;  0 drivers
o0000000006645bd8 .functor BUFZ 1, C4<z>; HiZ drive
v000000000669cb90_0 .net "MCSNOE0", 0 0, o0000000006645bd8;  0 drivers
o0000000006645c08 .functor BUFZ 1, C4<z>; HiZ drive
v000000000669d310_0 .net "MCSNOE1", 0 0, o0000000006645c08;  0 drivers
o0000000006645c38 .functor BUFZ 1, C4<z>; HiZ drive
v000000000669d6d0_0 .net "MCSNOE2", 0 0, o0000000006645c38;  0 drivers
o0000000006645c68 .functor BUFZ 1, C4<z>; HiZ drive
v000000000669d130_0 .net "MCSNOE3", 0 0, o0000000006645c68;  0 drivers
o0000000006645c98 .functor BUFZ 1, C4<z>; HiZ drive
v000000000669e3f0_0 .net "MI", 0 0, o0000000006645c98;  0 drivers
o0000000006645cc8 .functor BUFZ 1, C4<z>; HiZ drive
v000000000669e670_0 .net "MO", 0 0, o0000000006645cc8;  0 drivers
o0000000006645cf8 .functor BUFZ 1, C4<z>; HiZ drive
v000000000669d1d0_0 .net "MOE", 0 0, o0000000006645cf8;  0 drivers
o0000000006645d28 .functor BUFZ 1, C4<z>; HiZ drive
v000000000669c4b0_0 .net "SBACKO", 0 0, o0000000006645d28;  0 drivers
o0000000006645d58 .functor BUFZ 1, C4<z>; HiZ drive
v000000000669d450_0 .net "SBADRI0", 0 0, o0000000006645d58;  0 drivers
o0000000006645d88 .functor BUFZ 1, C4<z>; HiZ drive
v000000000669d590_0 .net "SBADRI1", 0 0, o0000000006645d88;  0 drivers
o0000000006645db8 .functor BUFZ 1, C4<z>; HiZ drive
v000000000669d630_0 .net "SBADRI2", 0 0, o0000000006645db8;  0 drivers
o0000000006645de8 .functor BUFZ 1, C4<z>; HiZ drive
v00000000066a1050_0 .net "SBADRI3", 0 0, o0000000006645de8;  0 drivers
o0000000006645e18 .functor BUFZ 1, C4<z>; HiZ drive
v000000000669f250_0 .net "SBADRI4", 0 0, o0000000006645e18;  0 drivers
o0000000006645e48 .functor BUFZ 1, C4<z>; HiZ drive
v000000000669f570_0 .net "SBADRI5", 0 0, o0000000006645e48;  0 drivers
o0000000006645e78 .functor BUFZ 1, C4<z>; HiZ drive
v00000000066a10f0_0 .net "SBADRI6", 0 0, o0000000006645e78;  0 drivers
o0000000006645ea8 .functor BUFZ 1, C4<z>; HiZ drive
v00000000066a0790_0 .net "SBADRI7", 0 0, o0000000006645ea8;  0 drivers
o0000000006645ed8 .functor BUFZ 1, C4<z>; HiZ drive
v000000000669fb10_0 .net "SBCLKI", 0 0, o0000000006645ed8;  0 drivers
o0000000006645f08 .functor BUFZ 1, C4<z>; HiZ drive
v00000000066a05b0_0 .net "SBDATI0", 0 0, o0000000006645f08;  0 drivers
o0000000006645f38 .functor BUFZ 1, C4<z>; HiZ drive
v00000000066a0c90_0 .net "SBDATI1", 0 0, o0000000006645f38;  0 drivers
o0000000006645f68 .functor BUFZ 1, C4<z>; HiZ drive
v00000000066a0650_0 .net "SBDATI2", 0 0, o0000000006645f68;  0 drivers
o0000000006645f98 .functor BUFZ 1, C4<z>; HiZ drive
v000000000669fa70_0 .net "SBDATI3", 0 0, o0000000006645f98;  0 drivers
o0000000006645fc8 .functor BUFZ 1, C4<z>; HiZ drive
v00000000066a1190_0 .net "SBDATI4", 0 0, o0000000006645fc8;  0 drivers
o0000000006645ff8 .functor BUFZ 1, C4<z>; HiZ drive
v00000000066a0bf0_0 .net "SBDATI5", 0 0, o0000000006645ff8;  0 drivers
o0000000006646028 .functor BUFZ 1, C4<z>; HiZ drive
v000000000669edf0_0 .net "SBDATI6", 0 0, o0000000006646028;  0 drivers
o0000000006646058 .functor BUFZ 1, C4<z>; HiZ drive
v00000000066a00b0_0 .net "SBDATI7", 0 0, o0000000006646058;  0 drivers
o0000000006646088 .functor BUFZ 1, C4<z>; HiZ drive
v00000000066a06f0_0 .net "SBDATO0", 0 0, o0000000006646088;  0 drivers
o00000000066460b8 .functor BUFZ 1, C4<z>; HiZ drive
v00000000066a0290_0 .net "SBDATO1", 0 0, o00000000066460b8;  0 drivers
o00000000066460e8 .functor BUFZ 1, C4<z>; HiZ drive
v000000000669f4d0_0 .net "SBDATO2", 0 0, o00000000066460e8;  0 drivers
o0000000006646118 .functor BUFZ 1, C4<z>; HiZ drive
v000000000669f070_0 .net "SBDATO3", 0 0, o0000000006646118;  0 drivers
o0000000006646148 .functor BUFZ 1, C4<z>; HiZ drive
v00000000066a1230_0 .net "SBDATO4", 0 0, o0000000006646148;  0 drivers
o0000000006646178 .functor BUFZ 1, C4<z>; HiZ drive
v00000000066a01f0_0 .net "SBDATO5", 0 0, o0000000006646178;  0 drivers
o00000000066461a8 .functor BUFZ 1, C4<z>; HiZ drive
v00000000066a0830_0 .net "SBDATO6", 0 0, o00000000066461a8;  0 drivers
o00000000066461d8 .functor BUFZ 1, C4<z>; HiZ drive
v000000000669f610_0 .net "SBDATO7", 0 0, o00000000066461d8;  0 drivers
o0000000006646208 .functor BUFZ 1, C4<z>; HiZ drive
v00000000066a12d0_0 .net "SBRWI", 0 0, o0000000006646208;  0 drivers
o0000000006646238 .functor BUFZ 1, C4<z>; HiZ drive
v00000000066a08d0_0 .net "SBSTBI", 0 0, o0000000006646238;  0 drivers
o0000000006646268 .functor BUFZ 1, C4<z>; HiZ drive
v000000000669fbb0_0 .net "SCKI", 0 0, o0000000006646268;  0 drivers
o0000000006646298 .functor BUFZ 1, C4<z>; HiZ drive
v00000000066a0970_0 .net "SCKO", 0 0, o0000000006646298;  0 drivers
o00000000066462c8 .functor BUFZ 1, C4<z>; HiZ drive
v00000000066a0d30_0 .net "SCKOE", 0 0, o00000000066462c8;  0 drivers
o00000000066462f8 .functor BUFZ 1, C4<z>; HiZ drive
v00000000066a0a10_0 .net "SCSNI", 0 0, o00000000066462f8;  0 drivers
o0000000006646328 .functor BUFZ 1, C4<z>; HiZ drive
v000000000669fc50_0 .net "SI", 0 0, o0000000006646328;  0 drivers
o0000000006646358 .functor BUFZ 1, C4<z>; HiZ drive
v000000000669eb70_0 .net "SO", 0 0, o0000000006646358;  0 drivers
o0000000006646388 .functor BUFZ 1, C4<z>; HiZ drive
v000000000669ec10_0 .net "SOE", 0 0, o0000000006646388;  0 drivers
o00000000066463b8 .functor BUFZ 1, C4<z>; HiZ drive
v00000000066a0ab0_0 .net "SPIIRQ", 0 0, o00000000066463b8;  0 drivers
o00000000066463e8 .functor BUFZ 1, C4<z>; HiZ drive
v000000000669efd0_0 .net "SPIWKUP", 0 0, o00000000066463e8;  0 drivers
S_0000000006482f60 .scope module, "SB_SPRAM256KA" "SB_SPRAM256KA" 2 2600;
 .timescale -12 -12;
    .port_info 0 /INPUT 14 "ADDRESS";
    .port_info 1 /INPUT 16 "DATAIN";
    .port_info 2 /INPUT 4 "MASKWREN";
    .port_info 3 /INPUT 1 "WREN";
    .port_info 4 /INPUT 1 "CHIPSELECT";
    .port_info 5 /INPUT 1 "CLOCK";
    .port_info 6 /INPUT 1 "STANDBY";
    .port_info 7 /INPUT 1 "SLEEP";
    .port_info 8 /INPUT 1 "POWEROFF";
    .port_info 9 /OUTPUT 16 "DATAOUT";
o0000000006646e68 .functor BUFZ 1, C4<z>; HiZ drive
L_00000000065a5bc0 .functor OR 1, o0000000006646e68, L_0000000006730ec0, C4<0>, C4<0>;
o0000000006646d18 .functor BUFZ 14, C4<zzzzzzzzzzzzzz>; HiZ drive
v000000000669f7f0_0 .net "ADDRESS", 13 0, o0000000006646d18;  0 drivers
o0000000006646d48 .functor BUFZ 1, C4<z>; HiZ drive
v000000000669f430_0 .net "CHIPSELECT", 0 0, o0000000006646d48;  0 drivers
o0000000006646d78 .functor BUFZ 1, C4<z>; HiZ drive
v000000000669f6b0_0 .net "CLOCK", 0 0, o0000000006646d78;  0 drivers
o0000000006646da8 .functor BUFZ 16, C4<zzzzzzzzzzzzzzzz>; HiZ drive
v000000000669f750_0 .net "DATAIN", 15 0, o0000000006646da8;  0 drivers
v000000000669f890_0 .var "DATAOUT", 15 0;
o0000000006646e08 .functor BUFZ 4, C4<zzzz>; HiZ drive
v000000000669fe30_0 .net "MASKWREN", 3 0, o0000000006646e08;  0 drivers
o0000000006646e38 .functor BUFZ 1, C4<z>; HiZ drive
v000000000669f110_0 .net "POWEROFF", 0 0, o0000000006646e38;  0 drivers
v00000000066a0330_0 .net "SLEEP", 0 0, o0000000006646e68;  0 drivers
o0000000006646e98 .functor BUFZ 1, C4<z>; HiZ drive
v000000000669ee90_0 .net "STANDBY", 0 0, o0000000006646e98;  0 drivers
o0000000006646ec8 .functor BUFZ 1, C4<z>; HiZ drive
v000000000669ecb0_0 .net "WREN", 0 0, o0000000006646ec8;  0 drivers
v000000000669ef30_0 .net *"_ivl_1", 0 0, L_0000000006730ec0;  1 drivers
v00000000066a0150_0 .var/i "i", 31 0;
v00000000066a03d0 .array "mem", 16383 0, 15 0;
v000000000669ed50_0 .net "off", 0 0, L_00000000065a5bc0;  1 drivers
E_00000000065f0840 .event posedge, v000000000669ed50_0, v000000000669f6b0_0;
E_00000000065f08c0 .event negedge, v000000000669f110_0;
L_0000000006730ec0 .reduce/nor o0000000006646e38;
S_0000000006482790 .scope module, "SB_WARMBOOT" "SB_WARMBOOT" 2 2593;
 .timescale -12 -12;
    .port_info 0 /INPUT 1 "BOOT";
    .port_info 1 /INPUT 1 "S1";
    .port_info 2 /INPUT 1 "S0";
o0000000006647168 .functor BUFZ 1, C4<z>; HiZ drive
v00000000066a0b50_0 .net "BOOT", 0 0, o0000000006647168;  0 drivers
o0000000006647198 .functor BUFZ 1, C4<z>; HiZ drive
v000000000669f930_0 .net "S0", 0 0, o0000000006647198;  0 drivers
o00000000066471c8 .functor BUFZ 1, C4<z>; HiZ drive
v000000000669ff70_0 .net "S1", 0 0, o00000000066471c8;  0 drivers
S_0000000006483410 .scope module, "splitstreamer2_tb" "splitstreamer2_tb" 3 3;
 .timescale -9 -12;
v00000000066bd590_0 .var "pin_i2s_bclk", 0 0;
v00000000066bee90_0 .var "pin_i2s_bclk_pll", 0 0;
v00000000066bcff0_0 .var "pin_i2s_data", 0 0;
v00000000066bd770_0 .var "pin_i2s_fclk", 0 0;
v00000000066bec10_0 .net "pin_opt1", 0 0, L_00000000065a5d10;  1 drivers
v00000000066befd0_0 .var "pin_user_sw", 0 0;
v00000000066bd4f0_0 .net "red", 0 0, L_000000000672b6a0;  1 drivers
v00000000066bddb0_0 .var "sent_left", 31 0;
v00000000066be670_0 .var "sent_right", 31 0;
v00000000066bde50_0 .var "shift_data", 0 63;
E_00000000065f0900 .event negedge, v00000000066c03d0_0;
E_00000000065f0940 .event negedge, v00000000066a0dd0_0;
S_00000000066a3bc0 .scope module, "uut" "splitstreamer2" 3 16, 4 3 0, S_0000000006483410;
 .timescale -12 -12;
    .port_info 0 /INPUT 1 "pin_i2s_bclk_pll";
    .port_info 1 /INPUT 1 "pin_i2s_bclk";
    .port_info 2 /INPUT 1 "pin_i2s_fclk";
    .port_info 3 /INPUT 1 "pin_i2s_data";
    .port_info 4 /INPUT 1 "pin_user_sw";
    .port_info 5 /OUTPUT 1 "red";
    .port_info 6 /OUTPUT 1 "green";
    .port_info 7 /OUTPUT 1 "blue";
    .port_info 8 /OUTPUT 1 "pin_opt1";
    .port_info 9 /OUTPUT 1 "pin_opt2";
    .port_info 10 /OUTPUT 1 "pin_i2s_out_data";
    .port_info 11 /OUTPUT 1 "pin_i2s_out_fclk";
L_00000000065a5d10 .functor BUFZ 1, v00000000066c1410_0, C4<0>, C4<0>, C4<0>;
L_00000000065a6100 .functor BUFZ 1, v00000000066c1410_0, C4<0>, C4<0>, C4<0>;
L_00000000065a5c30 .functor BUFZ 1, v00000000066c1410_0, C4<0>, C4<0>, C4<0>;
L_00000000065a5d80 .functor BUFZ 1, v00000000066bd770_0, C4<0>, C4<0>, C4<0>;
v00000000066ba1b0_0 .net "blue", 0 0, L_00000000065a5fb0;  1 drivers
o00000000066477f8 .functor BUFZ 1, C4<z>; HiZ drive
v00000000066bb650_0 .net "clk", 0 0, o00000000066477f8;  0 drivers
v00000000066bb8d0_0 .net "fifo_in_data_left", 31 0, v00000000066a17d0_0;  1 drivers
v00000000066bc050_0 .net "fifo_in_data_right", 31 0, v00000000066a1550_0;  1 drivers
v00000000066bab10_0 .net "fifo_out_data_left", 31 0, v00000000066a0e70_0;  1 drivers
v00000000066bac50_0 .net "fifo_out_data_left_reverse", 31 0, L_000000000672c140;  1 drivers
v00000000066bc0f0_0 .net "fifo_out_data_right", 31 0, v00000000066a0f10_0;  1 drivers
v00000000066bb970_0 .net "fifo_out_data_right_reverse", 31 0, L_000000000672b560;  1 drivers
v00000000066bba10_0 .net "green", 0 0, L_00000000065a6170;  1 drivers
v00000000066bc230_0 .net "optical_out", 0 0, v00000000066c1410_0;  1 drivers
v00000000066bc2d0_0 .net "pin_i2s_bclk", 0 0, v00000000066bd590_0;  1 drivers
v00000000066ba250_0 .net "pin_i2s_bclk_pll", 0 0, v00000000066bee90_0;  1 drivers
v00000000066bef30_0 .net "pin_i2s_data", 0 0, v00000000066bcff0_0;  1 drivers
v00000000066be030_0 .net "pin_i2s_fclk", 0 0, v00000000066bd770_0;  1 drivers
v00000000066beb70_0 .net "pin_i2s_out_data", 0 0, L_00000000065a5c30;  1 drivers
v00000000066be990_0 .net "pin_i2s_out_fclk", 0 0, L_00000000065a5d80;  1 drivers
v00000000066be0d0_0 .net "pin_opt1", 0 0, L_00000000065a5d10;  alias, 1 drivers
v00000000066bd1d0_0 .net "pin_opt2", 0 0, L_00000000065a6100;  1 drivers
v00000000066be170_0 .net "pin_user_sw", 0 0, v00000000066befd0_0;  1 drivers
o0000000006647f78 .functor BUFZ 1, C4<z>; HiZ drive
v00000000066bd950_0 .net "pll_lock", 0 0, o0000000006647f78;  0 drivers
v00000000066bc870_0 .net "red", 0 0, L_000000000672b6a0;  alias, 1 drivers
v00000000066be210_0 .net "smu_empty", 0 0, L_00000000067322c0;  1 drivers
v00000000066bdf90_0 .net "smu_full", 0 0, L_00000000067325e0;  1 drivers
v00000000066bed50_0 .net "smu_read_en", 0 0, L_00000000065a5ed0;  1 drivers
v00000000066bea30_0 .net "smu_rst", 0 0, L_00000000065a5e60;  1 drivers
v00000000066be3f0_0 .net "smu_write_en", 0 0, L_00000000065a6090;  1 drivers
S_00000000066a2900 .scope module, "buffer" "fifo" 4 74, 5 1 0, S_00000000066a3bc0;
 .timescale -12 -12;
    .port_info 0 /INPUT 1 "rst";
    .port_info 1 /INPUT 1 "clk";
    .port_info 2 /INPUT 1 "write_en";
    .port_info 3 /INPUT 1 "read_en";
    .port_info 4 /INPUT 32 "data_left_in";
    .port_info 5 /INPUT 32 "data_right_in";
    .port_info 6 /OUTPUT 32 "data_left_out";
    .port_info 7 /OUTPUT 32 "data_right_out";
    .port_info 8 /OUTPUT 1 "full";
    .port_info 9 /OUTPUT 1 "empty";
P_00000000064355b0 .param/l "DEPTH" 0 5 3, +C4<00000000000000000000000000010000>;
P_00000000064355e8 .param/l "PTR_WIDTH" 1 5 18, +C4<00000000000000000000000000000100>;
P_0000000006435620 .param/l "WORDSIZE" 0 5 2, +C4<00000000000000000000000000100000>;
v000000000669f1b0_0 .net *"_ivl_0", 31 0, L_0000000006731000;  1 drivers
L_00000000066d3488 .functor BUFT 1, C4<000000000000000000000000000>, C4<0>, C4<0>, C4<0>;
v00000000066a0470_0 .net *"_ivl_11", 26 0, L_00000000066d3488;  1 drivers
L_00000000066d34d0 .functor BUFT 1, C4<00000000000000000000000000000000>, C4<0>, C4<0>, C4<0>;
v00000000066a0510_0 .net/2u *"_ivl_12", 31 0, L_00000000066d34d0;  1 drivers
L_00000000066d33f8 .functor BUFT 1, C4<000000000000000000000000000>, C4<0>, C4<0>, C4<0>;
v000000000669f9d0_0 .net *"_ivl_3", 26 0, L_00000000066d33f8;  1 drivers
L_00000000066d3440 .functor BUFT 1, C4<00000000000000000000000000010000>, C4<0>, C4<0>, C4<0>;
v000000000669f2f0_0 .net/2u *"_ivl_4", 31 0, L_00000000066d3440;  1 drivers
v000000000669f390_0 .net *"_ivl_8", 31 0, L_0000000006732220;  1 drivers
v00000000066a0dd0_0 .net "clk", 0 0, v00000000066bd770_0;  alias, 1 drivers
v000000000669fcf0_0 .var "count", 4 0;
v000000000669fd90_0 .net "data_left_in", 31 0, v00000000066a17d0_0;  alias, 1 drivers
v00000000066a0e70_0 .var "data_left_out", 31 0;
v000000000669fed0_0 .net "data_right_in", 31 0, v00000000066a1550_0;  alias, 1 drivers
v00000000066a0f10_0 .var "data_right_out", 31 0;
v00000000066a0fb0_0 .net "empty", 0 0, L_00000000067322c0;  alias, 1 drivers
v00000000066a0010_0 .net "full", 0 0, L_00000000067325e0;  alias, 1 drivers
v00000000066a1910 .array "left_mem", 15 0, 31 0;
v00000000066a15f0_0 .var "rd_ptr", 3 0;
v00000000066a19b0_0 .net "read_en", 0 0, L_00000000065a5ed0;  alias, 1 drivers
v00000000066a1410 .array "right_mem", 15 0, 31 0;
v00000000066a1730_0 .net "rst", 0 0, L_00000000065a5e60;  alias, 1 drivers
v00000000066a1870_0 .var "wr_ptr", 3 0;
v00000000066a1a50_0 .net "write_en", 0 0, L_00000000065a6090;  alias, 1 drivers
E_00000000065f0ec0 .event posedge, v00000000066a0dd0_0;
L_0000000006731000 .concat [ 5 27 0 0], v000000000669fcf0_0, L_00000000066d33f8;
L_00000000067325e0 .cmp/eq 32, L_0000000006731000, L_00000000066d3440;
L_0000000006732220 .concat [ 5 27 0 0], v000000000669fcf0_0, L_00000000066d3488;
L_00000000067322c0 .cmp/eq 32, L_0000000006732220, L_00000000066d34d0;
S_00000000066a3d50 .scope module, "in" "i2s_receive1" 4 60, 6 1 0, S_00000000066a3bc0;
 .timescale -12 -12;
    .port_info 0 /INPUT 1 "rst";
    .port_info 1 /INPUT 1 "rx_en";
    .port_info 2 /INPUT 1 "clk";
    .port_info 3 /INPUT 1 "sck";
    .port_info 4 /INPUT 1 "ws";
    .port_info 5 /INPUT 1 "sd";
    .port_info 6 /OUTPUT 32 "data_left";
    .port_info 7 /OUTPUT 32 "data_right";
v00000000066a1370_0 .net "clk", 0 0, o00000000066477f8;  alias, 0 drivers
v00000000066a17d0_0 .var "data_left", 31 0;
v00000000066a14b0_0 .var "data_left_enable", 0 0;
v00000000066a1550_0 .var "data_right", 31 0;
v00000000066a1690_0 .var "data_right_enable", 0 0;
v00000000066c15f0_0 .net "rst", 0 0, L_00000000065a5e60;  alias, 1 drivers
v00000000066c1230_0 .net "rx_en", 0 0, L_00000000065a6090;  alias, 1 drivers
v00000000066c03d0_0 .net "sck", 0 0, v00000000066bd590_0;  alias, 1 drivers
v00000000066bfbb0_0 .net "sd", 0 0, v00000000066bcff0_0;  alias, 1 drivers
v00000000066bfe30_0 .var "shift_reg", 31 0;
v00000000066c1550_0 .net "ws", 0 0, v00000000066bd770_0;  alias, 1 drivers
v00000000066c1690_0 .var "wsd", 0 0;
v00000000066c1730_0 .var "wsdd", 0 0;
v00000000066c0d30_0 .var "wsp", 0 0;
E_00000000065f0fc0 .event anyedge, v00000000066c1730_0, v00000000066c1690_0, v00000000066c0d30_0;
E_00000000065f09c0 .event posedge, v00000000066a1370_0;
S_00000000066a2f40 .scope module, "out" "spdif_transmit2" 4 102, 7 1 0, S_00000000066a3bc0;
 .timescale -12 -12;
    .port_info 0 /INPUT 1 "rst";
    .port_info 1 /INPUT 1 "clk";
    .port_info 2 /INPUT 32 "data_left";
    .port_info 3 /INPUT 32 "data_right";
    .port_info 4 /INPUT 1 "validity";
    .port_info 5 /INPUT 4 "sample_rate_code";
    .port_info 6 /OUTPUT 1 "spdif_out";
v00000000066c12d0_0 .var "bit_counter", 5 0;
v00000000066c1370_0 .var "channel_status", 23 0;
v00000000066bf610_0 .var "channel_status_shift", 23 0;
v00000000066bfcf0_0 .net "clk", 0 0, o00000000066477f8;  alias, 0 drivers
v00000000066c17d0_0 .var "data_biphase", 0 0;
v00000000066c10f0_0 .var "data_in_buffer", 23 0;
v00000000066c0650_0 .net "data_left", 31 0, L_000000000672c140;  alias, 1 drivers
v00000000066c0bf0_0 .var "data_out_buffer", 7 0;
v00000000066c08d0_0 .net "data_right", 31 0, L_000000000672b560;  alias, 1 drivers
v00000000066c06f0_0 .var "frame_counter", 8 0;
v00000000066c0790_0 .var "parity", 0 0;
v00000000066c0ab0_0 .net "rst", 0 0, L_00000000065a5e60;  alias, 1 drivers
L_00000000066d3518 .functor BUFT 1, C4<1100>, C4<0>, C4<0>, C4<0>;
v00000000066bfa70_0 .net "sample_rate_code", 3 0, L_00000000066d3518;  1 drivers
v00000000066c1410_0 .var "spdif_out", 0 0;
v00000000066bf4d0_0 .net "validity", 0 0, L_00000000065a5ed0;  alias, 1 drivers
E_00000000065f0a00 .event anyedge, v00000000066bfa70_0;
S_00000000066a1fa0 .scope module, "pll_inst" "SB_PLL40_CORE" 4 47, 2 2425 0, S_00000000066a3bc0;
 .timescale -12 -12;
    .port_info 0 /INPUT 1 "REFERENCECLK";
    .port_info 1 /OUTPUT 1 "PLLOUTCORE";
    .port_info 2 /OUTPUT 1 "PLLOUTGLOBAL";
    .port_info 3 /INPUT 1 "EXTFEEDBACK";
    .port_info 4 /INPUT 8 "DYNAMICDELAY";
    .port_info 5 /OUTPUT 1 "LOCK";
    .port_info 6 /INPUT 1 "BYPASS";
    .port_info 7 /INPUT 1 "RESETB";
    .port_info 8 /INPUT 1 "LATCHINPUTVALUE";
    .port_info 9 /OUTPUT 1 "SDO";
    .port_info 10 /INPUT 1 "SDI";
    .port_info 11 /INPUT 1 "SCLK";
P_00000000066c2020 .param/str "DELAY_ADJUSTMENT_MODE_FEEDBACK" 0 2 2440, "FIXED";
P_00000000066c2058 .param/str "DELAY_ADJUSTMENT_MODE_RELATIVE" 0 2 2441, "FIXED";
P_00000000066c2090 .param/l "DIVF" 0 2 2447, C4<0111111>;
P_00000000066c20c8 .param/l "DIVQ" 0 2 2448, C4<101>;
P_00000000066c2100 .param/l "DIVR" 0 2 2446, C4<0000>;
P_00000000066c2138 .param/l "ENABLE_ICEGATE" 0 2 2450, C4<0>;
P_00000000066c2170 .param/l "EXTERNAL_DIVIDE_FACTOR" 0 2 2452, +C4<00000000000000000000000000000001>;
P_00000000066c21a8 .param/l "FDA_FEEDBACK" 0 2 2443, C4<0000>;
P_00000000066c21e0 .param/l "FDA_RELATIVE" 0 2 2444, C4<0000>;
P_00000000066c2218 .param/str "FEEDBACK_PATH" 0 2 2439, "SIMPLE";
P_00000000066c2250 .param/l "FILTER_RANGE" 0 2 2449, C4<001>;
P_00000000066c2288 .param/str "PLLOUT_SELECT" 0 2 2445, "GENCLK";
P_00000000066c22c0 .param/l "SHIFTREG_DIV_MODE" 0 2 2442, C4<0>;
P_00000000066c22f8 .param/l "TEST_MODE" 0 2 2451, C4<0>;
L_00000000066d3368 .functor BUFT 1, C4<0>, C4<0>, C4<0>, C4<0>;
v00000000066c0dd0_0 .net "BYPASS", 0 0, L_00000000066d3368;  1 drivers
o0000000006647ee8 .functor BUFZ 8, C4<zzzzzzzz>; HiZ drive
v00000000066bf070_0 .net "DYNAMICDELAY", 7 0, o0000000006647ee8;  0 drivers
o0000000006647f18 .functor BUFZ 1, C4<z>; HiZ drive
v00000000066c0830_0 .net "EXTFEEDBACK", 0 0, o0000000006647f18;  0 drivers
o0000000006647f48 .functor BUFZ 1, C4<z>; HiZ drive
v00000000066c0b50_0 .net "LATCHINPUTVALUE", 0 0, o0000000006647f48;  0 drivers
v00000000066bf6b0_0 .net "LOCK", 0 0, o0000000006647f78;  alias, 0 drivers
o0000000006647fa8 .functor BUFZ 1, C4<z>; HiZ drive
v00000000066c0a10_0 .net "PLLOUTCORE", 0 0, o0000000006647fa8;  0 drivers
v00000000066bf250_0 .net "PLLOUTGLOBAL", 0 0, o00000000066477f8;  alias, 0 drivers
v00000000066bfb10_0 .net "REFERENCECLK", 0 0, v00000000066bee90_0;  alias, 1 drivers
L_00000000066d33b0 .functor BUFT 1, C4<1>, C4<0>, C4<0>, C4<0>;
v00000000066bfd90_0 .net "RESETB", 0 0, L_00000000066d33b0;  1 drivers
o0000000006648038 .functor BUFZ 1, C4<z>; HiZ drive
v00000000066c0510_0 .net "SCLK", 0 0, o0000000006648038;  0 drivers
o0000000006648068 .functor BUFZ 1, C4<z>; HiZ drive
v00000000066bf2f0_0 .net "SDI", 0 0, o0000000006648068;  0 drivers
o0000000006648098 .functor BUFZ 1, C4<z>; HiZ drive
v00000000066bfc50_0 .net "SDO", 0 0, o0000000006648098;  0 drivers
S_00000000066a22c0 .scope module, "reverse_left" "reverse_bits" 4 89, 4 200 0, S_00000000066a3bc0;
 .timescale -12 -12;
    .port_info 0 /INPUT 32 "in";
    .port_info 1 /OUTPUT 32 "out";
P_00000000065f0f00 .param/l "WIDTH" 0 4 200, +C4<00000000000000000000000000100000>;
v00000000066c1cd0_0 .net "in", 31 0, v00000000066a0e70_0;  alias, 1 drivers
v00000000066c1e10_0 .net "out", 31 0, L_000000000672c140;  alias, 1 drivers
L_0000000006732680 .part v00000000066a0e70_0, 31, 1;
L_0000000006732720 .part v00000000066a0e70_0, 30, 1;
L_0000000006732900 .part v00000000066a0e70_0, 29, 1;
L_00000000067324a0 .part v00000000066a0e70_0, 28, 1;
L_00000000067327c0 .part v00000000066a0e70_0, 27, 1;
L_0000000006732860 .part v00000000066a0e70_0, 26, 1;
L_0000000006732400 .part v00000000066a0e70_0, 25, 1;
L_0000000006732540 .part v00000000066a0e70_0, 24, 1;
L_0000000006732360 .part v00000000066a0e70_0, 23, 1;
L_000000000672d0e0 .part v00000000066a0e70_0, 22, 1;
L_000000000672d180 .part v00000000066a0e70_0, 21, 1;
L_000000000672cd20 .part v00000000066a0e70_0, 20, 1;
L_000000000672af20 .part v00000000066a0e70_0, 19, 1;
L_000000000672c280 .part v00000000066a0e70_0, 18, 1;
L_000000000672c320 .part v00000000066a0e70_0, 17, 1;
L_000000000672be20 .part v00000000066a0e70_0, 16, 1;
L_000000000672c3c0 .part v00000000066a0e70_0, 15, 1;
L_000000000672bec0 .part v00000000066a0e70_0, 14, 1;
L_000000000672c460 .part v00000000066a0e70_0, 13, 1;
L_000000000672c6e0 .part v00000000066a0e70_0, 12, 1;
L_000000000672cbe0 .part v00000000066a0e70_0, 11, 1;
L_000000000672ac00 .part v00000000066a0e70_0, 10, 1;
L_000000000672c500 .part v00000000066a0e70_0, 9, 1;
L_000000000672c8c0 .part v00000000066a0e70_0, 8, 1;
L_000000000672b740 .part v00000000066a0e70_0, 7, 1;
L_000000000672b600 .part v00000000066a0e70_0, 6, 1;
L_000000000672b9c0 .part v00000000066a0e70_0, 5, 1;
L_000000000672b1a0 .part v00000000066a0e70_0, 4, 1;
L_000000000672c0a0 .part v00000000066a0e70_0, 3, 1;
L_000000000672ba60 .part v00000000066a0e70_0, 2, 1;
L_000000000672b240 .part v00000000066a0e70_0, 1, 1;
LS_000000000672c140_0_0 .concat8 [ 1 1 1 1], L_0000000006732680, L_0000000006732720, L_0000000006732900, L_00000000067324a0;
LS_000000000672c140_0_4 .concat8 [ 1 1 1 1], L_00000000067327c0, L_0000000006732860, L_0000000006732400, L_0000000006732540;
LS_000000000672c140_0_8 .concat8 [ 1 1 1 1], L_0000000006732360, L_000000000672d0e0, L_000000000672d180, L_000000000672cd20;
LS_000000000672c140_0_12 .concat8 [ 1 1 1 1], L_000000000672af20, L_000000000672c280, L_000000000672c320, L_000000000672be20;
LS_000000000672c140_0_16 .concat8 [ 1 1 1 1], L_000000000672c3c0, L_000000000672bec0, L_000000000672c460, L_000000000672c6e0;
LS_000000000672c140_0_20 .concat8 [ 1 1 1 1], L_000000000672cbe0, L_000000000672ac00, L_000000000672c500, L_000000000672c8c0;
LS_000000000672c140_0_24 .concat8 [ 1 1 1 1], L_000000000672b740, L_000000000672b600, L_000000000672b9c0, L_000000000672b1a0;
LS_000000000672c140_0_28 .concat8 [ 1 1 1 1], L_000000000672c0a0, L_000000000672ba60, L_000000000672b240, L_000000000672c5a0;
LS_000000000672c140_1_0 .concat8 [ 4 4 4 4], LS_000000000672c140_0_0, LS_000000000672c140_0_4, LS_000000000672c140_0_8, LS_000000000672c140_0_12;
LS_000000000672c140_1_4 .concat8 [ 4 4 4 4], LS_000000000672c140_0_16, LS_000000000672c140_0_20, LS_000000000672c140_0_24, LS_000000000672c140_0_28;
L_000000000672c140 .concat8 [ 16 16 0 0], LS_000000000672c140_1_0, LS_000000000672c140_1_4;
L_000000000672c5a0 .part v00000000066a0e70_0, 0, 1;
S_00000000066a2db0 .scope generate, "bit_reverse[0]" "bit_reverse[0]" 4 207, 4 207 0, S_00000000066a22c0;
 .timescale -12 -12;
P_00000000065f14c0 .param/l "i" 1 4 207, +C4<00>;
v00000000066bf110_0 .net *"_ivl_0", 0 0, L_0000000006732680;  1 drivers
S_00000000066a30d0 .scope generate, "bit_reverse[1]" "bit_reverse[1]" 4 207, 4 207 0, S_00000000066a22c0;
 .timescale -12 -12;
P_00000000065f1a40 .param/l "i" 1 4 207, +C4<01>;
v00000000066bfed0_0 .net *"_ivl_0", 0 0, L_0000000006732720;  1 drivers
S_0000000006483280 .scope generate, "bit_reverse[2]" "bit_reverse[2]" 4 207, 4 207 0, S_00000000066a22c0;
 .timescale -12 -12;
P_00000000065f1d00 .param/l "i" 1 4 207, +C4<010>;
v00000000066c14b0_0 .net *"_ivl_0", 0 0, L_0000000006732900;  1 drivers
S_00000000066c2840 .scope generate, "bit_reverse[3]" "bit_reverse[3]" 4 207, 4 207 0, S_00000000066a22c0;
 .timescale -12 -12;
P_00000000065f1700 .param/l "i" 1 4 207, +C4<011>;
v00000000066bff70_0 .net *"_ivl_0", 0 0, L_00000000067324a0;  1 drivers
S_00000000066c31a0 .scope generate, "bit_reverse[4]" "bit_reverse[4]" 4 207, 4 207 0, S_00000000066a22c0;
 .timescale -12 -12;
P_00000000065f1f00 .param/l "i" 1 4 207, +C4<0100>;
v00000000066c05b0_0 .net *"_ivl_0", 0 0, L_00000000067327c0;  1 drivers
S_00000000066c34c0 .scope generate, "bit_reverse[5]" "bit_reverse[5]" 4 207, 4 207 0, S_00000000066a22c0;
 .timescale -12 -12;
P_00000000065f1580 .param/l "i" 1 4 207, +C4<0101>;
v00000000066bf1b0_0 .net *"_ivl_0", 0 0, L_0000000006732860;  1 drivers
S_00000000066c29d0 .scope generate, "bit_reverse[6]" "bit_reverse[6]" 4 207, 4 207 0, S_00000000066a22c0;
 .timescale -12 -12;
P_00000000065f2100 .param/l "i" 1 4 207, +C4<0110>;
v00000000066c0010_0 .net *"_ivl_0", 0 0, L_0000000006732400;  1 drivers
S_00000000066c3c90 .scope generate, "bit_reverse[7]" "bit_reverse[7]" 4 207, 4 207 0, S_00000000066a22c0;
 .timescale -12 -12;
P_00000000065f1280 .param/l "i" 1 4 207, +C4<0111>;
v00000000066bf890_0 .net *"_ivl_0", 0 0, L_0000000006732540;  1 drivers
S_00000000066c3650 .scope generate, "bit_reverse[8]" "bit_reverse[8]" 4 207, 4 207 0, S_00000000066a22c0;
 .timescale -12 -12;
P_00000000065f1380 .param/l "i" 1 4 207, +C4<01000>;
v00000000066bf930_0 .net *"_ivl_0", 0 0, L_0000000006732360;  1 drivers
S_00000000066c3010 .scope generate, "bit_reverse[9]" "bit_reverse[9]" 4 207, 4 207 0, S_00000000066a22c0;
 .timescale -12 -12;
P_00000000065f2080 .param/l "i" 1 4 207, +C4<01001>;
v00000000066c00b0_0 .net *"_ivl_0", 0 0, L_000000000672d0e0;  1 drivers
S_00000000066c37e0 .scope generate, "bit_reverse[10]" "bit_reverse[10]" 4 207, 4 207 0, S_00000000066a22c0;
 .timescale -12 -12;
P_00000000065f1c00 .param/l "i" 1 4 207, +C4<01010>;
v00000000066c0970_0 .net *"_ivl_0", 0 0, L_000000000672d180;  1 drivers
S_00000000066c3970 .scope generate, "bit_reverse[11]" "bit_reverse[11]" 4 207, 4 207 0, S_00000000066a22c0;
 .timescale -12 -12;
P_00000000065f1480 .param/l "i" 1 4 207, +C4<01011>;
v00000000066bf390_0 .net *"_ivl_0", 0 0, L_000000000672cd20;  1 drivers
S_00000000066c3b00 .scope generate, "bit_reverse[12]" "bit_reverse[12]" 4 207, 4 207 0, S_00000000066a22c0;
 .timescale -12 -12;
P_00000000065f1c80 .param/l "i" 1 4 207, +C4<01100>;
v00000000066bf9d0_0 .net *"_ivl_0", 0 0, L_000000000672af20;  1 drivers
S_00000000066c3330 .scope generate, "bit_reverse[13]" "bit_reverse[13]" 4 207, 4 207 0, S_00000000066a22c0;
 .timescale -12 -12;
P_00000000065f1740 .param/l "i" 1 4 207, +C4<01101>;
v00000000066c0150_0 .net *"_ivl_0", 0 0, L_000000000672c280;  1 drivers
S_00000000066c2520 .scope generate, "bit_reverse[14]" "bit_reverse[14]" 4 207, 4 207 0, S_00000000066a22c0;
 .timescale -12 -12;
P_00000000065f1f40 .param/l "i" 1 4 207, +C4<01110>;
v00000000066c0c90_0 .net *"_ivl_0", 0 0, L_000000000672c320;  1 drivers
S_00000000066c3e20 .scope generate, "bit_reverse[15]" "bit_reverse[15]" 4 207, 4 207 0, S_00000000066a22c0;
 .timescale -12 -12;
P_00000000065f1b40 .param/l "i" 1 4 207, +C4<01111>;
v00000000066c0470_0 .net *"_ivl_0", 0 0, L_000000000672be20;  1 drivers
S_00000000066c26b0 .scope generate, "bit_reverse[16]" "bit_reverse[16]" 4 207, 4 207 0, S_00000000066a22c0;
 .timescale -12 -12;
P_00000000065f1ac0 .param/l "i" 1 4 207, +C4<010000>;
v00000000066bf430_0 .net *"_ivl_0", 0 0, L_000000000672c3c0;  1 drivers
S_00000000066c3fb0 .scope generate, "bit_reverse[17]" "bit_reverse[17]" 4 207, 4 207 0, S_00000000066a22c0;
 .timescale -12 -12;
P_00000000065f1b00 .param/l "i" 1 4 207, +C4<010001>;
v00000000066c1050_0 .net *"_ivl_0", 0 0, L_000000000672bec0;  1 drivers
S_00000000066c2b60 .scope generate, "bit_reverse[18]" "bit_reverse[18]" 4 207, 4 207 0, S_00000000066a22c0;
 .timescale -12 -12;
P_00000000065f1640 .param/l "i" 1 4 207, +C4<010010>;
v00000000066c0e70_0 .net *"_ivl_0", 0 0, L_000000000672c460;  1 drivers
S_00000000066c4140 .scope generate, "bit_reverse[19]" "bit_reverse[19]" 4 207, 4 207 0, S_00000000066a22c0;
 .timescale -12 -12;
P_00000000065f1840 .param/l "i" 1 4 207, +C4<010011>;
v00000000066bf570_0 .net *"_ivl_0", 0 0, L_000000000672c6e0;  1 drivers
S_00000000066c2390 .scope generate, "bit_reverse[20]" "bit_reverse[20]" 4 207, 4 207 0, S_00000000066a22c0;
 .timescale -12 -12;
P_00000000065f1d40 .param/l "i" 1 4 207, +C4<010100>;
v00000000066c0290_0 .net *"_ivl_0", 0 0, L_000000000672cbe0;  1 drivers
S_00000000066c2cf0 .scope generate, "bit_reverse[21]" "bit_reverse[21]" 4 207, 4 207 0, S_00000000066a22c0;
 .timescale -12 -12;
P_00000000065f1a00 .param/l "i" 1 4 207, +C4<010101>;
v00000000066c0f10_0 .net *"_ivl_0", 0 0, L_000000000672ac00;  1 drivers
S_00000000066c2e80 .scope generate, "bit_reverse[22]" "bit_reverse[22]" 4 207, 4 207 0, S_00000000066a22c0;
 .timescale -12 -12;
P_00000000065f13c0 .param/l "i" 1 4 207, +C4<010110>;
v00000000066bf750_0 .net *"_ivl_0", 0 0, L_000000000672c500;  1 drivers
S_00000000066c57f0 .scope generate, "bit_reverse[23]" "bit_reverse[23]" 4 207, 4 207 0, S_00000000066a22c0;
 .timescale -12 -12;
P_00000000065f1500 .param/l "i" 1 4 207, +C4<010111>;
v00000000066bf7f0_0 .net *"_ivl_0", 0 0, L_000000000672c8c0;  1 drivers
S_00000000066c5980 .scope generate, "bit_reverse[24]" "bit_reverse[24]" 4 207, 4 207 0, S_00000000066a22c0;
 .timescale -12 -12;
P_00000000065f1300 .param/l "i" 1 4 207, +C4<011000>;
v00000000066c01f0_0 .net *"_ivl_0", 0 0, L_000000000672b740;  1 drivers
S_00000000066c5340 .scope generate, "bit_reverse[25]" "bit_reverse[25]" 4 207, 4 207 0, S_00000000066a22c0;
 .timescale -12 -12;
P_00000000065f1e00 .param/l "i" 1 4 207, +C4<011001>;
v00000000066c0fb0_0 .net *"_ivl_0", 0 0, L_000000000672b600;  1 drivers
S_00000000066c43a0 .scope generate, "bit_reverse[26]" "bit_reverse[26]" 4 207, 4 207 0, S_00000000066a22c0;
 .timescale -12 -12;
P_00000000065f1400 .param/l "i" 1 4 207, +C4<011010>;
v00000000066c1190_0 .net *"_ivl_0", 0 0, L_000000000672b9c0;  1 drivers
S_00000000066c4530 .scope generate, "bit_reverse[27]" "bit_reverse[27]" 4 207, 4 207 0, S_00000000066a22c0;
 .timescale -12 -12;
P_00000000065f1440 .param/l "i" 1 4 207, +C4<011011>;
v00000000066c0330_0 .net *"_ivl_0", 0 0, L_000000000672b1a0;  1 drivers
S_00000000066c5e30 .scope generate, "bit_reverse[28]" "bit_reverse[28]" 4 207, 4 207 0, S_00000000066a22c0;
 .timescale -12 -12;
P_00000000065f15c0 .param/l "i" 1 4 207, +C4<011100>;
v00000000066c1a50_0 .net *"_ivl_0", 0 0, L_000000000672c0a0;  1 drivers
S_00000000066c5b10 .scope generate, "bit_reverse[29]" "bit_reverse[29]" 4 207, 4 207 0, S_00000000066a22c0;
 .timescale -12 -12;
P_00000000065f2040 .param/l "i" 1 4 207, +C4<011101>;
v00000000066c1af0_0 .net *"_ivl_0", 0 0, L_000000000672ba60;  1 drivers
S_00000000066c46c0 .scope generate, "bit_reverse[30]" "bit_reverse[30]" 4 207, 4 207 0, S_00000000066a22c0;
 .timescale -12 -12;
P_00000000065f2180 .param/l "i" 1 4 207, +C4<011110>;
v00000000066c1d70_0 .net *"_ivl_0", 0 0, L_000000000672b240;  1 drivers
S_00000000066c5660 .scope generate, "bit_reverse[31]" "bit_reverse[31]" 4 207, 4 207 0, S_00000000066a22c0;
 .timescale -12 -12;
P_00000000065f20c0 .param/l "i" 1 4 207, +C4<011111>;
v00000000066c1c30_0 .net *"_ivl_0", 0 0, L_000000000672c5a0;  1 drivers
S_00000000066c6150 .scope module, "reverse_right" "reverse_bits" 4 96, 4 200 0, S_00000000066a3bc0;
 .timescale -12 -12;
    .port_info 0 /INPUT 32 "in";
    .port_info 1 /OUTPUT 32 "out";
P_00000000065f19c0 .param/l "WIDTH" 0 4 200, +C4<00000000000000000000000000100000>;
v00000000066bb010_0 .net "in", 31 0, v00000000066a0f10_0;  alias, 1 drivers
v00000000066bb3d0_0 .net "out", 31 0, L_000000000672b560;  alias, 1 drivers
L_000000000672c1e0 .part v00000000066a0f10_0, 31, 1;
L_000000000672b2e0 .part v00000000066a0f10_0, 30, 1;
L_000000000672cf00 .part v00000000066a0f10_0, 29, 1;
L_000000000672c640 .part v00000000066a0f10_0, 28, 1;
L_000000000672ae80 .part v00000000066a0f10_0, 27, 1;
L_000000000672c780 .part v00000000066a0f10_0, 26, 1;
L_000000000672c820 .part v00000000066a0f10_0, 25, 1;
L_000000000672b920 .part v00000000066a0f10_0, 24, 1;
L_000000000672bb00 .part v00000000066a0f10_0, 23, 1;
L_000000000672b380 .part v00000000066a0f10_0, 22, 1;
L_000000000672c960 .part v00000000066a0f10_0, 21, 1;
L_000000000672ca00 .part v00000000066a0f10_0, 20, 1;
L_000000000672afc0 .part v00000000066a0f10_0, 19, 1;
L_000000000672caa0 .part v00000000066a0f10_0, 18, 1;
L_000000000672b420 .part v00000000066a0f10_0, 17, 1;
L_000000000672aa20 .part v00000000066a0f10_0, 16, 1;
L_000000000672b4c0 .part v00000000066a0f10_0, 15, 1;
L_000000000672b060 .part v00000000066a0f10_0, 14, 1;
L_000000000672cb40 .part v00000000066a0f10_0, 13, 1;
L_000000000672cc80 .part v00000000066a0f10_0, 12, 1;
L_000000000672cdc0 .part v00000000066a0f10_0, 11, 1;
L_000000000672ce60 .part v00000000066a0f10_0, 10, 1;
L_000000000672bba0 .part v00000000066a0f10_0, 9, 1;
L_000000000672cfa0 .part v00000000066a0f10_0, 8, 1;
L_000000000672d040 .part v00000000066a0f10_0, 7, 1;
L_000000000672aac0 .part v00000000066a0f10_0, 6, 1;
L_000000000672ab60 .part v00000000066a0f10_0, 5, 1;
L_000000000672aca0 .part v00000000066a0f10_0, 4, 1;
L_000000000672ad40 .part v00000000066a0f10_0, 3, 1;
L_000000000672ade0 .part v00000000066a0f10_0, 2, 1;
L_000000000672b100 .part v00000000066a0f10_0, 1, 1;
LS_000000000672b560_0_0 .concat8 [ 1 1 1 1], L_000000000672c1e0, L_000000000672b2e0, L_000000000672cf00, L_000000000672c640;
LS_000000000672b560_0_4 .concat8 [ 1 1 1 1], L_000000000672ae80, L_000000000672c780, L_000000000672c820, L_000000000672b920;
LS_000000000672b560_0_8 .concat8 [ 1 1 1 1], L_000000000672bb00, L_000000000672b380, L_000000000672c960, L_000000000672ca00;
LS_000000000672b560_0_12 .concat8 [ 1 1 1 1], L_000000000672afc0, L_000000000672caa0, L_000000000672b420, L_000000000672aa20;
LS_000000000672b560_0_16 .concat8 [ 1 1 1 1], L_000000000672b4c0, L_000000000672b060, L_000000000672cb40, L_000000000672cc80;
LS_000000000672b560_0_20 .concat8 [ 1 1 1 1], L_000000000672cdc0, L_000000000672ce60, L_000000000672bba0, L_000000000672cfa0;
LS_000000000672b560_0_24 .concat8 [ 1 1 1 1], L_000000000672d040, L_000000000672aac0, L_000000000672ab60, L_000000000672aca0;
LS_000000000672b560_0_28 .concat8 [ 1 1 1 1], L_000000000672ad40, L_000000000672ade0, L_000000000672b100, L_000000000672b7e0;
LS_000000000672b560_1_0 .concat8 [ 4 4 4 4], LS_000000000672b560_0_0, LS_000000000672b560_0_4, LS_000000000672b560_0_8, LS_000000000672b560_0_12;
LS_000000000672b560_1_4 .concat8 [ 4 4 4 4], LS_000000000672b560_0_16, LS_000000000672b560_0_20, LS_000000000672b560_0_24, LS_000000000672b560_0_28;
L_000000000672b560 .concat8 [ 16 16 0 0], LS_000000000672b560_1_0, LS_000000000672b560_1_4;
L_000000000672b7e0 .part v00000000066a0f10_0, 0, 1;
S_00000000066c4d00 .scope generate, "bit_reverse[0]" "bit_reverse[0]" 4 207, 4 207 0, S_00000000066c6150;
 .timescale -12 -12;
P_00000000065f2140 .param/l "i" 1 4 207, +C4<00>;
v00000000066c1eb0_0 .net *"_ivl_0", 0 0, L_000000000672c1e0;  1 drivers
S_00000000066c4b70 .scope generate, "bit_reverse[1]" "bit_reverse[1]" 4 207, 4 207 0, S_00000000066c6150;
 .timescale -12 -12;
P_00000000065f12c0 .param/l "i" 1 4 207, +C4<01>;
v00000000066c1b90_0 .net *"_ivl_0", 0 0, L_000000000672b2e0;  1 drivers
S_00000000066c5fc0 .scope generate, "bit_reverse[2]" "bit_reverse[2]" 4 207, 4 207 0, S_00000000066c6150;
 .timescale -12 -12;
P_00000000065f1540 .param/l "i" 1 4 207, +C4<010>;
v00000000066c1f50_0 .net *"_ivl_0", 0 0, L_000000000672cf00;  1 drivers
S_00000000066c4850 .scope generate, "bit_reverse[3]" "bit_reverse[3]" 4 207, 4 207 0, S_00000000066c6150;
 .timescale -12 -12;
P_00000000065f1a80 .param/l "i" 1 4 207, +C4<011>;
v00000000066c1870_0 .net *"_ivl_0", 0 0, L_000000000672c640;  1 drivers
S_00000000066c5ca0 .scope generate, "bit_reverse[4]" "bit_reverse[4]" 4 207, 4 207 0, S_00000000066c6150;
 .timescale -12 -12;
P_00000000065f1b80 .param/l "i" 1 4 207, +C4<0100>;
v00000000066c19b0_0 .net *"_ivl_0", 0 0, L_000000000672ae80;  1 drivers
S_00000000066c49e0 .scope generate, "bit_reverse[5]" "bit_reverse[5]" 4 207, 4 207 0, S_00000000066c6150;
 .timescale -12 -12;
P_00000000065f1600 .param/l "i" 1 4 207, +C4<0101>;
v00000000066c1910_0 .net *"_ivl_0", 0 0, L_000000000672c780;  1 drivers
S_00000000066c4e90 .scope generate, "bit_reverse[6]" "bit_reverse[6]" 4 207, 4 207 0, S_00000000066c6150;
 .timescale -12 -12;
P_00000000065f1f80 .param/l "i" 1 4 207, +C4<0110>;
v00000000066baf70_0 .net *"_ivl_0", 0 0, L_000000000672c820;  1 drivers
S_00000000066c5020 .scope generate, "bit_reverse[7]" "bit_reverse[7]" 4 207, 4 207 0, S_00000000066c6150;
 .timescale -12 -12;
P_00000000065f1c40 .param/l "i" 1 4 207, +C4<0111>;
v00000000066ba390_0 .net *"_ivl_0", 0 0, L_000000000672b920;  1 drivers
S_00000000066c51b0 .scope generate, "bit_reverse[8]" "bit_reverse[8]" 4 207, 4 207 0, S_00000000066c6150;
 .timescale -12 -12;
P_00000000065f1880 .param/l "i" 1 4 207, +C4<01000>;
v00000000066ba890_0 .net *"_ivl_0", 0 0, L_000000000672bb00;  1 drivers
S_00000000066c54d0 .scope generate, "bit_reverse[9]" "bit_reverse[9]" 4 207, 4 207 0, S_00000000066c6150;
 .timescale -12 -12;
P_00000000065f1cc0 .param/l "i" 1 4 207, +C4<01001>;
v00000000066bb6f0_0 .net *"_ivl_0", 0 0, L_000000000672b380;  1 drivers
S_00000000066cf8f0 .scope generate, "bit_reverse[10]" "bit_reverse[10]" 4 207, 4 207 0, S_00000000066c6150;
 .timescale -12 -12;
P_00000000065f21c0 .param/l "i" 1 4 207, +C4<01010>;
v00000000066bb0b0_0 .net *"_ivl_0", 0 0, L_000000000672c960;  1 drivers
S_00000000066cfa80 .scope generate, "bit_reverse[11]" "bit_reverse[11]" 4 207, 4 207 0, S_00000000066c6150;
 .timescale -12 -12;
P_00000000065f1680 .param/l "i" 1 4 207, +C4<01011>;
v00000000066ba610_0 .net *"_ivl_0", 0 0, L_000000000672ca00;  1 drivers
S_00000000066ce950 .scope generate, "bit_reverse[12]" "bit_reverse[12]" 4 207, 4 207 0, S_00000000066c6150;
 .timescale -12 -12;
P_00000000065f16c0 .param/l "i" 1 4 207, +C4<01100>;
v00000000066bbfb0_0 .net *"_ivl_0", 0 0, L_000000000672afc0;  1 drivers
S_00000000066d00c0 .scope generate, "bit_reverse[13]" "bit_reverse[13]" 4 207, 4 207 0, S_00000000066c6150;
 .timescale -12 -12;
P_00000000065f1780 .param/l "i" 1 4 207, +C4<01101>;
v00000000066babb0_0 .net *"_ivl_0", 0 0, L_000000000672caa0;  1 drivers
S_00000000066cf5d0 .scope generate, "bit_reverse[14]" "bit_reverse[14]" 4 207, 4 207 0, S_00000000066c6150;
 .timescale -12 -12;
P_00000000065f17c0 .param/l "i" 1 4 207, +C4<01110>;
v00000000066ba2f0_0 .net *"_ivl_0", 0 0, L_000000000672b420;  1 drivers
S_00000000066cfc10 .scope generate, "bit_reverse[15]" "bit_reverse[15]" 4 207, 4 207 0, S_00000000066c6150;
 .timescale -12 -12;
P_00000000065f1980 .param/l "i" 1 4 207, +C4<01111>;
v00000000066ba430_0 .net *"_ivl_0", 0 0, L_000000000672aa20;  1 drivers
S_00000000066cfda0 .scope generate, "bit_reverse[16]" "bit_reverse[16]" 4 207, 4 207 0, S_00000000066c6150;
 .timescale -12 -12;
P_00000000065f1200 .param/l "i" 1 4 207, +C4<010000>;
v00000000066bc410_0 .net *"_ivl_0", 0 0, L_000000000672b4c0;  1 drivers
S_00000000066ce7c0 .scope generate, "bit_reverse[17]" "bit_reverse[17]" 4 207, 4 207 0, S_00000000066c6150;
 .timescale -12 -12;
P_00000000065f1e80 .param/l "i" 1 4 207, +C4<010001>;
v00000000066bbab0_0 .net *"_ivl_0", 0 0, L_000000000672b060;  1 drivers
S_00000000066cf120 .scope generate, "bit_reverse[18]" "bit_reverse[18]" 4 207, 4 207 0, S_00000000066c6150;
 .timescale -12 -12;
P_00000000065f1800 .param/l "i" 1 4 207, +C4<010010>;
v00000000066bacf0_0 .net *"_ivl_0", 0 0, L_000000000672cb40;  1 drivers
S_00000000066cf2b0 .scope generate, "bit_reverse[19]" "bit_reverse[19]" 4 207, 4 207 0, S_00000000066c6150;
 .timescale -12 -12;
P_00000000065f18c0 .param/l "i" 1 4 207, +C4<010011>;
v00000000066bc190_0 .net *"_ivl_0", 0 0, L_000000000672cc80;  1 drivers
S_00000000066cff30 .scope generate, "bit_reverse[20]" "bit_reverse[20]" 4 207, 4 207 0, S_00000000066c6150;
 .timescale -12 -12;
P_00000000065f1bc0 .param/l "i" 1 4 207, +C4<010100>;
v00000000066bb790_0 .net *"_ivl_0", 0 0, L_000000000672cdc0;  1 drivers
S_00000000066d0250 .scope generate, "bit_reverse[21]" "bit_reverse[21]" 4 207, 4 207 0, S_00000000066c6150;
 .timescale -12 -12;
P_00000000065f1940 .param/l "i" 1 4 207, +C4<010101>;
v00000000066bbc90_0 .net *"_ivl_0", 0 0, L_000000000672ce60;  1 drivers
S_00000000066cec70 .scope generate, "bit_reverse[22]" "bit_reverse[22]" 4 207, 4 207 0, S_00000000066c6150;
 .timescale -12 -12;
P_00000000065f1d80 .param/l "i" 1 4 207, +C4<010110>;
v00000000066bbf10_0 .net *"_ivl_0", 0 0, L_000000000672bba0;  1 drivers
S_00000000066cef90 .scope generate, "bit_reverse[23]" "bit_reverse[23]" 4 207, 4 207 0, S_00000000066c6150;
 .timescale -12 -12;
P_00000000065f1dc0 .param/l "i" 1 4 207, +C4<010111>;
v00000000066bb470_0 .net *"_ivl_0", 0 0, L_000000000672cfa0;  1 drivers
S_00000000066d03e0 .scope generate, "bit_reverse[24]" "bit_reverse[24]" 4 207, 4 207 0, S_00000000066c6150;
 .timescale -12 -12;
P_00000000065f1ec0 .param/l "i" 1 4 207, +C4<011000>;
v00000000066ba4d0_0 .net *"_ivl_0", 0 0, L_000000000672d040;  1 drivers
S_00000000066cf760 .scope generate, "bit_reverse[25]" "bit_reverse[25]" 4 207, 4 207 0, S_00000000066c6150;
 .timescale -12 -12;
P_00000000065f1fc0 .param/l "i" 1 4 207, +C4<011001>;
v00000000066bc370_0 .net *"_ivl_0", 0 0, L_000000000672aac0;  1 drivers
S_00000000066d0570 .scope generate, "bit_reverse[26]" "bit_reverse[26]" 4 207, 4 207 0, S_00000000066c6150;
 .timescale -12 -12;
P_00000000065f2000 .param/l "i" 1 4 207, +C4<011010>;
v00000000066bb150_0 .net *"_ivl_0", 0 0, L_000000000672ab60;  1 drivers
S_00000000066ceae0 .scope generate, "bit_reverse[27]" "bit_reverse[27]" 4 207, 4 207 0, S_00000000066c6150;
 .timescale -12 -12;
P_00000000065f1240 .param/l "i" 1 4 207, +C4<011011>;
v00000000066bbbf0_0 .net *"_ivl_0", 0 0, L_000000000672aca0;  1 drivers
S_00000000066cf440 .scope generate, "bit_reverse[28]" "bit_reverse[28]" 4 207, 4 207 0, S_00000000066c6150;
 .timescale -12 -12;
P_00000000065f29c0 .param/l "i" 1 4 207, +C4<011100>;
v00000000066baed0_0 .net *"_ivl_0", 0 0, L_000000000672ad40;  1 drivers
S_00000000066cee00 .scope generate, "bit_reverse[29]" "bit_reverse[29]" 4 207, 4 207 0, S_00000000066c6150;
 .timescale -12 -12;
P_00000000065f2840 .param/l "i" 1 4 207, +C4<011101>;
v00000000066bb830_0 .net *"_ivl_0", 0 0, L_000000000672ade0;  1 drivers
S_00000000066d0e10 .scope generate, "bit_reverse[30]" "bit_reverse[30]" 4 207, 4 207 0, S_00000000066c6150;
 .timescale -12 -12;
P_00000000065f2700 .param/l "i" 1 4 207, +C4<011110>;
v00000000066bae30_0 .net *"_ivl_0", 0 0, L_000000000672b100;  1 drivers
S_00000000066d1db0 .scope generate, "bit_reverse[31]" "bit_reverse[31]" 4 207, 4 207 0, S_00000000066c6150;
 .timescale -12 -12;
P_00000000065f22c0 .param/l "i" 1 4 207, +C4<011111>;
v00000000066bad90_0 .net *"_ivl_0", 0 0, L_000000000672b7e0;  1 drivers
S_00000000066d1770 .scope module, "smu" "system_management_unit" 4 112, 4 129 0, S_00000000066a3bc0;
 .timescale -12 -12;
    .port_info 0 /INPUT 1 "pin_user_sw";
    .port_info 1 /INPUT 1 "clk";
    .port_info 2 /INPUT 1 "pll_lock";
    .port_info 3 /INPUT 1 "pin_i2s_fclk";
    .port_info 4 /INPUT 1 "full";
    .port_info 5 /INPUT 1 "empty";
    .port_info 6 /OUTPUT 1 "red";
    .port_info 7 /OUTPUT 1 "green";
    .port_info 8 /OUTPUT 1 "blue";
    .port_info 9 /OUTPUT 1 "write_en";
    .port_info 10 /OUTPUT 1 "read_en";
    .port_info 11 /OUTPUT 1 "rst";
L_00000000065a5ca0 .functor NOT 1, o0000000006647f78, C4<0>, C4<0>, C4<0>;
L_00000000065a61e0 .functor NOT 1, v00000000066bc7d0_0, C4<0>, C4<0>, C4<0>;
L_00000000065a5e60 .functor OR 1, L_00000000065a5ca0, L_00000000065a61e0, C4<0>, C4<0>;
L_00000000065a5b50 .functor AND 1, L_000000000672bf60, v00000000066bc690_0, C4<1>, C4<1>;
L_00000000065a5df0 .functor NOT 1, L_00000000067322c0, C4<0>, C4<0>, C4<0>;
L_00000000065a5ed0 .functor AND 1, L_00000000065a5df0, v00000000066bbdd0_0, C4<1>, C4<1>;
L_00000000065a5f40 .functor NOT 1, L_00000000067325e0, C4<0>, C4<0>, C4<0>;
L_00000000065a6090 .functor AND 1, L_00000000065a5f40, v00000000066bbdd0_0, C4<1>, C4<1>;
L_00000000065a5fb0 .functor BUFZ 1, L_000000000672b6a0, C4<0>, C4<0>, C4<0>;
L_00000000065a6170 .functor BUFZ 1, L_000000000672b6a0, C4<0>, C4<0>, C4<0>;
v00000000066ba070_0 .net *"_ivl_0", 0 0, L_00000000065a5ca0;  1 drivers
v00000000066ba930_0 .net *"_ivl_10", 0 0, L_00000000065a5df0;  1 drivers
v00000000066bc550_0 .net *"_ivl_14", 0 0, L_00000000065a5f40;  1 drivers
v00000000066ba9d0_0 .net *"_ivl_2", 0 0, L_00000000065a61e0;  1 drivers
v00000000066bc5f0_0 .net *"_ivl_7", 0 0, L_000000000672bf60;  1 drivers
v00000000066ba570_0 .net "blue", 0 0, L_00000000065a5fb0;  alias, 1 drivers
v00000000066bb1f0_0 .net "clk", 0 0, o00000000066477f8;  alias, 0 drivers
v00000000066bbb50_0 .var "edge_cnt", 1 0;
v00000000066bb290_0 .net "empty", 0 0, L_00000000067322c0;  alias, 1 drivers
v00000000066bb330_0 .var "fclk_d", 0 0;
v00000000066bc690_0 .var "fclk_dd", 0 0;
v00000000066ba110_0 .net "fclk_falling", 0 0, L_00000000065a5b50;  1 drivers
v00000000066bbd30_0 .net "full", 0 0, L_00000000067325e0;  alias, 1 drivers
v00000000066ba6b0_0 .net "green", 0 0, L_00000000065a6170;  alias, 1 drivers
v00000000066bb510_0 .net "pin_i2s_fclk", 0 0, v00000000066bd770_0;  alias, 1 drivers
v00000000066ba750_0 .net "pin_user_sw", 0 0, v00000000066befd0_0;  alias, 1 drivers
v00000000066ba7f0_0 .net "pll_lock", 0 0, o0000000006647f78;  alias, 0 drivers
v00000000066bc4b0_0 .net "read_en", 0 0, L_00000000065a5ed0;  alias, 1 drivers
v00000000066bb5b0_0 .net "red", 0 0, L_000000000672b6a0;  alias, 1 drivers
v00000000066bc730_0 .net "rst", 0 0, L_00000000065a5e60;  alias, 1 drivers
v00000000066bc7d0_0 .var "state_bclk", 0 0;
v00000000066bbdd0_0 .var "state_fclk", 0 0;
v00000000066bbe70_0 .var "user_sw_ff", 1 0;
v00000000066baa70_0 .net "write_en", 0 0, L_00000000065a6090;  alias, 1 drivers
L_000000000672bf60 .reduce/nor v00000000066bd770_0;
L_000000000672b6a0 .part v00000000066bbe70_0, 1, 1;
    .scope S_00000000063ed920;
T_2 ;
    %pushi/vec4 0, 0, 1;
    %store/vec4 v00000000066797c0_0, 0, 1;
    %pushi/vec4 0, 0, 1;
    %store/vec4 v0000000006678000_0, 0, 1;
    %end;
    .thread T_2;
    .scope S_00000000063ed920;
T_3 ;
    %wait E_00000000065ef880;
    %load/vec4 v00000000066150a0_0;
    %flag_set/vec4 8;
    %jmp/0xz  T_3.0, 8;
    %load/vec4 v00000000066162c0_0;
    %flag_set/vec4 8;
    %jmp/0 T_3.2, 8;
    %pushi/vec4 0, 0, 1;
    %jmp/1 T_3.3, 8;
T_3.2 ; End of true expr.
    %load/vec4 v0000000006678c80_0;
    %jmp/0 T_3.3, 8;
 ; End of false expr.
    %blend;
T_3.3;
    %assign/vec4 v00000000066797c0_0, 0;
T_3.0 ;
    %jmp T_3;
    .thread T_3;
    .scope S_00000000063ed920;
T_4 ;
    %wait E_00000000065ef840;
    %load/vec4 v00000000066162c0_0;
    %flag_set/vec4 8;
    %jmp/0xz  T_4.0, 8;
    %pushi/vec4 0, 0, 1;
    %assign/vec4 v0000000006678000_0, 0;
    %jmp T_4.1;
T_4.0 ;
    %load/vec4 v00000000066150a0_0;
    %flag_set/vec4 8;
    %jmp/0xz  T_4.2, 8;
    %load/vec4 v0000000006678c80_0;
    %assign/vec4 v0000000006678000_0, 0;
T_4.2 ;
T_4.1 ;
    %jmp T_4;
    .thread T_4;
    .scope S_0000000006482600;
T_5 ;
    %pushi/vec4 0, 0, 32;
    %store/vec4 v00000000066795e0_0, 0, 32;
T_5.0 ; Top of for-loop 
    %load/vec4 v00000000066795e0_0;
    %cmpi/s 16, 0, 32;
    %jmp/0xz T_5.1, 5;
    %pushi/vec4 0, 0, 256;
    %load/vec4 v00000000066795e0_0;
    %muli 16, 0, 32;
    %part/s 16;
    %pushi/vec4 0, 0, 32;
    %load/vec4 v00000000066795e0_0;
    %add;
    %ix/vec4/s 4;
    %store/vec4a v00000000066799a0, 4, 0;
    %pushi/vec4 0, 0, 256;
    %load/vec4 v00000000066795e0_0;
    %muli 16, 0, 32;
    %part/s 16;
    %pushi/vec4 16, 0, 32;
    %load/vec4 v00000000066795e0_0;
    %add;
    %ix/vec4/s 4;
    %store/vec4a v00000000066799a0, 4, 0;
    %pushi/vec4 0, 0, 256;
    %load/vec4 v00000000066795e0_0;
    %muli 16, 0, 32;
    %part/s 16;
    %pushi/vec4 32, 0, 32;
    %load/vec4 v00000000066795e0_0;
    %add;
    %ix/vec4/s 4;
    %store/vec4a v00000000066799a0, 4, 0;
    %pushi/vec4 0, 0, 256;
    %load/vec4 v00000000066795e0_0;
    %muli 16, 0, 32;
    %part/s 16;
    %pushi/vec4 48, 0, 32;
    %load/vec4 v00000000066795e0_0;
    %add;
    %ix/vec4/s 4;
    %store/vec4a v00000000066799a0, 4, 0;
    %pushi/vec4 0, 0, 256;
    %load/vec4 v00000000066795e0_0;
    %muli 16, 0, 32;
    %part/s 16;
    %pushi/vec4 64, 0, 32;
    %load/vec4 v00000000066795e0_0;
    %add;
    %ix/vec4/s 4;
    %store/vec4a v00000000066799a0, 4, 0;
    %pushi/vec4 0, 0, 256;
    %load/vec4 v00000000066795e0_0;
    %muli 16, 0, 32;
    %part/s 16;
    %pushi/vec4 80, 0, 32;
    %load/vec4 v00000000066795e0_0;
    %add;
    %ix/vec4/s 4;
    %store/vec4a v00000000066799a0, 4, 0;
    %pushi/vec4 0, 0, 256;
    %load/vec4 v00000000066795e0_0;
    %muli 16, 0, 32;
    %part/s 16;
    %pushi/vec4 96, 0, 32;
    %load/vec4 v00000000066795e0_0;
    %add;
    %ix/vec4/s 4;
    %store/vec4a v00000000066799a0, 4, 0;
    %pushi/vec4 0, 0, 256;
    %load/vec4 v00000000066795e0_0;
    %muli 16, 0, 32;
    %part/s 16;
    %pushi/vec4 112, 0, 32;
    %load/vec4 v00000000066795e0_0;
    %add;
    %ix/vec4/s 4;
    %store/vec4a v00000000066799a0, 4, 0;
    %pushi/vec4 0, 0, 256;
    %load/vec4 v00000000066795e0_0;
    %muli 16, 0, 32;
    %part/s 16;
    %pushi/vec4 128, 0, 32;
    %load/vec4 v00000000066795e0_0;
    %add;
    %ix/vec4/s 4;
    %store/vec4a v00000000066799a0, 4, 0;
    %pushi/vec4 0, 0, 256;
    %load/vec4 v00000000066795e0_0;
    %muli 16, 0, 32;
    %part/s 16;
    %pushi/vec4 144, 0, 32;
    %load/vec4 v00000000066795e0_0;
    %add;
    %ix/vec4/s 4;
    %store/vec4a v00000000066799a0, 4, 0;
    %pushi/vec4 0, 0, 256;
    %load/vec4 v00000000066795e0_0;
    %muli 16, 0, 32;
    %part/s 16;
    %pushi/vec4 160, 0, 32;
    %load/vec4 v00000000066795e0_0;
    %add;
    %ix/vec4/s 4;
    %store/vec4a v00000000066799a0, 4, 0;
    %pushi/vec4 0, 0, 256;
    %load/vec4 v00000000066795e0_0;
    %muli 16, 0, 32;
    %part/s 16;
    %pushi/vec4 176, 0, 32;
    %load/vec4 v00000000066795e0_0;
    %add;
    %ix/vec4/s 4;
    %store/vec4a v00000000066799a0, 4, 0;
    %pushi/vec4 0, 0, 256;
    %load/vec4 v00000000066795e0_0;
    %muli 16, 0, 32;
    %part/s 16;
    %pushi/vec4 192, 0, 32;
    %load/vec4 v00000000066795e0_0;
    %add;
    %ix/vec4/s 4;
    %store/vec4a v00000000066799a0, 4, 0;
    %pushi/vec4 0, 0, 256;
    %load/vec4 v00000000066795e0_0;
    %muli 16, 0, 32;
    %part/s 16;
    %pushi/vec4 208, 0, 32;
    %load/vec4 v00000000066795e0_0;
    %add;
    %ix/vec4/s 4;
    %store/vec4a v00000000066799a0, 4, 0;
    %pushi/vec4 0, 0, 256;
    %load/vec4 v00000000066795e0_0;
    %muli 16, 0, 32;
    %part/s 16;
    %pushi/vec4 224, 0, 32;
    %load/vec4 v00000000066795e0_0;
    %add;
    %ix/vec4/s 4;
    %store/vec4a v00000000066799a0, 4, 0;
    %pushi/vec4 0, 0, 256;
    %load/vec4 v00000000066795e0_0;
    %muli 16, 0, 32;
    %part/s 16;
    %pushi/vec4 240, 0, 32;
    %load/vec4 v00000000066795e0_0;
    %add;
    %ix/vec4/s 4;
    %store/vec4a v00000000066799a0, 4, 0;
T_5.2 ; for-loop step statement
    %load/vec4 v00000000066795e0_0;
    %addi 1, 0, 32;
    %store/vec4 v00000000066795e0_0, 0, 32;
    %jmp T_5.0;
T_5.1 ; for-loop exit label
    %end;
    .thread T_5;
    .scope S_0000000006482600;
T_6 ;
    %wait E_00000000065f0a40;
    %load/vec4 v0000000006679360_0;
    %flag_set/vec4 9;
    %flag_get/vec4 9;
    %jmp/0 T_6.2, 9;
    %load/vec4 v00000000066792c0_0;
    %and;
T_6.2;
    %flag_set/vec4 8;
    %jmp/0xz  T_6.0, 8;
    %load/vec4 v0000000006679900_0;
    %parti/s 1, 0, 2;
    %nor/r;
    %flag_set/vec4 8;
    %jmp/0xz  T_6.3, 8;
    %load/vec4 v0000000006678280_0;
    %parti/s 1, 0, 2;
    %load/vec4 v0000000006678140_0;
    %parti/s 8, 0, 2;
    %pad/u 10;
    %ix/vec4 3;
    %ix/load 4, 0, 0; Constant delay
    %assign/vec4/a/d v00000000066799a0, 0, 4;
T_6.3 ;
    %load/vec4 v0000000006679900_0;
    %parti/s 1, 1, 2;
    %nor/r;
    %flag_set/vec4 8;
    %jmp/0xz  T_6.5, 8;
    %load/vec4 v0000000006678280_0;
    %parti/s 1, 1, 2;
    %load/vec4 v0000000006678140_0;
    %parti/s 8, 0, 2;
    %pad/u 10;
    %ix/vec4 3;
    %ix/load 4, 1, 0; part off
    %ix/load 5, 0, 0; Constant delay
    %assign/vec4/a/d v00000000066799a0, 4, 5;
T_6.5 ;
    %load/vec4 v0000000006679900_0;
    %parti/s 1, 2, 3;
    %nor/r;
    %flag_set/vec4 8;
    %jmp/0xz  T_6.7, 8;
    %load/vec4 v0000000006678280_0;
    %parti/s 1, 2, 3;
    %load/vec4 v0000000006678140_0;
    %parti/s 8, 0, 2;
    %pad/u 10;
    %ix/vec4 3;
    %ix/load 4, 2, 0; part off
    %ix/load 5, 0, 0; Constant delay
    %assign/vec4/a/d v00000000066799a0, 4, 5;
T_6.7 ;
    %load/vec4 v0000000006679900_0;
    %parti/s 1, 3, 3;
    %nor/r;
    %flag_set/vec4 8;
    %jmp/0xz  T_6.9, 8;
    %load/vec4 v0000000006678280_0;
    %parti/s 1, 3, 3;
    %load/vec4 v0000000006678140_0;
    %parti/s 8, 0, 2;
    %pad/u 10;
    %ix/vec4 3;
    %ix/load 4, 3, 0; part off
    %ix/load 5, 0, 0; Constant delay
    %assign/vec4/a/d v00000000066799a0, 4, 5;
T_6.9 ;
    %load/vec4 v0000000006679900_0;
    %parti/s 1, 4, 4;
    %nor/r;
    %flag_set/vec4 8;
    %jmp/0xz  T_6.11, 8;
    %load/vec4 v0000000006678280_0;
    %parti/s 1, 4, 4;
    %load/vec4 v0000000006678140_0;
    %parti/s 8, 0, 2;
    %pad/u 10;
    %ix/vec4 3;
    %ix/load 4, 4, 0; part off
    %ix/load 5, 0, 0; Constant delay
    %assign/vec4/a/d v00000000066799a0, 4, 5;
T_6.11 ;
    %load/vec4 v0000000006679900_0;
    %parti/s 1, 5, 4;
    %nor/r;
    %flag_set/vec4 8;
    %jmp/0xz  T_6.13, 8;
    %load/vec4 v0000000006678280_0;
    %parti/s 1, 5, 4;
    %load/vec4 v0000000006678140_0;
    %parti/s 8, 0, 2;
    %pad/u 10;
    %ix/vec4 3;
    %ix/load 4, 5, 0; part off
    %ix/load 5, 0, 0; Constant delay
    %assign/vec4/a/d v00000000066799a0, 4, 5;
T_6.13 ;
    %load/vec4 v0000000006679900_0;
    %parti/s 1, 6, 4;
    %nor/r;
    %flag_set/vec4 8;
    %jmp/0xz  T_6.15, 8;
    %load/vec4 v0000000006678280_0;
    %parti/s 1, 6, 4;
    %load/vec4 v0000000006678140_0;
    %parti/s 8, 0, 2;
    %pad/u 10;
    %ix/vec4 3;
    %ix/load 4, 6, 0; part off
    %ix/load 5, 0, 0; Constant delay
    %assign/vec4/a/d v00000000066799a0, 4, 5;
T_6.15 ;
    %load/vec4 v0000000006679900_0;
    %parti/s 1, 7, 4;
    %nor/r;
    %flag_set/vec4 8;
    %jmp/0xz  T_6.17, 8;
    %load/vec4 v0000000006678280_0;
    %parti/s 1, 7, 4;
    %load/vec4 v0000000006678140_0;
    %parti/s 8, 0, 2;
    %pad/u 10;
    %ix/vec4 3;
    %ix/load 4, 7, 0; part off
    %ix/load 5, 0, 0; Constant delay
    %assign/vec4/a/d v00000000066799a0, 4, 5;
T_6.17 ;
    %load/vec4 v0000000006679900_0;
    %parti/s 1, 8, 5;
    %nor/r;
    %flag_set/vec4 8;
    %jmp/0xz  T_6.19, 8;
    %load/vec4 v0000000006678280_0;
    %parti/s 1, 8, 5;
    %load/vec4 v0000000006678140_0;
    %parti/s 8, 0, 2;
    %pad/u 10;
    %ix/vec4 3;
    %ix/load 4, 8, 0; part off
    %ix/load 5, 0, 0; Constant delay
    %assign/vec4/a/d v00000000066799a0, 4, 5;
T_6.19 ;
    %load/vec4 v0000000006679900_0;
    %parti/s 1, 9, 5;
    %nor/r;
    %flag_set/vec4 8;
    %jmp/0xz  T_6.21, 8;
    %load/vec4 v0000000006678280_0;
    %parti/s 1, 9, 5;
    %load/vec4 v0000000006678140_0;
    %parti/s 8, 0, 2;
    %pad/u 10;
    %ix/vec4 3;
    %ix/load 4, 9, 0; part off
    %ix/load 5, 0, 0; Constant delay
    %assign/vec4/a/d v00000000066799a0, 4, 5;
T_6.21 ;
    %load/vec4 v0000000006679900_0;
    %parti/s 1, 10, 5;
    %nor/r;
    %flag_set/vec4 8;
    %jmp/0xz  T_6.23, 8;
    %load/vec4 v0000000006678280_0;
    %parti/s 1, 10, 5;
    %load/vec4 v0000000006678140_0;
    %parti/s 8, 0, 2;
    %pad/u 10;
    %ix/vec4 3;
    %ix/load 4, 10, 0; part off
    %ix/load 5, 0, 0; Constant delay
    %assign/vec4/a/d v00000000066799a0, 4, 5;
T_6.23 ;
    %load/vec4 v0000000006679900_0;
    %parti/s 1, 11, 5;
    %nor/r;
    %flag_set/vec4 8;
    %jmp/0xz  T_6.25, 8;
    %load/vec4 v0000000006678280_0;
    %parti/s 1, 11, 5;
    %load/vec4 v0000000006678140_0;
    %parti/s 8, 0, 2;
    %pad/u 10;
    %ix/vec4 3;
    %ix/load 4, 11, 0; part off
    %ix/load 5, 0, 0; Constant delay
    %assign/vec4/a/d v00000000066799a0, 4, 5;
T_6.25 ;
    %load/vec4 v0000000006679900_0;
    %parti/s 1, 12, 5;
    %nor/r;
    %flag_set/vec4 8;
    %jmp/0xz  T_6.27, 8;
    %load/vec4 v0000000006678280_0;
    %parti/s 1, 12, 5;
    %load/vec4 v0000000006678140_0;
    %parti/s 8, 0, 2;
    %pad/u 10;
    %ix/vec4 3;
    %ix/load 4, 12, 0; part off
    %ix/load 5, 0, 0; Constant delay
    %assign/vec4/a/d v00000000066799a0, 4, 5;
T_6.27 ;
    %load/vec4 v0000000006679900_0;
    %parti/s 1, 13, 5;
    %nor/r;
    %flag_set/vec4 8;
    %jmp/0xz  T_6.29, 8;
    %load/vec4 v0000000006678280_0;
    %parti/s 1, 13, 5;
    %load/vec4 v0000000006678140_0;
    %parti/s 8, 0, 2;
    %pad/u 10;
    %ix/vec4 3;
    %ix/load 4, 13, 0; part off
    %ix/load 5, 0, 0; Constant delay
    %assign/vec4/a/d v00000000066799a0, 4, 5;
T_6.29 ;
    %load/vec4 v0000000006679900_0;
    %parti/s 1, 14, 5;
    %nor/r;
    %flag_set/vec4 8;
    %jmp/0xz  T_6.31, 8;
    %load/vec4 v0000000006678280_0;
    %parti/s 1, 14, 5;
    %load/vec4 v0000000006678140_0;
    %parti/s 8, 0, 2;
    %pad/u 10;
    %ix/vec4 3;
    %ix/load 4, 14, 0; part off
    %ix/load 5, 0, 0; Constant delay
    %assign/vec4/a/d v00000000066799a0, 4, 5;
T_6.31 ;
    %load/vec4 v0000000006679900_0;
    %parti/s 1, 15, 5;
    %nor/r;
    %flag_set/vec4 8;
    %jmp/0xz  T_6.33, 8;
    %load/vec4 v0000000006678280_0;
    %parti/s 1, 15, 5;
    %load/vec4 v0000000006678140_0;
    %parti/s 8, 0, 2;
    %pad/u 10;
    %ix/vec4 3;
    %ix/load 4, 15, 0; part off
    %ix/load 5, 0, 0; Constant delay
    %assign/vec4/a/d v00000000066799a0, 4, 5;
T_6.33 ;
T_6.0 ;
    %jmp T_6;
    .thread T_6;
    .scope S_0000000006482600;
T_7 ;
    %wait E_00000000065efa00;
    %load/vec4 v000000000667a1c0_0;
    %flag_set/vec4 9;
    %flag_get/vec4 9;
    %jmp/0 T_7.2, 9;
    %load/vec4 v00000000066781e0_0;
    %and;
T_7.2;
    %flag_set/vec4 8;
    %jmp/0xz  T_7.0, 8;
    %load/vec4 v0000000006677e20_0;
    %parti/s 8, 0, 2;
    %pad/u 10;
    %ix/vec4 4;
    %load/vec4a v00000000066799a0, 4;
    %load/vec4 v0000000006679680_0;
    %inv;
    %and;
    %assign/vec4 v0000000006679860_0, 0;
T_7.0 ;
    %jmp T_7;
    .thread T_7;
    .scope S_00000000062e2ca0;
T_8 ;
    %pushi/vec4 0, 0, 1;
    %store/vec4 v0000000006680b40_0, 0, 1;
    %end;
    .thread T_8;
    .scope S_00000000062e2ca0;
T_9 ;
    %wait E_00000000065f0e80;
    %load/vec4 v0000000006680be0_0;
    %assign/vec4 v0000000006680b40_0, 0;
    %jmp T_9;
    .thread T_9;
    .scope S_00000000062e2e30;
T_10 ;
    %pushi/vec4 0, 0, 1;
    %store/vec4 v0000000006680640_0, 0, 1;
    %end;
    .thread T_10;
    .scope S_00000000062e2e30;
T_11 ;
    %wait E_00000000065f1000;
    %load/vec4 v0000000006680960_0;
    %flag_set/vec4 8;
    %jmp/0xz  T_11.0, 8;
    %load/vec4 v0000000006680500_0;
    %assign/vec4 v0000000006680640_0, 0;
T_11.0 ;
    %jmp T_11;
    .thread T_11;
    .scope S_00000000062e2fc0;
T_12 ;
    %pushi/vec4 0, 0, 1;
    %store/vec4 v0000000006680780_0, 0, 1;
    %end;
    .thread T_12;
    .scope S_00000000062e2fc0;
T_13 ;
    %wait E_00000000065f0b00;
    %load/vec4 v0000000006680d20_0;
    %flag_set/vec4 8;
    %jmp/0xz  T_13.0, 8;
    %pushi/vec4 0, 0, 1;
    %assign/vec4 v0000000006680780_0, 0;
    %jmp T_13.1;
T_13.0 ;
    %load/vec4 v00000000066806e0_0;
    %flag_set/vec4 8;
    %jmp/0xz  T_13.2, 8;
    %load/vec4 v0000000006680c80_0;
    %assign/vec4 v0000000006680780_0, 0;
T_13.2 ;
T_13.1 ;
    %jmp T_13;
    .thread T_13;
    .scope S_0000000006323df0;
T_14 ;
    %pushi/vec4 0, 0, 1;
    %store/vec4 v0000000006680aa0_0, 0, 1;
    %end;
    .thread T_14;
    .scope S_0000000006323df0;
T_15 ;
    %wait E_00000000065f1140;
    %load/vec4 v0000000006680e60_0;
    %flag_set/vec4 8;
    %jmp/0xz  T_15.0, 8;
    %pushi/vec4 1, 0, 1;
    %assign/vec4 v0000000006680aa0_0, 0;
    %jmp T_15.1;
T_15.0 ;
    %load/vec4 v0000000006680a00_0;
    %flag_set/vec4 8;
    %jmp/0xz  T_15.2, 8;
    %load/vec4 v0000000006681360_0;
    %assign/vec4 v0000000006680aa0_0, 0;
T_15.2 ;
T_15.1 ;
    %jmp T_15;
    .thread T_15;
    .scope S_0000000006323f80;
T_16 ;
    %pushi/vec4 0, 0, 1;
    %store/vec4 v0000000006681860_0, 0, 1;
    %end;
    .thread T_16;
    .scope S_0000000006323f80;
T_17 ;
    %wait E_00000000065f0280;
    %load/vec4 v0000000006681900_0;
    %flag_set/vec4 8;
    %jmp/0xz  T_17.0, 8;
    %load/vec4 v0000000006680fa0_0;
    %flag_set/vec4 8;
    %jmp/0xz  T_17.2, 8;
    %pushi/vec4 0, 0, 1;
    %assign/vec4 v0000000006681860_0, 0;
    %jmp T_17.3;
T_17.2 ;
    %load/vec4 v00000000066815e0_0;
    %assign/vec4 v0000000006681860_0, 0;
T_17.3 ;
T_17.0 ;
    %jmp T_17;
    .thread T_17;
    .scope S_0000000006324110;
T_18 ;
    %pushi/vec4 0, 0, 1;
    %store/vec4 v0000000006681180_0, 0, 1;
    %end;
    .thread T_18;
    .scope S_0000000006324110;
T_19 ;
    %wait E_00000000065f0340;
    %load/vec4 v00000000066812c0_0;
    %flag_set/vec4 8;
    %jmp/0xz  T_19.0, 8;
    %load/vec4 v00000000066817c0_0;
    %flag_set/vec4 8;
    %jmp/0xz  T_19.2, 8;
    %pushi/vec4 1, 0, 1;
    %assign/vec4 v0000000006681180_0, 0;
    %jmp T_19.3;
T_19.2 ;
    %load/vec4 v00000000066810e0_0;
    %assign/vec4 v0000000006681180_0, 0;
T_19.3 ;
T_19.0 ;
    %jmp T_19;
    .thread T_19;
    .scope S_0000000006328700;
T_20 ;
    %pushi/vec4 0, 0, 1;
    %store/vec4 v00000000066803c0_0, 0, 1;
    %end;
    .thread T_20;
    .scope S_0000000006328700;
T_21 ;
    %wait E_00000000065f04c0;
    %load/vec4 v0000000006680320_0;
    %assign/vec4 v00000000066803c0_0, 0;
    %jmp T_21;
    .thread T_21;
    .scope S_0000000006328890;
T_22 ;
    %pushi/vec4 0, 0, 1;
    %store/vec4 v000000000668a900_0, 0, 1;
    %end;
    .thread T_22;
    .scope S_0000000006328890;
T_23 ;
    %wait E_00000000065f0480;
    %load/vec4 v000000000668a4a0_0;
    %flag_set/vec4 8;
    %jmp/0xz  T_23.0, 8;
    %load/vec4 v000000000668c020_0;
    %assign/vec4 v000000000668a900_0, 0;
T_23.0 ;
    %jmp T_23;
    .thread T_23;
    .scope S_0000000006328a20;
T_24 ;
    %pushi/vec4 0, 0, 1;
    %store/vec4 v000000000668b1c0_0, 0, 1;
    %end;
    .thread T_24;
    .scope S_0000000006328a20;
T_25 ;
    %wait E_00000000065f0500;
    %load/vec4 v0000000006689dc0_0;
    %flag_set/vec4 8;
    %jmp/0xz  T_25.0, 8;
    %pushi/vec4 0, 0, 1;
    %assign/vec4 v000000000668b1c0_0, 0;
    %jmp T_25.1;
T_25.0 ;
    %load/vec4 v000000000668c160_0;
    %flag_set/vec4 8;
    %jmp/0xz  T_25.2, 8;
    %load/vec4 v000000000668a720_0;
    %assign/vec4 v000000000668b1c0_0, 0;
T_25.2 ;
T_25.1 ;
    %jmp T_25;
    .thread T_25;
    .scope S_0000000006332d70;
T_26 ;
    %pushi/vec4 0, 0, 1;
    %store/vec4 v000000000668b260_0, 0, 1;
    %end;
    .thread T_26;
    .scope S_0000000006332d70;
T_27 ;
    %wait E_00000000065f0d80;
    %load/vec4 v000000000668b440_0;
    %flag_set/vec4 8;
    %jmp/0xz  T_27.0, 8;
    %pushi/vec4 1, 0, 1;
    %assign/vec4 v000000000668b260_0, 0;
    %jmp T_27.1;
T_27.0 ;
    %load/vec4 v000000000668a5e0_0;
    %flag_set/vec4 8;
    %jmp/0xz  T_27.2, 8;
    %load/vec4 v000000000668b120_0;
    %assign/vec4 v000000000668b260_0, 0;
T_27.2 ;
T_27.1 ;
    %jmp T_27;
    .thread T_27;
    .scope S_0000000006332f00;
T_28 ;
    %pushi/vec4 0, 0, 1;
    %store/vec4 v000000000668a400_0, 0, 1;
    %end;
    .thread T_28;
    .scope S_0000000006332f00;
T_29 ;
    %wait E_00000000065f0c40;
    %load/vec4 v000000000668b4e0_0;
    %flag_set/vec4 8;
    %jmp/0xz  T_29.0, 8;
    %load/vec4 v000000000668b580_0;
    %flag_set/vec4 8;
    %jmp/0xz  T_29.2, 8;
    %pushi/vec4 0, 0, 1;
    %assign/vec4 v000000000668a400_0, 0;
    %jmp T_29.3;
T_29.2 ;
    %load/vec4 v0000000006689d20_0;
    %assign/vec4 v000000000668a400_0, 0;
T_29.3 ;
T_29.0 ;
    %jmp T_29;
    .thread T_29;
    .scope S_0000000006634260;
T_30 ;
    %pushi/vec4 0, 0, 1;
    %store/vec4 v000000000668aae0_0, 0, 1;
    %end;
    .thread T_30;
    .scope S_0000000006634260;
T_31 ;
    %wait E_00000000065f1100;
    %load/vec4 v000000000668aa40_0;
    %flag_set/vec4 8;
    %jmp/0xz  T_31.0, 8;
    %load/vec4 v000000000668c0c0_0;
    %flag_set/vec4 8;
    %jmp/0xz  T_31.2, 8;
    %pushi/vec4 1, 0, 1;
    %assign/vec4 v000000000668aae0_0, 0;
    %jmp T_31.3;
T_31.2 ;
    %load/vec4 v000000000668b620_0;
    %assign/vec4 v000000000668aae0_0, 0;
T_31.3 ;
T_31.0 ;
    %jmp T_31;
    .thread T_31;
    .scope S_0000000006633db0;
T_32 ;
    %pushi/vec4 0, 0, 1;
    %store/vec4 v000000000668b080_0, 0, 1;
    %end;
    .thread T_32;
    .scope S_0000000006633db0;
T_33 ;
    %wait E_00000000065f0380;
    %load/vec4 v000000000668a360_0;
    %flag_set/vec4 8;
    %jmp/0xz  T_33.0, 8;
    %pushi/vec4 0, 0, 1;
    %assign/vec4 v000000000668b080_0, 0;
    %jmp T_33.1;
T_33.0 ;
    %load/vec4 v000000000668b6c0_0;
    %assign/vec4 v000000000668b080_0, 0;
T_33.1 ;
    %jmp T_33;
    .thread T_33;
    .scope S_0000000006633f40;
T_34 ;
    %pushi/vec4 0, 0, 1;
    %store/vec4 v000000000668a540_0, 0, 1;
    %end;
    .thread T_34;
    .scope S_0000000006633f40;
T_35 ;
    %wait E_00000000065f03c0;
    %load/vec4 v000000000668ac20_0;
    %flag_set/vec4 8;
    %jmp/0xz  T_35.0, 8;
    %pushi/vec4 1, 0, 1;
    %assign/vec4 v000000000668a540_0, 0;
    %jmp T_35.1;
T_35.0 ;
    %load/vec4 v000000000668acc0_0;
    %assign/vec4 v000000000668a540_0, 0;
T_35.1 ;
    %jmp T_35;
    .thread T_35;
    .scope S_00000000066340d0;
T_36 ;
    %pushi/vec4 0, 0, 1;
    %store/vec4 v000000000668a040_0, 0, 1;
    %end;
    .thread T_36;
    .scope S_00000000066340d0;
T_37 ;
    %wait E_00000000065f1080;
    %load/vec4 v000000000668c200_0;
    %flag_set/vec4 8;
    %jmp/0xz  T_37.0, 8;
    %pushi/vec4 0, 0, 1;
    %assign/vec4 v000000000668a040_0, 0;
    %jmp T_37.1;
T_37.0 ;
    %load/vec4 v000000000668b800_0;
    %assign/vec4 v000000000668a040_0, 0;
T_37.1 ;
    %jmp T_37;
    .thread T_37;
    .scope S_0000000006633a90;
T_38 ;
    %pushi/vec4 0, 0, 1;
    %store/vec4 v000000000668ad60_0, 0, 1;
    %end;
    .thread T_38;
    .scope S_0000000006633a90;
T_39 ;
    %wait E_00000000065f1180;
    %load/vec4 v000000000668ae00_0;
    %flag_set/vec4 8;
    %jmp/0xz  T_39.0, 8;
    %pushi/vec4 1, 0, 1;
    %assign/vec4 v000000000668ad60_0, 0;
    %jmp T_39.1;
T_39.0 ;
    %load/vec4 v000000000668b8a0_0;
    %assign/vec4 v000000000668ad60_0, 0;
T_39.1 ;
    %jmp T_39;
    .thread T_39;
    .scope S_00000000066343f0;
T_40 ;
    %pushi/vec4 0, 0, 1;
    %store/vec4 v000000000668a7c0_0, 0, 1;
    %end;
    .thread T_40;
    .scope S_00000000066343f0;
T_41 ;
    %wait E_00000000065f0c80;
    %load/vec4 v000000000668aea0_0;
    %flag_set/vec4 8;
    %jmp/0xz  T_41.0, 8;
    %pushi/vec4 0, 0, 1;
    %assign/vec4 v000000000668a7c0_0, 0;
    %jmp T_41.1;
T_41.0 ;
    %load/vec4 v000000000668b940_0;
    %assign/vec4 v000000000668a7c0_0, 0;
T_41.1 ;
    %jmp T_41;
    .thread T_41;
    .scope S_0000000006634580;
T_42 ;
    %pushi/vec4 0, 0, 1;
    %store/vec4 v000000000668a180_0, 0, 1;
    %end;
    .thread T_42;
    .scope S_0000000006634580;
T_43 ;
    %wait E_00000000065f0740;
    %load/vec4 v000000000668bee0_0;
    %flag_set/vec4 8;
    %jmp/0xz  T_43.0, 8;
    %pushi/vec4 1, 0, 1;
    %assign/vec4 v000000000668a180_0, 0;
    %jmp T_43.1;
T_43.0 ;
    %load/vec4 v000000000668c2a0_0;
    %assign/vec4 v000000000668a180_0, 0;
T_43.1 ;
    %jmp T_43;
    .thread T_43;
    .scope S_0000000006633c20;
T_44 ;
    %pushi/vec4 0, 0, 1;
    %store/vec4 v000000000668af40_0, 0, 1;
    %end;
    .thread T_44;
    .scope S_0000000006633c20;
T_45 ;
    %wait E_00000000065f0dc0;
    %load/vec4 v000000000668a220_0;
    %flag_set/vec4 8;
    %jmp/0xz  T_45.0, 8;
    %pushi/vec4 0, 0, 1;
    %assign/vec4 v000000000668af40_0, 0;
    %jmp T_45.1;
T_45.0 ;
    %load/vec4 v000000000668b9e0_0;
    %assign/vec4 v000000000668af40_0, 0;
T_45.1 ;
    %jmp T_45;
    .thread T_45;
    .scope S_0000000006634710;
T_46 ;
    %pushi/vec4 0, 0, 1;
    %store/vec4 v000000000668bda0_0, 0, 1;
    %end;
    .thread T_46;
    .scope S_0000000006634710;
T_47 ;
    %wait E_00000000065f0e00;
    %load/vec4 v000000000668ba80_0;
    %flag_set/vec4 8;
    %jmp/0xz  T_47.0, 8;
    %pushi/vec4 1, 0, 1;
    %assign/vec4 v000000000668bda0_0, 0;
    %jmp T_47.1;
T_47.0 ;
    %load/vec4 v0000000006689be0_0;
    %assign/vec4 v000000000668bda0_0, 0;
T_47.1 ;
    %jmp T_47;
    .thread T_47;
    .scope S_0000000006483730;
T_48 ;
    %wait E_00000000065f0200;
    %load/vec4 v000000000668d1a0_0;
    %assign/vec4 v000000000668c700_0, 0;
    %jmp T_48;
    .thread T_48;
    .scope S_0000000006483730;
T_49 ;
    %wait E_00000000065f0200;
    %load/vec4 v000000000668d1a0_0;
    %flag_set/vec4 8;
    %jmp/0xz  T_49.0, 8;
    %load/vec4 v000000000668c5c0_0;
    %assign/vec4 v000000000668d9c0_0, 0;
T_49.0 ;
    %jmp T_49;
    .thread T_49;
    .scope S_0000000006483730;
T_50 ;
    %wait E_00000000065f11c0;
    %load/vec4 v000000000668c700_0;
    %flag_set/vec4 8;
    %jmp/0xz  T_50.0, 8;
    %load/vec4 v000000000668c5c0_0;
    %assign/vec4 v000000000668d380_0, 0;
T_50.0 ;
    %jmp T_50;
    .thread T_50;
    .scope S_0000000006483730;
T_51 ;
    %wait E_00000000065f0540;
    %load/vec4 v000000000668d1a0_0;
    %assign/vec4 v000000000668cac0_0, 0;
    %jmp T_51;
    .thread T_51;
    .scope S_0000000006483730;
T_52 ;
    %wait E_00000000065f0540;
    %load/vec4 v000000000668d1a0_0;
    %flag_set/vec4 8;
    %jmp/0xz  T_52.0, 8;
    %load/vec4 v0000000006689c80_0;
    %assign/vec4 v000000000668c660_0, 0;
T_52.0 ;
    %jmp T_52;
    .thread T_52;
    .scope S_0000000006483730;
T_53 ;
    %wait E_00000000065f0b80;
    %load/vec4 v000000000668cac0_0;
    %flag_set/vec4 8;
    %jmp/0xz  T_53.0, 8;
    %load/vec4 v000000000668c3e0_0;
    %assign/vec4 v000000000668c340_0, 0;
T_53.0 ;
    %jmp T_53;
    .thread T_53;
    .scope S_0000000006483730;
T_54 ;
    %wait E_00000000065f0540;
    %load/vec4 v000000000668d1a0_0;
    %flag_set/vec4 8;
    %jmp/0xz  T_54.0, 8;
    %load/vec4 v000000000668d600_0;
    %assign/vec4 v000000000668d880_0, 0;
T_54.0 ;
    %jmp T_54;
    .thread T_54;
    .scope S_0000000006482dd0;
T_55 ;
    %wait E_00000000065f0d00;
    %load/vec4 v000000000668d9c0_0;
    %store/vec4 v000000000668c520_0, 0, 1;
    %load/vec4 v000000000668d380_0;
    %store/vec4 v000000000668ca20_0, 0, 1;
    %jmp T_55;
    .thread T_55, $push;
    .scope S_0000000006482dd0;
T_56 ;
    %wait E_00000000065f0640;
    %load/vec4 v000000000668ce80_0;
    %assign/vec4 v000000000668c480_0, 0;
    %jmp T_56;
    .thread T_56, $push;
    .scope S_0000000006482dd0;
T_57 ;
    %wait E_00000000065f0440;
    %load/vec4 v000000000668c480_0;
    %assign/vec4 v000000000668c7a0_0, 0;
    %jmp T_57;
    .thread T_57, $push;
    .scope S_0000000006482dd0;
T_58 ;
    %wait E_00000000065f0400;
    %load/vec4 v000000000668c7a0_0;
    %pushi/vec4 0, 0, 1;
    %xor;
    %flag_set/vec4 8;
    %jmp/1 T_58.2, 8;
    %pushi/vec4 0, 0, 1;
    %flag_set/vec4 9;
    %flag_or 8, 9;
T_58.2;
    %jmp/0 T_58.0, 8;
    %load/vec4 v000000000668c660_0;
    %jmp/1 T_58.1, 8;
T_58.0 ; End of true expr.
    %load/vec4 v000000000668c340_0;
    %jmp/0 T_58.1, 8;
 ; End of false expr.
    %blend;
T_58.1;
    %store/vec4 v000000000668cc00_0, 0, 1;
    %jmp T_58;
    .thread T_58, $push;
    .scope S_0000000006483a50;
T_59 ;
    %wait E_00000000065f0980;
    %load/vec4 v000000000668e190_0;
    %flag_set/vec4 8;
    %jmp/0xz  T_59.0, 8;
    %load/vec4 v000000000668e870_0;
    %assign/vec4 v000000000668e050_0, 0;
T_59.0 ;
    %jmp T_59;
    .thread T_59;
    .scope S_0000000006483a50;
T_60 ;
    %wait E_00000000065f10c0;
    %load/vec4 v000000000668e190_0;
    %flag_set/vec4 8;
    %jmp/0xz  T_60.0, 8;
    %load/vec4 v000000000668e870_0;
    %assign/vec4 v000000000668f450_0, 0;
T_60.0 ;
    %jmp T_60;
    .thread T_60;
    .scope S_0000000006483a50;
T_61 ;
    %wait E_00000000065f0cc0;
    %load/vec4 v000000000668e190_0;
    %flag_set/vec4 8;
    %jmp/0xz  T_61.0, 8;
    %load/vec4 v000000000668de70_0;
    %assign/vec4 v000000000668f4f0_0, 0;
T_61.0 ;
    %jmp T_61;
    .thread T_61;
    .scope S_0000000006483a50;
T_62 ;
    %wait E_00000000065f0f40;
    %load/vec4 v000000000668e190_0;
    %flag_set/vec4 8;
    %jmp/0xz  T_62.0, 8;
    %load/vec4 v000000000668f130_0;
    %assign/vec4 v000000000668e230_0, 0;
T_62.0 ;
    %jmp T_62;
    .thread T_62;
    .scope S_0000000006483a50;
T_63 ;
    %wait E_00000000065f0cc0;
    %load/vec4 v000000000668e190_0;
    %flag_set/vec4 8;
    %jmp/0xz  T_63.0, 8;
    %load/vec4 v000000000668f270_0;
    %assign/vec4 v000000000668f590_0, 0;
T_63.0 ;
    %jmp T_63;
    .thread T_63;
    .scope S_00000000066350e0;
T_64 ;
    %wait E_00000000065f0880;
    %load/vec4 v000000000668e050_0;
    %store/vec4 v000000000668fbd0_0, 0, 1;
    %load/vec4 v000000000668f450_0;
    %store/vec4 v000000000668e550_0, 0, 1;
    %jmp T_64;
    .thread T_64, $push;
    .scope S_00000000066350e0;
T_65 ;
    %wait E_00000000065f0240;
    %load/vec4 v0000000006690210_0;
    %assign/vec4 v000000000668fdb0_0, 0;
    %jmp T_65;
    .thread T_65, $push;
    .scope S_00000000066350e0;
T_66 ;
    %wait E_00000000065f0bc0;
    %load/vec4 v000000000668fdb0_0;
    %assign/vec4 v000000000668df10_0, 0;
    %jmp T_66;
    .thread T_66, $push;
    .scope S_00000000066350e0;
T_67 ;
    %wait E_00000000065f0580;
    %load/vec4 v000000000668df10_0;
    %pushi/vec4 0, 0, 1;
    %xor;
    %flag_set/vec4 8;
    %jmp/1 T_67.2, 8;
    %pushi/vec4 0, 0, 1;
    %flag_set/vec4 9;
    %flag_or 8, 9;
T_67.2;
    %jmp/0 T_67.0, 8;
    %load/vec4 v000000000668f4f0_0;
    %jmp/1 T_67.1, 8;
T_67.0 ; End of true expr.
    %load/vec4 v000000000668e230_0;
    %jmp/0 T_67.1, 8;
 ; End of false expr.
    %blend;
T_67.1;
    %store/vec4 v00000000066902b0_0, 0, 1;
    %jmp T_67;
    .thread T_67, $push;
    .scope S_0000000006483be0;
T_68 ;
    %wait E_00000000065f0800;
    %load/vec4 v000000000668fc70_0;
    %flag_set/vec4 8;
    %jmp/0xz  T_68.0, 8;
    %load/vec4 v000000000668e410_0;
    %assign/vec4 v000000000668f8b0_0, 0;
T_68.0 ;
    %jmp T_68;
    .thread T_68;
    .scope S_0000000006483be0;
T_69 ;
    %wait E_00000000065f0700;
    %load/vec4 v000000000668fc70_0;
    %flag_set/vec4 8;
    %jmp/0xz  T_69.0, 8;
    %load/vec4 v000000000668e410_0;
    %assign/vec4 v000000000668e370_0, 0;
T_69.0 ;
    %jmp T_69;
    .thread T_69;
    .scope S_0000000006483be0;
T_70 ;
    %wait E_00000000065f02c0;
    %load/vec4 v000000000668fc70_0;
    %flag_set/vec4 8;
    %jmp/0xz  T_70.0, 8;
    %load/vec4 v000000000668f6d0_0;
    %assign/vec4 v000000000668e5f0_0, 0;
T_70.0 ;
    %jmp T_70;
    .thread T_70;
    .scope S_0000000006483be0;
T_71 ;
    %wait E_00000000065f0ac0;
    %load/vec4 v000000000668fc70_0;
    %flag_set/vec4 8;
    %jmp/0xz  T_71.0, 8;
    %load/vec4 v000000000668f770_0;
    %assign/vec4 v000000000668e690_0, 0;
T_71.0 ;
    %jmp T_71;
    .thread T_71;
    .scope S_0000000006483be0;
T_72 ;
    %wait E_00000000065f02c0;
    %load/vec4 v000000000668fc70_0;
    %flag_set/vec4 8;
    %jmp/0xz  T_72.0, 8;
    %load/vec4 v000000000668ff90_0;
    %assign/vec4 v000000000668f9f0_0, 0;
T_72.0 ;
    %jmp T_72;
    .thread T_72;
    .scope S_0000000006635590;
T_73 ;
    %wait E_00000000065f0a80;
    %load/vec4 v000000000668f8b0_0;
    %store/vec4 v000000000668db50_0, 0, 1;
    %load/vec4 v000000000668e370_0;
    %store/vec4 v000000000668f810_0, 0, 1;
    %jmp T_73;
    .thread T_73, $push;
    .scope S_0000000006635590;
T_74 ;
    %wait E_00000000065f05c0;
    %load/vec4 v000000000668eaf0_0;
    %assign/vec4 v000000000668e730_0, 0;
    %jmp T_74;
    .thread T_74, $push;
    .scope S_0000000006635590;
T_75 ;
    %wait E_00000000065f0d40;
    %load/vec4 v000000000668e730_0;
    %assign/vec4 v000000000668f950_0, 0;
    %jmp T_75;
    .thread T_75, $push;
    .scope S_0000000006635590;
T_76 ;
    %wait E_00000000065f0b40;
    %load/vec4 v000000000668f950_0;
    %pushi/vec4 0, 0, 1;
    %xor;
    %flag_set/vec4 8;
    %jmp/1 T_76.2, 8;
    %pushi/vec4 0, 0, 1;
    %flag_set/vec4 9;
    %flag_or 8, 9;
T_76.2;
    %jmp/0 T_76.0, 8;
    %load/vec4 v000000000668e5f0_0;
    %jmp/1 T_76.1, 8;
T_76.0 ; End of true expr.
    %load/vec4 v000000000668e690_0;
    %jmp/0 T_76.1, 8;
 ; End of false expr.
    %blend;
T_76.1;
    %store/vec4 v000000000668ed70_0, 0, 1;
    %jmp T_76;
    .thread T_76, $push;
    .scope S_0000000006634aa0;
T_77 ;
    %wait E_00000000065f0680;
    %load/vec4 v00000000066953a0_0;
    %flag_set/vec4 8;
    %jmp/0xz  T_77.0, 8;
    %pushi/vec4 0, 0, 16;
    %assign/vec4 v0000000006692420_0, 0;
    %pushi/vec4 0, 0, 16;
    %assign/vec4 v0000000006691de0_0, 0;
    %jmp T_77.1;
T_77.0 ;
    %load/vec4 v00000000066967a0_0;
    %flag_set/vec4 8;
    %jmp/0xz  T_77.2, 8;
    %load/vec4 v0000000006694400_0;
    %nor/r;
    %flag_set/vec4 8;
    %jmp/0xz  T_77.4, 8;
    %load/vec4 v0000000006694860_0;
    %assign/vec4 v0000000006692420_0, 0;
T_77.4 ;
    %load/vec4 v0000000006695300_0;
    %nor/r;
    %flag_set/vec4 8;
    %jmp/0xz  T_77.6, 8;
    %load/vec4 v0000000006695940_0;
    %assign/vec4 v0000000006691de0_0, 0;
T_77.6 ;
T_77.2 ;
T_77.1 ;
    %jmp T_77;
    .thread T_77;
    .scope S_0000000006634aa0;
T_78 ;
    %wait E_00000000065f0600;
    %load/vec4 v00000000066951c0_0;
    %flag_set/vec4 8;
    %jmp/0xz  T_78.0, 8;
    %pushi/vec4 0, 0, 16;
    %assign/vec4 v0000000006692100_0, 0;
    %pushi/vec4 0, 0, 16;
    %assign/vec4 v0000000006693500_0, 0;
    %jmp T_78.1;
T_78.0 ;
    %load/vec4 v00000000066967a0_0;
    %flag_set/vec4 8;
    %jmp/0xz  T_78.2, 8;
    %load/vec4 v0000000006695d00_0;
    %nor/r;
    %flag_set/vec4 8;
    %jmp/0xz  T_78.4, 8;
    %load/vec4 v00000000066960c0_0;
    %assign/vec4 v0000000006692100_0, 0;
T_78.4 ;
    %load/vec4 v0000000006694f40_0;
    %nor/r;
    %flag_set/vec4 8;
    %jmp/0xz  T_78.6, 8;
    %load/vec4 v0000000006694ea0_0;
    %assign/vec4 v0000000006693500_0, 0;
T_78.6 ;
T_78.2 ;
T_78.1 ;
    %jmp T_78;
    .thread T_78;
    .scope S_0000000006634aa0;
T_79 ;
    %wait E_00000000065f0680;
    %load/vec4 v00000000066953a0_0;
    %flag_set/vec4 8;
    %jmp/0xz  T_79.0, 8;
    %pushi/vec4 0, 0, 16;
    %assign/vec4 v0000000006691c00_0, 0;
    %pushi/vec4 0, 0, 16;
    %assign/vec4 v0000000006693640_0, 0;
    %jmp T_79.1;
T_79.0 ;
    %load/vec4 v00000000066967a0_0;
    %flag_set/vec4 8;
    %jmp/0xz  T_79.2, 8;
    %load/vec4 v0000000006693320_0;
    %assign/vec4 v0000000006691c00_0, 0;
    %load/vec4 v0000000006694220_0;
    %assign/vec4 v0000000006693640_0, 0;
T_79.2 ;
T_79.1 ;
    %jmp T_79;
    .thread T_79;
    .scope S_0000000006634aa0;
T_80 ;
    %wait E_00000000065f0600;
    %load/vec4 v00000000066951c0_0;
    %flag_set/vec4 8;
    %jmp/0xz  T_80.0, 8;
    %pushi/vec4 0, 0, 16;
    %assign/vec4 v0000000006693c80_0, 0;
    %pushi/vec4 0, 0, 16;
    %assign/vec4 v0000000006692ba0_0, 0;
    %jmp T_80.1;
T_80.0 ;
    %load/vec4 v00000000066967a0_0;
    %flag_set/vec4 8;
    %jmp/0xz  T_80.2, 8;
    %load/vec4 v00000000066921a0_0;
    %assign/vec4 v0000000006693c80_0, 0;
    %load/vec4 v0000000006693460_0;
    %assign/vec4 v0000000006692ba0_0, 0;
T_80.2 ;
T_80.1 ;
    %jmp T_80;
    .thread T_80;
    .scope S_0000000006634aa0;
T_81 ;
    %wait E_00000000065f0600;
    %load/vec4 v00000000066951c0_0;
    %flag_set/vec4 8;
    %jmp/0xz  T_81.0, 8;
    %pushi/vec4 0, 0, 32;
    %assign/vec4 v0000000006692c40_0, 0;
    %jmp T_81.1;
T_81.0 ;
    %load/vec4 v00000000066967a0_0;
    %flag_set/vec4 8;
    %jmp/0xz  T_81.2, 8;
    %load/vec4 v0000000006699540_0;
    %assign/vec4 v0000000006692c40_0, 0;
T_81.2 ;
T_81.1 ;
    %jmp T_81;
    .thread T_81;
    .scope S_0000000006634aa0;
T_82 ;
    %wait E_00000000065f0f80;
    %load/vec4 v0000000006695800_0;
    %flag_set/vec4 8;
    %jmp/0xz  T_82.0, 8;
    %pushi/vec4 0, 0, 16;
    %assign/vec4 v0000000006693fa0_0, 0;
    %jmp T_82.1;
T_82.0 ;
    %load/vec4 v00000000066967a0_0;
    %flag_set/vec4 8;
    %jmp/0xz  T_82.2, 8;
    %load/vec4 v0000000006696980_0;
    %nor/r;
    %flag_set/vec4 8;
    %jmp/0xz  T_82.4, 8;
    %load/vec4 v00000000066933c0_0;
    %assign/vec4 v0000000006693fa0_0, 0;
T_82.4 ;
T_82.2 ;
T_82.1 ;
    %jmp T_82;
    .thread T_82;
    .scope S_0000000006634aa0;
T_83 ;
    %wait E_00000000065f0300;
    %load/vec4 v0000000006695620_0;
    %flag_set/vec4 8;
    %jmp/0xz  T_83.0, 8;
    %pushi/vec4 0, 0, 16;
    %assign/vec4 v0000000006692e20_0, 0;
    %jmp T_83.1;
T_83.0 ;
    %load/vec4 v00000000066967a0_0;
    %flag_set/vec4 8;
    %jmp/0xz  T_83.2, 8;
    %load/vec4 v0000000006695da0_0;
    %nor/r;
    %flag_set/vec4 8;
    %jmp/0xz  T_83.4, 8;
    %load/vec4 v0000000006692380_0;
    %assign/vec4 v0000000006692e20_0, 0;
T_83.4 ;
T_83.2 ;
T_83.1 ;
    %jmp T_83;
    .thread T_83;
    .scope S_0000000006483d70;
T_84 ;
    %pushi/vec4 0, 0, 32;
    %store/vec4 v000000000669bdd0_0, 0, 32;
T_84.0 ; Top of for-loop 
    %load/vec4 v000000000669bdd0_0;
    %cmpi/s 16, 0, 32;
    %jmp/0xz T_84.1, 5;
    %pushi/vec4 0, 0, 256;
    %load/vec4 v000000000669bdd0_0;
    %muli 16, 0, 32;
    %part/s 16;
    %pushi/vec4 0, 0, 32;
    %load/vec4 v000000000669bdd0_0;
    %add;
    %ix/vec4/s 4;
    %store/vec4a v000000000669a9d0, 4, 0;
    %pushi/vec4 0, 0, 256;
    %load/vec4 v000000000669bdd0_0;
    %muli 16, 0, 32;
    %part/s 16;
    %pushi/vec4 16, 0, 32;
    %load/vec4 v000000000669bdd0_0;
    %add;
    %ix/vec4/s 4;
    %store/vec4a v000000000669a9d0, 4, 0;
    %pushi/vec4 0, 0, 256;
    %load/vec4 v000000000669bdd0_0;
    %muli 16, 0, 32;
    %part/s 16;
    %pushi/vec4 32, 0, 32;
    %load/vec4 v000000000669bdd0_0;
    %add;
    %ix/vec4/s 4;
    %store/vec4a v000000000669a9d0, 4, 0;
    %pushi/vec4 0, 0, 256;
    %load/vec4 v000000000669bdd0_0;
    %muli 16, 0, 32;
    %part/s 16;
    %pushi/vec4 48, 0, 32;
    %load/vec4 v000000000669bdd0_0;
    %add;
    %ix/vec4/s 4;
    %store/vec4a v000000000669a9d0, 4, 0;
    %pushi/vec4 0, 0, 256;
    %load/vec4 v000000000669bdd0_0;
    %muli 16, 0, 32;
    %part/s 16;
    %pushi/vec4 64, 0, 32;
    %load/vec4 v000000000669bdd0_0;
    %add;
    %ix/vec4/s 4;
    %store/vec4a v000000000669a9d0, 4, 0;
    %pushi/vec4 0, 0, 256;
    %load/vec4 v000000000669bdd0_0;
    %muli 16, 0, 32;
    %part/s 16;
    %pushi/vec4 80, 0, 32;
    %load/vec4 v000000000669bdd0_0;
    %add;
    %ix/vec4/s 4;
    %store/vec4a v000000000669a9d0, 4, 0;
    %pushi/vec4 0, 0, 256;
    %load/vec4 v000000000669bdd0_0;
    %muli 16, 0, 32;
    %part/s 16;
    %pushi/vec4 96, 0, 32;
    %load/vec4 v000000000669bdd0_0;
    %add;
    %ix/vec4/s 4;
    %store/vec4a v000000000669a9d0, 4, 0;
    %pushi/vec4 0, 0, 256;
    %load/vec4 v000000000669bdd0_0;
    %muli 16, 0, 32;
    %part/s 16;
    %pushi/vec4 112, 0, 32;
    %load/vec4 v000000000669bdd0_0;
    %add;
    %ix/vec4/s 4;
    %store/vec4a v000000000669a9d0, 4, 0;
    %pushi/vec4 0, 0, 256;
    %load/vec4 v000000000669bdd0_0;
    %muli 16, 0, 32;
    %part/s 16;
    %pushi/vec4 128, 0, 32;
    %load/vec4 v000000000669bdd0_0;
    %add;
    %ix/vec4/s 4;
    %store/vec4a v000000000669a9d0, 4, 0;
    %pushi/vec4 0, 0, 256;
    %load/vec4 v000000000669bdd0_0;
    %muli 16, 0, 32;
    %part/s 16;
    %pushi/vec4 144, 0, 32;
    %load/vec4 v000000000669bdd0_0;
    %add;
    %ix/vec4/s 4;
    %store/vec4a v000000000669a9d0, 4, 0;
    %pushi/vec4 0, 0, 256;
    %load/vec4 v000000000669bdd0_0;
    %muli 16, 0, 32;
    %part/s 16;
    %pushi/vec4 160, 0, 32;
    %load/vec4 v000000000669bdd0_0;
    %add;
    %ix/vec4/s 4;
    %store/vec4a v000000000669a9d0, 4, 0;
    %pushi/vec4 0, 0, 256;
    %load/vec4 v000000000669bdd0_0;
    %muli 16, 0, 32;
    %part/s 16;
    %pushi/vec4 176, 0, 32;
    %load/vec4 v000000000669bdd0_0;
    %add;
    %ix/vec4/s 4;
    %store/vec4a v000000000669a9d0, 4, 0;
    %pushi/vec4 0, 0, 256;
    %load/vec4 v000000000669bdd0_0;
    %muli 16, 0, 32;
    %part/s 16;
    %pushi/vec4 192, 0, 32;
    %load/vec4 v000000000669bdd0_0;
    %add;
    %ix/vec4/s 4;
    %store/vec4a v000000000669a9d0, 4, 0;
    %pushi/vec4 0, 0, 256;
    %load/vec4 v000000000669bdd0_0;
    %muli 16, 0, 32;
    %part/s 16;
    %pushi/vec4 208, 0, 32;
    %load/vec4 v000000000669bdd0_0;
    %add;
    %ix/vec4/s 4;
    %store/vec4a v000000000669a9d0, 4, 0;
    %pushi/vec4 0, 0, 256;
    %load/vec4 v000000000669bdd0_0;
    %muli 16, 0, 32;
    %part/s 16;
    %pushi/vec4 224, 0, 32;
    %load/vec4 v000000000669bdd0_0;
    %add;
    %ix/vec4/s 4;
    %store/vec4a v000000000669a9d0, 4, 0;
    %pushi/vec4 0, 0, 256;
    %load/vec4 v000000000669bdd0_0;
    %muli 16, 0, 32;
    %part/s 16;
    %pushi/vec4 240, 0, 32;
    %load/vec4 v000000000669bdd0_0;
    %add;
    %ix/vec4/s 4;
    %store/vec4a v000000000669a9d0, 4, 0;
T_84.2 ; for-loop step statement
    %load/vec4 v000000000669bdd0_0;
    %addi 1, 0, 32;
    %store/vec4 v000000000669bdd0_0, 0, 32;
    %jmp T_84.0;
T_84.1 ; for-loop exit label
    %end;
    .thread T_84;
    .scope S_0000000006483d70;
T_85 ;
    %wait E_00000000065f06c0;
    %load/vec4 v0000000006699fd0_0;
    %flag_set/vec4 9;
    %flag_get/vec4 9;
    %jmp/0 T_85.2, 9;
    %load/vec4 v000000000669abb0_0;
    %and;
T_85.2;
    %flag_set/vec4 8;
    %jmp/0xz  T_85.0, 8;
    %load/vec4 v000000000669be70_0;
    %parti/s 1, 0, 2;
    %nor/r;
    %flag_set/vec4 8;
    %jmp/0xz  T_85.3, 8;
    %load/vec4 v000000000669ad90_0;
    %parti/s 1, 0, 2;
    %load/vec4 v000000000669a930_0;
    %parti/s 8, 0, 2;
    %pad/u 10;
    %ix/vec4 3;
    %ix/load 4, 0, 0; Constant delay
    %assign/vec4/a/d v000000000669a9d0, 0, 4;
T_85.3 ;
    %load/vec4 v000000000669be70_0;
    %parti/s 1, 1, 2;
    %nor/r;
    %flag_set/vec4 8;
    %jmp/0xz  T_85.5, 8;
    %load/vec4 v000000000669ad90_0;
    %parti/s 1, 1, 2;
    %load/vec4 v000000000669a930_0;
    %parti/s 8, 0, 2;
    %pad/u 10;
    %ix/vec4 3;
    %ix/load 4, 1, 0; part off
    %ix/load 5, 0, 0; Constant delay
    %assign/vec4/a/d v000000000669a9d0, 4, 5;
T_85.5 ;
    %load/vec4 v000000000669be70_0;
    %parti/s 1, 2, 3;
    %nor/r;
    %flag_set/vec4 8;
    %jmp/0xz  T_85.7, 8;
    %load/vec4 v000000000669ad90_0;
    %parti/s 1, 2, 3;
    %load/vec4 v000000000669a930_0;
    %parti/s 8, 0, 2;
    %pad/u 10;
    %ix/vec4 3;
    %ix/load 4, 2, 0; part off
    %ix/load 5, 0, 0; Constant delay
    %assign/vec4/a/d v000000000669a9d0, 4, 5;
T_85.7 ;
    %load/vec4 v000000000669be70_0;
    %parti/s 1, 3, 3;
    %nor/r;
    %flag_set/vec4 8;
    %jmp/0xz  T_85.9, 8;
    %load/vec4 v000000000669ad90_0;
    %parti/s 1, 3, 3;
    %load/vec4 v000000000669a930_0;
    %parti/s 8, 0, 2;
    %pad/u 10;
    %ix/vec4 3;
    %ix/load 4, 3, 0; part off
    %ix/load 5, 0, 0; Constant delay
    %assign/vec4/a/d v000000000669a9d0, 4, 5;
T_85.9 ;
    %load/vec4 v000000000669be70_0;
    %parti/s 1, 4, 4;
    %nor/r;
    %flag_set/vec4 8;
    %jmp/0xz  T_85.11, 8;
    %load/vec4 v000000000669ad90_0;
    %parti/s 1, 4, 4;
    %load/vec4 v000000000669a930_0;
    %parti/s 8, 0, 2;
    %pad/u 10;
    %ix/vec4 3;
    %ix/load 4, 4, 0; part off
    %ix/load 5, 0, 0; Constant delay
    %assign/vec4/a/d v000000000669a9d0, 4, 5;
T_85.11 ;
    %load/vec4 v000000000669be70_0;
    %parti/s 1, 5, 4;
    %nor/r;
    %flag_set/vec4 8;
    %jmp/0xz  T_85.13, 8;
    %load/vec4 v000000000669ad90_0;
    %parti/s 1, 5, 4;
    %load/vec4 v000000000669a930_0;
    %parti/s 8, 0, 2;
    %pad/u 10;
    %ix/vec4 3;
    %ix/load 4, 5, 0; part off
    %ix/load 5, 0, 0; Constant delay
    %assign/vec4/a/d v000000000669a9d0, 4, 5;
T_85.13 ;
    %load/vec4 v000000000669be70_0;
    %parti/s 1, 6, 4;
    %nor/r;
    %flag_set/vec4 8;
    %jmp/0xz  T_85.15, 8;
    %load/vec4 v000000000669ad90_0;
    %parti/s 1, 6, 4;
    %load/vec4 v000000000669a930_0;
    %parti/s 8, 0, 2;
    %pad/u 10;
    %ix/vec4 3;
    %ix/load 4, 6, 0; part off
    %ix/load 5, 0, 0; Constant delay
    %assign/vec4/a/d v000000000669a9d0, 4, 5;
T_85.15 ;
    %load/vec4 v000000000669be70_0;
    %parti/s 1, 7, 4;
    %nor/r;
    %flag_set/vec4 8;
    %jmp/0xz  T_85.17, 8;
    %load/vec4 v000000000669ad90_0;
    %parti/s 1, 7, 4;
    %load/vec4 v000000000669a930_0;
    %parti/s 8, 0, 2;
    %pad/u 10;
    %ix/vec4 3;
    %ix/load 4, 7, 0; part off
    %ix/load 5, 0, 0; Constant delay
    %assign/vec4/a/d v000000000669a9d0, 4, 5;
T_85.17 ;
    %load/vec4 v000000000669be70_0;
    %parti/s 1, 8, 5;
    %nor/r;
    %flag_set/vec4 8;
    %jmp/0xz  T_85.19, 8;
    %load/vec4 v000000000669ad90_0;
    %parti/s 1, 8, 5;
    %load/vec4 v000000000669a930_0;
    %parti/s 8, 0, 2;
    %pad/u 10;
    %ix/vec4 3;
    %ix/load 4, 8, 0; part off
    %ix/load 5, 0, 0; Constant delay
    %assign/vec4/a/d v000000000669a9d0, 4, 5;
T_85.19 ;
    %load/vec4 v000000000669be70_0;
    %parti/s 1, 9, 5;
    %nor/r;
    %flag_set/vec4 8;
    %jmp/0xz  T_85.21, 8;
    %load/vec4 v000000000669ad90_0;
    %parti/s 1, 9, 5;
    %load/vec4 v000000000669a930_0;
    %parti/s 8, 0, 2;
    %pad/u 10;
    %ix/vec4 3;
    %ix/load 4, 9, 0; part off
    %ix/load 5, 0, 0; Constant delay
    %assign/vec4/a/d v000000000669a9d0, 4, 5;
T_85.21 ;
    %load/vec4 v000000000669be70_0;
    %parti/s 1, 10, 5;
    %nor/r;
    %flag_set/vec4 8;
    %jmp/0xz  T_85.23, 8;
    %load/vec4 v000000000669ad90_0;
    %parti/s 1, 10, 5;
    %load/vec4 v000000000669a930_0;
    %parti/s 8, 0, 2;
    %pad/u 10;
    %ix/vec4 3;
    %ix/load 4, 10, 0; part off
    %ix/load 5, 0, 0; Constant delay
    %assign/vec4/a/d v000000000669a9d0, 4, 5;
T_85.23 ;
    %load/vec4 v000000000669be70_0;
    %parti/s 1, 11, 5;
    %nor/r;
    %flag_set/vec4 8;
    %jmp/0xz  T_85.25, 8;
    %load/vec4 v000000000669ad90_0;
    %parti/s 1, 11, 5;
    %load/vec4 v000000000669a930_0;
    %parti/s 8, 0, 2;
    %pad/u 10;
    %ix/vec4 3;
    %ix/load 4, 11, 0; part off
    %ix/load 5, 0, 0; Constant delay
    %assign/vec4/a/d v000000000669a9d0, 4, 5;
T_85.25 ;
    %load/vec4 v000000000669be70_0;
    %parti/s 1, 12, 5;
    %nor/r;
    %flag_set/vec4 8;
    %jmp/0xz  T_85.27, 8;
    %load/vec4 v000000000669ad90_0;
    %parti/s 1, 12, 5;
    %load/vec4 v000000000669a930_0;
    %parti/s 8, 0, 2;
    %pad/u 10;
    %ix/vec4 3;
    %ix/load 4, 12, 0; part off
    %ix/load 5, 0, 0; Constant delay
    %assign/vec4/a/d v000000000669a9d0, 4, 5;
T_85.27 ;
    %load/vec4 v000000000669be70_0;
    %parti/s 1, 13, 5;
    %nor/r;
    %flag_set/vec4 8;
    %jmp/0xz  T_85.29, 8;
    %load/vec4 v000000000669ad90_0;
    %parti/s 1, 13, 5;
    %load/vec4 v000000000669a930_0;
    %parti/s 8, 0, 2;
    %pad/u 10;
    %ix/vec4 3;
    %ix/load 4, 13, 0; part off
    %ix/load 5, 0, 0; Constant delay
    %assign/vec4/a/d v000000000669a9d0, 4, 5;
T_85.29 ;
    %load/vec4 v000000000669be70_0;
    %parti/s 1, 14, 5;
    %nor/r;
    %flag_set/vec4 8;
    %jmp/0xz  T_85.31, 8;
    %load/vec4 v000000000669ad90_0;
    %parti/s 1, 14, 5;
    %load/vec4 v000000000669a930_0;
    %parti/s 8, 0, 2;
    %pad/u 10;
    %ix/vec4 3;
    %ix/load 4, 14, 0; part off
    %ix/load 5, 0, 0; Constant delay
    %assign/vec4/a/d v000000000669a9d0, 4, 5;
T_85.31 ;
    %load/vec4 v000000000669be70_0;
    %parti/s 1, 15, 5;
    %nor/r;
    %flag_set/vec4 8;
    %jmp/0xz  T_85.33, 8;
    %load/vec4 v000000000669ad90_0;
    %parti/s 1, 15, 5;
    %load/vec4 v000000000669a930_0;
    %parti/s 8, 0, 2;
    %pad/u 10;
    %ix/vec4 3;
    %ix/load 4, 15, 0; part off
    %ix/load 5, 0, 0; Constant delay
    %assign/vec4/a/d v000000000669a9d0, 4, 5;
T_85.33 ;
T_85.0 ;
    %jmp T_85;
    .thread T_85;
    .scope S_0000000006483d70;
T_86 ;
    %wait E_00000000065f0c00;
    %load/vec4 v000000000669acf0_0;
    %flag_set/vec4 9;
    %flag_get/vec4 9;
    %jmp/0 T_86.2, 9;
    %load/vec4 v000000000669bc90_0;
    %and;
T_86.2;
    %flag_set/vec4 8;
    %jmp/0xz  T_86.0, 8;
    %load/vec4 v0000000006699b70_0;
    %parti/s 8, 0, 2;
    %pad/u 10;
    %ix/vec4 4;
    %load/vec4a v000000000669a9d0, 4;
    %load/vec4 v000000000669a6b0_0;
    %inv;
    %and;
    %assign/vec4 v000000000669ac50_0, 0;
T_86.0 ;
    %jmp T_86;
    .thread T_86;
    .scope S_00000000066a3580;
T_87 ;
    %pushi/vec4 0, 0, 32;
    %store/vec4 v000000000669bab0_0, 0, 32;
T_87.0 ; Top of for-loop 
    %load/vec4 v000000000669bab0_0;
    %cmpi/s 16, 0, 32;
    %jmp/0xz T_87.1, 5;
    %pushi/vec4 0, 0, 256;
    %load/vec4 v000000000669bab0_0;
    %muli 16, 0, 32;
    %part/s 16;
    %pushi/vec4 0, 0, 32;
    %load/vec4 v000000000669bab0_0;
    %add;
    %ix/vec4/s 4;
    %store/vec4a v000000000669a250, 4, 0;
    %pushi/vec4 0, 0, 256;
    %load/vec4 v000000000669bab0_0;
    %muli 16, 0, 32;
    %part/s 16;
    %pushi/vec4 16, 0, 32;
    %load/vec4 v000000000669bab0_0;
    %add;
    %ix/vec4/s 4;
    %store/vec4a v000000000669a250, 4, 0;
    %pushi/vec4 0, 0, 256;
    %load/vec4 v000000000669bab0_0;
    %muli 16, 0, 32;
    %part/s 16;
    %pushi/vec4 32, 0, 32;
    %load/vec4 v000000000669bab0_0;
    %add;
    %ix/vec4/s 4;
    %store/vec4a v000000000669a250, 4, 0;
    %pushi/vec4 0, 0, 256;
    %load/vec4 v000000000669bab0_0;
    %muli 16, 0, 32;
    %part/s 16;
    %pushi/vec4 48, 0, 32;
    %load/vec4 v000000000669bab0_0;
    %add;
    %ix/vec4/s 4;
    %store/vec4a v000000000669a250, 4, 0;
    %pushi/vec4 0, 0, 256;
    %load/vec4 v000000000669bab0_0;
    %muli 16, 0, 32;
    %part/s 16;
    %pushi/vec4 64, 0, 32;
    %load/vec4 v000000000669bab0_0;
    %add;
    %ix/vec4/s 4;
    %store/vec4a v000000000669a250, 4, 0;
    %pushi/vec4 0, 0, 256;
    %load/vec4 v000000000669bab0_0;
    %muli 16, 0, 32;
    %part/s 16;
    %pushi/vec4 80, 0, 32;
    %load/vec4 v000000000669bab0_0;
    %add;
    %ix/vec4/s 4;
    %store/vec4a v000000000669a250, 4, 0;
    %pushi/vec4 0, 0, 256;
    %load/vec4 v000000000669bab0_0;
    %muli 16, 0, 32;
    %part/s 16;
    %pushi/vec4 96, 0, 32;
    %load/vec4 v000000000669bab0_0;
    %add;
    %ix/vec4/s 4;
    %store/vec4a v000000000669a250, 4, 0;
    %pushi/vec4 0, 0, 256;
    %load/vec4 v000000000669bab0_0;
    %muli 16, 0, 32;
    %part/s 16;
    %pushi/vec4 112, 0, 32;
    %load/vec4 v000000000669bab0_0;
    %add;
    %ix/vec4/s 4;
    %store/vec4a v000000000669a250, 4, 0;
    %pushi/vec4 0, 0, 256;
    %load/vec4 v000000000669bab0_0;
    %muli 16, 0, 32;
    %part/s 16;
    %pushi/vec4 128, 0, 32;
    %load/vec4 v000000000669bab0_0;
    %add;
    %ix/vec4/s 4;
    %store/vec4a v000000000669a250, 4, 0;
    %pushi/vec4 0, 0, 256;
    %load/vec4 v000000000669bab0_0;
    %muli 16, 0, 32;
    %part/s 16;
    %pushi/vec4 144, 0, 32;
    %load/vec4 v000000000669bab0_0;
    %add;
    %ix/vec4/s 4;
    %store/vec4a v000000000669a250, 4, 0;
    %pushi/vec4 0, 0, 256;
    %load/vec4 v000000000669bab0_0;
    %muli 16, 0, 32;
    %part/s 16;
    %pushi/vec4 160, 0, 32;
    %load/vec4 v000000000669bab0_0;
    %add;
    %ix/vec4/s 4;
    %store/vec4a v000000000669a250, 4, 0;
    %pushi/vec4 0, 0, 256;
    %load/vec4 v000000000669bab0_0;
    %muli 16, 0, 32;
    %part/s 16;
    %pushi/vec4 176, 0, 32;
    %load/vec4 v000000000669bab0_0;
    %add;
    %ix/vec4/s 4;
    %store/vec4a v000000000669a250, 4, 0;
    %pushi/vec4 0, 0, 256;
    %load/vec4 v000000000669bab0_0;
    %muli 16, 0, 32;
    %part/s 16;
    %pushi/vec4 192, 0, 32;
    %load/vec4 v000000000669bab0_0;
    %add;
    %ix/vec4/s 4;
    %store/vec4a v000000000669a250, 4, 0;
    %pushi/vec4 0, 0, 256;
    %load/vec4 v000000000669bab0_0;
    %muli 16, 0, 32;
    %part/s 16;
    %pushi/vec4 208, 0, 32;
    %load/vec4 v000000000669bab0_0;
    %add;
    %ix/vec4/s 4;
    %store/vec4a v000000000669a250, 4, 0;
    %pushi/vec4 0, 0, 256;
    %load/vec4 v000000000669bab0_0;
    %muli 16, 0, 32;
    %part/s 16;
    %pushi/vec4 224, 0, 32;
    %load/vec4 v000000000669bab0_0;
    %add;
    %ix/vec4/s 4;
    %store/vec4a v000000000669a250, 4, 0;
    %pushi/vec4 0, 0, 256;
    %load/vec4 v000000000669bab0_0;
    %muli 16, 0, 32;
    %part/s 16;
    %pushi/vec4 240, 0, 32;
    %load/vec4 v000000000669bab0_0;
    %add;
    %ix/vec4/s 4;
    %store/vec4a v000000000669a250, 4, 0;
T_87.2 ; for-loop step statement
    %load/vec4 v000000000669bab0_0;
    %addi 1, 0, 32;
    %store/vec4 v000000000669bab0_0, 0, 32;
    %jmp T_87.0;
T_87.1 ; for-loop exit label
    %end;
    .thread T_87;
    .scope S_00000000066a3580;
T_88 ;
    %wait E_00000000065f1040;
    %load/vec4 v0000000006699df0_0;
    %flag_set/vec4 9;
    %flag_get/vec4 9;
    %jmp/0 T_88.2, 9;
    %load/vec4 v000000000669ba10_0;
    %and;
T_88.2;
    %flag_set/vec4 8;
    %jmp/0xz  T_88.0, 8;
    %load/vec4 v000000000669a110_0;
    %parti/s 1, 0, 2;
    %nor/r;
    %flag_set/vec4 8;
    %jmp/0xz  T_88.3, 8;
    %load/vec4 v0000000006699f30_0;
    %parti/s 1, 0, 2;
    %load/vec4 v000000000669b0b0_0;
    %parti/s 8, 0, 2;
    %pad/u 10;
    %ix/vec4 3;
    %ix/load 4, 0, 0; Constant delay
    %assign/vec4/a/d v000000000669a250, 0, 4;
T_88.3 ;
    %load/vec4 v000000000669a110_0;
    %parti/s 1, 1, 2;
    %nor/r;
    %flag_set/vec4 8;
    %jmp/0xz  T_88.5, 8;
    %load/vec4 v0000000006699f30_0;
    %parti/s 1, 1, 2;
    %load/vec4 v000000000669b0b0_0;
    %parti/s 8, 0, 2;
    %pad/u 10;
    %ix/vec4 3;
    %ix/load 4, 1, 0; part off
    %ix/load 5, 0, 0; Constant delay
    %assign/vec4/a/d v000000000669a250, 4, 5;
T_88.5 ;
    %load/vec4 v000000000669a110_0;
    %parti/s 1, 2, 3;
    %nor/r;
    %flag_set/vec4 8;
    %jmp/0xz  T_88.7, 8;
    %load/vec4 v0000000006699f30_0;
    %parti/s 1, 2, 3;
    %load/vec4 v000000000669b0b0_0;
    %parti/s 8, 0, 2;
    %pad/u 10;
    %ix/vec4 3;
    %ix/load 4, 2, 0; part off
    %ix/load 5, 0, 0; Constant delay
    %assign/vec4/a/d v000000000669a250, 4, 5;
T_88.7 ;
    %load/vec4 v000000000669a110_0;
    %parti/s 1, 3, 3;
    %nor/r;
    %flag_set/vec4 8;
    %jmp/0xz  T_88.9, 8;
    %load/vec4 v0000000006699f30_0;
    %parti/s 1, 3, 3;
    %load/vec4 v000000000669b0b0_0;
    %parti/s 8, 0, 2;
    %pad/u 10;
    %ix/vec4 3;
    %ix/load 4, 3, 0; part off
    %ix/load 5, 0, 0; Constant delay
    %assign/vec4/a/d v000000000669a250, 4, 5;
T_88.9 ;
    %load/vec4 v000000000669a110_0;
    %parti/s 1, 4, 4;
    %nor/r;
    %flag_set/vec4 8;
    %jmp/0xz  T_88.11, 8;
    %load/vec4 v0000000006699f30_0;
    %parti/s 1, 4, 4;
    %load/vec4 v000000000669b0b0_0;
    %parti/s 8, 0, 2;
    %pad/u 10;
    %ix/vec4 3;
    %ix/load 4, 4, 0; part off
    %ix/load 5, 0, 0; Constant delay
    %assign/vec4/a/d v000000000669a250, 4, 5;
T_88.11 ;
    %load/vec4 v000000000669a110_0;
    %parti/s 1, 5, 4;
    %nor/r;
    %flag_set/vec4 8;
    %jmp/0xz  T_88.13, 8;
    %load/vec4 v0000000006699f30_0;
    %parti/s 1, 5, 4;
    %load/vec4 v000000000669b0b0_0;
    %parti/s 8, 0, 2;
    %pad/u 10;
    %ix/vec4 3;
    %ix/load 4, 5, 0; part off
    %ix/load 5, 0, 0; Constant delay
    %assign/vec4/a/d v000000000669a250, 4, 5;
T_88.13 ;
    %load/vec4 v000000000669a110_0;
    %parti/s 1, 6, 4;
    %nor/r;
    %flag_set/vec4 8;
    %jmp/0xz  T_88.15, 8;
    %load/vec4 v0000000006699f30_0;
    %parti/s 1, 6, 4;
    %load/vec4 v000000000669b0b0_0;
    %parti/s 8, 0, 2;
    %pad/u 10;
    %ix/vec4 3;
    %ix/load 4, 6, 0; part off
    %ix/load 5, 0, 0; Constant delay
    %assign/vec4/a/d v000000000669a250, 4, 5;
T_88.15 ;
    %load/vec4 v000000000669a110_0;
    %parti/s 1, 7, 4;
    %nor/r;
    %flag_set/vec4 8;
    %jmp/0xz  T_88.17, 8;
    %load/vec4 v0000000006699f30_0;
    %parti/s 1, 7, 4;
    %load/vec4 v000000000669b0b0_0;
    %parti/s 8, 0, 2;
    %pad/u 10;
    %ix/vec4 3;
    %ix/load 4, 7, 0; part off
    %ix/load 5, 0, 0; Constant delay
    %assign/vec4/a/d v000000000669a250, 4, 5;
T_88.17 ;
    %load/vec4 v000000000669a110_0;
    %parti/s 1, 8, 5;
    %nor/r;
    %flag_set/vec4 8;
    %jmp/0xz  T_88.19, 8;
    %load/vec4 v0000000006699f30_0;
    %parti/s 1, 8, 5;
    %load/vec4 v000000000669b0b0_0;
    %parti/s 8, 0, 2;
    %pad/u 10;
    %ix/vec4 3;
    %ix/load 4, 8, 0; part off
    %ix/load 5, 0, 0; Constant delay
    %assign/vec4/a/d v000000000669a250, 4, 5;
T_88.19 ;
    %load/vec4 v000000000669a110_0;
    %parti/s 1, 9, 5;
    %nor/r;
    %flag_set/vec4 8;
    %jmp/0xz  T_88.21, 8;
    %load/vec4 v0000000006699f30_0;
    %parti/s 1, 9, 5;
    %load/vec4 v000000000669b0b0_0;
    %parti/s 8, 0, 2;
    %pad/u 10;
    %ix/vec4 3;
    %ix/load 4, 9, 0; part off
    %ix/load 5, 0, 0; Constant delay
    %assign/vec4/a/d v000000000669a250, 4, 5;
T_88.21 ;
    %load/vec4 v000000000669a110_0;
    %parti/s 1, 10, 5;
    %nor/r;
    %flag_set/vec4 8;
    %jmp/0xz  T_88.23, 8;
    %load/vec4 v0000000006699f30_0;
    %parti/s 1, 10, 5;
    %load/vec4 v000000000669b0b0_0;
    %parti/s 8, 0, 2;
    %pad/u 10;
    %ix/vec4 3;
    %ix/load 4, 10, 0; part off
    %ix/load 5, 0, 0; Constant delay
    %assign/vec4/a/d v000000000669a250, 4, 5;
T_88.23 ;
    %load/vec4 v000000000669a110_0;
    %parti/s 1, 11, 5;
    %nor/r;
    %flag_set/vec4 8;
    %jmp/0xz  T_88.25, 8;
    %load/vec4 v0000000006699f30_0;
    %parti/s 1, 11, 5;
    %load/vec4 v000000000669b0b0_0;
    %parti/s 8, 0, 2;
    %pad/u 10;
    %ix/vec4 3;
    %ix/load 4, 11, 0; part off
    %ix/load 5, 0, 0; Constant delay
    %assign/vec4/a/d v000000000669a250, 4, 5;
T_88.25 ;
    %load/vec4 v000000000669a110_0;
    %parti/s 1, 12, 5;
    %nor/r;
    %flag_set/vec4 8;
    %jmp/0xz  T_88.27, 8;
    %load/vec4 v0000000006699f30_0;
    %parti/s 1, 12, 5;
    %load/vec4 v000000000669b0b0_0;
    %parti/s 8, 0, 2;
    %pad/u 10;
    %ix/vec4 3;
    %ix/load 4, 12, 0; part off
    %ix/load 5, 0, 0; Constant delay
    %assign/vec4/a/d v000000000669a250, 4, 5;
T_88.27 ;
    %load/vec4 v000000000669a110_0;
    %parti/s 1, 13, 5;
    %nor/r;
    %flag_set/vec4 8;
    %jmp/0xz  T_88.29, 8;
    %load/vec4 v0000000006699f30_0;
    %parti/s 1, 13, 5;
    %load/vec4 v000000000669b0b0_0;
    %parti/s 8, 0, 2;
    %pad/u 10;
    %ix/vec4 3;
    %ix/load 4, 13, 0; part off
    %ix/load 5, 0, 0; Constant delay
    %assign/vec4/a/d v000000000669a250, 4, 5;
T_88.29 ;
    %load/vec4 v000000000669a110_0;
    %parti/s 1, 14, 5;
    %nor/r;
    %flag_set/vec4 8;
    %jmp/0xz  T_88.31, 8;
    %load/vec4 v0000000006699f30_0;
    %parti/s 1, 14, 5;
    %load/vec4 v000000000669b0b0_0;
    %parti/s 8, 0, 2;
    %pad/u 10;
    %ix/vec4 3;
    %ix/load 4, 14, 0; part off
    %ix/load 5, 0, 0; Constant delay
    %assign/vec4/a/d v000000000669a250, 4, 5;
T_88.31 ;
    %load/vec4 v000000000669a110_0;
    %parti/s 1, 15, 5;
    %nor/r;
    %flag_set/vec4 8;
    %jmp/0xz  T_88.33, 8;
    %load/vec4 v0000000006699f30_0;
    %parti/s 1, 15, 5;
    %load/vec4 v000000000669b0b0_0;
    %parti/s 8, 0, 2;
    %pad/u 10;
    %ix/vec4 3;
    %ix/load 4, 15, 0; part off
    %ix/load 5, 0, 0; Constant delay
    %assign/vec4/a/d v000000000669a250, 4, 5;
T_88.33 ;
T_88.0 ;
    %jmp T_88;
    .thread T_88;
    .scope S_00000000066a3580;
T_89 ;
    %wait E_00000000065f0e40;
    %load/vec4 v000000000669bd30_0;
    %flag_set/vec4 9;
    %flag_get/vec4 9;
    %jmp/0 T_89.2, 9;
    %load/vec4 v000000000669b010_0;
    %and;
T_89.2;
    %flag_set/vec4 8;
    %jmp/0xz  T_89.0, 8;
    %load/vec4 v000000000669b6f0_0;
    %parti/s 8, 0, 2;
    %pad/u 10;
    %ix/vec4 4;
    %load/vec4a v000000000669a250, 4;
    %load/vec4 v000000000669b8d0_0;
    %inv;
    %and;
    %assign/vec4 v000000000669b790_0, 0;
T_89.0 ;
    %jmp T_89;
    .thread T_89;
    .scope S_00000000066a2c20;
T_90 ;
    %pushi/vec4 0, 0, 32;
    %store/vec4 v000000000669cc30_0, 0, 32;
T_90.0 ; Top of for-loop 
    %load/vec4 v000000000669cc30_0;
    %cmpi/s 16, 0, 32;
    %jmp/0xz T_90.1, 5;
    %pushi/vec4 0, 0, 256;
    %load/vec4 v000000000669cc30_0;
    %muli 16, 0, 32;
    %part/s 16;
    %pushi/vec4 0, 0, 32;
    %load/vec4 v000000000669cc30_0;
    %add;
    %ix/vec4/s 4;
    %store/vec4a v000000000669def0, 4, 0;
    %pushi/vec4 0, 0, 256;
    %load/vec4 v000000000669cc30_0;
    %muli 16, 0, 32;
    %part/s 16;
    %pushi/vec4 16, 0, 32;
    %load/vec4 v000000000669cc30_0;
    %add;
    %ix/vec4/s 4;
    %store/vec4a v000000000669def0, 4, 0;
    %pushi/vec4 0, 0, 256;
    %load/vec4 v000000000669cc30_0;
    %muli 16, 0, 32;
    %part/s 16;
    %pushi/vec4 32, 0, 32;
    %load/vec4 v000000000669cc30_0;
    %add;
    %ix/vec4/s 4;
    %store/vec4a v000000000669def0, 4, 0;
    %pushi/vec4 0, 0, 256;
    %load/vec4 v000000000669cc30_0;
    %muli 16, 0, 32;
    %part/s 16;
    %pushi/vec4 48, 0, 32;
    %load/vec4 v000000000669cc30_0;
    %add;
    %ix/vec4/s 4;
    %store/vec4a v000000000669def0, 4, 0;
    %pushi/vec4 0, 0, 256;
    %load/vec4 v000000000669cc30_0;
    %muli 16, 0, 32;
    %part/s 16;
    %pushi/vec4 64, 0, 32;
    %load/vec4 v000000000669cc30_0;
    %add;
    %ix/vec4/s 4;
    %store/vec4a v000000000669def0, 4, 0;
    %pushi/vec4 0, 0, 256;
    %load/vec4 v000000000669cc30_0;
    %muli 16, 0, 32;
    %part/s 16;
    %pushi/vec4 80, 0, 32;
    %load/vec4 v000000000669cc30_0;
    %add;
    %ix/vec4/s 4;
    %store/vec4a v000000000669def0, 4, 0;
    %pushi/vec4 0, 0, 256;
    %load/vec4 v000000000669cc30_0;
    %muli 16, 0, 32;
    %part/s 16;
    %pushi/vec4 96, 0, 32;
    %load/vec4 v000000000669cc30_0;
    %add;
    %ix/vec4/s 4;
    %store/vec4a v000000000669def0, 4, 0;
    %pushi/vec4 0, 0, 256;
    %load/vec4 v000000000669cc30_0;
    %muli 16, 0, 32;
    %part/s 16;
    %pushi/vec4 112, 0, 32;
    %load/vec4 v000000000669cc30_0;
    %add;
    %ix/vec4/s 4;
    %store/vec4a v000000000669def0, 4, 0;
    %pushi/vec4 0, 0, 256;
    %load/vec4 v000000000669cc30_0;
    %muli 16, 0, 32;
    %part/s 16;
    %pushi/vec4 128, 0, 32;
    %load/vec4 v000000000669cc30_0;
    %add;
    %ix/vec4/s 4;
    %store/vec4a v000000000669def0, 4, 0;
    %pushi/vec4 0, 0, 256;
    %load/vec4 v000000000669cc30_0;
    %muli 16, 0, 32;
    %part/s 16;
    %pushi/vec4 144, 0, 32;
    %load/vec4 v000000000669cc30_0;
    %add;
    %ix/vec4/s 4;
    %store/vec4a v000000000669def0, 4, 0;
    %pushi/vec4 0, 0, 256;
    %load/vec4 v000000000669cc30_0;
    %muli 16, 0, 32;
    %part/s 16;
    %pushi/vec4 160, 0, 32;
    %load/vec4 v000000000669cc30_0;
    %add;
    %ix/vec4/s 4;
    %store/vec4a v000000000669def0, 4, 0;
    %pushi/vec4 0, 0, 256;
    %load/vec4 v000000000669cc30_0;
    %muli 16, 0, 32;
    %part/s 16;
    %pushi/vec4 176, 0, 32;
    %load/vec4 v000000000669cc30_0;
    %add;
    %ix/vec4/s 4;
    %store/vec4a v000000000669def0, 4, 0;
    %pushi/vec4 0, 0, 256;
    %load/vec4 v000000000669cc30_0;
    %muli 16, 0, 32;
    %part/s 16;
    %pushi/vec4 192, 0, 32;
    %load/vec4 v000000000669cc30_0;
    %add;
    %ix/vec4/s 4;
    %store/vec4a v000000000669def0, 4, 0;
    %pushi/vec4 0, 0, 256;
    %load/vec4 v000000000669cc30_0;
    %muli 16, 0, 32;
    %part/s 16;
    %pushi/vec4 208, 0, 32;
    %load/vec4 v000000000669cc30_0;
    %add;
    %ix/vec4/s 4;
    %store/vec4a v000000000669def0, 4, 0;
    %pushi/vec4 0, 0, 256;
    %load/vec4 v000000000669cc30_0;
    %muli 16, 0, 32;
    %part/s 16;
    %pushi/vec4 224, 0, 32;
    %load/vec4 v000000000669cc30_0;
    %add;
    %ix/vec4/s 4;
    %store/vec4a v000000000669def0, 4, 0;
    %pushi/vec4 0, 0, 256;
    %load/vec4 v000000000669cc30_0;
    %muli 16, 0, 32;
    %part/s 16;
    %pushi/vec4 240, 0, 32;
    %load/vec4 v000000000669cc30_0;
    %add;
    %ix/vec4/s 4;
    %store/vec4a v000000000669def0, 4, 0;
T_90.2 ; for-loop step statement
    %load/vec4 v000000000669cc30_0;
    %addi 1, 0, 32;
    %store/vec4 v000000000669cc30_0, 0, 32;
    %jmp T_90.0;
T_90.1 ; for-loop exit label
    %end;
    .thread T_90;
    .scope S_00000000066a2c20;
T_91 ;
    %wait E_00000000065f07c0;
    %load/vec4 v000000000669e490_0;
    %flag_set/vec4 9;
    %flag_get/vec4 9;
    %jmp/0 T_91.2, 9;
    %load/vec4 v000000000669d810_0;
    %and;
T_91.2;
    %flag_set/vec4 8;
    %jmp/0xz  T_91.0, 8;
    %load/vec4 v000000000669ceb0_0;
    %parti/s 1, 0, 2;
    %nor/r;
    %flag_set/vec4 8;
    %jmp/0xz  T_91.3, 8;
    %load/vec4 v000000000669c730_0;
    %parti/s 1, 0, 2;
    %load/vec4 v000000000669e850_0;
    %parti/s 8, 0, 2;
    %pad/u 10;
    %ix/vec4 3;
    %ix/load 4, 0, 0; Constant delay
    %assign/vec4/a/d v000000000669def0, 0, 4;
T_91.3 ;
    %load/vec4 v000000000669ceb0_0;
    %parti/s 1, 1, 2;
    %nor/r;
    %flag_set/vec4 8;
    %jmp/0xz  T_91.5, 8;
    %load/vec4 v000000000669c730_0;
    %parti/s 1, 1, 2;
    %load/vec4 v000000000669e850_0;
    %parti/s 8, 0, 2;
    %pad/u 10;
    %ix/vec4 3;
    %ix/load 4, 1, 0; part off
    %ix/load 5, 0, 0; Constant delay
    %assign/vec4/a/d v000000000669def0, 4, 5;
T_91.5 ;
    %load/vec4 v000000000669ceb0_0;
    %parti/s 1, 2, 3;
    %nor/r;
    %flag_set/vec4 8;
    %jmp/0xz  T_91.7, 8;
    %load/vec4 v000000000669c730_0;
    %parti/s 1, 2, 3;
    %load/vec4 v000000000669e850_0;
    %parti/s 8, 0, 2;
    %pad/u 10;
    %ix/vec4 3;
    %ix/load 4, 2, 0; part off
    %ix/load 5, 0, 0; Constant delay
    %assign/vec4/a/d v000000000669def0, 4, 5;
T_91.7 ;
    %load/vec4 v000000000669ceb0_0;
    %parti/s 1, 3, 3;
    %nor/r;
    %flag_set/vec4 8;
    %jmp/0xz  T_91.9, 8;
    %load/vec4 v000000000669c730_0;
    %parti/s 1, 3, 3;
    %load/vec4 v000000000669e850_0;
    %parti/s 8, 0, 2;
    %pad/u 10;
    %ix/vec4 3;
    %ix/load 4, 3, 0; part off
    %ix/load 5, 0, 0; Constant delay
    %assign/vec4/a/d v000000000669def0, 4, 5;
T_91.9 ;
    %load/vec4 v000000000669ceb0_0;
    %parti/s 1, 4, 4;
    %nor/r;
    %flag_set/vec4 8;
    %jmp/0xz  T_91.11, 8;
    %load/vec4 v000000000669c730_0;
    %parti/s 1, 4, 4;
    %load/vec4 v000000000669e850_0;
    %parti/s 8, 0, 2;
    %pad/u 10;
    %ix/vec4 3;
    %ix/load 4, 4, 0; part off
    %ix/load 5, 0, 0; Constant delay
    %assign/vec4/a/d v000000000669def0, 4, 5;
T_91.11 ;
    %load/vec4 v000000000669ceb0_0;
    %parti/s 1, 5, 4;
    %nor/r;
    %flag_set/vec4 8;
    %jmp/0xz  T_91.13, 8;
    %load/vec4 v000000000669c730_0;
    %parti/s 1, 5, 4;
    %load/vec4 v000000000669e850_0;
    %parti/s 8, 0, 2;
    %pad/u 10;
    %ix/vec4 3;
    %ix/load 4, 5, 0; part off
    %ix/load 5, 0, 0; Constant delay
    %assign/vec4/a/d v000000000669def0, 4, 5;
T_91.13 ;
    %load/vec4 v000000000669ceb0_0;
    %parti/s 1, 6, 4;
    %nor/r;
    %flag_set/vec4 8;
    %jmp/0xz  T_91.15, 8;
    %load/vec4 v000000000669c730_0;
    %parti/s 1, 6, 4;
    %load/vec4 v000000000669e850_0;
    %parti/s 8, 0, 2;
    %pad/u 10;
    %ix/vec4 3;
    %ix/load 4, 6, 0; part off
    %ix/load 5, 0, 0; Constant delay
    %assign/vec4/a/d v000000000669def0, 4, 5;
T_91.15 ;
    %load/vec4 v000000000669ceb0_0;
    %parti/s 1, 7, 4;
    %nor/r;
    %flag_set/vec4 8;
    %jmp/0xz  T_91.17, 8;
    %load/vec4 v000000000669c730_0;
    %parti/s 1, 7, 4;
    %load/vec4 v000000000669e850_0;
    %parti/s 8, 0, 2;
    %pad/u 10;
    %ix/vec4 3;
    %ix/load 4, 7, 0; part off
    %ix/load 5, 0, 0; Constant delay
    %assign/vec4/a/d v000000000669def0, 4, 5;
T_91.17 ;
    %load/vec4 v000000000669ceb0_0;
    %parti/s 1, 8, 5;
    %nor/r;
    %flag_set/vec4 8;
    %jmp/0xz  T_91.19, 8;
    %load/vec4 v000000000669c730_0;
    %parti/s 1, 8, 5;
    %load/vec4 v000000000669e850_0;
    %parti/s 8, 0, 2;
    %pad/u 10;
    %ix/vec4 3;
    %ix/load 4, 8, 0; part off
    %ix/load 5, 0, 0; Constant delay
    %assign/vec4/a/d v000000000669def0, 4, 5;
T_91.19 ;
    %load/vec4 v000000000669ceb0_0;
    %parti/s 1, 9, 5;
    %nor/r;
    %flag_set/vec4 8;
    %jmp/0xz  T_91.21, 8;
    %load/vec4 v000000000669c730_0;
    %parti/s 1, 9, 5;
    %load/vec4 v000000000669e850_0;
    %parti/s 8, 0, 2;
    %pad/u 10;
    %ix/vec4 3;
    %ix/load 4, 9, 0; part off
    %ix/load 5, 0, 0; Constant delay
    %assign/vec4/a/d v000000000669def0, 4, 5;
T_91.21 ;
    %load/vec4 v000000000669ceb0_0;
    %parti/s 1, 10, 5;
    %nor/r;
    %flag_set/vec4 8;
    %jmp/0xz  T_91.23, 8;
    %load/vec4 v000000000669c730_0;
    %parti/s 1, 10, 5;
    %load/vec4 v000000000669e850_0;
    %parti/s 8, 0, 2;
    %pad/u 10;
    %ix/vec4 3;
    %ix/load 4, 10, 0; part off
    %ix/load 5, 0, 0; Constant delay
    %assign/vec4/a/d v000000000669def0, 4, 5;
T_91.23 ;
    %load/vec4 v000000000669ceb0_0;
    %parti/s 1, 11, 5;
    %nor/r;
    %flag_set/vec4 8;
    %jmp/0xz  T_91.25, 8;
    %load/vec4 v000000000669c730_0;
    %parti/s 1, 11, 5;
    %load/vec4 v000000000669e850_0;
    %parti/s 8, 0, 2;
    %pad/u 10;
    %ix/vec4 3;
    %ix/load 4, 11, 0; part off
    %ix/load 5, 0, 0; Constant delay
    %assign/vec4/a/d v000000000669def0, 4, 5;
T_91.25 ;
    %load/vec4 v000000000669ceb0_0;
    %parti/s 1, 12, 5;
    %nor/r;
    %flag_set/vec4 8;
    %jmp/0xz  T_91.27, 8;
    %load/vec4 v000000000669c730_0;
    %parti/s 1, 12, 5;
    %load/vec4 v000000000669e850_0;
    %parti/s 8, 0, 2;
    %pad/u 10;
    %ix/vec4 3;
    %ix/load 4, 12, 0; part off
    %ix/load 5, 0, 0; Constant delay
    %assign/vec4/a/d v000000000669def0, 4, 5;
T_91.27 ;
    %load/vec4 v000000000669ceb0_0;
    %parti/s 1, 13, 5;
    %nor/r;
    %flag_set/vec4 8;
    %jmp/0xz  T_91.29, 8;
    %load/vec4 v000000000669c730_0;
    %parti/s 1, 13, 5;
    %load/vec4 v000000000669e850_0;
    %parti/s 8, 0, 2;
    %pad/u 10;
    %ix/vec4 3;
    %ix/load 4, 13, 0; part off
    %ix/load 5, 0, 0; Constant delay
    %assign/vec4/a/d v000000000669def0, 4, 5;
T_91.29 ;
    %load/vec4 v000000000669ceb0_0;
    %parti/s 1, 14, 5;
    %nor/r;
    %flag_set/vec4 8;
    %jmp/0xz  T_91.31, 8;
    %load/vec4 v000000000669c730_0;
    %parti/s 1, 14, 5;
    %load/vec4 v000000000669e850_0;
    %parti/s 8, 0, 2;
    %pad/u 10;
    %ix/vec4 3;
    %ix/load 4, 14, 0; part off
    %ix/load 5, 0, 0; Constant delay
    %assign/vec4/a/d v000000000669def0, 4, 5;
T_91.31 ;
    %load/vec4 v000000000669ceb0_0;
    %parti/s 1, 15, 5;
    %nor/r;
    %flag_set/vec4 8;
    %jmp/0xz  T_91.33, 8;
    %load/vec4 v000000000669c730_0;
    %parti/s 1, 15, 5;
    %load/vec4 v000000000669e850_0;
    %parti/s 8, 0, 2;
    %pad/u 10;
    %ix/vec4 3;
    %ix/load 4, 15, 0; part off
    %ix/load 5, 0, 0; Constant delay
    %assign/vec4/a/d v000000000669def0, 4, 5;
T_91.33 ;
T_91.0 ;
    %jmp T_91;
    .thread T_91;
    .scope S_00000000066a2c20;
T_92 ;
    %wait E_00000000065f0780;
    %load/vec4 v000000000669de50_0;
    %flag_set/vec4 9;
    %flag_get/vec4 9;
    %jmp/0 T_92.2, 9;
    %load/vec4 v000000000669e7b0_0;
    %and;
T_92.2;
    %flag_set/vec4 8;
    %jmp/0xz  T_92.0, 8;
    %load/vec4 v000000000669d270_0;
    %parti/s 8, 0, 2;
    %pad/u 10;
    %ix/vec4 4;
    %load/vec4a v000000000669def0, 4;
    %load/vec4 v000000000669dd10_0;
    %inv;
    %and;
    %assign/vec4 v000000000669ddb0_0, 0;
T_92.0 ;
    %jmp T_92;
    .thread T_92;
    .scope S_0000000006482f60;
T_93 ;
    %wait E_00000000065f08c0;
    %pushi/vec4 0, 0, 32;
    %store/vec4 v00000000066a0150_0, 0, 32;
T_93.0 ; Top of for-loop 
    %load/vec4 v00000000066a0150_0;
    %cmpi/s 16383, 0, 32;
    %flag_or 5, 4;
    %jmp/0xz T_93.1, 5;
    %pushi/vec4 65535, 65535, 16;
    %ix/getv/s 4, v00000000066a0150_0;
    %store/vec4a v00000000066a03d0, 4, 0;
T_93.2 ; for-loop step statement
    %load/vec4 v00000000066a0150_0;
    %addi 1, 0, 32;
    %store/vec4 v00000000066a0150_0, 0, 32;
    %jmp T_93.0;
T_93.1 ; for-loop exit label
    %jmp T_93;
    .thread T_93;
    .scope S_0000000006482f60;
T_94 ;
    %wait E_00000000065f0840;
    %load/vec4 v000000000669ed50_0;
    %flag_set/vec4 8;
    %jmp/0xz  T_94.0, 8;
    %pushi/vec4 0, 0, 16;
    %assign/vec4 v000000000669f890_0, 0;
    %jmp T_94.1;
T_94.0 ;
    %load/vec4 v000000000669ee90_0;
    %flag_set/vec4 8;
    %jmp/0xz  T_94.2, 8;
    %pushi/vec4 65535, 65535, 16;
    %assign/vec4 v000000000669f890_0, 0;
    %jmp T_94.3;
T_94.2 ;
    %load/vec4 v000000000669f430_0;
    %flag_set/vec4 8;
    %jmp/0xz  T_94.4, 8;
    %load/vec4 v000000000669ecb0_0;
    %nor/r;
    %flag_set/vec4 8;
    %jmp/0xz  T_94.6, 8;
    %load/vec4 v000000000669f7f0_0;
    %pad/u 16;
    %ix/vec4 4;
    %load/vec4a v00000000066a03d0, 4;
    %assign/vec4 v000000000669f890_0, 0;
    %jmp T_94.7;
T_94.6 ;
    %load/vec4 v000000000669fe30_0;
    %parti/s 1, 0, 2;
    %flag_set/vec4 8;
    %jmp/0xz  T_94.8, 8;
    %load/vec4 v000000000669f750_0;
    %parti/s 4, 0, 2;
    %load/vec4 v000000000669f7f0_0;
    %pad/u 16;
    %ix/vec4 3;
    %ix/load 4, 0, 0; Constant delay
    %assign/vec4/a/d v00000000066a03d0, 0, 4;
T_94.8 ;
    %load/vec4 v000000000669fe30_0;
    %parti/s 1, 1, 2;
    %flag_set/vec4 8;
    %jmp/0xz  T_94.10, 8;
    %load/vec4 v000000000669f750_0;
    %parti/s 4, 4, 4;
    %load/vec4 v000000000669f7f0_0;
    %pad/u 16;
    %ix/vec4 3;
    %ix/load 4, 4, 0; part off
    %ix/load 5, 0, 0; Constant delay
    %assign/vec4/a/d v00000000066a03d0, 4, 5;
T_94.10 ;
    %load/vec4 v000000000669fe30_0;
    %parti/s 1, 2, 3;
    %flag_set/vec4 8;
    %jmp/0xz  T_94.12, 8;
    %load/vec4 v000000000669f750_0;
    %parti/s 4, 8, 5;
    %load/vec4 v000000000669f7f0_0;
    %pad/u 16;
    %ix/vec4 3;
    %ix/load 4, 8, 0; part off
    %ix/load 5, 0, 0; Constant delay
    %assign/vec4/a/d v00000000066a03d0, 4, 5;
T_94.12 ;
    %load/vec4 v000000000669fe30_0;
    %parti/s 1, 3, 3;
    %flag_set/vec4 8;
    %jmp/0xz  T_94.14, 8;
    %load/vec4 v000000000669f750_0;
    %parti/s 4, 12, 5;
    %load/vec4 v000000000669f7f0_0;
    %pad/u 16;
    %ix/vec4 3;
    %ix/load 4, 12, 0; part off
    %ix/load 5, 0, 0; Constant delay
    %assign/vec4/a/d v00000000066a03d0, 4, 5;
T_94.14 ;
    %pushi/vec4 65535, 65535, 16;
    %assign/vec4 v000000000669f890_0, 0;
T_94.7 ;
T_94.4 ;
T_94.3 ;
T_94.1 ;
    %jmp T_94;
    .thread T_94;
    .scope S_00000000066a3d50;
T_95 ;
    %wait E_00000000065f09c0;
    %load/vec4 v00000000066c15f0_0;
    %flag_set/vec4 8;
    %jmp/0xz  T_95.0, 8;
    %pushi/vec4 0, 0, 32;
    %assign/vec4 v00000000066bfe30_0, 0;
    %pushi/vec4 0, 0, 32;
    %assign/vec4 v00000000066a17d0_0, 0;
    %pushi/vec4 0, 0, 32;
    %assign/vec4 v00000000066a1550_0, 0;
    %pushi/vec4 0, 0, 1;
    %assign/vec4 v00000000066c1690_0, 0;
    %pushi/vec4 0, 0, 1;
    %assign/vec4 v00000000066c1730_0, 0;
    %jmp T_95.1;
T_95.0 ;
    %load/vec4 v00000000066c1230_0;
    %flag_set/vec4 9;
    %flag_get/vec4 9;
    %jmp/0 T_95.4, 9;
    %load/vec4 v00000000066c03d0_0;
    %and;
T_95.4;
    %flag_set/vec4 8;
    %jmp/0xz  T_95.2, 8;
    %load/vec4 v00000000066bfe30_0;
    %parti/s 31, 0, 2;
    %load/vec4 v00000000066bfbb0_0;
    %concat/vec4; draw_concat_vec4
    %assign/vec4 v00000000066bfe30_0, 0;
    %load/vec4 v00000000066c1550_0;
    %assign/vec4 v00000000066c1690_0, 0;
    %load/vec4 v00000000066c1690_0;
    %assign/vec4 v00000000066c1730_0, 0;
    %load/vec4 v00000000066a14b0_0;
    %flag_set/vec4 8;
    %jmp/0xz  T_95.5, 8;
    %load/vec4 v00000000066bfe30_0;
    %assign/vec4 v00000000066a17d0_0, 0;
    %jmp T_95.6;
T_95.5 ;
    %load/vec4 v00000000066a1690_0;
    %flag_set/vec4 8;
    %jmp/0xz  T_95.7, 8;
    %load/vec4 v00000000066bfe30_0;
    %assign/vec4 v00000000066a1550_0, 0;
T_95.7 ;
T_95.6 ;
T_95.2 ;
T_95.1 ;
    %jmp T_95;
    .thread T_95;
    .scope S_00000000066a3d50;
T_96 ;
    %wait E_00000000065f0fc0;
    %load/vec4 v00000000066c1730_0;
    %load/vec4 v00000000066c1690_0;
    %xor;
    %assign/vec4 v00000000066c0d30_0, 0;
    %load/vec4 v00000000066c1690_0;
    %cmpi/e 1, 0, 1;
    %flag_get/vec4 4;
    %jmp/0 T_96.0, 4;
    %load/vec4 v00000000066c0d30_0;
    %pushi/vec4 1, 0, 1;
    %cmp/e;
    %flag_get/vec4 4;
    %and;
T_96.0;
    %assign/vec4 v00000000066a14b0_0, 0;
    %load/vec4 v00000000066c1690_0;
    %cmpi/e 0, 0, 1;
    %flag_get/vec4 4;
    %jmp/0 T_96.1, 4;
    %load/vec4 v00000000066c0d30_0;
    %pushi/vec4 1, 0, 1;
    %cmp/e;
    %flag_get/vec4 4;
    %and;
T_96.1;
    %assign/vec4 v00000000066a1690_0, 0;
    %jmp T_96;
    .thread T_96, $push;
    .scope S_00000000066a2900;
T_97 ;
    %pushi/vec4 0, 0, 4;
    %store/vec4 v00000000066a1870_0, 0, 4;
    %pushi/vec4 0, 0, 4;
    %store/vec4 v00000000066a15f0_0, 0, 4;
    %pushi/vec4 0, 0, 5;
    %store/vec4 v000000000669fcf0_0, 0, 5;
    %end;
    .thread T_97;
    .scope S_00000000066a2900;
T_98 ;
    %wait E_00000000065f0ec0;
    %load/vec4 v00000000066a1730_0;
    %flag_set/vec4 8;
    %jmp/0xz  T_98.0, 8;
    %pushi/vec4 0, 0, 4;
    %assign/vec4 v00000000066a1870_0, 0;
    %pushi/vec4 0, 0, 4;
    %assign/vec4 v00000000066a15f0_0, 0;
    %pushi/vec4 0, 0, 5;
    %assign/vec4 v000000000669fcf0_0, 0;
    %pushi/vec4 0, 0, 32;
    %assign/vec4 v00000000066a0e70_0, 0;
    %pushi/vec4 0, 0, 32;
    %assign/vec4 v00000000066a0f10_0, 0;
    %jmp T_98.1;
T_98.0 ;
    %load/vec4 v00000000066a1a50_0;
    %flag_set/vec4 9;
    %flag_get/vec4 9;
    %jmp/0 T_98.4, 9;
    %load/vec4 v00000000066a0010_0;
    %nor/r;
    %and;
T_98.4;
    %flag_set/vec4 8;
    %jmp/0xz  T_98.2, 8;
    %load/vec4 v000000000669fd90_0;
    %load/vec4 v00000000066a1870_0;
    %pad/u 6;
    %ix/vec4 3;
    %ix/load 4, 0, 0; Constant delay
    %assign/vec4/a/d v00000000066a1910, 0, 4;
    %load/vec4 v000000000669fed0_0;
    %load/vec4 v00000000066a1870_0;
    %pad/u 6;
    %ix/vec4 3;
    %ix/load 4, 0, 0; Constant delay
    %assign/vec4/a/d v00000000066a1410, 0, 4;
    %load/vec4 v00000000066a1870_0;
    %addi 1, 0, 4;
    %assign/vec4 v00000000066a1870_0, 0;
T_98.2 ;
    %load/vec4 v00000000066a19b0_0;
    %flag_set/vec4 9;
    %flag_get/vec4 9;
    %jmp/0 T_98.7, 9;
    %load/vec4 v00000000066a0fb0_0;
    %nor/r;
    %and;
T_98.7;
    %flag_set/vec4 8;
    %jmp/0xz  T_98.5, 8;
    %load/vec4 v00000000066a15f0_0;
    %pad/u 6;
    %ix/vec4 4;
    %load/vec4a v00000000066a1910, 4;
    %assign/vec4 v00000000066a0e70_0, 0;
    %load/vec4 v00000000066a15f0_0;
    %pad/u 6;
    %ix/vec4 4;
    %load/vec4a v00000000066a1410, 4;
    %assign/vec4 v00000000066a0f10_0, 0;
    %load/vec4 v00000000066a15f0_0;
    %addi 1, 0, 4;
    %assign/vec4 v00000000066a15f0_0, 0;
T_98.5 ;
    %load/vec4 v00000000066a1a50_0;
    %flag_set/vec4 8;
    %flag_get/vec4 8;
    %jmp/0 T_98.12, 8;
    %load/vec4 v00000000066a0010_0;
    %nor/r;
    %and;
T_98.12;
    %load/vec4 v00000000066a19b0_0;
    %flag_set/vec4 8;
    %flag_get/vec4 8;
    %jmp/0 T_98.13, 8;
    %load/vec4 v00000000066a0fb0_0;
    %nor/r;
    %and;
T_98.13;
    %concat/vec4; draw_concat_vec4
    %dup/vec4;
    %pushi/vec4 2, 0, 2;
    %cmp/u;
    %jmp/1 T_98.8, 6;
    %dup/vec4;
    %pushi/vec4 1, 0, 2;
    %cmp/u;
    %jmp/1 T_98.9, 6;
    %load/vec4 v000000000669fcf0_0;
    %assign/vec4 v000000000669fcf0_0, 0;
    %jmp T_98.11;
T_98.8 ;
    %load/vec4 v000000000669fcf0_0;
    %addi 1, 0, 5;
    %assign/vec4 v000000000669fcf0_0, 0;
    %jmp T_98.11;
T_98.9 ;
    %load/vec4 v000000000669fcf0_0;
    %subi 1, 0, 5;
    %assign/vec4 v000000000669fcf0_0, 0;
    %jmp T_98.11;
T_98.11 ;
    %pop/vec4 1;
T_98.1 ;
    %jmp T_98;
    .thread T_98;
    .scope S_00000000066a2f40;
T_99 ;
    %pushi/vec4 2097216, 0, 24;
    %store/vec4 v00000000066c1370_0, 0, 24;
    %pushi/vec4 2097216, 0, 24;
    %store/vec4 v00000000066bf610_0, 0, 24;
    %pushi/vec4 0, 0, 24;
    %store/vec4 v00000000066c10f0_0, 0, 24;
    %pushi/vec4 0, 0, 6;
    %store/vec4 v00000000066c12d0_0, 0, 6;
    %pushi/vec4 0, 0, 9;
    %store/vec4 v00000000066c06f0_0, 0, 9;
    %pushi/vec4 0, 0, 1;
    %store/vec4 v00000000066c0790_0, 0, 1;
    %pushi/vec4 0, 0, 8;
    %store/vec4 v00000000066c0bf0_0, 0, 8;
    %pushi/vec4 0, 0, 1;
    %store/vec4 v00000000066c17d0_0, 0, 1;
    %end;
    .thread T_99;
    .scope S_00000000066a2f40;
T_100 ;
    %wait E_00000000065f0a00;
    %load/vec4 v00000000066bfa70_0;
    %ix/load 4, 20, 0;
    %flag_set/imm 4, 0;
    %store/vec4 v00000000066c1370_0, 4, 4;
    %jmp T_100;
    .thread T_100, $push;
    .scope S_00000000066a2f40;
T_101 ;
    %wait E_00000000065f09c0;
    %load/vec4 v00000000066c0ab0_0;
    %flag_set/vec4 8;
    %jmp/0xz  T_101.0, 8;
    %pushi/vec4 0, 0, 6;
    %assign/vec4 v00000000066c12d0_0, 0;
    %jmp T_101.1;
T_101.0 ;
    %load/vec4 v00000000066c12d0_0;
    %addi 1, 0, 6;
    %assign/vec4 v00000000066c12d0_0, 0;
T_101.1 ;
    %jmp T_101;
    .thread T_101;
    .scope S_00000000066a2f40;
T_102 ;
    %wait E_00000000065f09c0;
    %load/vec4 v00000000066c0ab0_0;
    %flag_set/vec4 8;
    %jmp/0xz  T_102.0, 8;
    %pushi/vec4 0, 0, 24;
    %assign/vec4 v00000000066c10f0_0, 0;
    %pushi/vec4 0, 0, 9;
    %assign/vec4 v00000000066c06f0_0, 0;
    %pushi/vec4 0, 0, 1;
    %assign/vec4 v00000000066c0790_0, 0;
    %jmp T_102.1;
T_102.0 ;
    %load/vec4 v00000000066c12d0_0;
    %cmpi/e 3, 0, 6;
    %jmp/0xz  T_102.2, 4;
    %load/vec4 v00000000066c0650_0;
    %parti/s 24, 8, 5;
    %assign/vec4 v00000000066c10f0_0, 0;
T_102.2 ;
    %load/vec4 v00000000066c10f0_0;
    %xor/r;
    %load/vec4 v00000000066bf610_0;
    %parti/s 1, 23, 6;
    %xor;
    %assign/vec4 v00000000066c0790_0, 0;
    %load/vec4 v00000000066c12d0_0;
    %cmpi/e 63, 0, 6;
    %jmp/0xz  T_102.4, 4;
    %load/vec4 v00000000066c06f0_0;
    %cmpi/e 383, 0, 9;
    %jmp/0xz  T_102.6, 4;
    %pushi/vec4 0, 0, 9;
    %assign/vec4 v00000000066c06f0_0, 0;
    %jmp T_102.7;
T_102.6 ;
    %load/vec4 v00000000066c06f0_0;
    %addi 1, 0, 9;
    %assign/vec4 v00000000066c06f0_0, 0;
T_102.7 ;
T_102.4 ;
T_102.1 ;
    %jmp T_102;
    .thread T_102;
    .scope S_00000000066a2f40;
T_103 ;
    %wait E_00000000065f09c0;
    %load/vec4 v00000000066c0ab0_0;
    %flag_set/vec4 8;
    %jmp/0xz  T_103.0, 8;
    %pushi/vec4 0, 0, 8;
    %assign/vec4 v00000000066c0bf0_0, 0;
    %load/vec4 v00000000066c1370_0;
    %assign/vec4 v00000000066bf610_0, 0;
    %jmp T_103.1;
T_103.0 ;
    %load/vec4 v00000000066c12d0_0;
    %cmpi/e 63, 0, 6;
    %jmp/0xz  T_103.2, 4;
    %load/vec4 v00000000066c06f0_0;
    %cmpi/e 383, 0, 9;
    %jmp/0xz  T_103.4, 4;
    %pushi/vec4 156, 0, 8;
    %assign/vec4 v00000000066c0bf0_0, 0;
    %load/vec4 v00000000066c1370_0;
    %assign/vec4 v00000000066bf610_0, 0;
    %jmp T_103.5;
T_103.4 ;
    %load/vec4 v00000000066c06f0_0;
    %parti/s 1, 0, 2;
    %cmpi/e 1, 0, 1;
    %jmp/0xz  T_103.6, 4;
    %pushi/vec4 147, 0, 8;
    %assign/vec4 v00000000066c0bf0_0, 0;
    %load/vec4 v00000000066bf610_0;
    %parti/s 23, 0, 2;
    %concati/vec4 0, 0, 1;
    %assign/vec4 v00000000066bf610_0, 0;
    %jmp T_103.7;
T_103.6 ;
    %pushi/vec4 150, 0, 8;
    %assign/vec4 v00000000066c0bf0_0, 0;
T_103.7 ;
T_103.5 ;
    %jmp T_103.3;
T_103.2 ;
    %load/vec4 v00000000066c12d0_0;
    %parti/s 3, 0, 2;
    %cmpi/e 7, 0, 3;
    %jmp/0xz  T_103.8, 4;
    %load/vec4 v00000000066c12d0_0;
    %parti/s 3, 3, 3;
    %dup/vec4;
    %pushi/vec4 0, 0, 3;
    %cmp/u;
    %jmp/1 T_103.10, 6;
    %dup/vec4;
    %pushi/vec4 1, 0, 3;
    %cmp/u;
    %jmp/1 T_103.11, 6;
    %dup/vec4;
    %pushi/vec4 2, 0, 3;
    %cmp/u;
    %jmp/1 T_103.12, 6;
    %dup/vec4;
    %pushi/vec4 3, 0, 3;
    %cmp/u;
    %jmp/1 T_103.13, 6;
    %dup/vec4;
    %pushi/vec4 4, 0, 3;
    %cmp/u;
    %jmp/1 T_103.14, 6;
    %dup/vec4;
    %pushi/vec4 5, 0, 3;
    %cmp/u;
    %jmp/1 T_103.15, 6;
    %dup/vec4;
    %pushi/vec4 6, 0, 3;
    %cmp/u;
    %jmp/1 T_103.16, 6;
    %pushi/vec4 0, 0, 8;
    %assign/vec4 v00000000066c0bf0_0, 0;
    %jmp T_103.18;
T_103.10 ;
    %pushi/vec4 1, 0, 1;
    %load/vec4 v00000000066c10f0_0;
    %parti/s 1, 0, 2;
    %concat/vec4; draw_concat_vec4
    %concati/vec4 1, 0, 1;
    %load/vec4 v00000000066c10f0_0;
    %parti/s 1, 1, 2;
    %concat/vec4; draw_concat_vec4
    %concati/vec4 1, 0, 1;
    %load/vec4 v00000000066c10f0_0;
    %parti/s 1, 2, 3;
    %concat/vec4; draw_concat_vec4
    %concati/vec4 1, 0, 1;
    %load/vec4 v00000000066c10f0_0;
    %parti/s 1, 3, 3;
    %concat/vec4; draw_concat_vec4
    %assign/vec4 v00000000066c0bf0_0, 0;
    %jmp T_103.18;
T_103.11 ;
    %pushi/vec4 1, 0, 1;
    %load/vec4 v00000000066c10f0_0;
    %parti/s 1, 4, 4;
    %concat/vec4; draw_concat_vec4
    %concati/vec4 1, 0, 1;
    %load/vec4 v00000000066c10f0_0;
    %parti/s 1, 5, 4;
    %concat/vec4; draw_concat_vec4
    %concati/vec4 1, 0, 1;
    %load/vec4 v00000000066c10f0_0;
    %parti/s 1, 6, 4;
    %concat/vec4; draw_concat_vec4
    %concati/vec4 1, 0, 1;
    %load/vec4 v00000000066c10f0_0;
    %parti/s 1, 7, 4;
    %concat/vec4; draw_concat_vec4
    %assign/vec4 v00000000066c0bf0_0, 0;
    %jmp T_103.18;
T_103.12 ;
    %pushi/vec4 1, 0, 1;
    %load/vec4 v00000000066c10f0_0;
    %parti/s 1, 8, 5;
    %concat/vec4; draw_concat_vec4
    %concati/vec4 1, 0, 1;
    %load/vec4 v00000000066c10f0_0;
    %parti/s 1, 9, 5;
    %concat/vec4; draw_concat_vec4
    %concati/vec4 1, 0, 1;
    %load/vec4 v00000000066c10f0_0;
    %parti/s 1, 10, 5;
    %concat/vec4; draw_concat_vec4
    %concati/vec4 1, 0, 1;
    %load/vec4 v00000000066c10f0_0;
    %parti/s 1, 11, 5;
    %concat/vec4; draw_concat_vec4
    %assign/vec4 v00000000066c0bf0_0, 0;
    %jmp T_103.18;
T_103.13 ;
    %pushi/vec4 1, 0, 1;
    %load/vec4 v00000000066c10f0_0;
    %parti/s 1, 12, 5;
    %concat/vec4; draw_concat_vec4
    %concati/vec4 1, 0, 1;
    %load/vec4 v00000000066c10f0_0;
    %parti/s 1, 13, 5;
    %concat/vec4; draw_concat_vec4
    %concati/vec4 1, 0, 1;
    %load/vec4 v00000000066c10f0_0;
    %parti/s 1, 14, 5;
    %concat/vec4; draw_concat_vec4
    %concati/vec4 1, 0, 1;
    %load/vec4 v00000000066c10f0_0;
    %parti/s 1, 15, 5;
    %concat/vec4; draw_concat_vec4
    %assign/vec4 v00000000066c0bf0_0, 0;
    %jmp T_103.18;
T_103.14 ;
    %pushi/vec4 1, 0, 1;
    %load/vec4 v00000000066c10f0_0;
    %parti/s 1, 16, 6;
    %concat/vec4; draw_concat_vec4
    %concati/vec4 1, 0, 1;
    %load/vec4 v00000000066c10f0_0;
    %parti/s 1, 17, 6;
    %concat/vec4; draw_concat_vec4
    %concati/vec4 1, 0, 1;
    %load/vec4 v00000000066c10f0_0;
    %parti/s 1, 18, 6;
    %concat/vec4; draw_concat_vec4
    %concati/vec4 1, 0, 1;
    %load/vec4 v00000000066c10f0_0;
    %parti/s 1, 19, 6;
    %concat/vec4; draw_concat_vec4
    %assign/vec4 v00000000066c0bf0_0, 0;
    %jmp T_103.18;
T_103.15 ;
    %pushi/vec4 1, 0, 1;
    %load/vec4 v00000000066c10f0_0;
    %parti/s 1, 20, 6;
    %concat/vec4; draw_concat_vec4
    %concati/vec4 1, 0, 1;
    %load/vec4 v00000000066c10f0_0;
    %parti/s 1, 21, 6;
    %concat/vec4; draw_concat_vec4
    %concati/vec4 1, 0, 1;
    %load/vec4 v00000000066c10f0_0;
    %parti/s 1, 22, 6;
    %concat/vec4; draw_concat_vec4
    %concati/vec4 1, 0, 1;
    %load/vec4 v00000000066c10f0_0;
    %parti/s 1, 23, 6;
    %concat/vec4; draw_concat_vec4
    %assign/vec4 v00000000066c0bf0_0, 0;
    %jmp T_103.18;
T_103.16 ;
    %pushi/vec4 21, 0, 5;
    %load/vec4 v00000000066bf610_0;
    %parti/s 1, 23, 6;
    %concat/vec4; draw_concat_vec4
    %concati/vec4 1, 0, 1;
    %load/vec4 v00000000066c0790_0;
    %concat/vec4; draw_concat_vec4
    %assign/vec4 v00000000066c0bf0_0, 0;
    %jmp T_103.18;
T_103.18 ;
    %pop/vec4 1;
    %jmp T_103.9;
T_103.8 ;
    %load/vec4 v00000000066c0bf0_0;
    %parti/s 7, 0, 2;
    %concati/vec4 0, 0, 1;
    %assign/vec4 v00000000066c0bf0_0, 0;
T_103.9 ;
T_103.3 ;
T_103.1 ;
    %jmp T_103;
    .thread T_103;
    .scope S_00000000066a2f40;
T_104 ;
    %wait E_00000000065f09c0;
    %load/vec4 v00000000066c0ab0_0;
    %flag_set/vec4 8;
    %jmp/0xz  T_104.0, 8;
    %pushi/vec4 0, 0, 1;
    %assign/vec4 v00000000066c17d0_0, 0;
    %jmp T_104.1;
T_104.0 ;
    %load/vec4 v00000000066c0bf0_0;
    %parti/s 1, 7, 4;
    %flag_set/vec4 8;
    %jmp/0xz  T_104.2, 8;
    %load/vec4 v00000000066c17d0_0;
    %inv;
    %assign/vec4 v00000000066c17d0_0, 0;
T_104.2 ;
T_104.1 ;
    %jmp T_104;
    .thread T_104;
    .scope S_00000000066a2f40;
T_105 ;
    %wait E_00000000065f09c0;
    %load/vec4 v00000000066c17d0_0;
    %assign/vec4 v00000000066c1410_0, 0;
    %jmp T_105;
    .thread T_105;
    .scope S_00000000066d1770;
T_106 ;
    %pushi/vec4 0, 0, 1;
    %store/vec4 v00000000066bbdd0_0, 0, 1;
    %pushi/vec4 0, 0, 2;
    %store/vec4 v00000000066bbb50_0, 0, 2;
    %pushi/vec4 0, 0, 2;
    %store/vec4 v00000000066bbe70_0, 0, 2;
    %pushi/vec4 0, 0, 1;
    %store/vec4 v00000000066bc7d0_0, 0, 1;
    %end;
    .thread T_106;
    .scope S_00000000066d1770;
T_107 ;
    %wait E_00000000065f09c0;
    %load/vec4 v00000000066bc730_0;
    %flag_set/vec4 8;
    %jmp/0xz  T_107.0, 8;
    %pushi/vec4 0, 0, 1;
    %assign/vec4 v00000000066bbdd0_0, 0;
    %pushi/vec4 0, 0, 1;
    %assign/vec4 v00000000066bb330_0, 0;
    %pushi/vec4 0, 0, 2;
    %assign/vec4 v00000000066bbb50_0, 0;
    %jmp T_107.1;
T_107.0 ;
    %load/vec4 v00000000066bb510_0;
    %assign/vec4 v00000000066bb330_0, 0;
    %load/vec4 v00000000066bb330_0;
    %assign/vec4 v00000000066bc690_0, 0;
    %load/vec4 v00000000066ba110_0;
    %flag_set/vec4 8;
    %jmp/0xz  T_107.2, 8;
    %load/vec4 v00000000066bbb50_0;
    %cmpi/u 2, 0, 2;
    %jmp/0xz  T_107.4, 5;
    %load/vec4 v00000000066bbb50_0;
    %addi 1, 0, 2;
    %assign/vec4 v00000000066bbb50_0, 0;
T_107.4 ;
    %load/vec4 v00000000066bbb50_0;
    %cmpi/e 1, 0, 2;
    %jmp/0xz  T_107.6, 4;
    %pushi/vec4 1, 0, 1;
    %assign/vec4 v00000000066bbdd0_0, 0;
T_107.6 ;
T_107.2 ;
T_107.1 ;
    %jmp T_107;
    .thread T_107;
    .scope S_00000000066d1770;
T_108 ;
    %wait E_00000000065f09c0;
    %load/vec4 v00000000066bbe70_0;
    %parti/s 1, 0, 2;
    %load/vec4 v00000000066ba750_0;
    %concat/vec4; draw_concat_vec4
    %assign/vec4 v00000000066bbe70_0, 0;
    %jmp T_108;
    .thread T_108;
    .scope S_00000000066d1770;
T_109 ;
    %wait E_00000000065f09c0;
    %load/vec4 v00000000066bbe70_0;
    %parti/s 1, 1, 2;
    %cmpi/e 0, 0, 1;
    %flag_get/vec4 4;
    %jmp/0 T_109.2, 4;
    %load/vec4 v00000000066bbe70_0;
    %parti/s 1, 0, 2;
    %pushi/vec4 1, 0, 1;
    %cmp/e;
    %flag_get/vec4 4;
    %and;
T_109.2;
    %flag_set/vec4 8;
    %jmp/0xz  T_109.0, 8;
    %pushi/vec4 0, 0, 1;
    %assign/vec4 v00000000066bc7d0_0, 0;
    %jmp T_109.1;
T_109.0 ;
    %load/vec4 v00000000066bc7d0_0;
    %pad/u 32;
    %cmpi/e 0, 0, 32;
    %flag_get/vec4 4;
    %jmp/0 T_109.5, 4;
    %load/vec4 v00000000066bbe70_0;
    %parti/s 1, 1, 2;
    %pad/u 32;
    %pushi/vec4 1, 0, 32;
    %cmp/e;
    %flag_get/vec4 4;
    %and;
T_109.5;
    %flag_set/vec4 8;
    %jmp/0xz  T_109.3, 8;
    %pushi/vec4 1, 0, 1;
    %assign/vec4 v00000000066bc7d0_0, 0;
T_109.3 ;
T_109.1 ;
    %jmp T_109;
    .thread T_109;
    .scope S_0000000006483410;
T_110 ;
    %pushi/vec4 1, 0, 1;
    %store/vec4 v00000000066befd0_0, 0, 1;
    %end;
    .thread T_110;
    .scope S_0000000006483410;
T_111 ;
    %delay 20000, 0;
    %load/vec4 v00000000066bee90_0;
    %pushi/vec4 0, 0, 1;
    %cmp/e;
    %flag_get/vec4 6;
    %store/vec4 v00000000066bee90_0, 0, 1;
    %jmp T_111;
    .thread T_111;
    .scope S_0000000006483410;
T_112 ;
    %delay 40000, 0;
    %load/vec4 v00000000066bd590_0;
    %pushi/vec4 0, 0, 1;
    %cmp/e;
    %flag_get/vec4 6;
    %store/vec4 v00000000066bd590_0, 0, 1;
    %jmp T_112;
    .thread T_112;
    .scope S_0000000006483410;
T_113 ;
    %delay 2560000, 0;
    %load/vec4 v00000000066bd770_0;
    %pushi/vec4 0, 0, 1;
    %cmp/e;
    %flag_get/vec4 6;
    %store/vec4 v00000000066bd770_0, 0, 1;
    %jmp T_113;
    .thread T_113;
    .scope S_0000000006483410;
T_114 ;
    %vpi_call 3 36 "$dumpfile", "splitstreamer2_tb.vcd" {0 0 0};
    %vpi_call 3 37 "$dumpvars", 32'sb00000000000000000000000000000000, S_0000000006483410 {0 0 0};
    %pushi/vec4 0, 0, 1;
    %store/vec4 v00000000066befd0_0, 0, 1;
    %delay 100000, 0;
    %pushi/vec4 1, 0, 1;
    %store/vec4 v00000000066befd0_0, 0, 1;
    %pushi/vec4 0, 0, 1;
    %assign/vec4 v00000000066bcff0_0, 0;
    %wait E_00000000065f0940;
    %wait E_00000000065f0900;
    %pushi/vec4 0, 0, 64;
    %store/vec4 v00000000066bde50_0, 0, 64;
    %load/vec4 v00000000066bde50_0;
    %parti/s 32, 32, 7;
    %store/vec4 v00000000066bddb0_0, 0, 32;
    %load/vec4 v00000000066bde50_0;
    %parti/s 32, 0, 2;
    %store/vec4 v00000000066be670_0, 0, 32;
    %pushi/vec4 31, 0, 32;
T_114.0 %dup/vec4;
    %pushi/vec4 0, 0, 32;
    %cmp/s;
    %jmp/1xz T_114.1, 5;
    %jmp/1 T_114.1, 4;
    %pushi/vec4 1, 0, 32;
    %sub;
    %load/vec4 v00000000066bde50_0;
    %parti/s 1, 63, 7;
    %assign/vec4 v00000000066bcff0_0, 0;
    %load/vec4 v00000000066bde50_0;
    %ix/load 4, 1, 0;
    %flag_set/imm 4, 0;
    %shiftl 4;
    %assign/vec4 v00000000066bde50_0, 0;
    %wait E_00000000065f0900;
    %jmp T_114.0;
T_114.1 ;
    %pop/vec4 1;
    %pushi/vec4 32, 0, 32;
T_114.2 %dup/vec4;
    %pushi/vec4 0, 0, 32;
    %cmp/s;
    %jmp/1xz T_114.3, 5;
    %jmp/1 T_114.3, 4;
    %pushi/vec4 1, 0, 32;
    %sub;
    %load/vec4 v00000000066bde50_0;
    %parti/s 1, 63, 7;
    %assign/vec4 v00000000066bcff0_0, 0;
    %load/vec4 v00000000066bde50_0;
    %ix/load 4, 1, 0;
    %flag_set/imm 4, 0;
    %shiftl 4;
    %assign/vec4 v00000000066bde50_0, 0;
    %wait E_00000000065f0900;
    %jmp T_114.2;
T_114.3 ;
    %pop/vec4 1;
    %load/vec4 v00000000066bde50_0;
    %parti/s 1, 63, 7;
    %assign/vec4 v00000000066bcff0_0, 0;
    %pushi/vec4 10, 0, 32;
T_114.4 %dup/vec4;
    %pushi/vec4 0, 0, 32;
    %cmp/s;
    %jmp/1xz T_114.5, 5;
    %jmp/1 T_114.5, 4;
    %pushi/vec4 1, 0, 32;
    %sub;
    %wait E_00000000065f0900;
    %vpi_func 3 73 "$random" 32 {0 0 0};
    %vpi_func 3 73 "$random" 32 {0 0 0};
    %concat/vec4; draw_concat_vec4
    %store/vec4 v00000000066bde50_0, 0, 64;
    %load/vec4 v00000000066bde50_0;
    %parti/s 32, 32, 7;
    %store/vec4 v00000000066bddb0_0, 0, 32;
    %load/vec4 v00000000066bde50_0;
    %parti/s 32, 0, 2;
    %store/vec4 v00000000066be670_0, 0, 32;
    %pushi/vec4 31, 0, 32;
T_114.6 %dup/vec4;
    %pushi/vec4 0, 0, 32;
    %cmp/s;
    %jmp/1xz T_114.7, 5;
    %jmp/1 T_114.7, 4;
    %pushi/vec4 1, 0, 32;
    %sub;
    %load/vec4 v00000000066bde50_0;
    %parti/s 1, 63, 7;
    %assign/vec4 v00000000066bcff0_0, 0;
    %load/vec4 v00000000066bde50_0;
    %ix/load 4, 1, 0;
    %flag_set/imm 4, 0;
    %shiftl 4;
    %assign/vec4 v00000000066bde50_0, 0;
    %wait E_00000000065f0900;
    %jmp T_114.6;
T_114.7 ;
    %pop/vec4 1;
    %pushi/vec4 32, 0, 32;
T_114.8 %dup/vec4;
    %pushi/vec4 0, 0, 32;
    %cmp/s;
    %jmp/1xz T_114.9, 5;
    %jmp/1 T_114.9, 4;
    %pushi/vec4 1, 0, 32;
    %sub;
    %load/vec4 v00000000066bde50_0;
    %parti/s 1, 63, 7;
    %assign/vec4 v00000000066bcff0_0, 0;
    %load/vec4 v00000000066bde50_0;
    %ix/load 4, 1, 0;
    %flag_set/imm 4, 0;
    %shiftl 4;
    %assign/vec4 v00000000066bde50_0, 0;
    %wait E_00000000065f0900;
    %jmp T_114.8;
T_114.9 ;
    %pop/vec4 1;
    %load/vec4 v00000000066bde50_0;
    %parti/s 1, 63, 7;
    %assign/vec4 v00000000066bcff0_0, 0;
    %jmp T_114.4;
T_114.5 ;
    %pop/vec4 1;
    %delay 1000000, 0;
    %vpi_call 3 94 "$finish" {0 0 0};
    %end;
    .thread T_114;
# The file index is used to find the file name in the following table.
:file_names 8;
    "N/A";
    "<interactive>";
    "C:\Users\niekt\.apio\packages\tools-oss-cad-suite\share\yosys/ice40/cells_sim.v";
    "splitstreamer2_tb.v";
    "splitstreamer2.v";
    "fifo.v";
    "i2s_receive1.v";
    "spdif_transmit2.v";
