#! 
:ivl_version "13.0 (devel)" "(s20221226-321-gd22bb3d25)";
:ivl_delay_selection "TYPICAL";
:vpi_time_precision - 12;
:vpi_module "C:\Users\niekt\APIO~1\packages\TOOLS-~3\lib\ivl\system.vpi";
:vpi_module "C:\Users\niekt\APIO~1\packages\TOOLS-~3\lib\ivl\vhdl_sys.vpi";
:vpi_module "C:\Users\niekt\APIO~1\packages\TOOLS-~3\lib\ivl\vhdl_textio.vpi";
:vpi_module "C:\Users\niekt\APIO~1\packages\TOOLS-~3\lib\ivl\v2005_math.vpi";
:vpi_module "C:\Users\niekt\APIO~1\packages\TOOLS-~3\lib\ivl\va_math.vpi";
S_00000000063aba40 .scope module, "ICESTORM_LC" "ICESTORM_LC" 2 2136;
 .timescale -12 -12;
    .port_info 0 /INPUT 1 "I0";
    .port_info 1 /INPUT 1 "I1";
    .port_info 2 /INPUT 1 "I2";
    .port_info 3 /INPUT 1 "I3";
    .port_info 4 /INPUT 1 "CIN";
    .port_info 5 /INPUT 1 "CLK";
    .port_info 6 /INPUT 1 "CEN";
    .port_info 7 /INPUT 1 "SR";
    .port_info 8 /OUTPUT 1 "LO";
    .port_info 9 /OUTPUT 1 "O";
    .port_info 10 /OUTPUT 1 "COUT";
P_000000000638ec10 .param/l "ASYNC_SR" 0 2 2148, C4<0>;
P_000000000638ec48 .param/l "CARRY_ENABLE" 0 2 2145, C4<0>;
P_000000000638ec80 .param/l "CIN_CONST" 0 2 2150, C4<0>;
P_000000000638ecb8 .param/l "CIN_SET" 0 2 2151, C4<0>;
P_000000000638ecf0 .param/l "DFF_ENABLE" 0 2 2146, C4<0>;
P_000000000638ed28 .param/l "LUT_INIT" 0 2 2142, C4<0000000000000000>;
P_000000000638ed60 .param/l "NEG_CLK" 0 2 2144, C4<0>;
P_000000000638ed98 .param/l "SET_NORESET" 0 2 2147, C4<0>;
o00000000065e9ec8 .functor BUFZ 1, C4<z>; HiZ drive
L_0000000006553dc0 .functor BUFZ 1, o00000000065e9ec8, C4<0>, C4<0>, C4<0>;
L_0000000006553d50 .functor BUFZ 1, L_0000000006680a50, C4<0>, C4<0>, C4<0>;
o00000000065e9ef8 .functor BUFZ 1, C4<z>; HiZ drive
L_00000000066862b0 .functor BUFT 1, C4<0>, C4<0>, C4<0>, C4<0>;
L_0000000006553ea0 .functor XOR 1, o00000000065e9ef8, L_00000000066862b0, C4<0>, C4<0>;
L_0000000006553f80 .functor BUFZ 1, L_0000000006680a50, C4<0>, C4<0>, C4<0>;
o00000000065e9e68 .functor BUFZ 1, C4<z>; HiZ drive
v00000000065e4230_0 .net "CEN", 0 0, o00000000065e9e68;  0 drivers
v00000000065e58b0_0 .net "CEN_pu", 0 0, L_0000000006681630;  1 drivers
v00000000065e5270_0 .net "CIN", 0 0, o00000000065e9ec8;  0 drivers
v00000000065e4870_0 .net "CLK", 0 0, o00000000065e9ef8;  0 drivers
L_00000000066861d8 .functor BUFT 1, C4<x>, C4<0>, C4<0>, C4<0>;
v00000000065e5130_0 .net "COUT", 0 0, L_00000000066861d8;  1 drivers
o00000000065e9f58 .functor BUFZ 1, C4<z>; HiZ drive
v00000000065e4550_0 .net "I0", 0 0, o00000000065e9f58;  0 drivers
v00000000065e4af0_0 .net "I0_pd", 0 0, L_0000000006681310;  1 drivers
o00000000065e9fb8 .functor BUFZ 1, C4<z>; HiZ drive
v00000000065e4ff0_0 .net "I1", 0 0, o00000000065e9fb8;  0 drivers
v00000000065e4cd0_0 .net "I1_pd", 0 0, L_0000000006681130;  1 drivers
o00000000065ea018 .functor BUFZ 1, C4<z>; HiZ drive
v00000000065e5e50_0 .net "I2", 0 0, o00000000065ea018;  0 drivers
v00000000065e4730_0 .net "I2_pd", 0 0, L_00000000066811d0;  1 drivers
o00000000065ea078 .functor BUFZ 1, C4<z>; HiZ drive
v00000000065e4d70_0 .net "I3", 0 0, o00000000065ea078;  0 drivers
v00000000065e51d0_0 .net "I3_pd", 0 0, L_0000000006682030;  1 drivers
v00000000065e5bd0_0 .net "LO", 0 0, L_0000000006553d50;  1 drivers
v00000000065e42d0_0 .net "O", 0 0, L_0000000006553f80;  1 drivers
o00000000065ea138 .functor BUFZ 1, C4<z>; HiZ drive
v00000000065e6030_0 .net "SR", 0 0, o00000000065ea138;  0 drivers
v00000000065e53b0_0 .net "SR_pd", 0 0, L_00000000066820d0;  1 drivers
o00000000065ea198 .functor BUFZ 1, C4<z>; HiZ drive
; Elide local net with no drivers, v00000000065e4eb0_0 name=_ivl_0
v00000000065e4a50_0 .net *"_ivl_10", 0 0, L_0000000006682c10;  1 drivers
L_0000000006686070 .functor BUFT 1, C4<0>, C4<0>, C4<0>, C4<0>;
v00000000065e4190_0 .net/2u *"_ivl_12", 0 0, L_0000000006686070;  1 drivers
o00000000065ea228 .functor BUFZ 1, C4<z>; HiZ drive
; Elide local net with no drivers, v00000000065e5770_0 name=_ivl_16
v00000000065e5950_0 .net *"_ivl_18", 0 0, L_0000000006682a30;  1 drivers
v00000000065e44b0_0 .net *"_ivl_2", 0 0, L_00000000066822b0;  1 drivers
L_00000000066860b8 .functor BUFT 1, C4<0>, C4<0>, C4<0>, C4<0>;
v00000000065e47d0_0 .net/2u *"_ivl_20", 0 0, L_00000000066860b8;  1 drivers
o00000000065ea2e8 .functor BUFZ 1, C4<z>; HiZ drive
; Elide local net with no drivers, v00000000065e5810_0 name=_ivl_24
v00000000065e5c70_0 .net *"_ivl_26", 0 0, L_0000000006681590;  1 drivers
L_0000000006686100 .functor BUFT 1, C4<0>, C4<0>, C4<0>, C4<0>;
v00000000065e5310_0 .net/2u *"_ivl_28", 0 0, L_0000000006686100;  1 drivers
o00000000065ea378 .functor BUFZ 1, C4<z>; HiZ drive
; Elide local net with no drivers, v00000000065e5590_0 name=_ivl_32
v00000000065e5630_0 .net *"_ivl_34", 0 0, L_0000000006681ef0;  1 drivers
L_0000000006686148 .functor BUFT 1, C4<0>, C4<0>, C4<0>, C4<0>;
v00000000065e4690_0 .net/2u *"_ivl_36", 0 0, L_0000000006686148;  1 drivers
L_0000000006686028 .functor BUFT 1, C4<0>, C4<0>, C4<0>, C4<0>;
v00000000065e4910_0 .net/2u *"_ivl_4", 0 0, L_0000000006686028;  1 drivers
o00000000065ea438 .functor BUFZ 1, C4<z>; HiZ drive
; Elide local net with no drivers, v00000000065e5090_0 name=_ivl_40
v00000000065e59f0_0 .net *"_ivl_42", 0 0, L_0000000006682210;  1 drivers
L_0000000006686190 .functor BUFT 1, C4<1>, C4<0>, C4<0>, C4<0>;
v00000000065e45f0_0 .net/2u *"_ivl_44", 0 0, L_0000000006686190;  1 drivers
L_0000000006686220 .functor BUFT 1, C4<00000000>, C4<0>, C4<0>, C4<0>;
v00000000065e5a90_0 .net/2u *"_ivl_52", 7 0, L_0000000006686220;  1 drivers
L_0000000006686268 .functor BUFT 1, C4<00000000>, C4<0>, C4<0>, C4<0>;
v00000000065e5db0_0 .net/2u *"_ivl_54", 7 0, L_0000000006686268;  1 drivers
v00000000065e5d10_0 .net *"_ivl_59", 3 0, L_0000000006682710;  1 drivers
v00000000065e4410_0 .net *"_ivl_61", 3 0, L_00000000066828f0;  1 drivers
v00000000065e5ef0_0 .net *"_ivl_65", 1 0, L_0000000006682df0;  1 drivers
v00000000065e4370_0 .net *"_ivl_67", 1 0, L_0000000006682e90;  1 drivers
v00000000065e5b30_0 .net *"_ivl_71", 0 0, L_0000000006682f30;  1 drivers
v00000000065e49b0_0 .net *"_ivl_73", 0 0, L_0000000006680910;  1 drivers
v00000000065e4b90_0 .net/2u *"_ivl_78", 0 0, L_00000000066862b0;  1 drivers
o00000000065ea678 .functor BUFZ 1, C4<z>; HiZ drive
; Elide local net with no drivers, v00000000065e5450_0 name=_ivl_8
v00000000065e4e10_0 .net "lut_o", 0 0, L_0000000006680a50;  1 drivers
v00000000065e4f50_0 .net "lut_s1", 1 0, L_0000000006680870;  1 drivers
v00000000065e54f0_0 .net "lut_s2", 3 0, L_0000000006682b70;  1 drivers
v0000000006564fc0_0 .net "lut_s3", 7 0, L_0000000006682350;  1 drivers
v0000000006565100_0 .net "mux_cin", 0 0, L_0000000006553dc0;  1 drivers
v0000000006566320_0 .var "o_reg", 0 0;
v0000000006565f60_0 .var "o_reg_async", 0 0;
v0000000006565380_0 .net "polarized_clk", 0 0, L_0000000006553ea0;  1 drivers
E_00000000065b13c0 .event posedge, v00000000065e53b0_0, v0000000006565380_0;
E_00000000065b1b00 .event posedge, v0000000006565380_0;
L_00000000066822b0 .cmp/eeq 1, o00000000065e9f58, o00000000065ea198;
L_0000000006681310 .functor MUXZ 1, o00000000065e9f58, L_0000000006686028, L_00000000066822b0, C4<>;
L_0000000006682c10 .cmp/eeq 1, o00000000065e9fb8, o00000000065ea678;
L_0000000006681130 .functor MUXZ 1, o00000000065e9fb8, L_0000000006686070, L_0000000006682c10, C4<>;
L_0000000006682a30 .cmp/eeq 1, o00000000065ea018, o00000000065ea228;
L_00000000066811d0 .functor MUXZ 1, o00000000065ea018, L_00000000066860b8, L_0000000006682a30, C4<>;
L_0000000006681590 .cmp/eeq 1, o00000000065ea078, o00000000065ea2e8;
L_0000000006682030 .functor MUXZ 1, o00000000065ea078, L_0000000006686100, L_0000000006681590, C4<>;
L_0000000006681ef0 .cmp/eeq 1, o00000000065ea138, o00000000065ea378;
L_00000000066820d0 .functor MUXZ 1, o00000000065ea138, L_0000000006686148, L_0000000006681ef0, C4<>;
L_0000000006682210 .cmp/eeq 1, o00000000065e9e68, o00000000065ea438;
L_0000000006681630 .functor MUXZ 1, o00000000065e9e68, L_0000000006686190, L_0000000006682210, C4<>;
L_0000000006682350 .functor MUXZ 8, L_0000000006686268, L_0000000006686220, L_0000000006682030, C4<>;
L_0000000006682710 .part L_0000000006682350, 4, 4;
L_00000000066828f0 .part L_0000000006682350, 0, 4;
L_0000000006682b70 .functor MUXZ 4, L_00000000066828f0, L_0000000006682710, L_00000000066811d0, C4<>;
L_0000000006682df0 .part L_0000000006682b70, 2, 2;
L_0000000006682e90 .part L_0000000006682b70, 0, 2;
L_0000000006680870 .functor MUXZ 2, L_0000000006682e90, L_0000000006682df0, L_0000000006681130, C4<>;
L_0000000006682f30 .part L_0000000006680870, 1, 1;
L_0000000006680910 .part L_0000000006680870, 0, 1;
L_0000000006680a50 .functor MUXZ 1, L_0000000006680910, L_0000000006682f30, L_0000000006681310, C4<>;
S_000000000658d8c0 .scope module, "ICESTORM_RAM" "ICESTORM_RAM" 2 3167;
 .timescale -12 -12;
    .port_info 0 /OUTPUT 1 "RDATA_15";
    .port_info 1 /OUTPUT 1 "RDATA_14";
    .port_info 2 /OUTPUT 1 "RDATA_13";
    .port_info 3 /OUTPUT 1 "RDATA_12";
    .port_info 4 /OUTPUT 1 "RDATA_11";
    .port_info 5 /OUTPUT 1 "RDATA_10";
    .port_info 6 /OUTPUT 1 "RDATA_9";
    .port_info 7 /OUTPUT 1 "RDATA_8";
    .port_info 8 /OUTPUT 1 "RDATA_7";
    .port_info 9 /OUTPUT 1 "RDATA_6";
    .port_info 10 /OUTPUT 1 "RDATA_5";
    .port_info 11 /OUTPUT 1 "RDATA_4";
    .port_info 12 /OUTPUT 1 "RDATA_3";
    .port_info 13 /OUTPUT 1 "RDATA_2";
    .port_info 14 /OUTPUT 1 "RDATA_1";
    .port_info 15 /OUTPUT 1 "RDATA_0";
    .port_info 16 /INPUT 1 "RCLK";
    .port_info 17 /INPUT 1 "RCLKE";
    .port_info 18 /INPUT 1 "RE";
    .port_info 19 /INPUT 1 "RADDR_10";
    .port_info 20 /INPUT 1 "RADDR_9";
    .port_info 21 /INPUT 1 "RADDR_8";
    .port_info 22 /INPUT 1 "RADDR_7";
    .port_info 23 /INPUT 1 "RADDR_6";
    .port_info 24 /INPUT 1 "RADDR_5";
    .port_info 25 /INPUT 1 "RADDR_4";
    .port_info 26 /INPUT 1 "RADDR_3";
    .port_info 27 /INPUT 1 "RADDR_2";
    .port_info 28 /INPUT 1 "RADDR_1";
    .port_info 29 /INPUT 1 "RADDR_0";
    .port_info 30 /INPUT 1 "WCLK";
    .port_info 31 /INPUT 1 "WCLKE";
    .port_info 32 /INPUT 1 "WE";
    .port_info 33 /INPUT 1 "WADDR_10";
    .port_info 34 /INPUT 1 "WADDR_9";
    .port_info 35 /INPUT 1 "WADDR_8";
    .port_info 36 /INPUT 1 "WADDR_7";
    .port_info 37 /INPUT 1 "WADDR_6";
    .port_info 38 /INPUT 1 "WADDR_5";
    .port_info 39 /INPUT 1 "WADDR_4";
    .port_info 40 /INPUT 1 "WADDR_3";
    .port_info 41 /INPUT 1 "WADDR_2";
    .port_info 42 /INPUT 1 "WADDR_1";
    .port_info 43 /INPUT 1 "WADDR_0";
    .port_info 44 /INPUT 1 "MASK_15";
    .port_info 45 /INPUT 1 "MASK_14";
    .port_info 46 /INPUT 1 "MASK_13";
    .port_info 47 /INPUT 1 "MASK_12";
    .port_info 48 /INPUT 1 "MASK_11";
    .port_info 49 /INPUT 1 "MASK_10";
    .port_info 50 /INPUT 1 "MASK_9";
    .port_info 51 /INPUT 1 "MASK_8";
    .port_info 52 /INPUT 1 "MASK_7";
    .port_info 53 /INPUT 1 "MASK_6";
    .port_info 54 /INPUT 1 "MASK_5";
    .port_info 55 /INPUT 1 "MASK_4";
    .port_info 56 /INPUT 1 "MASK_3";
    .port_info 57 /INPUT 1 "MASK_2";
    .port_info 58 /INPUT 1 "MASK_1";
    .port_info 59 /INPUT 1 "MASK_0";
    .port_info 60 /INPUT 1 "WDATA_15";
    .port_info 61 /INPUT 1 "WDATA_14";
    .port_info 62 /INPUT 1 "WDATA_13";
    .port_info 63 /INPUT 1 "WDATA_12";
    .port_info 64 /INPUT 1 "WDATA_11";
    .port_info 65 /INPUT 1 "WDATA_10";
    .port_info 66 /INPUT 1 "WDATA_9";
    .port_info 67 /INPUT 1 "WDATA_8";
    .port_info 68 /INPUT 1 "WDATA_7";
    .port_info 69 /INPUT 1 "WDATA_6";
    .port_info 70 /INPUT 1 "WDATA_5";
    .port_info 71 /INPUT 1 "WDATA_4";
    .port_info 72 /INPUT 1 "WDATA_3";
    .port_info 73 /INPUT 1 "WDATA_2";
    .port_info 74 /INPUT 1 "WDATA_1";
    .port_info 75 /INPUT 1 "WDATA_0";
P_00000000062e7e80 .param/l "INIT_0" 0 2 3182, C4<0000000000000000000000000000000000000000000000000000000000000000000000000000000000000000000000000000000000000000000000000000000000000000000000000000000000000000000000000000000000000000000000000000000000000000000000000000000000000000000000000000000000000000>;
P_00000000062e7eb8 .param/l "INIT_1" 0 2 3183, C4<0000000000000000000000000000000000000000000000000000000000000000000000000000000000000000000000000000000000000000000000000000000000000000000000000000000000000000000000000000000000000000000000000000000000000000000000000000000000000000000000000000000000000000>;
P_00000000062e7ef0 .param/l "INIT_2" 0 2 3184, C4<0000000000000000000000000000000000000000000000000000000000000000000000000000000000000000000000000000000000000000000000000000000000000000000000000000000000000000000000000000000000000000000000000000000000000000000000000000000000000000000000000000000000000000>;
P_00000000062e7f28 .param/l "INIT_3" 0 2 3185, C4<0000000000000000000000000000000000000000000000000000000000000000000000000000000000000000000000000000000000000000000000000000000000000000000000000000000000000000000000000000000000000000000000000000000000000000000000000000000000000000000000000000000000000000>;
P_00000000062e7f60 .param/l "INIT_4" 0 2 3186, C4<0000000000000000000000000000000000000000000000000000000000000000000000000000000000000000000000000000000000000000000000000000000000000000000000000000000000000000000000000000000000000000000000000000000000000000000000000000000000000000000000000000000000000000>;
P_00000000062e7f98 .param/l "INIT_5" 0 2 3187, C4<0000000000000000000000000000000000000000000000000000000000000000000000000000000000000000000000000000000000000000000000000000000000000000000000000000000000000000000000000000000000000000000000000000000000000000000000000000000000000000000000000000000000000000>;
P_00000000062e7fd0 .param/l "INIT_6" 0 2 3188, C4<0000000000000000000000000000000000000000000000000000000000000000000000000000000000000000000000000000000000000000000000000000000000000000000000000000000000000000000000000000000000000000000000000000000000000000000000000000000000000000000000000000000000000000>;
P_00000000062e8008 .param/l "INIT_7" 0 2 3189, C4<0000000000000000000000000000000000000000000000000000000000000000000000000000000000000000000000000000000000000000000000000000000000000000000000000000000000000000000000000000000000000000000000000000000000000000000000000000000000000000000000000000000000000000>;
P_00000000062e8040 .param/l "INIT_8" 0 2 3190, C4<0000000000000000000000000000000000000000000000000000000000000000000000000000000000000000000000000000000000000000000000000000000000000000000000000000000000000000000000000000000000000000000000000000000000000000000000000000000000000000000000000000000000000000>;
P_00000000062e8078 .param/l "INIT_9" 0 2 3191, C4<0000000000000000000000000000000000000000000000000000000000000000000000000000000000000000000000000000000000000000000000000000000000000000000000000000000000000000000000000000000000000000000000000000000000000000000000000000000000000000000000000000000000000000>;
P_00000000062e80b0 .param/l "INIT_A" 0 2 3192, C4<0000000000000000000000000000000000000000000000000000000000000000000000000000000000000000000000000000000000000000000000000000000000000000000000000000000000000000000000000000000000000000000000000000000000000000000000000000000000000000000000000000000000000000>;
P_00000000062e80e8 .param/l "INIT_B" 0 2 3193, C4<0000000000000000000000000000000000000000000000000000000000000000000000000000000000000000000000000000000000000000000000000000000000000000000000000000000000000000000000000000000000000000000000000000000000000000000000000000000000000000000000000000000000000000>;
P_00000000062e8120 .param/l "INIT_C" 0 2 3194, C4<0000000000000000000000000000000000000000000000000000000000000000000000000000000000000000000000000000000000000000000000000000000000000000000000000000000000000000000000000000000000000000000000000000000000000000000000000000000000000000000000000000000000000000>;
P_00000000062e8158 .param/l "INIT_D" 0 2 3195, C4<0000000000000000000000000000000000000000000000000000000000000000000000000000000000000000000000000000000000000000000000000000000000000000000000000000000000000000000000000000000000000000000000000000000000000000000000000000000000000000000000000000000000000000>;
P_00000000062e8190 .param/l "INIT_E" 0 2 3196, C4<0000000000000000000000000000000000000000000000000000000000000000000000000000000000000000000000000000000000000000000000000000000000000000000000000000000000000000000000000000000000000000000000000000000000000000000000000000000000000000000000000000000000000000>;
P_00000000062e81c8 .param/l "INIT_F" 0 2 3197, C4<0000000000000000000000000000000000000000000000000000000000000000000000000000000000000000000000000000000000000000000000000000000000000000000000000000000000000000000000000000000000000000000000000000000000000000000000000000000000000000000000000000000000000000>;
P_00000000062e8200 .param/l "NEG_CLK_R" 0 2 3179, C4<0>;
P_00000000062e8238 .param/l "NEG_CLK_W" 0 2 3180, C4<0>;
P_00000000062e8270 .param/l "READ_MODE" 0 2 3177, +C4<00000000000000000000000000000000>;
P_00000000062e82a8 .param/l "WRITE_MODE" 0 2 3176, +C4<00000000000000000000000000000000>;
L_0000000006686340 .functor BUFT 1, C4<0>, C4<0>, C4<0>, C4<0>;
L_0000000006550c50 .functor XOR 1, L_0000000006684650, L_0000000006686340, C4<0>, C4<0>;
L_0000000006686388 .functor BUFT 1, C4<0>, C4<0>, C4<0>, C4<0>;
L_0000000006551580 .functor XOR 1, L_0000000006684bf0, L_0000000006686388, C4<0>, C4<0>;
o00000000065eb008 .functor BUFZ 1, C4<z>; HiZ drive
v000000000650d260_0 .net "MASK_0", 0 0, o00000000065eb008;  0 drivers
o00000000065eb038 .functor BUFZ 1, C4<z>; HiZ drive
v0000000006633800_0 .net "MASK_1", 0 0, o00000000065eb038;  0 drivers
o00000000065eb068 .functor BUFZ 1, C4<z>; HiZ drive
v0000000006633a80_0 .net "MASK_10", 0 0, o00000000065eb068;  0 drivers
o00000000065eb098 .functor BUFZ 1, C4<z>; HiZ drive
v0000000006634520_0 .net "MASK_11", 0 0, o00000000065eb098;  0 drivers
o00000000065eb0c8 .functor BUFZ 1, C4<z>; HiZ drive
v0000000006632180_0 .net "MASK_12", 0 0, o00000000065eb0c8;  0 drivers
o00000000065eb0f8 .functor BUFZ 1, C4<z>; HiZ drive
v0000000006632400_0 .net "MASK_13", 0 0, o00000000065eb0f8;  0 drivers
o00000000065eb128 .functor BUFZ 1, C4<z>; HiZ drive
v00000000066324a0_0 .net "MASK_14", 0 0, o00000000065eb128;  0 drivers
o00000000065eb158 .functor BUFZ 1, C4<z>; HiZ drive
v0000000006632c20_0 .net "MASK_15", 0 0, o00000000065eb158;  0 drivers
o00000000065eb188 .functor BUFZ 1, C4<z>; HiZ drive
v00000000066338a0_0 .net "MASK_2", 0 0, o00000000065eb188;  0 drivers
o00000000065eb1b8 .functor BUFZ 1, C4<z>; HiZ drive
v0000000006633620_0 .net "MASK_3", 0 0, o00000000065eb1b8;  0 drivers
o00000000065eb1e8 .functor BUFZ 1, C4<z>; HiZ drive
v0000000006633c60_0 .net "MASK_4", 0 0, o00000000065eb1e8;  0 drivers
o00000000065eb218 .functor BUFZ 1, C4<z>; HiZ drive
v0000000006632f40_0 .net "MASK_5", 0 0, o00000000065eb218;  0 drivers
o00000000065eb248 .functor BUFZ 1, C4<z>; HiZ drive
v0000000006633b20_0 .net "MASK_6", 0 0, o00000000065eb248;  0 drivers
o00000000065eb278 .functor BUFZ 1, C4<z>; HiZ drive
v0000000006632540_0 .net "MASK_7", 0 0, o00000000065eb278;  0 drivers
o00000000065eb2a8 .functor BUFZ 1, C4<z>; HiZ drive
v00000000066325e0_0 .net "MASK_8", 0 0, o00000000065eb2a8;  0 drivers
o00000000065eb2d8 .functor BUFZ 1, C4<z>; HiZ drive
v0000000006633580_0 .net "MASK_9", 0 0, o00000000065eb2d8;  0 drivers
o00000000065eb308 .functor BUFZ 1, C4<z>; HiZ drive
v0000000006633080_0 .net "RADDR_0", 0 0, o00000000065eb308;  0 drivers
o00000000065eb338 .functor BUFZ 1, C4<z>; HiZ drive
v0000000006632220_0 .net "RADDR_1", 0 0, o00000000065eb338;  0 drivers
o00000000065eb368 .functor BUFZ 1, C4<z>; HiZ drive
v0000000006632040_0 .net "RADDR_10", 0 0, o00000000065eb368;  0 drivers
o00000000065eb398 .functor BUFZ 1, C4<z>; HiZ drive
v0000000006632fe0_0 .net "RADDR_2", 0 0, o00000000065eb398;  0 drivers
o00000000065eb3c8 .functor BUFZ 1, C4<z>; HiZ drive
v0000000006633f80_0 .net "RADDR_3", 0 0, o00000000065eb3c8;  0 drivers
o00000000065eb3f8 .functor BUFZ 1, C4<z>; HiZ drive
v0000000006632e00_0 .net "RADDR_4", 0 0, o00000000065eb3f8;  0 drivers
o00000000065eb428 .functor BUFZ 1, C4<z>; HiZ drive
v0000000006633940_0 .net "RADDR_5", 0 0, o00000000065eb428;  0 drivers
o00000000065eb458 .functor BUFZ 1, C4<z>; HiZ drive
v0000000006634480_0 .net "RADDR_6", 0 0, o00000000065eb458;  0 drivers
o00000000065eb488 .functor BUFZ 1, C4<z>; HiZ drive
v0000000006632680_0 .net "RADDR_7", 0 0, o00000000065eb488;  0 drivers
o00000000065eb4b8 .functor BUFZ 1, C4<z>; HiZ drive
v0000000006633d00_0 .net "RADDR_8", 0 0, o00000000065eb4b8;  0 drivers
o00000000065eb4e8 .functor BUFZ 1, C4<z>; HiZ drive
v0000000006633da0_0 .net "RADDR_9", 0 0, o00000000065eb4e8;  0 drivers
o00000000065eb518 .functor BUFZ 1, C4<z>; HiZ drive
v0000000006633260_0 .net "RCLK", 0 0, o00000000065eb518;  0 drivers
o00000000065eb548 .functor BUFZ 1, C4<z>; HiZ drive
v0000000006634020_0 .net "RCLKE", 0 0, o00000000065eb548;  0 drivers
v0000000006633e40_0 .net "RDATA_0", 0 0, L_0000000006684b50;  1 drivers
v0000000006633120_0 .net "RDATA_1", 0 0, L_0000000006684e70;  1 drivers
v00000000066336c0_0 .net "RDATA_10", 0 0, L_0000000006684dd0;  1 drivers
v00000000066345c0_0 .net "RDATA_11", 0 0, L_00000000066852d0;  1 drivers
v0000000006632900_0 .net "RDATA_12", 0 0, L_0000000006680f50;  1 drivers
v0000000006633bc0_0 .net "RDATA_13", 0 0, L_0000000006680e10;  1 drivers
v0000000006632cc0_0 .net "RDATA_14", 0 0, L_0000000006680d70;  1 drivers
v0000000006634660_0 .net "RDATA_15", 0 0, L_0000000006680c30;  1 drivers
v0000000006632720_0 .net "RDATA_2", 0 0, L_00000000066848d0;  1 drivers
v0000000006632d60_0 .net "RDATA_3", 0 0, L_00000000066836b0;  1 drivers
v00000000066333a0_0 .net "RDATA_4", 0 0, L_00000000066840b0;  1 drivers
v0000000006634160_0 .net "RDATA_5", 0 0, L_0000000006685230;  1 drivers
v00000000066320e0_0 .net "RDATA_6", 0 0, L_0000000006683110;  1 drivers
v0000000006631f00_0 .net "RDATA_7", 0 0, L_00000000066857d0;  1 drivers
v0000000006633760_0 .net "RDATA_8", 0 0, L_0000000006684fb0;  1 drivers
v0000000006632ea0_0 .net "RDATA_9", 0 0, L_00000000066846f0;  1 drivers
o00000000065eb878 .functor BUFZ 1, C4<z>; HiZ drive
v00000000066331c0_0 .net "RE", 0 0, o00000000065eb878;  0 drivers
o00000000065eb8a8 .functor BUFZ 1, C4<z>; HiZ drive
v0000000006632a40_0 .net "WADDR_0", 0 0, o00000000065eb8a8;  0 drivers
o00000000065eb8d8 .functor BUFZ 1, C4<z>; HiZ drive
v0000000006631fa0_0 .net "WADDR_1", 0 0, o00000000065eb8d8;  0 drivers
o00000000065eb908 .functor BUFZ 1, C4<z>; HiZ drive
v00000000066339e0_0 .net "WADDR_10", 0 0, o00000000065eb908;  0 drivers
o00000000065eb938 .functor BUFZ 1, C4<z>; HiZ drive
v00000000066340c0_0 .net "WADDR_2", 0 0, o00000000065eb938;  0 drivers
o00000000065eb968 .functor BUFZ 1, C4<z>; HiZ drive
v0000000006633ee0_0 .net "WADDR_3", 0 0, o00000000065eb968;  0 drivers
o00000000065eb998 .functor BUFZ 1, C4<z>; HiZ drive
v00000000066322c0_0 .net "WADDR_4", 0 0, o00000000065eb998;  0 drivers
o00000000065eb9c8 .functor BUFZ 1, C4<z>; HiZ drive
v0000000006634340_0 .net "WADDR_5", 0 0, o00000000065eb9c8;  0 drivers
o00000000065eb9f8 .functor BUFZ 1, C4<z>; HiZ drive
v0000000006634200_0 .net "WADDR_6", 0 0, o00000000065eb9f8;  0 drivers
o00000000065eba28 .functor BUFZ 1, C4<z>; HiZ drive
v00000000066343e0_0 .net "WADDR_7", 0 0, o00000000065eba28;  0 drivers
o00000000065eba58 .functor BUFZ 1, C4<z>; HiZ drive
v00000000066342a0_0 .net "WADDR_8", 0 0, o00000000065eba58;  0 drivers
o00000000065eba88 .functor BUFZ 1, C4<z>; HiZ drive
v00000000066327c0_0 .net "WADDR_9", 0 0, o00000000065eba88;  0 drivers
o00000000065ebab8 .functor BUFZ 1, C4<z>; HiZ drive
v0000000006633300_0 .net "WCLK", 0 0, o00000000065ebab8;  0 drivers
o00000000065ebae8 .functor BUFZ 1, C4<z>; HiZ drive
v0000000006632360_0 .net "WCLKE", 0 0, o00000000065ebae8;  0 drivers
o00000000065ebb18 .functor BUFZ 1, C4<z>; HiZ drive
v0000000006632860_0 .net "WDATA_0", 0 0, o00000000065ebb18;  0 drivers
o00000000065ebb48 .functor BUFZ 1, C4<z>; HiZ drive
v00000000066329a0_0 .net "WDATA_1", 0 0, o00000000065ebb48;  0 drivers
o00000000065ebb78 .functor BUFZ 1, C4<z>; HiZ drive
v0000000006633440_0 .net "WDATA_10", 0 0, o00000000065ebb78;  0 drivers
o00000000065ebba8 .functor BUFZ 1, C4<z>; HiZ drive
v0000000006632ae0_0 .net "WDATA_11", 0 0, o00000000065ebba8;  0 drivers
o00000000065ebbd8 .functor BUFZ 1, C4<z>; HiZ drive
v00000000066334e0_0 .net "WDATA_12", 0 0, o00000000065ebbd8;  0 drivers
o00000000065ebc08 .functor BUFZ 1, C4<z>; HiZ drive
v0000000006632b80_0 .net "WDATA_13", 0 0, o00000000065ebc08;  0 drivers
o00000000065ebc38 .functor BUFZ 1, C4<z>; HiZ drive
v0000000006634840_0 .net "WDATA_14", 0 0, o00000000065ebc38;  0 drivers
o00000000065ebc68 .functor BUFZ 1, C4<z>; HiZ drive
v0000000006635100_0 .net "WDATA_15", 0 0, o00000000065ebc68;  0 drivers
o00000000065ebc98 .functor BUFZ 1, C4<z>; HiZ drive
v00000000066356a0_0 .net "WDATA_2", 0 0, o00000000065ebc98;  0 drivers
o00000000065ebcc8 .functor BUFZ 1, C4<z>; HiZ drive
v0000000006635600_0 .net "WDATA_3", 0 0, o00000000065ebcc8;  0 drivers
o00000000065ebcf8 .functor BUFZ 1, C4<z>; HiZ drive
v0000000006635560_0 .net "WDATA_4", 0 0, o00000000065ebcf8;  0 drivers
o00000000065ebd28 .functor BUFZ 1, C4<z>; HiZ drive
v0000000006634f20_0 .net "WDATA_5", 0 0, o00000000065ebd28;  0 drivers
o00000000065ebd58 .functor BUFZ 1, C4<z>; HiZ drive
v0000000006635d80_0 .net "WDATA_6", 0 0, o00000000065ebd58;  0 drivers
o00000000065ebd88 .functor BUFZ 1, C4<z>; HiZ drive
v00000000066347a0_0 .net "WDATA_7", 0 0, o00000000065ebd88;  0 drivers
o00000000065ebdb8 .functor BUFZ 1, C4<z>; HiZ drive
v0000000006634fc0_0 .net "WDATA_8", 0 0, o00000000065ebdb8;  0 drivers
o00000000065ebde8 .functor BUFZ 1, C4<z>; HiZ drive
v0000000006634c00_0 .net "WDATA_9", 0 0, o00000000065ebde8;  0 drivers
o00000000065ebe18 .functor BUFZ 1, C4<z>; HiZ drive
v0000000006635ba0_0 .net "WE", 0 0, o00000000065ebe18;  0 drivers
v00000000066357e0_0 .net *"_ivl_100", 0 0, L_0000000006683f70;  1 drivers
v0000000006634700_0 .net *"_ivl_102", 0 0, L_0000000006685730;  1 drivers
v0000000006635740_0 .net *"_ivl_104", 0 0, L_00000000066831b0;  1 drivers
v0000000006635240_0 .net *"_ivl_106", 0 0, L_00000000066839d0;  1 drivers
v0000000006635c40_0 .net *"_ivl_108", 0 0, L_0000000006683250;  1 drivers
v0000000006635b00_0 .net *"_ivl_110", 0 0, L_0000000006683390;  1 drivers
v0000000006634b60_0 .net *"_ivl_112", 0 0, L_0000000006683430;  1 drivers
v0000000006634ca0_0 .net *"_ivl_114", 0 0, L_0000000006683b10;  1 drivers
v0000000006635880_0 .net *"_ivl_116", 0 0, L_0000000006683bb0;  1 drivers
v0000000006635ce0_0 .net *"_ivl_120", 0 0, L_0000000006684470;  1 drivers
v00000000066348e0_0 .net *"_ivl_122", 0 0, L_0000000006684010;  1 drivers
v00000000066352e0_0 .net *"_ivl_124", 0 0, L_0000000006684290;  1 drivers
v0000000006634980_0 .net *"_ivl_126", 0 0, L_0000000006684510;  1 drivers
v0000000006634ac0_0 .net *"_ivl_128", 0 0, L_00000000066845b0;  1 drivers
v0000000006635060_0 .net *"_ivl_130", 0 0, L_0000000006685a50;  1 drivers
v00000000066354c0_0 .net *"_ivl_132", 0 0, L_0000000006685af0;  1 drivers
v0000000006634d40_0 .net *"_ivl_134", 0 0, L_0000000006685d70;  1 drivers
v0000000006635920_0 .net *"_ivl_136", 0 0, L_0000000006685910;  1 drivers
v0000000006634a20_0 .net *"_ivl_138", 0 0, L_0000000006685eb0;  1 drivers
v0000000006634de0_0 .net *"_ivl_140", 0 0, L_00000000066859b0;  1 drivers
v00000000066351a0_0 .net *"_ivl_142", 0 0, L_0000000006685b90;  1 drivers
v0000000006634e80_0 .net *"_ivl_144", 0 0, L_0000000006685c30;  1 drivers
v0000000006635380_0 .net *"_ivl_146", 0 0, L_0000000006685cd0;  1 drivers
v0000000006635420_0 .net *"_ivl_148", 0 0, L_0000000006685e10;  1 drivers
v00000000066359c0_0 .net *"_ivl_150", 0 0, L_0000000006685f50;  1 drivers
v0000000006635a60_0 .net *"_ivl_18", 0 0, L_0000000006684650;  1 drivers
v00000000066385d0_0 .net/2u *"_ivl_19", 0 0, L_0000000006686340;  1 drivers
v0000000006637770_0 .net *"_ivl_28", 0 0, L_0000000006683570;  1 drivers
v0000000006638030_0 .net *"_ivl_30", 0 0, L_0000000006685370;  1 drivers
v0000000006636690_0 .net *"_ivl_32", 0 0, L_0000000006683ed0;  1 drivers
v0000000006637950_0 .net *"_ivl_34", 0 0, L_0000000006684150;  1 drivers
v00000000066376d0_0 .net *"_ivl_36", 0 0, L_00000000066832f0;  1 drivers
v00000000066380d0_0 .net *"_ivl_38", 0 0, L_0000000006684f10;  1 drivers
v0000000006636410_0 .net *"_ivl_40", 0 0, L_00000000066854b0;  1 drivers
v0000000006637810_0 .net *"_ivl_42", 0 0, L_0000000006685050;  1 drivers
v00000000066365f0_0 .net *"_ivl_44", 0 0, L_0000000006683d90;  1 drivers
v0000000006636eb0_0 .net *"_ivl_46", 0 0, L_0000000006683610;  1 drivers
v00000000066360f0_0 .net *"_ivl_48", 0 0, L_0000000006684790;  1 drivers
v0000000006637e50_0 .net *"_ivl_52", 0 0, L_0000000006684bf0;  1 drivers
v0000000006636190_0 .net/2u *"_ivl_53", 0 0, L_0000000006686388;  1 drivers
v0000000006637630_0 .net *"_ivl_62", 0 0, L_0000000006683e30;  1 drivers
v00000000066379f0_0 .net *"_ivl_64", 0 0, L_0000000006683890;  1 drivers
v00000000066378b0_0 .net *"_ivl_66", 0 0, L_00000000066841f0;  1 drivers
v0000000006638670_0 .net *"_ivl_68", 0 0, L_0000000006684970;  1 drivers
v0000000006637a90_0 .net *"_ivl_70", 0 0, L_0000000006684330;  1 drivers
v00000000066367d0_0 .net *"_ivl_72", 0 0, L_0000000006684a10;  1 drivers
v0000000006637f90_0 .net *"_ivl_74", 0 0, L_00000000066843d0;  1 drivers
v0000000006637d10_0 .net *"_ivl_76", 0 0, L_00000000066850f0;  1 drivers
v0000000006636730_0 .net *"_ivl_78", 0 0, L_00000000066834d0;  1 drivers
v0000000006636870_0 .net *"_ivl_80", 0 0, L_0000000006684d30;  1 drivers
v0000000006636050_0 .net *"_ivl_82", 0 0, L_0000000006684ab0;  1 drivers
v0000000006636d70_0 .net *"_ivl_86", 0 0, L_0000000006683070;  1 drivers
v0000000006636a50_0 .net *"_ivl_88", 0 0, L_0000000006685550;  1 drivers
v0000000006637b30_0 .net *"_ivl_90", 0 0, L_0000000006685190;  1 drivers
v0000000006637bd0_0 .net *"_ivl_92", 0 0, L_0000000006683a70;  1 drivers
v0000000006636910_0 .net *"_ivl_94", 0 0, L_00000000066855f0;  1 drivers
v00000000066373b0_0 .net *"_ivl_96", 0 0, L_0000000006685690;  1 drivers
v0000000006637c70_0 .net *"_ivl_98", 0 0, L_0000000006683930;  1 drivers
L_0000000006680c30 .part v000000000658b2b0_0, 15, 1;
L_0000000006680d70 .part v000000000658b2b0_0, 14, 1;
L_0000000006680e10 .part v000000000658b2b0_0, 13, 1;
L_0000000006680f50 .part v000000000658b2b0_0, 12, 1;
L_00000000066852d0 .part v000000000658b2b0_0, 11, 1;
L_0000000006684dd0 .part v000000000658b2b0_0, 10, 1;
L_00000000066846f0 .part v000000000658b2b0_0, 9, 1;
L_0000000006684fb0 .part v000000000658b2b0_0, 8, 1;
L_00000000066857d0 .part v000000000658b2b0_0, 7, 1;
L_0000000006683110 .part v000000000658b2b0_0, 6, 1;
L_0000000006685230 .part v000000000658b2b0_0, 5, 1;
L_00000000066840b0 .part v000000000658b2b0_0, 4, 1;
L_00000000066836b0 .part v000000000658b2b0_0, 3, 1;
L_00000000066848d0 .part v000000000658b2b0_0, 2, 1;
L_0000000006684e70 .part v000000000658b2b0_0, 1, 1;
L_0000000006684b50 .part v000000000658b2b0_0, 0, 1;
L_0000000006684650 .ufunc/vec4 TD_ICESTORM_RAM.pd, 1, o00000000065eb518 (v00000000065825e0_0) S_00000000064428e0;
L_0000000006683cf0 .ufunc/vec4 TD_ICESTORM_RAM.pu, 1, o00000000065eb548 (v0000000006582860_0) S_0000000006443560;
L_0000000006683750 .ufunc/vec4 TD_ICESTORM_RAM.pd, 1, o00000000065eb878 (v00000000065825e0_0) S_00000000064428e0;
L_0000000006683570 .ufunc/vec4 TD_ICESTORM_RAM.pd, 1, o00000000065eb368 (v00000000065825e0_0) S_00000000064428e0;
L_0000000006685370 .ufunc/vec4 TD_ICESTORM_RAM.pd, 1, o00000000065eb4e8 (v00000000065825e0_0) S_00000000064428e0;
L_0000000006683ed0 .ufunc/vec4 TD_ICESTORM_RAM.pd, 1, o00000000065eb4b8 (v00000000065825e0_0) S_00000000064428e0;
L_0000000006684150 .ufunc/vec4 TD_ICESTORM_RAM.pd, 1, o00000000065eb488 (v00000000065825e0_0) S_00000000064428e0;
L_00000000066832f0 .ufunc/vec4 TD_ICESTORM_RAM.pd, 1, o00000000065eb458 (v00000000065825e0_0) S_00000000064428e0;
L_0000000006684f10 .ufunc/vec4 TD_ICESTORM_RAM.pd, 1, o00000000065eb428 (v00000000065825e0_0) S_00000000064428e0;
L_00000000066854b0 .ufunc/vec4 TD_ICESTORM_RAM.pd, 1, o00000000065eb3f8 (v00000000065825e0_0) S_00000000064428e0;
L_0000000006685050 .ufunc/vec4 TD_ICESTORM_RAM.pd, 1, o00000000065eb3c8 (v00000000065825e0_0) S_00000000064428e0;
L_0000000006683d90 .ufunc/vec4 TD_ICESTORM_RAM.pd, 1, o00000000065eb398 (v00000000065825e0_0) S_00000000064428e0;
L_0000000006683610 .ufunc/vec4 TD_ICESTORM_RAM.pd, 1, o00000000065eb338 (v00000000065825e0_0) S_00000000064428e0;
L_0000000006684790 .ufunc/vec4 TD_ICESTORM_RAM.pd, 1, o00000000065eb308 (v00000000065825e0_0) S_00000000064428e0;
LS_0000000006685410_0_0 .concat [ 1 1 1 1], L_0000000006684790, L_0000000006683610, L_0000000006683d90, L_0000000006685050;
LS_0000000006685410_0_4 .concat [ 1 1 1 1], L_00000000066854b0, L_0000000006684f10, L_00000000066832f0, L_0000000006684150;
LS_0000000006685410_0_8 .concat [ 1 1 1 0], L_0000000006683ed0, L_0000000006685370, L_0000000006683570;
L_0000000006685410 .concat [ 4 4 3 0], LS_0000000006685410_0_0, LS_0000000006685410_0_4, LS_0000000006685410_0_8;
L_0000000006684bf0 .ufunc/vec4 TD_ICESTORM_RAM.pd, 1, o00000000065ebab8 (v00000000065825e0_0) S_00000000064428e0;
L_0000000006684830 .ufunc/vec4 TD_ICESTORM_RAM.pu, 1, o00000000065ebae8 (v0000000006582860_0) S_0000000006443560;
L_00000000066837f0 .ufunc/vec4 TD_ICESTORM_RAM.pd, 1, o00000000065ebe18 (v00000000065825e0_0) S_00000000064428e0;
L_0000000006683e30 .ufunc/vec4 TD_ICESTORM_RAM.pd, 1, o00000000065eb908 (v00000000065825e0_0) S_00000000064428e0;
L_0000000006683890 .ufunc/vec4 TD_ICESTORM_RAM.pd, 1, o00000000065eba88 (v00000000065825e0_0) S_00000000064428e0;
L_00000000066841f0 .ufunc/vec4 TD_ICESTORM_RAM.pd, 1, o00000000065eba58 (v00000000065825e0_0) S_00000000064428e0;
L_0000000006684970 .ufunc/vec4 TD_ICESTORM_RAM.pd, 1, o00000000065eba28 (v00000000065825e0_0) S_00000000064428e0;
L_0000000006684330 .ufunc/vec4 TD_ICESTORM_RAM.pd, 1, o00000000065eb9f8 (v00000000065825e0_0) S_00000000064428e0;
L_0000000006684a10 .ufunc/vec4 TD_ICESTORM_RAM.pd, 1, o00000000065eb9c8 (v00000000065825e0_0) S_00000000064428e0;
L_00000000066843d0 .ufunc/vec4 TD_ICESTORM_RAM.pd, 1, o00000000065eb998 (v00000000065825e0_0) S_00000000064428e0;
L_00000000066850f0 .ufunc/vec4 TD_ICESTORM_RAM.pd, 1, o00000000065eb968 (v00000000065825e0_0) S_00000000064428e0;
L_00000000066834d0 .ufunc/vec4 TD_ICESTORM_RAM.pd, 1, o00000000065eb938 (v00000000065825e0_0) S_00000000064428e0;
L_0000000006684d30 .ufunc/vec4 TD_ICESTORM_RAM.pd, 1, o00000000065eb8d8 (v00000000065825e0_0) S_00000000064428e0;
L_0000000006684ab0 .ufunc/vec4 TD_ICESTORM_RAM.pd, 1, o00000000065eb8a8 (v00000000065825e0_0) S_00000000064428e0;
LS_0000000006684c90_0_0 .concat [ 1 1 1 1], L_0000000006684ab0, L_0000000006684d30, L_00000000066834d0, L_00000000066850f0;
LS_0000000006684c90_0_4 .concat [ 1 1 1 1], L_00000000066843d0, L_0000000006684a10, L_0000000006684330, L_0000000006684970;
LS_0000000006684c90_0_8 .concat [ 1 1 1 0], L_00000000066841f0, L_0000000006683890, L_0000000006683e30;
L_0000000006684c90 .concat [ 4 4 3 0], LS_0000000006684c90_0_0, LS_0000000006684c90_0_4, LS_0000000006684c90_0_8;
L_0000000006683070 .ufunc/vec4 TD_ICESTORM_RAM.pd, 1, o00000000065eb158 (v00000000065825e0_0) S_00000000064428e0;
L_0000000006685550 .ufunc/vec4 TD_ICESTORM_RAM.pd, 1, o00000000065eb128 (v00000000065825e0_0) S_00000000064428e0;
L_0000000006685190 .ufunc/vec4 TD_ICESTORM_RAM.pd, 1, o00000000065eb0f8 (v00000000065825e0_0) S_00000000064428e0;
L_0000000006683a70 .ufunc/vec4 TD_ICESTORM_RAM.pd, 1, o00000000065eb0c8 (v00000000065825e0_0) S_00000000064428e0;
L_00000000066855f0 .ufunc/vec4 TD_ICESTORM_RAM.pd, 1, o00000000065eb098 (v00000000065825e0_0) S_00000000064428e0;
L_0000000006685690 .ufunc/vec4 TD_ICESTORM_RAM.pd, 1, o00000000065eb068 (v00000000065825e0_0) S_00000000064428e0;
L_0000000006683930 .ufunc/vec4 TD_ICESTORM_RAM.pd, 1, o00000000065eb2d8 (v00000000065825e0_0) S_00000000064428e0;
L_0000000006683f70 .ufunc/vec4 TD_ICESTORM_RAM.pd, 1, o00000000065eb2a8 (v00000000065825e0_0) S_00000000064428e0;
L_0000000006685730 .ufunc/vec4 TD_ICESTORM_RAM.pd, 1, o00000000065eb278 (v00000000065825e0_0) S_00000000064428e0;
L_00000000066831b0 .ufunc/vec4 TD_ICESTORM_RAM.pd, 1, o00000000065eb248 (v00000000065825e0_0) S_00000000064428e0;
L_00000000066839d0 .ufunc/vec4 TD_ICESTORM_RAM.pd, 1, o00000000065eb218 (v00000000065825e0_0) S_00000000064428e0;
L_0000000006683250 .ufunc/vec4 TD_ICESTORM_RAM.pd, 1, o00000000065eb1e8 (v00000000065825e0_0) S_00000000064428e0;
L_0000000006683390 .ufunc/vec4 TD_ICESTORM_RAM.pd, 1, o00000000065eb1b8 (v00000000065825e0_0) S_00000000064428e0;
L_0000000006683430 .ufunc/vec4 TD_ICESTORM_RAM.pd, 1, o00000000065eb188 (v00000000065825e0_0) S_00000000064428e0;
L_0000000006683b10 .ufunc/vec4 TD_ICESTORM_RAM.pd, 1, o00000000065eb038 (v00000000065825e0_0) S_00000000064428e0;
L_0000000006683bb0 .ufunc/vec4 TD_ICESTORM_RAM.pd, 1, o00000000065eb008 (v00000000065825e0_0) S_00000000064428e0;
LS_0000000006683c50_0_0 .concat [ 1 1 1 1], L_0000000006683bb0, L_0000000006683b10, L_0000000006683430, L_0000000006683390;
LS_0000000006683c50_0_4 .concat [ 1 1 1 1], L_0000000006683250, L_00000000066839d0, L_00000000066831b0, L_0000000006685730;
LS_0000000006683c50_0_8 .concat [ 1 1 1 1], L_0000000006683f70, L_0000000006683930, L_0000000006685690, L_00000000066855f0;
LS_0000000006683c50_0_12 .concat [ 1 1 1 1], L_0000000006683a70, L_0000000006685190, L_0000000006685550, L_0000000006683070;
L_0000000006683c50 .concat [ 4 4 4 4], LS_0000000006683c50_0_0, LS_0000000006683c50_0_4, LS_0000000006683c50_0_8, LS_0000000006683c50_0_12;
L_0000000006684470 .ufunc/vec4 TD_ICESTORM_RAM.pd, 1, o00000000065ebc68 (v00000000065825e0_0) S_00000000064428e0;
L_0000000006684010 .ufunc/vec4 TD_ICESTORM_RAM.pd, 1, o00000000065ebc38 (v00000000065825e0_0) S_00000000064428e0;
L_0000000006684290 .ufunc/vec4 TD_ICESTORM_RAM.pd, 1, o00000000065ebc08 (v00000000065825e0_0) S_00000000064428e0;
L_0000000006684510 .ufunc/vec4 TD_ICESTORM_RAM.pd, 1, o00000000065ebbd8 (v00000000065825e0_0) S_00000000064428e0;
L_00000000066845b0 .ufunc/vec4 TD_ICESTORM_RAM.pd, 1, o00000000065ebba8 (v00000000065825e0_0) S_00000000064428e0;
L_0000000006685a50 .ufunc/vec4 TD_ICESTORM_RAM.pd, 1, o00000000065ebb78 (v00000000065825e0_0) S_00000000064428e0;
L_0000000006685af0 .ufunc/vec4 TD_ICESTORM_RAM.pd, 1, o00000000065ebde8 (v00000000065825e0_0) S_00000000064428e0;
L_0000000006685d70 .ufunc/vec4 TD_ICESTORM_RAM.pd, 1, o00000000065ebdb8 (v00000000065825e0_0) S_00000000064428e0;
L_0000000006685910 .ufunc/vec4 TD_ICESTORM_RAM.pd, 1, o00000000065ebd88 (v00000000065825e0_0) S_00000000064428e0;
L_0000000006685eb0 .ufunc/vec4 TD_ICESTORM_RAM.pd, 1, o00000000065ebd58 (v00000000065825e0_0) S_00000000064428e0;
L_00000000066859b0 .ufunc/vec4 TD_ICESTORM_RAM.pd, 1, o00000000065ebd28 (v00000000065825e0_0) S_00000000064428e0;
L_0000000006685b90 .ufunc/vec4 TD_ICESTORM_RAM.pd, 1, o00000000065ebcf8 (v00000000065825e0_0) S_00000000064428e0;
L_0000000006685c30 .ufunc/vec4 TD_ICESTORM_RAM.pd, 1, o00000000065ebcc8 (v00000000065825e0_0) S_00000000064428e0;
L_0000000006685cd0 .ufunc/vec4 TD_ICESTORM_RAM.pd, 1, o00000000065ebc98 (v00000000065825e0_0) S_00000000064428e0;
L_0000000006685e10 .ufunc/vec4 TD_ICESTORM_RAM.pd, 1, o00000000065ebb48 (v00000000065825e0_0) S_00000000064428e0;
L_0000000006685f50 .ufunc/vec4 TD_ICESTORM_RAM.pd, 1, o00000000065ebb18 (v00000000065825e0_0) S_00000000064428e0;
LS_0000000006685870_0_0 .concat [ 1 1 1 1], L_0000000006685f50, L_0000000006685e10, L_0000000006685cd0, L_0000000006685c30;
LS_0000000006685870_0_4 .concat [ 1 1 1 1], L_0000000006685b90, L_00000000066859b0, L_0000000006685eb0, L_0000000006685910;
LS_0000000006685870_0_8 .concat [ 1 1 1 1], L_0000000006685d70, L_0000000006685af0, L_0000000006685a50, L_00000000066845b0;
LS_0000000006685870_0_12 .concat [ 1 1 1 1], L_0000000006684510, L_0000000006684290, L_0000000006684010, L_0000000006684470;
L_0000000006685870 .concat [ 4 4 4 4], LS_0000000006685870_0_0, LS_0000000006685870_0_4, LS_0000000006685870_0_8, LS_0000000006685870_0_12;
S_00000000064425c0 .scope module, "RAM" "SB_RAM40_4K" 2 3233, 2 1487 0, S_000000000658d8c0;
 .timescale -12 -12;
    .port_info 0 /OUTPUT 16 "RDATA";
    .port_info 1 /INPUT 1 "RCLK";
    .port_info 2 /INPUT 1 "RCLKE";
    .port_info 3 /INPUT 1 "RE";
    .port_info 4 /INPUT 11 "RADDR";
    .port_info 5 /INPUT 1 "WCLK";
    .port_info 6 /INPUT 1 "WCLKE";
    .port_info 7 /INPUT 1 "WE";
    .port_info 8 /INPUT 11 "WADDR";
    .port_info 9 /INPUT 16 "MASK";
    .port_info 10 /INPUT 16 "WDATA";
P_0000000006444550 .param/l "INIT_0" 0 2 1507, C4<0000000000000000000000000000000000000000000000000000000000000000000000000000000000000000000000000000000000000000000000000000000000000000000000000000000000000000000000000000000000000000000000000000000000000000000000000000000000000000000000000000000000000000>;
P_0000000006444588 .param/l "INIT_1" 0 2 1508, C4<0000000000000000000000000000000000000000000000000000000000000000000000000000000000000000000000000000000000000000000000000000000000000000000000000000000000000000000000000000000000000000000000000000000000000000000000000000000000000000000000000000000000000000>;
P_00000000064445c0 .param/l "INIT_2" 0 2 1509, C4<0000000000000000000000000000000000000000000000000000000000000000000000000000000000000000000000000000000000000000000000000000000000000000000000000000000000000000000000000000000000000000000000000000000000000000000000000000000000000000000000000000000000000000>;
P_00000000064445f8 .param/l "INIT_3" 0 2 1510, C4<0000000000000000000000000000000000000000000000000000000000000000000000000000000000000000000000000000000000000000000000000000000000000000000000000000000000000000000000000000000000000000000000000000000000000000000000000000000000000000000000000000000000000000>;
P_0000000006444630 .param/l "INIT_4" 0 2 1511, C4<0000000000000000000000000000000000000000000000000000000000000000000000000000000000000000000000000000000000000000000000000000000000000000000000000000000000000000000000000000000000000000000000000000000000000000000000000000000000000000000000000000000000000000>;
P_0000000006444668 .param/l "INIT_5" 0 2 1512, C4<0000000000000000000000000000000000000000000000000000000000000000000000000000000000000000000000000000000000000000000000000000000000000000000000000000000000000000000000000000000000000000000000000000000000000000000000000000000000000000000000000000000000000000>;
P_00000000064446a0 .param/l "INIT_6" 0 2 1513, C4<0000000000000000000000000000000000000000000000000000000000000000000000000000000000000000000000000000000000000000000000000000000000000000000000000000000000000000000000000000000000000000000000000000000000000000000000000000000000000000000000000000000000000000>;
P_00000000064446d8 .param/l "INIT_7" 0 2 1514, C4<0000000000000000000000000000000000000000000000000000000000000000000000000000000000000000000000000000000000000000000000000000000000000000000000000000000000000000000000000000000000000000000000000000000000000000000000000000000000000000000000000000000000000000>;
P_0000000006444710 .param/l "INIT_8" 0 2 1515, C4<0000000000000000000000000000000000000000000000000000000000000000000000000000000000000000000000000000000000000000000000000000000000000000000000000000000000000000000000000000000000000000000000000000000000000000000000000000000000000000000000000000000000000000>;
P_0000000006444748 .param/l "INIT_9" 0 2 1516, C4<0000000000000000000000000000000000000000000000000000000000000000000000000000000000000000000000000000000000000000000000000000000000000000000000000000000000000000000000000000000000000000000000000000000000000000000000000000000000000000000000000000000000000000>;
P_0000000006444780 .param/l "INIT_A" 0 2 1517, C4<0000000000000000000000000000000000000000000000000000000000000000000000000000000000000000000000000000000000000000000000000000000000000000000000000000000000000000000000000000000000000000000000000000000000000000000000000000000000000000000000000000000000000000>;
P_00000000064447b8 .param/l "INIT_B" 0 2 1518, C4<0000000000000000000000000000000000000000000000000000000000000000000000000000000000000000000000000000000000000000000000000000000000000000000000000000000000000000000000000000000000000000000000000000000000000000000000000000000000000000000000000000000000000000>;
P_00000000064447f0 .param/l "INIT_C" 0 2 1519, C4<0000000000000000000000000000000000000000000000000000000000000000000000000000000000000000000000000000000000000000000000000000000000000000000000000000000000000000000000000000000000000000000000000000000000000000000000000000000000000000000000000000000000000000>;
P_0000000006444828 .param/l "INIT_D" 0 2 1520, C4<0000000000000000000000000000000000000000000000000000000000000000000000000000000000000000000000000000000000000000000000000000000000000000000000000000000000000000000000000000000000000000000000000000000000000000000000000000000000000000000000000000000000000000>;
P_0000000006444860 .param/l "INIT_E" 0 2 1521, C4<0000000000000000000000000000000000000000000000000000000000000000000000000000000000000000000000000000000000000000000000000000000000000000000000000000000000000000000000000000000000000000000000000000000000000000000000000000000000000000000000000000000000000000>;
P_0000000006444898 .param/l "INIT_F" 0 2 1522, C4<0000000000000000000000000000000000000000000000000000000000000000000000000000000000000000000000000000000000000000000000000000000000000000000000000000000000000000000000000000000000000000000000000000000000000000000000000000000000000000000000000000000000000000>;
P_00000000064448d0 .param/str "INIT_FILE" 0 2 1524, "\000";
P_0000000006444908 .param/l "READ_MODE" 0 2 1505, +C4<00000000000000000000000000000000>;
P_0000000006444940 .param/l "WRITE_MODE" 0 2 1504, +C4<00000000000000000000000000000000>;
v0000000006565420_0 .net "MASK", 15 0, L_0000000006683c50;  1 drivers
v0000000006565740_0 .net "RADDR", 10 0, L_0000000006685410;  1 drivers
v0000000006565880_0 .net "RCLK", 0 0, L_0000000006550c50;  1 drivers
v000000000658c610_0 .net "RCLKE", 0 0, L_0000000006683cf0;  1 drivers
v000000000658c9d0_0 .net "RDATA", 15 0, v000000000658b2b0_0;  1 drivers
v000000000658b2b0_0 .var "RDATA_I", 15 0;
v000000000658b490_0 .net "RE", 0 0, L_0000000006683750;  1 drivers
L_00000000066862f8 .functor BUFT 1, C4<0000000000000000>, C4<0>, C4<0>, C4<0>;
v000000000658b990_0 .net "RMASK_I", 15 0, L_00000000066862f8;  1 drivers
v000000000658bb70_0 .net "WADDR", 10 0, L_0000000006684c90;  1 drivers
v000000000658bc10_0 .net "WCLK", 0 0, L_0000000006551580;  1 drivers
v000000000653c7d0_0 .net "WCLKE", 0 0, L_0000000006684830;  1 drivers
v000000000653ddb0_0 .net "WDATA", 15 0, L_0000000006685870;  1 drivers
v000000000653d9f0_0 .net "WDATA_I", 15 0, L_00000000065519e0;  1 drivers
v000000000653cd70_0 .net "WE", 0 0, L_00000000066837f0;  1 drivers
v000000000653d590_0 .net "WMASK_I", 15 0, L_0000000006550860;  1 drivers
v000000000653c2d0_0 .var/i "i", 31 0;
v0000000006581f00 .array "memory", 255 0, 15 0;
E_00000000065b1240 .event posedge, v0000000006565880_0;
E_00000000065b1500 .event posedge, v000000000658bc10_0;
S_0000000006442750 .scope generate, "genblk1" "genblk1" 2 1534, 2 1534 0, S_00000000064425c0;
 .timescale -12 -12;
L_0000000006550860 .functor BUFZ 16, L_0000000006683c50, C4<0000000000000000>, C4<0000000000000000>, C4<0000000000000000>;
S_0000000006443a10 .scope generate, "genblk2" "genblk2" 2 1555, 2 1555 0, S_00000000064425c0;
 .timescale -12 -12;
S_0000000006442d90 .scope generate, "genblk3" "genblk3" 2 1576, 2 1576 0, S_00000000064425c0;
 .timescale -12 -12;
L_00000000065519e0 .functor BUFZ 16, L_0000000006685870, C4<0000000000000000>, C4<0000000000000000>, C4<0000000000000000>;
S_00000000064430b0 .scope generate, "genblk4" "genblk4" 2 1595, 2 1595 0, S_00000000064425c0;
 .timescale -12 -12;
S_00000000064428e0 .scope function.vec4.s1, "pd" "pd" 2 3200, 2 3200 0, S_000000000658d8c0;
 .timescale -12 -12;
; Variable pd is vec4 return value of scope S_00000000064428e0
v00000000065825e0_0 .var "x", 0 0;
TD_ICESTORM_RAM.pd ;
    %load/vec4 v00000000065825e0_0;
    %cmpi/e 0, 1, 1;
    %flag_mov 8, 6;
    %jmp/0 T_0.0, 8;
    %pushi/vec4 0, 0, 1;
    %jmp/1 T_0.1, 8;
T_0.0 ; End of true expr.
    %load/vec4 v00000000065825e0_0;
    %jmp/0 T_0.1, 8;
 ; End of false expr.
    %blend;
T_0.1;
    %ret/vec4 0, 0, 1;  Assign to pd (store_vec4_to_lval)
    %end;
S_0000000006443560 .scope function.vec4.s1, "pu" "pu" 2 3207, 2 3207 0, S_000000000658d8c0;
 .timescale -12 -12;
; Variable pu is vec4 return value of scope S_0000000006443560
v0000000006582860_0 .var "x", 0 0;
TD_ICESTORM_RAM.pu ;
    %load/vec4 v0000000006582860_0;
    %cmpi/e 0, 1, 1;
    %flag_mov 8, 6;
    %jmp/0 T_1.2, 8;
    %pushi/vec4 1, 0, 1;
    %jmp/1 T_1.3, 8;
T_1.2 ; End of true expr.
    %load/vec4 v0000000006582860_0;
    %jmp/0 T_1.3, 8;
 ; End of false expr.
    %blend;
T_1.3;
    %ret/vec4 0, 0, 1;  Assign to pu (store_vec4_to_lval)
    %end;
S_0000000006300610 .scope module, "SB_CARRY" "SB_CARRY" 2 228;
 .timescale -12 -12;
    .port_info 0 /OUTPUT 1 "CO";
    .port_info 1 /INPUT 1 "I0";
    .port_info 2 /INPUT 1 "I1";
    .port_info 3 /INPUT 1 "CI";
o00000000065ed7c8 .functor BUFZ 1, C4<z>; HiZ drive
o00000000065ed7f8 .functor BUFZ 1, C4<z>; HiZ drive
L_00000000065508d0 .functor AND 1, o00000000065ed7c8, o00000000065ed7f8, C4<1>, C4<1>;
L_0000000006551f20 .functor OR 1, o00000000065ed7c8, o00000000065ed7f8, C4<0>, C4<0>;
o00000000065ed768 .functor BUFZ 1, C4<z>; HiZ drive
L_0000000006550ef0 .functor AND 1, L_0000000006551f20, o00000000065ed768, C4<1>, C4<1>;
L_0000000006551970 .functor OR 1, L_00000000065508d0, L_0000000006550ef0, C4<0>, C4<0>;
v00000000066364b0_0 .net "CI", 0 0, o00000000065ed768;  0 drivers
v0000000006637db0_0 .net "CO", 0 0, L_0000000006551970;  1 drivers
v0000000006637ef0_0 .net "I0", 0 0, o00000000065ed7c8;  0 drivers
v0000000006638170_0 .net "I1", 0 0, o00000000065ed7f8;  0 drivers
v0000000006638210_0 .net *"_ivl_1", 0 0, L_00000000065508d0;  1 drivers
v00000000066369b0_0 .net *"_ivl_3", 0 0, L_0000000006551f20;  1 drivers
v0000000006636af0_0 .net *"_ivl_5", 0 0, L_0000000006550ef0;  1 drivers
S_00000000062e2ff0 .scope module, "SB_DFF" "SB_DFF" 2 265;
 .timescale -12 -12;
    .port_info 0 /OUTPUT 1 "Q";
    .port_info 1 /INPUT 1 "C";
    .port_info 2 /INPUT 1 "D";
o00000000065ed978 .functor BUFZ 1, C4<z>; HiZ drive
v0000000006636230_0 .net "C", 0 0, o00000000065ed978;  0 drivers
o00000000065ed9a8 .functor BUFZ 1, C4<z>; HiZ drive
v00000000066382b0_0 .net "D", 0 0, o00000000065ed9a8;  0 drivers
v0000000006638350_0 .var "Q", 0 0;
E_00000000065b1900 .event posedge, v0000000006636230_0;
S_00000000062e3180 .scope module, "SB_DFFE" "SB_DFFE" 2 303;
 .timescale -12 -12;
    .port_info 0 /OUTPUT 1 "Q";
    .port_info 1 /INPUT 1 "C";
    .port_info 2 /INPUT 1 "E";
    .port_info 3 /INPUT 1 "D";
o00000000065eda98 .functor BUFZ 1, C4<z>; HiZ drive
v00000000066383f0_0 .net "C", 0 0, o00000000065eda98;  0 drivers
o00000000065edac8 .functor BUFZ 1, C4<z>; HiZ drive
v0000000006638490_0 .net "D", 0 0, o00000000065edac8;  0 drivers
o00000000065edaf8 .functor BUFZ 1, C4<z>; HiZ drive
v0000000006638530_0 .net "E", 0 0, o00000000065edaf8;  0 drivers
v0000000006636b90_0 .var "Q", 0 0;
E_00000000065b1480 .event posedge, v00000000066383f0_0;
S_00000000062e3310 .scope module, "SB_DFFER" "SB_DFFER" 2 653;
 .timescale -12 -12;
    .port_info 0 /OUTPUT 1 "Q";
    .port_info 1 /INPUT 1 "C";
    .port_info 2 /INPUT 1 "E";
    .port_info 3 /INPUT 1 "R";
    .port_info 4 /INPUT 1 "D";
o00000000065edc18 .functor BUFZ 1, C4<z>; HiZ drive
v0000000006636cd0_0 .net "C", 0 0, o00000000065edc18;  0 drivers
o00000000065edc48 .functor BUFZ 1, C4<z>; HiZ drive
v0000000006635f10_0 .net "D", 0 0, o00000000065edc48;  0 drivers
o00000000065edc78 .functor BUFZ 1, C4<z>; HiZ drive
v0000000006636c30_0 .net "E", 0 0, o00000000065edc78;  0 drivers
v0000000006637450_0 .var "Q", 0 0;
o00000000065edcd8 .functor BUFZ 1, C4<z>; HiZ drive
v0000000006635fb0_0 .net "R", 0 0, o00000000065edcd8;  0 drivers
E_00000000065b1640 .event posedge, v0000000006635fb0_0, v0000000006636cd0_0;
S_00000000062e7900 .scope module, "SB_DFFES" "SB_DFFES" 2 794;
 .timescale -12 -12;
    .port_info 0 /OUTPUT 1 "Q";
    .port_info 1 /INPUT 1 "C";
    .port_info 2 /INPUT 1 "E";
    .port_info 3 /INPUT 1 "S";
    .port_info 4 /INPUT 1 "D";
o00000000065eddf8 .functor BUFZ 1, C4<z>; HiZ drive
v0000000006636e10_0 .net "C", 0 0, o00000000065eddf8;  0 drivers
o00000000065ede28 .functor BUFZ 1, C4<z>; HiZ drive
v0000000006636f50_0 .net "D", 0 0, o00000000065ede28;  0 drivers
o00000000065ede58 .functor BUFZ 1, C4<z>; HiZ drive
v00000000066362d0_0 .net "E", 0 0, o00000000065ede58;  0 drivers
v0000000006637310_0 .var "Q", 0 0;
o00000000065edeb8 .functor BUFZ 1, C4<z>; HiZ drive
v0000000006636370_0 .net "S", 0 0, o00000000065edeb8;  0 drivers
E_00000000065b18c0 .event posedge, v0000000006636370_0, v0000000006636e10_0;
S_00000000062e7a90 .scope module, "SB_DFFESR" "SB_DFFESR" 2 592;
 .timescale -12 -12;
    .port_info 0 /OUTPUT 1 "Q";
    .port_info 1 /INPUT 1 "C";
    .port_info 2 /INPUT 1 "E";
    .port_info 3 /INPUT 1 "R";
    .port_info 4 /INPUT 1 "D";
o00000000065edfd8 .functor BUFZ 1, C4<z>; HiZ drive
v0000000006636550_0 .net "C", 0 0, o00000000065edfd8;  0 drivers
o00000000065ee008 .functor BUFZ 1, C4<z>; HiZ drive
v0000000006636ff0_0 .net "D", 0 0, o00000000065ee008;  0 drivers
o00000000065ee038 .functor BUFZ 1, C4<z>; HiZ drive
v0000000006637090_0 .net "E", 0 0, o00000000065ee038;  0 drivers
v0000000006637130_0 .var "Q", 0 0;
o00000000065ee098 .functor BUFZ 1, C4<z>; HiZ drive
v00000000066371d0_0 .net "R", 0 0, o00000000065ee098;  0 drivers
E_00000000065b15c0 .event posedge, v0000000006636550_0;
S_00000000062e7c20 .scope module, "SB_DFFESS" "SB_DFFESS" 2 733;
 .timescale -12 -12;
    .port_info 0 /OUTPUT 1 "Q";
    .port_info 1 /INPUT 1 "C";
    .port_info 2 /INPUT 1 "E";
    .port_info 3 /INPUT 1 "S";
    .port_info 4 /INPUT 1 "D";
o00000000065ee1b8 .functor BUFZ 1, C4<z>; HiZ drive
v0000000006637270_0 .net "C", 0 0, o00000000065ee1b8;  0 drivers
o00000000065ee1e8 .functor BUFZ 1, C4<z>; HiZ drive
v00000000066374f0_0 .net "D", 0 0, o00000000065ee1e8;  0 drivers
o00000000065ee218 .functor BUFZ 1, C4<z>; HiZ drive
v0000000006637590_0 .net "E", 0 0, o00000000065ee218;  0 drivers
v00000000066394d0_0 .var "Q", 0 0;
o00000000065ee278 .functor BUFZ 1, C4<z>; HiZ drive
v0000000006639430_0 .net "S", 0 0, o00000000065ee278;  0 drivers
E_00000000065b2140 .event posedge, v0000000006637270_0;
S_00000000062f2f80 .scope module, "SB_DFFN" "SB_DFFN" 2 876;
 .timescale -12 -12;
    .port_info 0 /OUTPUT 1 "Q";
    .port_info 1 /INPUT 1 "C";
    .port_info 2 /INPUT 1 "D";
o00000000065ee398 .functor BUFZ 1, C4<z>; HiZ drive
v0000000006639570_0 .net "C", 0 0, o00000000065ee398;  0 drivers
o00000000065ee3c8 .functor BUFZ 1, C4<z>; HiZ drive
v0000000006638710_0 .net "D", 0 0, o00000000065ee3c8;  0 drivers
v0000000006639b10_0 .var "Q", 0 0;
E_00000000065b1400 .event negedge, v0000000006639570_0;
S_00000000062f3110 .scope module, "SB_DFFNE" "SB_DFFNE" 2 914;
 .timescale -12 -12;
    .port_info 0 /OUTPUT 1 "Q";
    .port_info 1 /INPUT 1 "C";
    .port_info 2 /INPUT 1 "E";
    .port_info 3 /INPUT 1 "D";
o00000000065ee4b8 .functor BUFZ 1, C4<z>; HiZ drive
v0000000006639a70_0 .net "C", 0 0, o00000000065ee4b8;  0 drivers
o00000000065ee4e8 .functor BUFZ 1, C4<z>; HiZ drive
v0000000006638a30_0 .net "D", 0 0, o00000000065ee4e8;  0 drivers
o00000000065ee518 .functor BUFZ 1, C4<z>; HiZ drive
v0000000006638ad0_0 .net "E", 0 0, o00000000065ee518;  0 drivers
v00000000066392f0_0 .var "Q", 0 0;
E_00000000065b1840 .event negedge, v0000000006639a70_0;
S_00000000062f32a0 .scope module, "SB_DFFNER" "SB_DFFNER" 2 1264;
 .timescale -12 -12;
    .port_info 0 /OUTPUT 1 "Q";
    .port_info 1 /INPUT 1 "C";
    .port_info 2 /INPUT 1 "E";
    .port_info 3 /INPUT 1 "R";
    .port_info 4 /INPUT 1 "D";
o00000000065ee638 .functor BUFZ 1, C4<z>; HiZ drive
v00000000066387b0_0 .net "C", 0 0, o00000000065ee638;  0 drivers
o00000000065ee668 .functor BUFZ 1, C4<z>; HiZ drive
v0000000006639390_0 .net "D", 0 0, o00000000065ee668;  0 drivers
o00000000065ee698 .functor BUFZ 1, C4<z>; HiZ drive
v0000000006638fd0_0 .net "E", 0 0, o00000000065ee698;  0 drivers
v0000000006639610_0 .var "Q", 0 0;
o00000000065ee6f8 .functor BUFZ 1, C4<z>; HiZ drive
v0000000006638e90_0 .net "R", 0 0, o00000000065ee6f8;  0 drivers
E_00000000065b1440/0 .event negedge, v00000000066387b0_0;
E_00000000065b1440/1 .event posedge, v0000000006638e90_0;
E_00000000065b1440 .event/or E_00000000065b1440/0, E_00000000065b1440/1;
S_00000000062efdb0 .scope module, "SB_DFFNES" "SB_DFFNES" 2 1405;
 .timescale -12 -12;
    .port_info 0 /OUTPUT 1 "Q";
    .port_info 1 /INPUT 1 "C";
    .port_info 2 /INPUT 1 "E";
    .port_info 3 /INPUT 1 "S";
    .port_info 4 /INPUT 1 "D";
o00000000065ee818 .functor BUFZ 1, C4<z>; HiZ drive
v0000000006638df0_0 .net "C", 0 0, o00000000065ee818;  0 drivers
o00000000065ee848 .functor BUFZ 1, C4<z>; HiZ drive
v0000000006639110_0 .net "D", 0 0, o00000000065ee848;  0 drivers
o00000000065ee878 .functor BUFZ 1, C4<z>; HiZ drive
v0000000006638990_0 .net "E", 0 0, o00000000065ee878;  0 drivers
v0000000006639750_0 .var "Q", 0 0;
o00000000065ee8d8 .functor BUFZ 1, C4<z>; HiZ drive
v0000000006639bb0_0 .net "S", 0 0, o00000000065ee8d8;  0 drivers
E_00000000065b21c0/0 .event negedge, v0000000006638df0_0;
E_00000000065b21c0/1 .event posedge, v0000000006639bb0_0;
E_00000000065b21c0 .event/or E_00000000065b21c0/0, E_00000000065b21c0/1;
S_00000000062eff40 .scope module, "SB_DFFNESR" "SB_DFFNESR" 2 1203;
 .timescale -12 -12;
    .port_info 0 /OUTPUT 1 "Q";
    .port_info 1 /INPUT 1 "C";
    .port_info 2 /INPUT 1 "E";
    .port_info 3 /INPUT 1 "R";
    .port_info 4 /INPUT 1 "D";
o00000000065ee9f8 .functor BUFZ 1, C4<z>; HiZ drive
v00000000066396b0_0 .net "C", 0 0, o00000000065ee9f8;  0 drivers
o00000000065eea28 .functor BUFZ 1, C4<z>; HiZ drive
v0000000006638b70_0 .net "D", 0 0, o00000000065eea28;  0 drivers
o00000000065eea58 .functor BUFZ 1, C4<z>; HiZ drive
v00000000066397f0_0 .net "E", 0 0, o00000000065eea58;  0 drivers
v0000000006638c10_0 .var "Q", 0 0;
o00000000065eeab8 .functor BUFZ 1, C4<z>; HiZ drive
v0000000006639c50_0 .net "R", 0 0, o00000000065eeab8;  0 drivers
E_00000000065b14c0 .event negedge, v00000000066396b0_0;
S_000000000658e640 .scope module, "SB_DFFNESS" "SB_DFFNESS" 2 1344;
 .timescale -12 -12;
    .port_info 0 /OUTPUT 1 "Q";
    .port_info 1 /INPUT 1 "C";
    .port_info 2 /INPUT 1 "E";
    .port_info 3 /INPUT 1 "S";
    .port_info 4 /INPUT 1 "D";
o00000000065eebd8 .functor BUFZ 1, C4<z>; HiZ drive
v0000000006639250_0 .net "C", 0 0, o00000000065eebd8;  0 drivers
o00000000065eec08 .functor BUFZ 1, C4<z>; HiZ drive
v00000000066391b0_0 .net "D", 0 0, o00000000065eec08;  0 drivers
o00000000065eec38 .functor BUFZ 1, C4<z>; HiZ drive
v0000000006639890_0 .net "E", 0 0, o00000000065eec38;  0 drivers
v0000000006638cb0_0 .var "Q", 0 0;
o00000000065eec98 .functor BUFZ 1, C4<z>; HiZ drive
v0000000006638f30_0 .net "S", 0 0, o00000000065eec98;  0 drivers
E_00000000065b1940 .event negedge, v0000000006639250_0;
S_000000000658de70 .scope module, "SB_DFFNR" "SB_DFFNR" 2 1011;
 .timescale -12 -12;
    .port_info 0 /OUTPUT 1 "Q";
    .port_info 1 /INPUT 1 "C";
    .port_info 2 /INPUT 1 "R";
    .port_info 3 /INPUT 1 "D";
o00000000065eedb8 .functor BUFZ 1, C4<z>; HiZ drive
v0000000006638850_0 .net "C", 0 0, o00000000065eedb8;  0 drivers
o00000000065eede8 .functor BUFZ 1, C4<z>; HiZ drive
v0000000006639930_0 .net "D", 0 0, o00000000065eede8;  0 drivers
v00000000066399d0_0 .var "Q", 0 0;
o00000000065eee48 .functor BUFZ 1, C4<z>; HiZ drive
v0000000006639cf0_0 .net "R", 0 0, o00000000065eee48;  0 drivers
E_00000000065b1f80/0 .event negedge, v0000000006638850_0;
E_00000000065b1f80/1 .event posedge, v0000000006639cf0_0;
E_00000000065b1f80 .event/or E_00000000065b1f80/0, E_00000000065b1f80/1;
S_000000000658e190 .scope module, "SB_DFFNS" "SB_DFFNS" 2 1132;
 .timescale -12 -12;
    .port_info 0 /OUTPUT 1 "Q";
    .port_info 1 /INPUT 1 "C";
    .port_info 2 /INPUT 1 "S";
    .port_info 3 /INPUT 1 "D";
o00000000065eef38 .functor BUFZ 1, C4<z>; HiZ drive
v0000000006639070_0 .net "C", 0 0, o00000000065eef38;  0 drivers
o00000000065eef68 .functor BUFZ 1, C4<z>; HiZ drive
v0000000006639d90_0 .net "D", 0 0, o00000000065eef68;  0 drivers
v00000000066388f0_0 .var "Q", 0 0;
o00000000065eefc8 .functor BUFZ 1, C4<z>; HiZ drive
v0000000006638d50_0 .net "S", 0 0, o00000000065eefc8;  0 drivers
E_00000000065b1700/0 .event negedge, v0000000006639070_0;
E_00000000065b1700/1 .event posedge, v0000000006638d50_0;
E_00000000065b1700 .event/or E_00000000065b1700/0, E_00000000065b1700/1;
S_000000000658ec80 .scope module, "SB_DFFNSR" "SB_DFFNSR" 2 961;
 .timescale -12 -12;
    .port_info 0 /OUTPUT 1 "Q";
    .port_info 1 /INPUT 1 "C";
    .port_info 2 /INPUT 1 "R";
    .port_info 3 /INPUT 1 "D";
o00000000065ef0b8 .functor BUFZ 1, C4<z>; HiZ drive
v00000000066459d0_0 .net "C", 0 0, o00000000065ef0b8;  0 drivers
o00000000065ef0e8 .functor BUFZ 1, C4<z>; HiZ drive
v0000000006645c50_0 .net "D", 0 0, o00000000065ef0e8;  0 drivers
v0000000006645250_0 .var "Q", 0 0;
o00000000065ef148 .functor BUFZ 1, C4<z>; HiZ drive
v0000000006645f70_0 .net "R", 0 0, o00000000065ef148;  0 drivers
E_00000000065b2180 .event negedge, v00000000066459d0_0;
S_000000000658e7d0 .scope module, "SB_DFFNSS" "SB_DFFNSS" 2 1082;
 .timescale -12 -12;
    .port_info 0 /OUTPUT 1 "Q";
    .port_info 1 /INPUT 1 "C";
    .port_info 2 /INPUT 1 "S";
    .port_info 3 /INPUT 1 "D";
o00000000065ef238 .functor BUFZ 1, C4<z>; HiZ drive
v0000000006645a70_0 .net "C", 0 0, o00000000065ef238;  0 drivers
o00000000065ef268 .functor BUFZ 1, C4<z>; HiZ drive
v0000000006646650_0 .net "D", 0 0, o00000000065ef268;  0 drivers
v0000000006645890_0 .var "Q", 0 0;
o00000000065ef2c8 .functor BUFZ 1, C4<z>; HiZ drive
v0000000006645b10_0 .net "S", 0 0, o00000000065ef2c8;  0 drivers
E_00000000065b1740 .event negedge, v0000000006645a70_0;
S_000000000658e320 .scope module, "SB_DFFR" "SB_DFFR" 2 400;
 .timescale -12 -12;
    .port_info 0 /OUTPUT 1 "Q";
    .port_info 1 /INPUT 1 "C";
    .port_info 2 /INPUT 1 "R";
    .port_info 3 /INPUT 1 "D";
o00000000065ef3b8 .functor BUFZ 1, C4<z>; HiZ drive
v0000000006645570_0 .net "C", 0 0, o00000000065ef3b8;  0 drivers
o00000000065ef3e8 .functor BUFZ 1, C4<z>; HiZ drive
v0000000006645610_0 .net "D", 0 0, o00000000065ef3e8;  0 drivers
v00000000066456b0_0 .var "Q", 0 0;
o00000000065ef448 .functor BUFZ 1, C4<z>; HiZ drive
v00000000066452f0_0 .net "R", 0 0, o00000000065ef448;  0 drivers
E_00000000065b1fc0 .event posedge, v00000000066452f0_0, v0000000006645570_0;
S_000000000658e4b0 .scope module, "SB_DFFS" "SB_DFFS" 2 521;
 .timescale -12 -12;
    .port_info 0 /OUTPUT 1 "Q";
    .port_info 1 /INPUT 1 "C";
    .port_info 2 /INPUT 1 "S";
    .port_info 3 /INPUT 1 "D";
o00000000065ef538 .functor BUFZ 1, C4<z>; HiZ drive
v00000000066454d0_0 .net "C", 0 0, o00000000065ef538;  0 drivers
o00000000065ef568 .functor BUFZ 1, C4<z>; HiZ drive
v0000000006646010_0 .net "D", 0 0, o00000000065ef568;  0 drivers
v0000000006646470_0 .var "Q", 0 0;
o00000000065ef5c8 .functor BUFZ 1, C4<z>; HiZ drive
v00000000066451b0_0 .net "S", 0 0, o00000000065ef5c8;  0 drivers
E_00000000065b1780 .event posedge, v00000000066451b0_0, v00000000066454d0_0;
S_000000000658e000 .scope module, "SB_DFFSR" "SB_DFFSR" 2 350;
 .timescale -12 -12;
    .port_info 0 /OUTPUT 1 "Q";
    .port_info 1 /INPUT 1 "C";
    .port_info 2 /INPUT 1 "R";
    .port_info 3 /INPUT 1 "D";
o00000000065ef6b8 .functor BUFZ 1, C4<z>; HiZ drive
v00000000066457f0_0 .net "C", 0 0, o00000000065ef6b8;  0 drivers
o00000000065ef6e8 .functor BUFZ 1, C4<z>; HiZ drive
v0000000006645390_0 .net "D", 0 0, o00000000065ef6e8;  0 drivers
v00000000066461f0_0 .var "Q", 0 0;
o00000000065ef748 .functor BUFZ 1, C4<z>; HiZ drive
v0000000006646150_0 .net "R", 0 0, o00000000065ef748;  0 drivers
E_00000000065b17c0 .event posedge, v00000000066457f0_0;
S_000000000658eaf0 .scope module, "SB_DFFSS" "SB_DFFSS" 2 471;
 .timescale -12 -12;
    .port_info 0 /OUTPUT 1 "Q";
    .port_info 1 /INPUT 1 "C";
    .port_info 2 /INPUT 1 "S";
    .port_info 3 /INPUT 1 "D";
o00000000065ef838 .functor BUFZ 1, C4<z>; HiZ drive
v0000000006645bb0_0 .net "C", 0 0, o00000000065ef838;  0 drivers
o00000000065ef868 .functor BUFZ 1, C4<z>; HiZ drive
v00000000066466f0_0 .net "D", 0 0, o00000000065ef868;  0 drivers
v0000000006646330_0 .var "Q", 0 0;
o00000000065ef8c8 .functor BUFZ 1, C4<z>; HiZ drive
v0000000006646290_0 .net "S", 0 0, o00000000065ef8c8;  0 drivers
E_00000000065b1880 .event posedge, v0000000006645bb0_0;
S_000000000658e960 .scope module, "SB_FILTER_50NS" "SB_FILTER_50NS" 2 2856;
 .timescale -12 -12;
    .port_info 0 /INPUT 1 "FILTERIN";
    .port_info 1 /OUTPUT 1 "FILTEROUT";
o00000000065ef9b8 .functor BUFZ 1, C4<z>; HiZ drive
v0000000006645430_0 .net "FILTERIN", 0 0, o00000000065ef9b8;  0 drivers
o00000000065ef9e8 .functor BUFZ 1, C4<z>; HiZ drive
v0000000006645cf0_0 .net "FILTEROUT", 0 0, o00000000065ef9e8;  0 drivers
S_00000000065e6e20 .scope module, "SB_GB" "SB_GB" 2 162;
 .timescale -12 -12;
    .port_info 0 /INPUT 1 "USER_SIGNAL_TO_GLOBAL_BUFFER";
    .port_info 1 /OUTPUT 1 "GLOBAL_BUFFER_OUTPUT";
o00000000065efaa8 .functor BUFZ 1, C4<z>; HiZ drive
L_0000000006550780 .functor BUFZ 1, o00000000065efaa8, C4<0>, C4<0>, C4<0>;
v0000000006645d90_0 .net "GLOBAL_BUFFER_OUTPUT", 0 0, L_0000000006550780;  1 drivers
v0000000006645750_0 .net "USER_SIGNAL_TO_GLOBAL_BUFFER", 0 0, o00000000065efaa8;  0 drivers
S_00000000065e7aa0 .scope module, "SB_GB_IO" "SB_GB_IO" 2 123;
 .timescale -12 -12;
    .port_info 0 /INOUT 1 "PACKAGE_PIN";
    .port_info 1 /OUTPUT 1 "GLOBAL_BUFFER_OUTPUT";
    .port_info 2 /INPUT 1 "LATCH_INPUT_VALUE";
    .port_info 3 /INPUT 1 "CLOCK_ENABLE";
    .port_info 4 /INPUT 1 "INPUT_CLK";
    .port_info 5 /INPUT 1 "OUTPUT_CLK";
    .port_info 6 /INPUT 1 "OUTPUT_ENABLE";
    .port_info 7 /INPUT 1 "D_OUT_0";
    .port_info 8 /INPUT 1 "D_OUT_1";
    .port_info 9 /OUTPUT 1 "D_IN_0";
    .port_info 10 /OUTPUT 1 "D_IN_1";
P_000000000658da50 .param/str "IO_STANDARD" 0 2 139, "SB_LVCMOS";
P_000000000658da88 .param/l "NEG_TRIGGER" 0 2 138, C4<0>;
P_000000000658dac0 .param/l "PIN_TYPE" 0 2 136, C4<000000>;
P_000000000658daf8 .param/l "PULLUP" 0 2 137, C4<0>;
o00000000065efce8 .functor BUFZ 1, C4<z>; HiZ drive
L_00000000065509b0 .functor BUFZ 1, o00000000065efce8, C4<0>, C4<0>, C4<0>;
o00000000065efb38 .functor BUFZ 1, C4<z>; HiZ drive
v0000000006644490_0 .net "CLOCK_ENABLE", 0 0, o00000000065efb38;  0 drivers
v0000000006644cb0_0 .net "D_IN_0", 0 0, L_0000000006550da0;  1 drivers
v0000000006644210_0 .net "D_IN_1", 0 0, L_00000000065516d0;  1 drivers
o00000000065efbc8 .functor BUFZ 1, C4<z>; HiZ drive
v0000000006643770_0 .net "D_OUT_0", 0 0, o00000000065efbc8;  0 drivers
o00000000065efbf8 .functor BUFZ 1, C4<z>; HiZ drive
v0000000006643130_0 .net "D_OUT_1", 0 0, o00000000065efbf8;  0 drivers
v0000000006643b30_0 .net "GLOBAL_BUFFER_OUTPUT", 0 0, L_00000000065509b0;  1 drivers
o00000000065efc28 .functor BUFZ 1, C4<z>; HiZ drive
v00000000066442b0_0 .net "INPUT_CLK", 0 0, o00000000065efc28;  0 drivers
o00000000065efc58 .functor BUFZ 1, C4<z>; HiZ drive
v0000000006642d70_0 .net "LATCH_INPUT_VALUE", 0 0, o00000000065efc58;  0 drivers
o00000000065efc88 .functor BUFZ 1, C4<z>; HiZ drive
v0000000006644a30_0 .net "OUTPUT_CLK", 0 0, o00000000065efc88;  0 drivers
o00000000065efcb8 .functor BUFZ 1, C4<z>; HiZ drive
v0000000006644990_0 .net "OUTPUT_ENABLE", 0 0, o00000000065efcb8;  0 drivers
v0000000006642b90_0 .net "PACKAGE_PIN", 0 0, o00000000065efce8;  0 drivers
S_00000000064436f0 .scope module, "IO" "SB_IO" 2 148, 2 17 0, S_00000000065e7aa0;
 .timescale -12 -12;
    .port_info 0 /INOUT 1 "PACKAGE_PIN";
    .port_info 1 /INPUT 1 "LATCH_INPUT_VALUE";
    .port_info 2 /INPUT 1 "CLOCK_ENABLE";
    .port_info 3 /INPUT 1 "INPUT_CLK";
    .port_info 4 /INPUT 1 "OUTPUT_CLK";
    .port_info 5 /INPUT 1 "OUTPUT_ENABLE";
    .port_info 6 /INPUT 1 "D_OUT_0";
    .port_info 7 /INPUT 1 "D_OUT_1";
    .port_info 8 /OUTPUT 1 "D_IN_0";
    .port_info 9 /OUTPUT 1 "D_IN_1";
P_00000000062eb970 .param/str "IO_STANDARD" 0 2 32, "SB_LVCMOS";
P_00000000062eb9a8 .param/l "NEG_TRIGGER" 0 2 31, C4<0>;
P_00000000062eb9e0 .param/l "PIN_TYPE" 0 2 29, C4<000000>;
P_00000000062eba18 .param/l "PULLUP" 0 2 30, C4<0>;
L_0000000006550a20 .functor OR 1, o00000000065efb38, L_00000000066de320, C4<0>, C4<0>;
L_0000000006550da0 .functor BUFZ 1, v0000000006644530_0, C4<0>, C4<0>, C4<0>;
L_00000000065516d0 .functor BUFZ 1, v00000000066436d0_0, C4<0>, C4<0>, C4<0>;
v0000000006645930_0 .net "CLOCK_ENABLE", 0 0, o00000000065efb38;  alias, 0 drivers
v0000000006645e30_0 .net "D_IN_0", 0 0, L_0000000006550da0;  alias, 1 drivers
v0000000006646830_0 .net "D_IN_1", 0 0, L_00000000065516d0;  alias, 1 drivers
v0000000006645ed0_0 .net "D_OUT_0", 0 0, o00000000065efbc8;  alias, 0 drivers
v00000000066460b0_0 .net "D_OUT_1", 0 0, o00000000065efbf8;  alias, 0 drivers
v00000000066463d0_0 .net "INPUT_CLK", 0 0, o00000000065efc28;  alias, 0 drivers
v0000000006646790_0 .net "LATCH_INPUT_VALUE", 0 0, o00000000065efc58;  alias, 0 drivers
v0000000006646510_0 .net "OUTPUT_CLK", 0 0, o00000000065efc88;  alias, 0 drivers
v00000000066465b0_0 .net "OUTPUT_ENABLE", 0 0, o00000000065efcb8;  alias, 0 drivers
v0000000006642e10_0 .net "PACKAGE_PIN", 0 0, o00000000065efce8;  alias, 0 drivers
o00000000065efd18 .functor BUFZ 1, C4<z>; HiZ drive
; Elide local net with no drivers, v0000000006645110_0 name=_ivl_0
v00000000066439f0_0 .net *"_ivl_2", 0 0, L_00000000066de320;  1 drivers
v0000000006644030_0 .net "clken_pulled", 0 0, L_0000000006550a20;  1 drivers
v0000000006645070_0 .var "clken_pulled_ri", 0 0;
v00000000066433b0_0 .var "clken_pulled_ro", 0 0;
v0000000006644530_0 .var "din_0", 0 0;
v00000000066436d0_0 .var "din_1", 0 0;
v0000000006643e50_0 .var "din_q_0", 0 0;
v0000000006643590_0 .var "din_q_1", 0 0;
v0000000006643310_0 .var "dout", 0 0;
v00000000066448f0_0 .var "dout_q_0", 0 0;
v0000000006643950_0 .var "dout_q_1", 0 0;
v0000000006643a90_0 .var "outclk_delayed_1", 0 0;
v0000000006643810_0 .var "outclk_delayed_2", 0 0;
v0000000006643450_0 .var "outena_q", 0 0;
E_00000000065b19c0 .event anyedge, v0000000006643810_0, v00000000066448f0_0, v0000000006643950_0;
E_00000000065b1a00 .event anyedge, v0000000006643a90_0;
E_00000000065b2000 .event anyedge, v0000000006646510_0;
E_00000000065b1c80 .event anyedge, v0000000006643e50_0, v0000000006643590_0;
L_00000000066de320 .cmp/eeq 1, o00000000065efb38, o00000000065efd18;
S_0000000006443880 .scope generate, "genblk1" "genblk1" 2 45, 2 45 0, S_00000000064436f0;
 .timescale -12 -12;
E_00000000065b2080 .event posedge, v0000000006646510_0;
E_00000000065b1a80 .event negedge, v0000000006646510_0;
E_00000000065b1ac0 .event negedge, v00000000066463d0_0;
E_00000000065b1cc0 .event posedge, v00000000066463d0_0;
S_00000000065e7f50 .scope module, "SB_HFOSC" "SB_HFOSC" 2 2664;
 .timescale -12 -12;
    .port_info 0 /INPUT 1 "TRIM0";
    .port_info 1 /INPUT 1 "TRIM1";
    .port_info 2 /INPUT 1 "TRIM2";
    .port_info 3 /INPUT 1 "TRIM3";
    .port_info 4 /INPUT 1 "TRIM4";
    .port_info 5 /INPUT 1 "TRIM5";
    .port_info 6 /INPUT 1 "TRIM6";
    .port_info 7 /INPUT 1 "TRIM7";
    .port_info 8 /INPUT 1 "TRIM8";
    .port_info 9 /INPUT 1 "TRIM9";
    .port_info 10 /INPUT 1 "CLKHFPU";
    .port_info 11 /INPUT 1 "CLKHFEN";
    .port_info 12 /OUTPUT 1 "CLKHF";
P_000000000649e6b0 .param/str "CLKHF_DIV" 0 2 2680, "0b00";
P_000000000649e6e8 .param/str "TRIM_EN" 0 2 2679, "0b0";
o00000000065f0408 .functor BUFZ 1, C4<z>; HiZ drive
v0000000006644350_0 .net "CLKHF", 0 0, o00000000065f0408;  0 drivers
o00000000065f0438 .functor BUFZ 1, C4<z>; HiZ drive
v0000000006642eb0_0 .net "CLKHFEN", 0 0, o00000000065f0438;  0 drivers
o00000000065f0468 .functor BUFZ 1, C4<z>; HiZ drive
v0000000006642a50_0 .net "CLKHFPU", 0 0, o00000000065f0468;  0 drivers
o00000000065f0498 .functor BUFZ 1, C4<z>; HiZ drive
v00000000066445d0_0 .net "TRIM0", 0 0, o00000000065f0498;  0 drivers
o00000000065f04c8 .functor BUFZ 1, C4<z>; HiZ drive
v0000000006642ff0_0 .net "TRIM1", 0 0, o00000000065f04c8;  0 drivers
o00000000065f04f8 .functor BUFZ 1, C4<z>; HiZ drive
v0000000006644710_0 .net "TRIM2", 0 0, o00000000065f04f8;  0 drivers
o00000000065f0528 .functor BUFZ 1, C4<z>; HiZ drive
v00000000066447b0_0 .net "TRIM3", 0 0, o00000000065f0528;  0 drivers
o00000000065f0558 .functor BUFZ 1, C4<z>; HiZ drive
v0000000006644ad0_0 .net "TRIM4", 0 0, o00000000065f0558;  0 drivers
o00000000065f0588 .functor BUFZ 1, C4<z>; HiZ drive
v0000000006644170_0 .net "TRIM5", 0 0, o00000000065f0588;  0 drivers
o00000000065f05b8 .functor BUFZ 1, C4<z>; HiZ drive
v0000000006644670_0 .net "TRIM6", 0 0, o00000000065f05b8;  0 drivers
o00000000065f05e8 .functor BUFZ 1, C4<z>; HiZ drive
v0000000006643bd0_0 .net "TRIM7", 0 0, o00000000065f05e8;  0 drivers
o00000000065f0618 .functor BUFZ 1, C4<z>; HiZ drive
v00000000066443f0_0 .net "TRIM8", 0 0, o00000000065f0618;  0 drivers
o00000000065f0648 .functor BUFZ 1, C4<z>; HiZ drive
v0000000006644850_0 .net "TRIM9", 0 0, o00000000065f0648;  0 drivers
S_00000000065e72d0 .scope module, "SB_I2C" "SB_I2C" 2 2733;
 .timescale -12 -12;
    .port_info 0 /INPUT 1 "SBCLKI";
    .port_info 1 /INPUT 1 "SBRWI";
    .port_info 2 /INPUT 1 "SBSTBI";
    .port_info 3 /INPUT 1 "SBADRI7";
    .port_info 4 /INPUT 1 "SBADRI6";
    .port_info 5 /INPUT 1 "SBADRI5";
    .port_info 6 /INPUT 1 "SBADRI4";
    .port_info 7 /INPUT 1 "SBADRI3";
    .port_info 8 /INPUT 1 "SBADRI2";
    .port_info 9 /INPUT 1 "SBADRI1";
    .port_info 10 /INPUT 1 "SBADRI0";
    .port_info 11 /INPUT 1 "SBDATI7";
    .port_info 12 /INPUT 1 "SBDATI6";
    .port_info 13 /INPUT 1 "SBDATI5";
    .port_info 14 /INPUT 1 "SBDATI4";
    .port_info 15 /INPUT 1 "SBDATI3";
    .port_info 16 /INPUT 1 "SBDATI2";
    .port_info 17 /INPUT 1 "SBDATI1";
    .port_info 18 /INPUT 1 "SBDATI0";
    .port_info 19 /INPUT 1 "SCLI";
    .port_info 20 /INPUT 1 "SDAI";
    .port_info 21 /OUTPUT 1 "SBDATO7";
    .port_info 22 /OUTPUT 1 "SBDATO6";
    .port_info 23 /OUTPUT 1 "SBDATO5";
    .port_info 24 /OUTPUT 1 "SBDATO4";
    .port_info 25 /OUTPUT 1 "SBDATO3";
    .port_info 26 /OUTPUT 1 "SBDATO2";
    .port_info 27 /OUTPUT 1 "SBDATO1";
    .port_info 28 /OUTPUT 1 "SBDATO0";
    .port_info 29 /OUTPUT 1 "SBACKO";
    .port_info 30 /OUTPUT 1 "I2CIRQ";
    .port_info 31 /OUTPUT 1 "I2CWKUP";
    .port_info 32 /OUTPUT 1 "SCLO";
    .port_info 33 /OUTPUT 1 "SCLOE";
    .port_info 34 /OUTPUT 1 "SDAO";
    .port_info 35 /OUTPUT 1 "SDAOE";
P_000000000649e930 .param/str "BUS_ADDR74" 0 2 2772, "0b0001";
P_000000000649e968 .param/str "I2C_SLAVE_INIT_ADDR" 0 2 2771, "0b1111100001";
o00000000065f08e8 .functor BUFZ 1, C4<z>; HiZ drive
v0000000006644b70_0 .net "I2CIRQ", 0 0, o00000000065f08e8;  0 drivers
o00000000065f0918 .functor BUFZ 1, C4<z>; HiZ drive
v0000000006643c70_0 .net "I2CWKUP", 0 0, o00000000065f0918;  0 drivers
o00000000065f0948 .functor BUFZ 1, C4<z>; HiZ drive
v0000000006643d10_0 .net "SBACKO", 0 0, o00000000065f0948;  0 drivers
o00000000065f0978 .functor BUFZ 1, C4<z>; HiZ drive
v0000000006643270_0 .net "SBADRI0", 0 0, o00000000065f0978;  0 drivers
o00000000065f09a8 .functor BUFZ 1, C4<z>; HiZ drive
v0000000006642c30_0 .net "SBADRI1", 0 0, o00000000065f09a8;  0 drivers
o00000000065f09d8 .functor BUFZ 1, C4<z>; HiZ drive
v00000000066440d0_0 .net "SBADRI2", 0 0, o00000000065f09d8;  0 drivers
o00000000065f0a08 .functor BUFZ 1, C4<z>; HiZ drive
v0000000006643db0_0 .net "SBADRI3", 0 0, o00000000065f0a08;  0 drivers
o00000000065f0a38 .functor BUFZ 1, C4<z>; HiZ drive
v0000000006644c10_0 .net "SBADRI4", 0 0, o00000000065f0a38;  0 drivers
o00000000065f0a68 .functor BUFZ 1, C4<z>; HiZ drive
v0000000006644d50_0 .net "SBADRI5", 0 0, o00000000065f0a68;  0 drivers
o00000000065f0a98 .functor BUFZ 1, C4<z>; HiZ drive
v0000000006643ef0_0 .net "SBADRI6", 0 0, o00000000065f0a98;  0 drivers
o00000000065f0ac8 .functor BUFZ 1, C4<z>; HiZ drive
v0000000006644df0_0 .net "SBADRI7", 0 0, o00000000065f0ac8;  0 drivers
o00000000065f0af8 .functor BUFZ 1, C4<z>; HiZ drive
v00000000066438b0_0 .net "SBCLKI", 0 0, o00000000065f0af8;  0 drivers
o00000000065f0b28 .functor BUFZ 1, C4<z>; HiZ drive
v0000000006644e90_0 .net "SBDATI0", 0 0, o00000000065f0b28;  0 drivers
o00000000065f0b58 .functor BUFZ 1, C4<z>; HiZ drive
v0000000006644f30_0 .net "SBDATI1", 0 0, o00000000065f0b58;  0 drivers
o00000000065f0b88 .functor BUFZ 1, C4<z>; HiZ drive
v0000000006642f50_0 .net "SBDATI2", 0 0, o00000000065f0b88;  0 drivers
o00000000065f0bb8 .functor BUFZ 1, C4<z>; HiZ drive
v0000000006644fd0_0 .net "SBDATI3", 0 0, o00000000065f0bb8;  0 drivers
o00000000065f0be8 .functor BUFZ 1, C4<z>; HiZ drive
v00000000066429b0_0 .net "SBDATI4", 0 0, o00000000065f0be8;  0 drivers
o00000000065f0c18 .functor BUFZ 1, C4<z>; HiZ drive
v0000000006643090_0 .net "SBDATI5", 0 0, o00000000065f0c18;  0 drivers
o00000000065f0c48 .functor BUFZ 1, C4<z>; HiZ drive
v0000000006642af0_0 .net "SBDATI6", 0 0, o00000000065f0c48;  0 drivers
o00000000065f0c78 .functor BUFZ 1, C4<z>; HiZ drive
v0000000006643630_0 .net "SBDATI7", 0 0, o00000000065f0c78;  0 drivers
o00000000065f0ca8 .functor BUFZ 1, C4<z>; HiZ drive
v00000000066431d0_0 .net "SBDATO0", 0 0, o00000000065f0ca8;  0 drivers
o00000000065f0cd8 .functor BUFZ 1, C4<z>; HiZ drive
v00000000066434f0_0 .net "SBDATO1", 0 0, o00000000065f0cd8;  0 drivers
o00000000065f0d08 .functor BUFZ 1, C4<z>; HiZ drive
v0000000006643f90_0 .net "SBDATO2", 0 0, o00000000065f0d08;  0 drivers
o00000000065f0d38 .functor BUFZ 1, C4<z>; HiZ drive
v0000000006642cd0_0 .net "SBDATO3", 0 0, o00000000065f0d38;  0 drivers
o00000000065f0d68 .functor BUFZ 1, C4<z>; HiZ drive
v00000000066494e0_0 .net "SBDATO4", 0 0, o00000000065f0d68;  0 drivers
o00000000065f0d98 .functor BUFZ 1, C4<z>; HiZ drive
v000000000664a160_0 .net "SBDATO5", 0 0, o00000000065f0d98;  0 drivers
o00000000065f0dc8 .functor BUFZ 1, C4<z>; HiZ drive
v00000000066493a0_0 .net "SBDATO6", 0 0, o00000000065f0dc8;  0 drivers
o00000000065f0df8 .functor BUFZ 1, C4<z>; HiZ drive
v000000000664a840_0 .net "SBDATO7", 0 0, o00000000065f0df8;  0 drivers
o00000000065f0e28 .functor BUFZ 1, C4<z>; HiZ drive
v0000000006649da0_0 .net "SBRWI", 0 0, o00000000065f0e28;  0 drivers
o00000000065f0e58 .functor BUFZ 1, C4<z>; HiZ drive
v000000000664a520_0 .net "SBSTBI", 0 0, o00000000065f0e58;  0 drivers
o00000000065f0e88 .functor BUFZ 1, C4<z>; HiZ drive
v0000000006649260_0 .net "SCLI", 0 0, o00000000065f0e88;  0 drivers
o00000000065f0eb8 .functor BUFZ 1, C4<z>; HiZ drive
v00000000066491c0_0 .net "SCLO", 0 0, o00000000065f0eb8;  0 drivers
o00000000065f0ee8 .functor BUFZ 1, C4<z>; HiZ drive
v000000000664a020_0 .net "SCLOE", 0 0, o00000000065f0ee8;  0 drivers
o00000000065f0f18 .functor BUFZ 1, C4<z>; HiZ drive
v0000000006649bc0_0 .net "SDAI", 0 0, o00000000065f0f18;  0 drivers
o00000000065f0f48 .functor BUFZ 1, C4<z>; HiZ drive
v0000000006649c60_0 .net "SDAO", 0 0, o00000000065f0f48;  0 drivers
o00000000065f0f78 .functor BUFZ 1, C4<z>; HiZ drive
v0000000006649940_0 .net "SDAOE", 0 0, o00000000065f0f78;  0 drivers
S_00000000065e6fb0 .scope module, "SB_IO_I3C" "SB_IO_I3C" 2 2862;
 .timescale -12 -12;
    .port_info 0 /INOUT 1 "PACKAGE_PIN";
    .port_info 1 /INPUT 1 "LATCH_INPUT_VALUE";
    .port_info 2 /INPUT 1 "CLOCK_ENABLE";
    .port_info 3 /INPUT 1 "INPUT_CLK";
    .port_info 4 /INPUT 1 "OUTPUT_CLK";
    .port_info 5 /INPUT 1 "OUTPUT_ENABLE";
    .port_info 6 /INPUT 1 "D_OUT_0";
    .port_info 7 /INPUT 1 "D_OUT_1";
    .port_info 8 /OUTPUT 1 "D_IN_0";
    .port_info 9 /OUTPUT 1 "D_IN_1";
    .port_info 10 /INPUT 1 "PU_ENB";
    .port_info 11 /INPUT 1 "WEAK_PU_ENB";
P_00000000063a7900 .param/str "IO_STANDARD" 0 2 2880, "SB_LVCMOS";
P_00000000063a7938 .param/l "NEG_TRIGGER" 0 2 2879, C4<0>;
P_00000000063a7970 .param/l "PIN_TYPE" 0 2 2876, C4<000000>;
P_00000000063a79a8 .param/l "PULLUP" 0 2 2877, C4<0>;
P_00000000063a79e0 .param/l "WEAK_PULLUP" 0 2 2878, C4<0>;
L_0000000006550630 .functor BUFZ 1, v00000000066496c0_0, C4<0>, C4<0>, C4<0>;
L_0000000006551200 .functor BUFZ 1, v00000000066498a0_0, C4<0>, C4<0>, C4<0>;
o00000000065f1668 .functor BUFZ 1, C4<z>; HiZ drive
v0000000006649760_0 .net "CLOCK_ENABLE", 0 0, o00000000065f1668;  0 drivers
v0000000006649800_0 .net "D_IN_0", 0 0, L_0000000006550630;  1 drivers
v0000000006649440_0 .net "D_IN_1", 0 0, L_0000000006551200;  1 drivers
o00000000065f16f8 .functor BUFZ 1, C4<z>; HiZ drive
v0000000006649b20_0 .net "D_OUT_0", 0 0, o00000000065f16f8;  0 drivers
o00000000065f1728 .functor BUFZ 1, C4<z>; HiZ drive
v000000000664a0c0_0 .net "D_OUT_1", 0 0, o00000000065f1728;  0 drivers
o00000000065f1758 .functor BUFZ 1, C4<z>; HiZ drive
v0000000006649580_0 .net "INPUT_CLK", 0 0, o00000000065f1758;  0 drivers
o00000000065f1788 .functor BUFZ 1, C4<z>; HiZ drive
v0000000006649620_0 .net "LATCH_INPUT_VALUE", 0 0, o00000000065f1788;  0 drivers
o00000000065f17b8 .functor BUFZ 1, C4<z>; HiZ drive
v000000000664a200_0 .net "OUTPUT_CLK", 0 0, o00000000065f17b8;  0 drivers
o00000000065f17e8 .functor BUFZ 1, C4<z>; HiZ drive
v000000000664a2a0_0 .net "OUTPUT_ENABLE", 0 0, o00000000065f17e8;  0 drivers
o00000000065f1818 .functor BUFZ 1, C4<z>; HiZ drive
v0000000006649e40_0 .net "PACKAGE_PIN", 0 0, o00000000065f1818;  0 drivers
o00000000065f1848 .functor BUFZ 1, C4<z>; HiZ drive
v0000000006649300_0 .net "PU_ENB", 0 0, o00000000065f1848;  0 drivers
o00000000065f1878 .functor BUFZ 1, C4<z>; HiZ drive
v000000000664a3e0_0 .net "WEAK_PU_ENB", 0 0, o00000000065f1878;  0 drivers
v00000000066496c0_0 .var "din_0", 0 0;
v00000000066498a0_0 .var "din_1", 0 0;
v000000000664a700_0 .var "din_q_0", 0 0;
v0000000006649ee0_0 .var "din_q_1", 0 0;
v000000000664a340_0 .var "dout", 0 0;
v000000000664a480_0 .var "dout_q_0", 0 0;
v0000000006649f80_0 .var "dout_q_1", 0 0;
v000000000664a7a0_0 .var "outclk_delayed_1", 0 0;
v00000000066499e0_0 .var "outclk_delayed_2", 0 0;
v000000000664a5c0_0 .var "outena_q", 0 0;
E_00000000065b2300 .event anyedge, v00000000066499e0_0, v000000000664a480_0, v0000000006649f80_0;
E_00000000065b2b40 .event anyedge, v000000000664a7a0_0;
E_00000000065b2c80 .event anyedge, v000000000664a200_0;
E_00000000065b2c40 .event anyedge, v000000000664a700_0, v0000000006649ee0_0;
S_0000000006441f80 .scope generate, "genblk1" "genblk1" 2 2888, 2 2888 0, S_00000000065e6fb0;
 .timescale -12 -12;
E_00000000065b2b80 .event posedge, v000000000664a200_0;
E_00000000065b2580 .event negedge, v000000000664a200_0;
E_00000000065b2f00 .event negedge, v0000000006649580_0;
E_00000000065b2e00 .event posedge, v0000000006649580_0;
S_00000000065e7140 .scope module, "SB_IO_OD" "SB_IO_OD" 2 2931;
 .timescale -12 -12;
    .port_info 0 /INOUT 1 "PACKAGEPIN";
    .port_info 1 /INPUT 1 "LATCHINPUTVALUE";
    .port_info 2 /INPUT 1 "CLOCKENABLE";
    .port_info 3 /INPUT 1 "INPUTCLK";
    .port_info 4 /INPUT 1 "OUTPUTCLK";
    .port_info 5 /INPUT 1 "OUTPUTENABLE";
    .port_info 6 /INPUT 1 "DOUT1";
    .port_info 7 /INPUT 1 "DOUT0";
    .port_info 8 /OUTPUT 1 "DIN1";
    .port_info 9 /OUTPUT 1 "DIN0";
P_000000000649e430 .param/l "NEG_TRIGGER" 0 2 2944, C4<0>;
P_000000000649e468 .param/l "PIN_TYPE" 0 2 2943, C4<000000>;
L_0000000006550fd0 .functor BUFZ 1, v0000000006648a40_0, C4<0>, C4<0>, C4<0>;
L_0000000006550e80 .functor BUFZ 1, v00000000066484a0_0, C4<0>, C4<0>, C4<0>;
o00000000065f1cc8 .functor BUFZ 1, C4<z>; HiZ drive
v0000000006649d00_0 .net "CLOCKENABLE", 0 0, o00000000065f1cc8;  0 drivers
v0000000006649a80_0 .net "DIN0", 0 0, L_0000000006550fd0;  1 drivers
v000000000664a660_0 .net "DIN1", 0 0, L_0000000006550e80;  1 drivers
o00000000065f1d58 .functor BUFZ 1, C4<z>; HiZ drive
v0000000006646ba0_0 .net "DOUT0", 0 0, o00000000065f1d58;  0 drivers
o00000000065f1d88 .functor BUFZ 1, C4<z>; HiZ drive
v0000000006649120_0 .net "DOUT1", 0 0, o00000000065f1d88;  0 drivers
o00000000065f1db8 .functor BUFZ 1, C4<z>; HiZ drive
v00000000066473c0_0 .net "INPUTCLK", 0 0, o00000000065f1db8;  0 drivers
o00000000065f1de8 .functor BUFZ 1, C4<z>; HiZ drive
v0000000006647aa0_0 .net "LATCHINPUTVALUE", 0 0, o00000000065f1de8;  0 drivers
o00000000065f1e18 .functor BUFZ 1, C4<z>; HiZ drive
v0000000006647780_0 .net "OUTPUTCLK", 0 0, o00000000065f1e18;  0 drivers
o00000000065f1e48 .functor BUFZ 1, C4<z>; HiZ drive
v0000000006646c40_0 .net "OUTPUTENABLE", 0 0, o00000000065f1e48;  0 drivers
o00000000065f1e78 .functor BUFZ 1, C4<z>; HiZ drive
v0000000006648360_0 .net "PACKAGEPIN", 0 0, o00000000065f1e78;  0 drivers
v0000000006648a40_0 .var "din_0", 0 0;
v00000000066484a0_0 .var "din_1", 0 0;
v0000000006646ce0_0 .var "din_q_0", 0 0;
v0000000006648e00_0 .var "din_q_1", 0 0;
v0000000006648220_0 .var "dout", 0 0;
v0000000006648ea0_0 .var "dout_q_0", 0 0;
v00000000066480e0_0 .var "dout_q_1", 0 0;
v0000000006646ec0_0 .var "outclk_delayed_1", 0 0;
v0000000006647820_0 .var "outclk_delayed_2", 0 0;
v0000000006647fa0_0 .var "outena_q", 0 0;
E_00000000065b2bc0 .event anyedge, v0000000006647820_0, v0000000006648ea0_0, v00000000066480e0_0;
E_00000000065b2540 .event anyedge, v0000000006646ec0_0;
E_00000000065b3180 .event anyedge, v0000000006647780_0;
E_00000000065b2d00 .event anyedge, v0000000006646ce0_0, v0000000006648e00_0;
S_0000000006442f20 .scope generate, "genblk1" "genblk1" 2 2952, 2 2952 0, S_00000000065e7140;
 .timescale -12 -12;
E_00000000065b2c00 .event posedge, v0000000006647780_0;
E_00000000065b2cc0 .event negedge, v0000000006647780_0;
E_00000000065b30c0 .event negedge, v00000000066473c0_0;
E_00000000065b2480 .event posedge, v00000000066473c0_0;
S_00000000065e7460 .scope module, "SB_LEDDA_IP" "SB_LEDDA_IP" 2 2830;
 .timescale -12 -12;
    .port_info 0 /INPUT 1 "LEDDCS";
    .port_info 1 /INPUT 1 "LEDDCLK";
    .port_info 2 /INPUT 1 "LEDDDAT7";
    .port_info 3 /INPUT 1 "LEDDDAT6";
    .port_info 4 /INPUT 1 "LEDDDAT5";
    .port_info 5 /INPUT 1 "LEDDDAT4";
    .port_info 6 /INPUT 1 "LEDDDAT3";
    .port_info 7 /INPUT 1 "LEDDDAT2";
    .port_info 8 /INPUT 1 "LEDDDAT1";
    .port_info 9 /INPUT 1 "LEDDDAT0";
    .port_info 10 /INPUT 1 "LEDDADDR3";
    .port_info 11 /INPUT 1 "LEDDADDR2";
    .port_info 12 /INPUT 1 "LEDDADDR1";
    .port_info 13 /INPUT 1 "LEDDADDR0";
    .port_info 14 /INPUT 1 "LEDDDEN";
    .port_info 15 /INPUT 1 "LEDDEXE";
    .port_info 16 /INPUT 1 "LEDDRST";
    .port_info 17 /OUTPUT 1 "PWMOUT0";
    .port_info 18 /OUTPUT 1 "PWMOUT1";
    .port_info 19 /OUTPUT 1 "PWMOUT2";
    .port_info 20 /OUTPUT 1 "LEDDON";
o00000000065f2268 .functor BUFZ 1, C4<z>; HiZ drive
v0000000006647b40_0 .net "LEDDADDR0", 0 0, o00000000065f2268;  0 drivers
o00000000065f2298 .functor BUFZ 1, C4<z>; HiZ drive
v0000000006647be0_0 .net "LEDDADDR1", 0 0, o00000000065f2298;  0 drivers
o00000000065f22c8 .functor BUFZ 1, C4<z>; HiZ drive
v00000000066478c0_0 .net "LEDDADDR2", 0 0, o00000000065f22c8;  0 drivers
o00000000065f22f8 .functor BUFZ 1, C4<z>; HiZ drive
v00000000066482c0_0 .net "LEDDADDR3", 0 0, o00000000065f22f8;  0 drivers
o00000000065f2328 .functor BUFZ 1, C4<z>; HiZ drive
v0000000006647960_0 .net "LEDDCLK", 0 0, o00000000065f2328;  0 drivers
o00000000065f2358 .functor BUFZ 1, C4<z>; HiZ drive
v0000000006647460_0 .net "LEDDCS", 0 0, o00000000065f2358;  0 drivers
o00000000065f2388 .functor BUFZ 1, C4<z>; HiZ drive
v0000000006648180_0 .net "LEDDDAT0", 0 0, o00000000065f2388;  0 drivers
o00000000065f23b8 .functor BUFZ 1, C4<z>; HiZ drive
v0000000006648540_0 .net "LEDDDAT1", 0 0, o00000000065f23b8;  0 drivers
o00000000065f23e8 .functor BUFZ 1, C4<z>; HiZ drive
v0000000006647000_0 .net "LEDDDAT2", 0 0, o00000000065f23e8;  0 drivers
o00000000065f2418 .functor BUFZ 1, C4<z>; HiZ drive
v0000000006648720_0 .net "LEDDDAT3", 0 0, o00000000065f2418;  0 drivers
o00000000065f2448 .functor BUFZ 1, C4<z>; HiZ drive
v00000000066487c0_0 .net "LEDDDAT4", 0 0, o00000000065f2448;  0 drivers
o00000000065f2478 .functor BUFZ 1, C4<z>; HiZ drive
v0000000006648ae0_0 .net "LEDDDAT5", 0 0, o00000000065f2478;  0 drivers
o00000000065f24a8 .functor BUFZ 1, C4<z>; HiZ drive
v0000000006648400_0 .net "LEDDDAT6", 0 0, o00000000065f24a8;  0 drivers
o00000000065f24d8 .functor BUFZ 1, C4<z>; HiZ drive
v00000000066471e0_0 .net "LEDDDAT7", 0 0, o00000000065f24d8;  0 drivers
o00000000065f2508 .functor BUFZ 1, C4<z>; HiZ drive
v00000000066470a0_0 .net "LEDDDEN", 0 0, o00000000065f2508;  0 drivers
o00000000065f2538 .functor BUFZ 1, C4<z>; HiZ drive
v0000000006648b80_0 .net "LEDDEXE", 0 0, o00000000065f2538;  0 drivers
o00000000065f2568 .functor BUFZ 1, C4<z>; HiZ drive
v0000000006647a00_0 .net "LEDDON", 0 0, o00000000065f2568;  0 drivers
o00000000065f2598 .functor BUFZ 1, C4<z>; HiZ drive
v0000000006647500_0 .net "LEDDRST", 0 0, o00000000065f2598;  0 drivers
o00000000065f25c8 .functor BUFZ 1, C4<z>; HiZ drive
v0000000006646d80_0 .net "PWMOUT0", 0 0, o00000000065f25c8;  0 drivers
o00000000065f25f8 .functor BUFZ 1, C4<z>; HiZ drive
v0000000006646f60_0 .net "PWMOUT1", 0 0, o00000000065f25f8;  0 drivers
o00000000065f2628 .functor BUFZ 1, C4<z>; HiZ drive
v00000000066485e0_0 .net "PWMOUT2", 0 0, o00000000065f2628;  0 drivers
S_00000000065e75f0 .scope module, "SB_LED_DRV_CUR" "SB_LED_DRV_CUR" 2 2709;
 .timescale -12 -12;
    .port_info 0 /INPUT 1 "EN";
    .port_info 1 /OUTPUT 1 "LEDPU";
o00000000065f2a48 .functor BUFZ 1, C4<z>; HiZ drive
v0000000006647140_0 .net "EN", 0 0, o00000000065f2a48;  0 drivers
o00000000065f2a78 .functor BUFZ 1, C4<z>; HiZ drive
v0000000006648c20_0 .net "LEDPU", 0 0, o00000000065f2a78;  0 drivers
S_00000000065e6c90 .scope module, "SB_LFOSC" "SB_LFOSC" 2 2684;
 .timescale -12 -12;
    .port_info 0 /INPUT 1 "CLKLFPU";
    .port_info 1 /INPUT 1 "CLKLFEN";
    .port_info 2 /OUTPUT 1 "CLKLF";
o00000000065f2b08 .functor BUFZ 1, C4<z>; HiZ drive
v0000000006647320_0 .net "CLKLF", 0 0, o00000000065f2b08;  0 drivers
o00000000065f2b38 .functor BUFZ 1, C4<z>; HiZ drive
v0000000006647c80_0 .net "CLKLFEN", 0 0, o00000000065f2b38;  0 drivers
o00000000065f2b68 .functor BUFZ 1, C4<z>; HiZ drive
v0000000006648900_0 .net "CLKLFPU", 0 0, o00000000065f2b68;  0 drivers
S_00000000065e7910 .scope module, "SB_LUT4" "SB_LUT4" 2 177;
 .timescale -12 -12;
    .port_info 0 /OUTPUT 1 "O";
    .port_info 1 /INPUT 1 "I0";
    .port_info 2 /INPUT 1 "I1";
    .port_info 3 /INPUT 1 "I2";
    .port_info 4 /INPUT 1 "I3";
P_00000000065b12c0 .param/l "LUT_INIT" 0 2 184, C4<0000000000000000>;
o00000000065f2c28 .functor BUFZ 1, C4<z>; HiZ drive
v0000000006648680_0 .net "I0", 0 0, o00000000065f2c28;  0 drivers
o00000000065f2c58 .functor BUFZ 1, C4<z>; HiZ drive
v00000000066469c0_0 .net "I1", 0 0, o00000000065f2c58;  0 drivers
o00000000065f2c88 .functor BUFZ 1, C4<z>; HiZ drive
v0000000006648f40_0 .net "I2", 0 0, o00000000065f2c88;  0 drivers
o00000000065f2cb8 .functor BUFZ 1, C4<z>; HiZ drive
v00000000066475a0_0 .net "I3", 0 0, o00000000065f2cb8;  0 drivers
v0000000006647280_0 .net "O", 0 0, L_00000000066dfae0;  1 drivers
L_00000000066863d0 .functor BUFT 1, C4<00000000>, C4<0>, C4<0>, C4<0>;
v0000000006648860_0 .net/2u *"_ivl_0", 7 0, L_00000000066863d0;  1 drivers
v00000000066489a0_0 .net *"_ivl_13", 1 0, L_00000000066df9a0;  1 drivers
v0000000006648fe0_0 .net *"_ivl_15", 1 0, L_00000000066dfc20;  1 drivers
v0000000006649080_0 .net *"_ivl_19", 0 0, L_00000000066df220;  1 drivers
L_0000000006686418 .functor BUFT 1, C4<00000000>, C4<0>, C4<0>, C4<0>;
v0000000006648cc0_0 .net/2u *"_ivl_2", 7 0, L_0000000006686418;  1 drivers
v0000000006647d20_0 .net *"_ivl_21", 0 0, L_00000000066df7c0;  1 drivers
v0000000006648d60_0 .net *"_ivl_7", 3 0, L_00000000066de280;  1 drivers
v0000000006646a60_0 .net *"_ivl_9", 3 0, L_00000000066df900;  1 drivers
v0000000006646e20_0 .net "s1", 1 0, L_00000000066dfcc0;  1 drivers
v0000000006647640_0 .net "s2", 3 0, L_00000000066dedc0;  1 drivers
v0000000006646b00_0 .net "s3", 7 0, L_00000000066dfb80;  1 drivers
L_00000000066dfb80 .functor MUXZ 8, L_0000000006686418, L_00000000066863d0, o00000000065f2cb8, C4<>;
L_00000000066de280 .part L_00000000066dfb80, 4, 4;
L_00000000066df900 .part L_00000000066dfb80, 0, 4;
L_00000000066dedc0 .functor MUXZ 4, L_00000000066df900, L_00000000066de280, o00000000065f2c88, C4<>;
L_00000000066df9a0 .part L_00000000066dedc0, 2, 2;
L_00000000066dfc20 .part L_00000000066dedc0, 0, 2;
L_00000000066dfcc0 .functor MUXZ 2, L_00000000066dfc20, L_00000000066df9a0, o00000000065f2c58, C4<>;
L_00000000066df220 .part L_00000000066dfcc0, 1, 1;
L_00000000066df7c0 .part L_00000000066dfcc0, 0, 1;
L_00000000066dfae0 .functor MUXZ 1, L_00000000066df7c0, L_00000000066df220, o00000000065f2c28, C4<>;
S_00000000065e7780 .scope module, "SB_MAC16" "SB_MAC16" 2 2996;
 .timescale -12 -12;
    .port_info 0 /INPUT 1 "CLK";
    .port_info 1 /INPUT 1 "CE";
    .port_info 2 /INPUT 16 "C";
    .port_info 3 /INPUT 16 "A";
    .port_info 4 /INPUT 16 "B";
    .port_info 5 /INPUT 16 "D";
    .port_info 6 /INPUT 1 "AHOLD";
    .port_info 7 /INPUT 1 "BHOLD";
    .port_info 8 /INPUT 1 "CHOLD";
    .port_info 9 /INPUT 1 "DHOLD";
    .port_info 10 /INPUT 1 "IRSTTOP";
    .port_info 11 /INPUT 1 "IRSTBOT";
    .port_info 12 /INPUT 1 "ORSTTOP";
    .port_info 13 /INPUT 1 "ORSTBOT";
    .port_info 14 /INPUT 1 "OLOADTOP";
    .port_info 15 /INPUT 1 "OLOADBOT";
    .port_info 16 /INPUT 1 "ADDSUBTOP";
    .port_info 17 /INPUT 1 "ADDSUBBOT";
    .port_info 18 /INPUT 1 "OHOLDTOP";
    .port_info 19 /INPUT 1 "OHOLDBOT";
    .port_info 20 /INPUT 1 "CI";
    .port_info 21 /INPUT 1 "ACCUMCI";
    .port_info 22 /INPUT 1 "SIGNEXTIN";
    .port_info 23 /OUTPUT 32 "O";
    .port_info 24 /OUTPUT 1 "CO";
    .port_info 25 /OUTPUT 1 "ACCUMCO";
    .port_info 26 /OUTPUT 1 "SIGNEXTOUT";
P_00000000062fa600 .param/l "A_REG" 0 2 3011, C4<0>;
P_00000000062fa638 .param/l "A_SIGNED" 0 2 3027, C4<0>;
P_00000000062fa670 .param/l "BOTADDSUB_CARRYSELECT" 0 2 3025, C4<00>;
P_00000000062fa6a8 .param/l "BOTADDSUB_LOWERINPUT" 0 2 3023, C4<00>;
P_00000000062fa6e0 .param/l "BOTADDSUB_UPPERINPUT" 0 2 3024, C4<0>;
P_00000000062fa718 .param/l "BOTOUTPUT_SELECT" 0 2 3022, C4<00>;
P_00000000062fa750 .param/l "BOT_8x8_MULT_REG" 0 2 3015, C4<0>;
P_00000000062fa788 .param/l "B_REG" 0 2 3012, C4<0>;
P_00000000062fa7c0 .param/l "B_SIGNED" 0 2 3028, C4<0>;
P_00000000062fa7f8 .param/l "C_REG" 0 2 3010, C4<0>;
P_00000000062fa830 .param/l "D_REG" 0 2 3013, C4<0>;
P_00000000062fa868 .param/l "MODE_8x8" 0 2 3026, C4<0>;
P_00000000062fa8a0 .param/l "NEG_TRIGGER" 0 2 3009, C4<0>;
P_00000000062fa8d8 .param/l "PIPELINE_16x16_MULT_REG1" 0 2 3016, C4<0>;
P_00000000062fa910 .param/l "PIPELINE_16x16_MULT_REG2" 0 2 3017, C4<0>;
P_00000000062fa948 .param/l "TOPADDSUB_CARRYSELECT" 0 2 3021, C4<00>;
P_00000000062fa980 .param/l "TOPADDSUB_LOWERINPUT" 0 2 3019, C4<00>;
P_00000000062fa9b8 .param/l "TOPADDSUB_UPPERINPUT" 0 2 3020, C4<0>;
P_00000000062fa9f0 .param/l "TOPOUTPUT_SELECT" 0 2 3018, C4<00>;
P_00000000062faa28 .param/l "TOP_8x8_MULT_REG" 0 2 3014, C4<0>;
o00000000065f3318 .functor BUFZ 1, C4<z>; HiZ drive
L_0000000006686460 .functor BUFT 1, C4<0>, C4<0>, C4<0>, C4<0>;
L_0000000006550400 .functor XOR 1, o00000000065f3318, L_0000000006686460, C4<0>, C4<0>;
o00000000065f3258 .functor BUFZ 16, C4<zzzzzzzzzzzzzzzz>; HiZ drive
L_0000000006551c80 .functor BUFZ 16, o00000000065f3258, C4<0000000000000000>, C4<0000000000000000>, C4<0000000000000000>;
o00000000065f3018 .functor BUFZ 16, C4<zzzzzzzzzzzzzzzz>; HiZ drive
L_0000000006550390 .functor BUFZ 16, o00000000065f3018, C4<0000000000000000>, C4<0000000000000000>, C4<0000000000000000>;
o00000000065f3198 .functor BUFZ 16, C4<zzzzzzzzzzzzzzzz>; HiZ drive
L_0000000006550a90 .functor BUFZ 16, o00000000065f3198, C4<0000000000000000>, C4<0000000000000000>, C4<0000000000000000>;
o00000000065f3378 .functor BUFZ 16, C4<zzzzzzzzzzzzzzzz>; HiZ drive
L_0000000006551350 .functor BUFZ 16, o00000000065f3378, C4<0000000000000000>, C4<0000000000000000>, C4<0000000000000000>;
L_0000000006550b00 .functor BUFZ 16, L_00000000066de500, C4<0000000000000000>, C4<0000000000000000>, C4<0000000000000000>;
L_0000000006550b70 .functor BUFZ 16, L_00000000066dfd60, C4<0000000000000000>, C4<0000000000000000>, C4<0000000000000000>;
L_0000000006550470 .functor BUFZ 16, L_00000000066e0620, C4<0000000000000000>, C4<0000000000000000>, C4<0000000000000000>;
L_00000000065517b0 .functor BUFZ 16, L_00000000066df040, C4<0000000000000000>, C4<0000000000000000>, C4<0000000000000000>;
L_0000000006551740 .functor BUFZ 32, L_00000000066df540, C4<00000000000000000000000000000000>, C4<00000000000000000000000000000000>, C4<00000000000000000000000000000000>;
L_0000000006550be0 .functor BUFZ 16, v0000000006651190_0, C4<0000000000000000>, C4<0000000000000000>, C4<0000000000000000>;
L_00000000065504e0 .functor BUFZ 16, L_0000000006550390, C4<0000000000000000>, C4<0000000000000000>, C4<0000000000000000>;
L_0000000006551040 .functor XOR 17, L_00000000066de780, L_00000000066de820, C4<00000000000000000>, C4<00000000000000000>;
o00000000065f30d8 .functor BUFZ 1, C4<z>; HiZ drive
L_00000000065510b0 .functor XOR 1, L_00000000066deaa0, o00000000065f30d8, C4<0>, C4<0>;
L_00000000065506a0 .functor XOR 16, L_00000000066defa0, L_00000000066dec80, C4<0000000000000000>, C4<0000000000000000>;
L_00000000065513c0 .functor BUFZ 16, L_00000000066e0580, C4<0000000000000000>, C4<0000000000000000>, C4<0000000000000000>;
L_0000000006550550 .functor BUFZ 16, v00000000066510f0_0, C4<0000000000000000>, C4<0000000000000000>, C4<0000000000000000>;
L_0000000006550d30 .functor BUFZ 16, L_0000000006550a90, C4<0000000000000000>, C4<0000000000000000>, C4<0000000000000000>;
L_0000000006551cf0 .functor XOR 17, L_00000000066de460, L_00000000066de5a0, C4<00000000000000000>, C4<00000000000000000>;
L_00000000065505c0 .functor XOR 16, L_00000000066de0a0, L_00000000066df180, C4<0000000000000000>, C4<0000000000000000>;
L_0000000006550e10 .functor BUFZ 16, L_00000000066dea00, C4<0000000000000000>, C4<0000000000000000>, C4<0000000000000000>;
v00000000066476e0_0 .net "A", 15 0, o00000000065f3018;  0 drivers
o00000000065f3048 .functor BUFZ 1, C4<z>; HiZ drive
v0000000006647dc0_0 .net "ACCUMCI", 0 0, o00000000065f3048;  0 drivers
v0000000006647e60_0 .net "ACCUMCO", 0 0, L_00000000066deaa0;  1 drivers
o00000000065f30a8 .functor BUFZ 1, C4<z>; HiZ drive
v0000000006647f00_0 .net "ADDSUBBOT", 0 0, o00000000065f30a8;  0 drivers
v0000000006648040_0 .net "ADDSUBTOP", 0 0, o00000000065f30d8;  0 drivers
o00000000065f3108 .functor BUFZ 1, C4<z>; HiZ drive
v000000000664ceb0_0 .net "AHOLD", 0 0, o00000000065f3108;  0 drivers
v000000000664a9d0_0 .net "Ah", 15 0, L_00000000066dfa40;  1 drivers
v000000000664b8d0_0 .net "Al", 15 0, L_00000000066deb40;  1 drivers
v000000000664caf0_0 .net "B", 15 0, o00000000065f3198;  0 drivers
o00000000065f31c8 .functor BUFZ 1, C4<z>; HiZ drive
v000000000664ba10_0 .net "BHOLD", 0 0, o00000000065f31c8;  0 drivers
v000000000664c050_0 .net "Bh", 15 0, L_00000000066df400;  1 drivers
v000000000664b650_0 .net "Bl", 15 0, L_00000000066e0440;  1 drivers
v000000000664c550_0 .net "C", 15 0, o00000000065f3258;  0 drivers
o00000000065f3288 .functor BUFZ 1, C4<z>; HiZ drive
v000000000664d130_0 .net "CE", 0 0, o00000000065f3288;  0 drivers
o00000000065f32b8 .functor BUFZ 1, C4<z>; HiZ drive
v000000000664b6f0_0 .net "CHOLD", 0 0, o00000000065f32b8;  0 drivers
o00000000065f32e8 .functor BUFZ 1, C4<z>; HiZ drive
v000000000664aed0_0 .net "CI", 0 0, o00000000065f32e8;  0 drivers
v000000000664ae30_0 .net "CLK", 0 0, o00000000065f3318;  0 drivers
v000000000664b3d0_0 .net "CO", 0 0, L_00000000065510b0;  1 drivers
v000000000664c5f0_0 .net "D", 15 0, o00000000065f3378;  0 drivers
o00000000065f33a8 .functor BUFZ 1, C4<z>; HiZ drive
v000000000664ad90_0 .net "DHOLD", 0 0, o00000000065f33a8;  0 drivers
L_00000000066869b8 .functor BUFT 1, C4<0>, C4<0>, C4<0>, C4<0>;
v000000000664af70_0 .net "HCI", 0 0, L_00000000066869b8;  1 drivers
o00000000065f3408 .functor BUFZ 1, C4<z>; HiZ drive
v000000000664b010_0 .net "IRSTBOT", 0 0, o00000000065f3408;  0 drivers
o00000000065f3438 .functor BUFZ 1, C4<z>; HiZ drive
v000000000664b290_0 .net "IRSTTOP", 0 0, o00000000065f3438;  0 drivers
L_0000000006686ad8 .functor BUFT 1, C4<0>, C4<0>, C4<0>, C4<0>;
v000000000664c910_0 .net "LCI", 0 0, L_0000000006686ad8;  1 drivers
v000000000664b970_0 .net "LCO", 0 0, L_00000000066e0760;  1 drivers
v000000000664bab0_0 .net "O", 31 0, L_00000000066dee60;  1 drivers
o00000000065f34f8 .functor BUFZ 1, C4<z>; HiZ drive
v000000000664c0f0_0 .net "OHOLDBOT", 0 0, o00000000065f34f8;  0 drivers
o00000000065f3528 .functor BUFZ 1, C4<z>; HiZ drive
v000000000664bb50_0 .net "OHOLDTOP", 0 0, o00000000065f3528;  0 drivers
o00000000065f3558 .functor BUFZ 1, C4<z>; HiZ drive
v000000000664bbf0_0 .net "OLOADBOT", 0 0, o00000000065f3558;  0 drivers
o00000000065f3588 .functor BUFZ 1, C4<z>; HiZ drive
v000000000664b510_0 .net "OLOADTOP", 0 0, o00000000065f3588;  0 drivers
o00000000065f35b8 .functor BUFZ 1, C4<z>; HiZ drive
v000000000664aa70_0 .net "ORSTBOT", 0 0, o00000000065f35b8;  0 drivers
o00000000065f35e8 .functor BUFZ 1, C4<z>; HiZ drive
v000000000664c370_0 .net "ORSTTOP", 0 0, o00000000065f35e8;  0 drivers
v000000000664ca50_0 .net "Oh", 15 0, L_00000000065513c0;  1 drivers
v000000000664bdd0_0 .net "Ol", 15 0, L_0000000006550e10;  1 drivers
o00000000065f3678 .functor BUFZ 1, C4<z>; HiZ drive
v000000000664ce10_0 .net "SIGNEXTIN", 0 0, o00000000065f3678;  0 drivers
v000000000664c230_0 .net "SIGNEXTOUT", 0 0, L_00000000066e06c0;  1 drivers
v000000000664cf50_0 .net "XW", 15 0, L_00000000066defa0;  1 drivers
v000000000664b150_0 .net "YZ", 15 0, L_00000000066de0a0;  1 drivers
v000000000664bc90_0 .net/2u *"_ivl_0", 0 0, L_0000000006686460;  1 drivers
v000000000664bfb0_0 .net *"_ivl_100", 31 0, L_00000000066de640;  1 drivers
L_0000000006686850 .functor BUFT 1, C4<0000000000000000>, C4<0>, C4<0>, C4<0>;
v000000000664cb90_0 .net *"_ivl_103", 15 0, L_0000000006686850;  1 drivers
v000000000664c9b0_0 .net *"_ivl_104", 31 0, L_00000000066df720;  1 drivers
v000000000664bd30_0 .net *"_ivl_106", 15 0, L_00000000066e0260;  1 drivers
L_0000000006686898 .functor BUFT 1, C4<0000000000000000>, C4<0>, C4<0>, C4<0>;
v000000000664be70_0 .net *"_ivl_108", 15 0, L_0000000006686898;  1 drivers
L_00000000066864a8 .functor BUFT 1, C4<00000000>, C4<0>, C4<0>, C4<0>;
v000000000664b0b0_0 .net/2u *"_ivl_12", 7 0, L_00000000066864a8;  1 drivers
v000000000664c4b0_0 .net *"_ivl_121", 16 0, L_00000000066de3c0;  1 drivers
L_00000000066868e0 .functor BUFT 1, C4<0>, C4<0>, C4<0>, C4<0>;
v000000000664b5b0_0 .net *"_ivl_124", 0 0, L_00000000066868e0;  1 drivers
v000000000664b830_0 .net *"_ivl_125", 16 0, L_00000000066de780;  1 drivers
L_0000000006686928 .functor BUFT 1, C4<0>, C4<0>, C4<0>, C4<0>;
v000000000664b470_0 .net *"_ivl_128", 0 0, L_0000000006686928;  1 drivers
v000000000664bf10_0 .net *"_ivl_129", 15 0, L_00000000066e0300;  1 drivers
v000000000664b1f0_0 .net *"_ivl_131", 16 0, L_00000000066de820;  1 drivers
L_0000000006686970 .functor BUFT 1, C4<0>, C4<0>, C4<0>, C4<0>;
v000000000664c730_0 .net *"_ivl_134", 0 0, L_0000000006686970;  1 drivers
v000000000664ab10_0 .net *"_ivl_135", 16 0, L_0000000006551040;  1 drivers
v000000000664c190_0 .net *"_ivl_137", 16 0, L_00000000066e03a0;  1 drivers
L_0000000006686da8 .functor BUFT 1, C4<00000000000000000>, C4<0>, C4<0>, C4<0>;
v000000000664c2d0_0 .net *"_ivl_139", 16 0, L_0000000006686da8;  1 drivers
v000000000664cc30_0 .net *"_ivl_143", 16 0, L_00000000066df680;  1 drivers
v000000000664ccd0_0 .net *"_ivl_147", 15 0, L_00000000066dec80;  1 drivers
v000000000664b330_0 .net *"_ivl_149", 15 0, L_00000000065506a0;  1 drivers
v000000000664b790_0 .net *"_ivl_15", 7 0, L_00000000066dfea0;  1 drivers
v000000000664c410_0 .net *"_ivl_168", 16 0, L_00000000066de140;  1 drivers
L_0000000006686a00 .functor BUFT 1, C4<0>, C4<0>, C4<0>, C4<0>;
v000000000664cd70_0 .net *"_ivl_171", 0 0, L_0000000006686a00;  1 drivers
v000000000664abb0_0 .net *"_ivl_172", 16 0, L_00000000066de460;  1 drivers
L_0000000006686a48 .functor BUFT 1, C4<0>, C4<0>, C4<0>, C4<0>;
v000000000664c690_0 .net *"_ivl_175", 0 0, L_0000000006686a48;  1 drivers
v000000000664cff0_0 .net *"_ivl_176", 15 0, L_00000000066def00;  1 drivers
v000000000664c7d0_0 .net *"_ivl_178", 16 0, L_00000000066de5a0;  1 drivers
L_00000000066864f0 .functor BUFT 1, C4<00000000>, C4<0>, C4<0>, C4<0>;
v000000000664ac50_0 .net/2u *"_ivl_18", 7 0, L_00000000066864f0;  1 drivers
L_0000000006686a90 .functor BUFT 1, C4<0>, C4<0>, C4<0>, C4<0>;
v000000000664c870_0 .net *"_ivl_181", 0 0, L_0000000006686a90;  1 drivers
v000000000664d090_0 .net *"_ivl_182", 16 0, L_0000000006551cf0;  1 drivers
v000000000664acf0_0 .net *"_ivl_184", 16 0, L_00000000066de960;  1 drivers
L_0000000006686df0 .functor BUFT 1, C4<00000000000000000>, C4<0>, C4<0>, C4<0>;
v000000000664f570_0 .net *"_ivl_186", 16 0, L_0000000006686df0;  1 drivers
v000000000664d270_0 .net *"_ivl_190", 16 0, L_00000000066e0800;  1 drivers
v000000000664e170_0 .net *"_ivl_192", 15 0, L_00000000066df180;  1 drivers
v000000000664f610_0 .net *"_ivl_194", 15 0, L_00000000065505c0;  1 drivers
v000000000664ddb0_0 .net *"_ivl_21", 7 0, L_00000000066de1e0;  1 drivers
L_0000000006686538 .functor BUFT 1, C4<00000000>, C4<0>, C4<0>, C4<0>;
v000000000664e210_0 .net/2u *"_ivl_24", 7 0, L_0000000006686538;  1 drivers
v000000000664ead0_0 .net *"_ivl_27", 7 0, L_00000000066df360;  1 drivers
L_0000000006686580 .functor BUFT 1, C4<00000000>, C4<0>, C4<0>, C4<0>;
v000000000664de50_0 .net/2u *"_ivl_30", 7 0, L_0000000006686580;  1 drivers
v000000000664f890_0 .net *"_ivl_33", 7 0, L_00000000066dff40;  1 drivers
L_00000000066865c8 .functor BUFT 1, C4<00000000>, C4<0>, C4<0>, C4<0>;
v000000000664ea30_0 .net/2u *"_ivl_38", 7 0, L_00000000066865c8;  1 drivers
v000000000664d310_0 .net *"_ivl_41", 7 0, L_00000000066debe0;  1 drivers
v000000000664d810_0 .net *"_ivl_42", 15 0, L_00000000066de8c0;  1 drivers
L_0000000006686610 .functor BUFT 1, C4<00000000>, C4<0>, C4<0>, C4<0>;
v000000000664f4d0_0 .net/2u *"_ivl_46", 7 0, L_0000000006686610;  1 drivers
v000000000664e990_0 .net *"_ivl_49", 7 0, L_00000000066dfe00;  1 drivers
v000000000664f2f0_0 .net *"_ivl_50", 15 0, L_00000000066df860;  1 drivers
L_0000000006686658 .functor BUFT 1, C4<00000000>, C4<0>, C4<0>, C4<0>;
v000000000664eb70_0 .net/2u *"_ivl_64", 7 0, L_0000000006686658;  1 drivers
L_00000000066866a0 .functor BUFT 1, C4<00000000>, C4<0>, C4<0>, C4<0>;
v000000000664ed50_0 .net/2u *"_ivl_68", 7 0, L_00000000066866a0;  1 drivers
v000000000664f7f0_0 .net *"_ivl_72", 31 0, L_00000000066df5e0;  1 drivers
L_00000000066866e8 .functor BUFT 1, C4<0000000000000000>, C4<0>, C4<0>, C4<0>;
v000000000664f930_0 .net *"_ivl_75", 15 0, L_00000000066866e8;  1 drivers
v000000000664d450_0 .net *"_ivl_76", 31 0, L_00000000066e04e0;  1 drivers
L_0000000006686730 .functor BUFT 1, C4<00000000>, C4<0>, C4<0>, C4<0>;
v000000000664def0_0 .net *"_ivl_79", 7 0, L_0000000006686730;  1 drivers
v000000000664ec10_0 .net *"_ivl_80", 31 0, L_00000000066e0120;  1 drivers
v000000000664e490_0 .net *"_ivl_82", 23 0, L_00000000066e0080;  1 drivers
L_0000000006686778 .functor BUFT 1, C4<00000000>, C4<0>, C4<0>, C4<0>;
v000000000664e2b0_0 .net *"_ivl_84", 7 0, L_0000000006686778;  1 drivers
v000000000664da90_0 .net *"_ivl_86", 31 0, L_00000000066df4a0;  1 drivers
v000000000664d8b0_0 .net *"_ivl_88", 31 0, L_00000000066ded20;  1 drivers
L_00000000066867c0 .functor BUFT 1, C4<00000000>, C4<0>, C4<0>, C4<0>;
v000000000664e710_0 .net *"_ivl_91", 7 0, L_00000000066867c0;  1 drivers
v000000000664ee90_0 .net *"_ivl_92", 31 0, L_00000000066df2c0;  1 drivers
v000000000664d3b0_0 .net *"_ivl_94", 23 0, L_00000000066df0e0;  1 drivers
L_0000000006686808 .functor BUFT 1, C4<00000000>, C4<0>, C4<0>, C4<0>;
v000000000664d1d0_0 .net *"_ivl_96", 7 0, L_0000000006686808;  1 drivers
v000000000664e0d0_0 .net *"_ivl_98", 31 0, L_00000000066e01c0;  1 drivers
v000000000664f250_0 .net "clock", 0 0, L_0000000006550400;  1 drivers
v000000000664e350_0 .net "iA", 15 0, L_0000000006550390;  1 drivers
v000000000664d4f0_0 .net "iB", 15 0, L_0000000006550a90;  1 drivers
v000000000664e3f0_0 .net "iC", 15 0, L_0000000006551c80;  1 drivers
v000000000664dc70_0 .net "iD", 15 0, L_0000000006551350;  1 drivers
v000000000664f390_0 .net "iF", 15 0, L_0000000006550b00;  1 drivers
v000000000664e5d0_0 .net "iG", 15 0, L_00000000065517b0;  1 drivers
v000000000664f6b0_0 .net "iH", 31 0, L_0000000006551740;  1 drivers
v000000000664d590_0 .net "iJ", 15 0, L_0000000006550b70;  1 drivers
v000000000664e8f0_0 .net "iJ_e", 23 0, L_00000000066de6e0;  1 drivers
v000000000664d6d0_0 .net "iK", 15 0, L_0000000006550470;  1 drivers
v000000000664ecb0_0 .net "iK_e", 23 0, L_00000000066dffe0;  1 drivers
v000000000664d950_0 .net "iL", 31 0, L_00000000066df540;  1 drivers
v000000000664e530_0 .net "iP", 15 0, L_00000000066e0580;  1 drivers
v000000000664d630_0 .net "iQ", 15 0, v0000000006651190_0;  1 drivers
v000000000664f110_0 .net "iR", 15 0, L_00000000066dea00;  1 drivers
v000000000664d770_0 .net "iS", 15 0, v00000000066510f0_0;  1 drivers
v000000000664edf0_0 .net "iW", 15 0, L_0000000006550be0;  1 drivers
v000000000664ef30_0 .net "iX", 15 0, L_00000000065504e0;  1 drivers
v000000000664efd0_0 .net "iY", 15 0, L_0000000006550550;  1 drivers
v000000000664d9f0_0 .net "iZ", 15 0, L_0000000006550d30;  1 drivers
v000000000664f070_0 .net "p_Ah_Bh", 15 0, L_00000000066de500;  1 drivers
v000000000664db30_0 .net "p_Ah_Bl", 15 0, L_00000000066e0620;  1 drivers
v000000000664f430_0 .net "p_Al_Bh", 15 0, L_00000000066dfd60;  1 drivers
v000000000664f1b0_0 .net "p_Al_Bl", 15 0, L_00000000066df040;  1 drivers
v000000000664dbd0_0 .var "rA", 15 0;
v000000000664dd10_0 .var "rB", 15 0;
v000000000664df90_0 .var "rC", 15 0;
v000000000664e030_0 .var "rD", 15 0;
v000000000664e670_0 .var "rF", 15 0;
v000000000664f750_0 .var "rG", 15 0;
v000000000664e7b0_0 .var "rH", 31 0;
v000000000664e850_0 .var "rJ", 15 0;
v0000000006650e70_0 .var "rK", 15 0;
v0000000006651190_0 .var "rQ", 15 0;
v00000000066510f0_0 .var "rS", 15 0;
E_00000000065b2f40 .event posedge, v000000000664aa70_0, v000000000664f250_0;
E_00000000065b2d40 .event posedge, v000000000664c370_0, v000000000664f250_0;
E_00000000065b22c0 .event posedge, v000000000664b010_0, v000000000664f250_0;
E_00000000065b2b00 .event posedge, v000000000664b290_0, v000000000664f250_0;
L_00000000066dfea0 .part L_0000000006550390, 8, 8;
L_00000000066dfa40 .concat [ 8 8 0 0], L_00000000066dfea0, L_00000000066864a8;
L_00000000066de1e0 .part L_0000000006550390, 0, 8;
L_00000000066deb40 .concat [ 8 8 0 0], L_00000000066de1e0, L_00000000066864f0;
L_00000000066df360 .part L_0000000006550a90, 8, 8;
L_00000000066df400 .concat [ 8 8 0 0], L_00000000066df360, L_0000000006686538;
L_00000000066dff40 .part L_0000000006550a90, 0, 8;
L_00000000066e0440 .concat [ 8 8 0 0], L_00000000066dff40, L_0000000006686580;
L_00000000066de500 .arith/mult 16, L_00000000066dfa40, L_00000000066df400;
L_00000000066debe0 .part L_00000000066deb40, 0, 8;
L_00000000066de8c0 .concat [ 8 8 0 0], L_00000000066debe0, L_00000000066865c8;
L_00000000066dfd60 .arith/mult 16, L_00000000066de8c0, L_00000000066df400;
L_00000000066dfe00 .part L_00000000066e0440, 0, 8;
L_00000000066df860 .concat [ 8 8 0 0], L_00000000066dfe00, L_0000000006686610;
L_00000000066e0620 .arith/mult 16, L_00000000066dfa40, L_00000000066df860;
L_00000000066df040 .arith/mult 16, L_00000000066deb40, L_00000000066e0440;
L_00000000066dffe0 .concat [ 16 8 0 0], L_0000000006550470, L_0000000006686658;
L_00000000066de6e0 .concat [ 16 8 0 0], L_0000000006550b70, L_00000000066866a0;
L_00000000066df5e0 .concat [ 16 16 0 0], L_00000000065517b0, L_00000000066866e8;
L_00000000066e04e0 .concat [ 24 8 0 0], L_00000000066dffe0, L_0000000006686730;
L_00000000066e0080 .part L_00000000066e04e0, 0, 24;
L_00000000066e0120 .concat [ 8 24 0 0], L_0000000006686778, L_00000000066e0080;
L_00000000066df4a0 .arith/sum 32, L_00000000066df5e0, L_00000000066e0120;
L_00000000066ded20 .concat [ 24 8 0 0], L_00000000066de6e0, L_00000000066867c0;
L_00000000066df0e0 .part L_00000000066ded20, 0, 24;
L_00000000066df2c0 .concat [ 8 24 0 0], L_0000000006686808, L_00000000066df0e0;
L_00000000066e01c0 .arith/sum 32, L_00000000066df4a0, L_00000000066df2c0;
L_00000000066de640 .concat [ 16 16 0 0], L_0000000006550b00, L_0000000006686850;
L_00000000066e0260 .part L_00000000066de640, 0, 16;
L_00000000066df720 .concat [ 16 16 0 0], L_0000000006686898, L_00000000066e0260;
L_00000000066df540 .arith/sum 32, L_00000000066e01c0, L_00000000066df720;
L_00000000066deaa0 .part L_00000000066df680, 16, 1;
L_00000000066defa0 .part L_00000000066df680, 0, 16;
L_00000000066de3c0 .concat [ 16 1 0 0], L_00000000065504e0, L_00000000066868e0;
L_00000000066de780 .concat [ 16 1 0 0], L_0000000006550be0, L_0000000006686928;
LS_00000000066e0300_0_0 .concat [ 1 1 1 1], o00000000065f30d8, o00000000065f30d8, o00000000065f30d8, o00000000065f30d8;
LS_00000000066e0300_0_4 .concat [ 1 1 1 1], o00000000065f30d8, o00000000065f30d8, o00000000065f30d8, o00000000065f30d8;
LS_00000000066e0300_0_8 .concat [ 1 1 1 1], o00000000065f30d8, o00000000065f30d8, o00000000065f30d8, o00000000065f30d8;
LS_00000000066e0300_0_12 .concat [ 1 1 1 1], o00000000065f30d8, o00000000065f30d8, o00000000065f30d8, o00000000065f30d8;
L_00000000066e0300 .concat [ 4 4 4 4], LS_00000000066e0300_0_0, LS_00000000066e0300_0_4, LS_00000000066e0300_0_8, LS_00000000066e0300_0_12;
L_00000000066de820 .concat [ 16 1 0 0], L_00000000066e0300, L_0000000006686970;
L_00000000066e03a0 .arith/sum 17, L_00000000066de3c0, L_0000000006551040;
L_00000000066df680 .arith/sum 17, L_00000000066e03a0, L_0000000006686da8;
LS_00000000066dec80_0_0 .concat [ 1 1 1 1], o00000000065f30d8, o00000000065f30d8, o00000000065f30d8, o00000000065f30d8;
LS_00000000066dec80_0_4 .concat [ 1 1 1 1], o00000000065f30d8, o00000000065f30d8, o00000000065f30d8, o00000000065f30d8;
LS_00000000066dec80_0_8 .concat [ 1 1 1 1], o00000000065f30d8, o00000000065f30d8, o00000000065f30d8, o00000000065f30d8;
LS_00000000066dec80_0_12 .concat [ 1 1 1 1], o00000000065f30d8, o00000000065f30d8, o00000000065f30d8, o00000000065f30d8;
L_00000000066dec80 .concat [ 4 4 4 4], LS_00000000066dec80_0_0, LS_00000000066dec80_0_4, LS_00000000066dec80_0_8, LS_00000000066dec80_0_12;
L_00000000066e0580 .functor MUXZ 16, L_00000000065506a0, L_0000000006551c80, o00000000065f3588, C4<>;
L_00000000066e06c0 .part L_00000000065504e0, 15, 1;
L_00000000066e0760 .part L_00000000066e0800, 16, 1;
L_00000000066de0a0 .part L_00000000066e0800, 0, 16;
L_00000000066de140 .concat [ 16 1 0 0], L_0000000006550d30, L_0000000006686a00;
L_00000000066de460 .concat [ 16 1 0 0], L_0000000006550550, L_0000000006686a48;
LS_00000000066def00_0_0 .concat [ 1 1 1 1], o00000000065f30a8, o00000000065f30a8, o00000000065f30a8, o00000000065f30a8;
LS_00000000066def00_0_4 .concat [ 1 1 1 1], o00000000065f30a8, o00000000065f30a8, o00000000065f30a8, o00000000065f30a8;
LS_00000000066def00_0_8 .concat [ 1 1 1 1], o00000000065f30a8, o00000000065f30a8, o00000000065f30a8, o00000000065f30a8;
LS_00000000066def00_0_12 .concat [ 1 1 1 1], o00000000065f30a8, o00000000065f30a8, o00000000065f30a8, o00000000065f30a8;
L_00000000066def00 .concat [ 4 4 4 4], LS_00000000066def00_0_0, LS_00000000066def00_0_4, LS_00000000066def00_0_8, LS_00000000066def00_0_12;
L_00000000066de5a0 .concat [ 16 1 0 0], L_00000000066def00, L_0000000006686a90;
L_00000000066de960 .arith/sum 17, L_00000000066de140, L_0000000006551cf0;
L_00000000066e0800 .arith/sum 17, L_00000000066de960, L_0000000006686df0;
LS_00000000066df180_0_0 .concat [ 1 1 1 1], o00000000065f30a8, o00000000065f30a8, o00000000065f30a8, o00000000065f30a8;
LS_00000000066df180_0_4 .concat [ 1 1 1 1], o00000000065f30a8, o00000000065f30a8, o00000000065f30a8, o00000000065f30a8;
LS_00000000066df180_0_8 .concat [ 1 1 1 1], o00000000065f30a8, o00000000065f30a8, o00000000065f30a8, o00000000065f30a8;
LS_00000000066df180_0_12 .concat [ 1 1 1 1], o00000000065f30a8, o00000000065f30a8, o00000000065f30a8, o00000000065f30a8;
L_00000000066df180 .concat [ 4 4 4 4], LS_00000000066df180_0_0, LS_00000000066df180_0_4, LS_00000000066df180_0_8, LS_00000000066df180_0_12;
L_00000000066dea00 .functor MUXZ 16, L_00000000065505c0, L_0000000006551350, o00000000065f3558, C4<>;
L_00000000066dee60 .concat [ 16 16 0 0], L_0000000006550e10, L_00000000065513c0;
S_00000000065e7c30 .scope module, "SB_PLL40_2F_CORE" "SB_PLL40_2F_CORE" 2 2521;
 .timescale -12 -12;
    .port_info 0 /INPUT 1 "REFERENCECLK";
    .port_info 1 /OUTPUT 1 "PLLOUTCOREA";
    .port_info 2 /OUTPUT 1 "PLLOUTGLOBALA";
    .port_info 3 /OUTPUT 1 "PLLOUTCOREB";
    .port_info 4 /OUTPUT 1 "PLLOUTGLOBALB";
    .port_info 5 /INPUT 1 "EXTFEEDBACK";
    .port_info 6 /INPUT 8 "DYNAMICDELAY";
    .port_info 7 /OUTPUT 1 "LOCK";
    .port_info 8 /INPUT 1 "BYPASS";
    .port_info 9 /INPUT 1 "RESETB";
    .port_info 10 /INPUT 1 "LATCHINPUTVALUE";
    .port_info 11 /OUTPUT 1 "SDO";
    .port_info 12 /INPUT 1 "SDI";
    .port_info 13 /INPUT 1 "SCLK";
P_00000000062fda00 .param/str "DELAY_ADJUSTMENT_MODE_FEEDBACK" 0 2 2538, "FIXED";
P_00000000062fda38 .param/str "DELAY_ADJUSTMENT_MODE_RELATIVE" 0 2 2539, "FIXED";
P_00000000062fda70 .param/l "DIVF" 0 2 2546, C4<0000000>;
P_00000000062fdaa8 .param/l "DIVQ" 0 2 2547, C4<000>;
P_00000000062fdae0 .param/l "DIVR" 0 2 2545, C4<0000>;
P_00000000062fdb18 .param/l "ENABLE_ICEGATE_PORTA" 0 2 2549, C4<0>;
P_00000000062fdb50 .param/l "ENABLE_ICEGATE_PORTB" 0 2 2550, C4<0>;
P_00000000062fdb88 .param/l "EXTERNAL_DIVIDE_FACTOR" 0 2 2552, +C4<00000000000000000000000000000001>;
P_00000000062fdbc0 .param/l "FDA_FEEDBACK" 0 2 2541, C4<0000>;
P_00000000062fdbf8 .param/l "FDA_RELATIVE" 0 2 2542, C4<0000>;
P_00000000062fdc30 .param/str "FEEDBACK_PATH" 0 2 2537, "SIMPLE";
P_00000000062fdc68 .param/l "FILTER_RANGE" 0 2 2548, C4<000>;
P_00000000062fdca0 .param/str "PLLOUT_SELECT_PORTA" 0 2 2543, "GENCLK";
P_00000000062fdcd8 .param/str "PLLOUT_SELECT_PORTB" 0 2 2544, "GENCLK";
P_00000000062fdd10 .param/l "SHIFTREG_DIV_MODE" 0 2 2540, C4<0>;
P_00000000062fdd48 .param/l "TEST_MODE" 0 2 2551, C4<0>;
o00000000065f4ea8 .functor BUFZ 1, C4<z>; HiZ drive
v0000000006651e10_0 .net "BYPASS", 0 0, o00000000065f4ea8;  0 drivers
o00000000065f4ed8 .functor BUFZ 8, C4<zzzzzzzz>; HiZ drive
v0000000006651230_0 .net "DYNAMICDELAY", 7 0, o00000000065f4ed8;  0 drivers
o00000000065f4f08 .functor BUFZ 1, C4<z>; HiZ drive
v00000000066512d0_0 .net "EXTFEEDBACK", 0 0, o00000000065f4f08;  0 drivers
o00000000065f4f38 .functor BUFZ 1, C4<z>; HiZ drive
v00000000066505b0_0 .net "LATCHINPUTVALUE", 0 0, o00000000065f4f38;  0 drivers
o00000000065f4f68 .functor BUFZ 1, C4<z>; HiZ drive
v0000000006650330_0 .net "LOCK", 0 0, o00000000065f4f68;  0 drivers
o00000000065f4f98 .functor BUFZ 1, C4<z>; HiZ drive
v0000000006650150_0 .net "PLLOUTCOREA", 0 0, o00000000065f4f98;  0 drivers
o00000000065f4fc8 .functor BUFZ 1, C4<z>; HiZ drive
v0000000006651370_0 .net "PLLOUTCOREB", 0 0, o00000000065f4fc8;  0 drivers
o00000000065f4ff8 .functor BUFZ 1, C4<z>; HiZ drive
v000000000664fa70_0 .net "PLLOUTGLOBALA", 0 0, o00000000065f4ff8;  0 drivers
o00000000065f5028 .functor BUFZ 1, C4<z>; HiZ drive
v000000000664f9d0_0 .net "PLLOUTGLOBALB", 0 0, o00000000065f5028;  0 drivers
o00000000065f5058 .functor BUFZ 1, C4<z>; HiZ drive
v0000000006650510_0 .net "REFERENCECLK", 0 0, o00000000065f5058;  0 drivers
o00000000065f5088 .functor BUFZ 1, C4<z>; HiZ drive
v0000000006651f50_0 .net "RESETB", 0 0, o00000000065f5088;  0 drivers
o00000000065f50b8 .functor BUFZ 1, C4<z>; HiZ drive
v0000000006651410_0 .net "SCLK", 0 0, o00000000065f50b8;  0 drivers
o00000000065f50e8 .functor BUFZ 1, C4<z>; HiZ drive
v00000000066515f0_0 .net "SDI", 0 0, o00000000065f50e8;  0 drivers
o00000000065f5118 .functor BUFZ 1, C4<z>; HiZ drive
v0000000006650a10_0 .net "SDO", 0 0, o00000000065f5118;  0 drivers
S_00000000065e6330 .scope module, "SB_PLL40_2F_PAD" "SB_PLL40_2F_PAD" 2 2556;
 .timescale -12 -12;
    .port_info 0 /INPUT 1 "PACKAGEPIN";
    .port_info 1 /OUTPUT 1 "PLLOUTCOREA";
    .port_info 2 /OUTPUT 1 "PLLOUTGLOBALA";
    .port_info 3 /OUTPUT 1 "PLLOUTCOREB";
    .port_info 4 /OUTPUT 1 "PLLOUTGLOBALB";
    .port_info 5 /INPUT 1 "EXTFEEDBACK";
    .port_info 6 /INPUT 8 "DYNAMICDELAY";
    .port_info 7 /OUTPUT 1 "LOCK";
    .port_info 8 /INPUT 1 "BYPASS";
    .port_info 9 /INPUT 1 "RESETB";
    .port_info 10 /INPUT 1 "LATCHINPUTVALUE";
    .port_info 11 /OUTPUT 1 "SDO";
    .port_info 12 /INPUT 1 "SDI";
    .port_info 13 /INPUT 1 "SCLK";
P_00000000062f9120 .param/str "DELAY_ADJUSTMENT_MODE_FEEDBACK" 0 2 2573, "FIXED";
P_00000000062f9158 .param/str "DELAY_ADJUSTMENT_MODE_RELATIVE" 0 2 2574, "FIXED";
P_00000000062f9190 .param/l "DIVF" 0 2 2581, C4<0000000>;
P_00000000062f91c8 .param/l "DIVQ" 0 2 2582, C4<000>;
P_00000000062f9200 .param/l "DIVR" 0 2 2580, C4<0000>;
P_00000000062f9238 .param/l "ENABLE_ICEGATE_PORTA" 0 2 2584, C4<0>;
P_00000000062f9270 .param/l "ENABLE_ICEGATE_PORTB" 0 2 2585, C4<0>;
P_00000000062f92a8 .param/l "EXTERNAL_DIVIDE_FACTOR" 0 2 2587, +C4<00000000000000000000000000000001>;
P_00000000062f92e0 .param/l "FDA_FEEDBACK" 0 2 2576, C4<0000>;
P_00000000062f9318 .param/l "FDA_RELATIVE" 0 2 2577, C4<0000>;
P_00000000062f9350 .param/str "FEEDBACK_PATH" 0 2 2572, "SIMPLE";
P_00000000062f9388 .param/l "FILTER_RANGE" 0 2 2583, C4<000>;
P_00000000062f93c0 .param/str "PLLOUT_SELECT_PORTA" 0 2 2578, "GENCLK";
P_00000000062f93f8 .param/str "PLLOUT_SELECT_PORTB" 0 2 2579, "GENCLK";
P_00000000062f9430 .param/l "SHIFTREG_DIV_MODE" 0 2 2575, C4<00>;
P_00000000062f9468 .param/l "TEST_MODE" 0 2 2586, C4<0>;
o00000000065f53e8 .functor BUFZ 1, C4<z>; HiZ drive
v00000000066506f0_0 .net "BYPASS", 0 0, o00000000065f53e8;  0 drivers
o00000000065f5418 .functor BUFZ 8, C4<zzzzzzzz>; HiZ drive
v00000000066514b0_0 .net "DYNAMICDELAY", 7 0, o00000000065f5418;  0 drivers
o00000000065f5448 .functor BUFZ 1, C4<z>; HiZ drive
v0000000006651730_0 .net "EXTFEEDBACK", 0 0, o00000000065f5448;  0 drivers
o00000000065f5478 .functor BUFZ 1, C4<z>; HiZ drive
v00000000066501f0_0 .net "LATCHINPUTVALUE", 0 0, o00000000065f5478;  0 drivers
o00000000065f54a8 .functor BUFZ 1, C4<z>; HiZ drive
v0000000006650290_0 .net "LOCK", 0 0, o00000000065f54a8;  0 drivers
o00000000065f54d8 .functor BUFZ 1, C4<z>; HiZ drive
v0000000006650010_0 .net "PACKAGEPIN", 0 0, o00000000065f54d8;  0 drivers
o00000000065f5508 .functor BUFZ 1, C4<z>; HiZ drive
v0000000006651050_0 .net "PLLOUTCOREA", 0 0, o00000000065f5508;  0 drivers
o00000000065f5538 .functor BUFZ 1, C4<z>; HiZ drive
v0000000006650b50_0 .net "PLLOUTCOREB", 0 0, o00000000065f5538;  0 drivers
o00000000065f5568 .functor BUFZ 1, C4<z>; HiZ drive
v0000000006651690_0 .net "PLLOUTGLOBALA", 0 0, o00000000065f5568;  0 drivers
o00000000065f5598 .functor BUFZ 1, C4<z>; HiZ drive
v000000000664fb10_0 .net "PLLOUTGLOBALB", 0 0, o00000000065f5598;  0 drivers
o00000000065f55c8 .functor BUFZ 1, C4<z>; HiZ drive
v0000000006650ab0_0 .net "RESETB", 0 0, o00000000065f55c8;  0 drivers
o00000000065f55f8 .functor BUFZ 1, C4<z>; HiZ drive
v0000000006651a50_0 .net "SCLK", 0 0, o00000000065f55f8;  0 drivers
o00000000065f5628 .functor BUFZ 1, C4<z>; HiZ drive
v00000000066508d0_0 .net "SDI", 0 0, o00000000065f5628;  0 drivers
o00000000065f5658 .functor BUFZ 1, C4<z>; HiZ drive
v0000000006651550_0 .net "SDO", 0 0, o00000000065f5658;  0 drivers
S_00000000065e7dc0 .scope module, "SB_PLL40_2_PAD" "SB_PLL40_2_PAD" 2 2487;
 .timescale -12 -12;
    .port_info 0 /INPUT 1 "PACKAGEPIN";
    .port_info 1 /OUTPUT 1 "PLLOUTCOREA";
    .port_info 2 /OUTPUT 1 "PLLOUTGLOBALA";
    .port_info 3 /OUTPUT 1 "PLLOUTCOREB";
    .port_info 4 /OUTPUT 1 "PLLOUTGLOBALB";
    .port_info 5 /INPUT 1 "EXTFEEDBACK";
    .port_info 6 /INPUT 8 "DYNAMICDELAY";
    .port_info 7 /OUTPUT 1 "LOCK";
    .port_info 8 /INPUT 1 "BYPASS";
    .port_info 9 /INPUT 1 "RESETB";
    .port_info 10 /INPUT 1 "LATCHINPUTVALUE";
    .port_info 11 /OUTPUT 1 "SDO";
    .port_info 12 /INPUT 1 "SDI";
    .port_info 13 /INPUT 1 "SCLK";
P_00000000062ee8d0 .param/str "DELAY_ADJUSTMENT_MODE_FEEDBACK" 0 2 2504, "FIXED";
P_00000000062ee908 .param/str "DELAY_ADJUSTMENT_MODE_RELATIVE" 0 2 2505, "FIXED";
P_00000000062ee940 .param/l "DIVF" 0 2 2511, C4<0000000>;
P_00000000062ee978 .param/l "DIVQ" 0 2 2512, C4<000>;
P_00000000062ee9b0 .param/l "DIVR" 0 2 2510, C4<0000>;
P_00000000062ee9e8 .param/l "ENABLE_ICEGATE_PORTA" 0 2 2514, C4<0>;
P_00000000062eea20 .param/l "ENABLE_ICEGATE_PORTB" 0 2 2515, C4<0>;
P_00000000062eea58 .param/l "EXTERNAL_DIVIDE_FACTOR" 0 2 2517, +C4<00000000000000000000000000000001>;
P_00000000062eea90 .param/l "FDA_FEEDBACK" 0 2 2507, C4<0000>;
P_00000000062eeac8 .param/l "FDA_RELATIVE" 0 2 2508, C4<0000>;
P_00000000062eeb00 .param/str "FEEDBACK_PATH" 0 2 2503, "SIMPLE";
P_00000000062eeb38 .param/l "FILTER_RANGE" 0 2 2513, C4<000>;
P_00000000062eeb70 .param/str "PLLOUT_SELECT_PORTB" 0 2 2509, "GENCLK";
P_00000000062eeba8 .param/l "SHIFTREG_DIV_MODE" 0 2 2506, C4<0>;
P_00000000062eebe0 .param/l "TEST_MODE" 0 2 2516, C4<0>;
o00000000065f5928 .functor BUFZ 1, C4<z>; HiZ drive
v000000000664fed0_0 .net "BYPASS", 0 0, o00000000065f5928;  0 drivers
o00000000065f5958 .functor BUFZ 8, C4<zzzzzzzz>; HiZ drive
v0000000006652090_0 .net "DYNAMICDELAY", 7 0, o00000000065f5958;  0 drivers
o00000000065f5988 .functor BUFZ 1, C4<z>; HiZ drive
v00000000066517d0_0 .net "EXTFEEDBACK", 0 0, o00000000065f5988;  0 drivers
o00000000065f59b8 .functor BUFZ 1, C4<z>; HiZ drive
v000000000664fd90_0 .net "LATCHINPUTVALUE", 0 0, o00000000065f59b8;  0 drivers
o00000000065f59e8 .functor BUFZ 1, C4<z>; HiZ drive
v000000000664fe30_0 .net "LOCK", 0 0, o00000000065f59e8;  0 drivers
o00000000065f5a18 .functor BUFZ 1, C4<z>; HiZ drive
v0000000006652130_0 .net "PACKAGEPIN", 0 0, o00000000065f5a18;  0 drivers
o00000000065f5a48 .functor BUFZ 1, C4<z>; HiZ drive
v0000000006650f10_0 .net "PLLOUTCOREA", 0 0, o00000000065f5a48;  0 drivers
o00000000065f5a78 .functor BUFZ 1, C4<z>; HiZ drive
v0000000006651c30_0 .net "PLLOUTCOREB", 0 0, o00000000065f5a78;  0 drivers
o00000000065f5aa8 .functor BUFZ 1, C4<z>; HiZ drive
v000000000664fbb0_0 .net "PLLOUTGLOBALA", 0 0, o00000000065f5aa8;  0 drivers
o00000000065f5ad8 .functor BUFZ 1, C4<z>; HiZ drive
v0000000006650830_0 .net "PLLOUTGLOBALB", 0 0, o00000000065f5ad8;  0 drivers
o00000000065f5b08 .functor BUFZ 1, C4<z>; HiZ drive
v00000000066503d0_0 .net "RESETB", 0 0, o00000000065f5b08;  0 drivers
o00000000065f5b38 .functor BUFZ 1, C4<z>; HiZ drive
v0000000006650bf0_0 .net "SCLK", 0 0, o00000000065f5b38;  0 drivers
o00000000065f5b68 .functor BUFZ 1, C4<z>; HiZ drive
v0000000006650790_0 .net "SDI", 0 0, o00000000065f5b68;  0 drivers
o00000000065f5b98 .functor BUFZ 1, C4<z>; HiZ drive
v000000000664fc50_0 .net "SDO", 0 0, o00000000065f5b98;  0 drivers
S_00000000065e64c0 .scope module, "SB_PLL40_CORE" "SB_PLL40_CORE" 2 2425;
 .timescale -12 -12;
    .port_info 0 /INPUT 1 "REFERENCECLK";
    .port_info 1 /OUTPUT 1 "PLLOUTCORE";
    .port_info 2 /OUTPUT 1 "PLLOUTGLOBAL";
    .port_info 3 /INPUT 1 "EXTFEEDBACK";
    .port_info 4 /INPUT 8 "DYNAMICDELAY";
    .port_info 5 /OUTPUT 1 "LOCK";
    .port_info 6 /INPUT 1 "BYPASS";
    .port_info 7 /INPUT 1 "RESETB";
    .port_info 8 /INPUT 1 "LATCHINPUTVALUE";
    .port_info 9 /OUTPUT 1 "SDO";
    .port_info 10 /INPUT 1 "SDI";
    .port_info 11 /INPUT 1 "SCLK";
P_00000000062ebbd0 .param/str "DELAY_ADJUSTMENT_MODE_FEEDBACK" 0 2 2440, "FIXED";
P_00000000062ebc08 .param/str "DELAY_ADJUSTMENT_MODE_RELATIVE" 0 2 2441, "FIXED";
P_00000000062ebc40 .param/l "DIVF" 0 2 2447, C4<0000000>;
P_00000000062ebc78 .param/l "DIVQ" 0 2 2448, C4<000>;
P_00000000062ebcb0 .param/l "DIVR" 0 2 2446, C4<0000>;
P_00000000062ebce8 .param/l "ENABLE_ICEGATE" 0 2 2450, C4<0>;
P_00000000062ebd20 .param/l "EXTERNAL_DIVIDE_FACTOR" 0 2 2452, +C4<00000000000000000000000000000001>;
P_00000000062ebd58 .param/l "FDA_FEEDBACK" 0 2 2443, C4<0000>;
P_00000000062ebd90 .param/l "FDA_RELATIVE" 0 2 2444, C4<0000>;
P_00000000062ebdc8 .param/str "FEEDBACK_PATH" 0 2 2439, "SIMPLE";
P_00000000062ebe00 .param/l "FILTER_RANGE" 0 2 2449, C4<000>;
P_00000000062ebe38 .param/str "PLLOUT_SELECT" 0 2 2445, "GENCLK";
P_00000000062ebe70 .param/l "SHIFTREG_DIV_MODE" 0 2 2442, C4<0>;
P_00000000062ebea8 .param/l "TEST_MODE" 0 2 2451, C4<0>;
o00000000065f5e68 .functor BUFZ 1, C4<z>; HiZ drive
v000000000664fcf0_0 .net "BYPASS", 0 0, o00000000065f5e68;  0 drivers
o00000000065f5e98 .functor BUFZ 8, C4<zzzzzzzz>; HiZ drive
v0000000006651870_0 .net "DYNAMICDELAY", 7 0, o00000000065f5e98;  0 drivers
o00000000065f5ec8 .functor BUFZ 1, C4<z>; HiZ drive
v0000000006650dd0_0 .net "EXTFEEDBACK", 0 0, o00000000065f5ec8;  0 drivers
o00000000065f5ef8 .functor BUFZ 1, C4<z>; HiZ drive
v0000000006651eb0_0 .net "LATCHINPUTVALUE", 0 0, o00000000065f5ef8;  0 drivers
o00000000065f5f28 .functor BUFZ 1, C4<z>; HiZ drive
v0000000006651910_0 .net "LOCK", 0 0, o00000000065f5f28;  0 drivers
o00000000065f5f58 .functor BUFZ 1, C4<z>; HiZ drive
v0000000006650970_0 .net "PLLOUTCORE", 0 0, o00000000065f5f58;  0 drivers
o00000000065f5f88 .functor BUFZ 1, C4<z>; HiZ drive
v0000000006650470_0 .net "PLLOUTGLOBAL", 0 0, o00000000065f5f88;  0 drivers
o00000000065f5fb8 .functor BUFZ 1, C4<z>; HiZ drive
v000000000664ff70_0 .net "REFERENCECLK", 0 0, o00000000065f5fb8;  0 drivers
o00000000065f5fe8 .functor BUFZ 1, C4<z>; HiZ drive
v0000000006650c90_0 .net "RESETB", 0 0, o00000000065f5fe8;  0 drivers
o00000000065f6018 .functor BUFZ 1, C4<z>; HiZ drive
v00000000066500b0_0 .net "SCLK", 0 0, o00000000065f6018;  0 drivers
o00000000065f6048 .functor BUFZ 1, C4<z>; HiZ drive
v0000000006651af0_0 .net "SDI", 0 0, o00000000065f6048;  0 drivers
o00000000065f6078 .functor BUFZ 1, C4<z>; HiZ drive
v0000000006650d30_0 .net "SDO", 0 0, o00000000065f6078;  0 drivers
S_00000000065e67e0 .scope module, "SB_PLL40_PAD" "SB_PLL40_PAD" 2 2456;
 .timescale -12 -12;
    .port_info 0 /INPUT 1 "PACKAGEPIN";
    .port_info 1 /OUTPUT 1 "PLLOUTCORE";
    .port_info 2 /OUTPUT 1 "PLLOUTGLOBAL";
    .port_info 3 /INPUT 1 "EXTFEEDBACK";
    .port_info 4 /INPUT 8 "DYNAMICDELAY";
    .port_info 5 /OUTPUT 1 "LOCK";
    .port_info 6 /INPUT 1 "BYPASS";
    .port_info 7 /INPUT 1 "RESETB";
    .port_info 8 /INPUT 1 "LATCHINPUTVALUE";
    .port_info 9 /OUTPUT 1 "SDO";
    .port_info 10 /INPUT 1 "SDI";
    .port_info 11 /INPUT 1 "SCLK";
P_00000000062eb650 .param/str "DELAY_ADJUSTMENT_MODE_FEEDBACK" 0 2 2471, "FIXED";
P_00000000062eb688 .param/str "DELAY_ADJUSTMENT_MODE_RELATIVE" 0 2 2472, "FIXED";
P_00000000062eb6c0 .param/l "DIVF" 0 2 2478, C4<0000000>;
P_00000000062eb6f8 .param/l "DIVQ" 0 2 2479, C4<000>;
P_00000000062eb730 .param/l "DIVR" 0 2 2477, C4<0000>;
P_00000000062eb768 .param/l "ENABLE_ICEGATE" 0 2 2481, C4<0>;
P_00000000062eb7a0 .param/l "EXTERNAL_DIVIDE_FACTOR" 0 2 2483, +C4<00000000000000000000000000000001>;
P_00000000062eb7d8 .param/l "FDA_FEEDBACK" 0 2 2474, C4<0000>;
P_00000000062eb810 .param/l "FDA_RELATIVE" 0 2 2475, C4<0000>;
P_00000000062eb848 .param/str "FEEDBACK_PATH" 0 2 2470, "SIMPLE";
P_00000000062eb880 .param/l "FILTER_RANGE" 0 2 2480, C4<000>;
P_00000000062eb8b8 .param/str "PLLOUT_SELECT" 0 2 2476, "GENCLK";
P_00000000062eb8f0 .param/l "SHIFTREG_DIV_MODE" 0 2 2473, C4<0>;
P_00000000062eb928 .param/l "TEST_MODE" 0 2 2482, C4<0>;
o00000000065f62e8 .functor BUFZ 1, C4<z>; HiZ drive
v00000000066519b0_0 .net "BYPASS", 0 0, o00000000065f62e8;  0 drivers
o00000000065f6318 .functor BUFZ 8, C4<zzzzzzzz>; HiZ drive
v0000000006651b90_0 .net "DYNAMICDELAY", 7 0, o00000000065f6318;  0 drivers
o00000000065f6348 .functor BUFZ 1, C4<z>; HiZ drive
v0000000006650650_0 .net "EXTFEEDBACK", 0 0, o00000000065f6348;  0 drivers
o00000000065f6378 .functor BUFZ 1, C4<z>; HiZ drive
v0000000006650fb0_0 .net "LATCHINPUTVALUE", 0 0, o00000000065f6378;  0 drivers
o00000000065f63a8 .functor BUFZ 1, C4<z>; HiZ drive
v0000000006651cd0_0 .net "LOCK", 0 0, o00000000065f63a8;  0 drivers
o00000000065f63d8 .functor BUFZ 1, C4<z>; HiZ drive
v0000000006651d70_0 .net "PACKAGEPIN", 0 0, o00000000065f63d8;  0 drivers
o00000000065f6408 .functor BUFZ 1, C4<z>; HiZ drive
v0000000006651ff0_0 .net "PLLOUTCORE", 0 0, o00000000065f6408;  0 drivers
o00000000065f6438 .functor BUFZ 1, C4<z>; HiZ drive
v00000000066528b0_0 .net "PLLOUTGLOBAL", 0 0, o00000000065f6438;  0 drivers
o00000000065f6468 .functor BUFZ 1, C4<z>; HiZ drive
v0000000006652310_0 .net "RESETB", 0 0, o00000000065f6468;  0 drivers
o00000000065f6498 .functor BUFZ 1, C4<z>; HiZ drive
v00000000066523b0_0 .net "SCLK", 0 0, o00000000065f6498;  0 drivers
o00000000065f64c8 .functor BUFZ 1, C4<z>; HiZ drive
v0000000006652450_0 .net "SDI", 0 0, o00000000065f64c8;  0 drivers
o00000000065f64f8 .functor BUFZ 1, C4<z>; HiZ drive
v0000000006652770_0 .net "SDO", 0 0, o00000000065f64f8;  0 drivers
S_00000000065e61a0 .scope module, "SB_RAM40_4KNR" "SB_RAM40_4KNR" 2 1726;
 .timescale -12 -12;
    .port_info 0 /OUTPUT 16 "RDATA";
    .port_info 1 /INPUT 1 "RCLKN";
    .port_info 2 /INPUT 1 "RCLKE";
    .port_info 3 /INPUT 1 "RE";
    .port_info 4 /INPUT 11 "RADDR";
    .port_info 5 /INPUT 1 "WCLK";
    .port_info 6 /INPUT 1 "WCLKE";
    .port_info 7 /INPUT 1 "WE";
    .port_info 8 /INPUT 11 "WADDR";
    .port_info 9 /INPUT 16 "MASK";
    .port_info 10 /INPUT 16 "WDATA";
P_00000000062a2d20 .param/l "INIT_0" 0 2 1742, C4<0000000000000000000000000000000000000000000000000000000000000000000000000000000000000000000000000000000000000000000000000000000000000000000000000000000000000000000000000000000000000000000000000000000000000000000000000000000000000000000000000000000000000000>;
P_00000000062a2d58 .param/l "INIT_1" 0 2 1743, C4<0000000000000000000000000000000000000000000000000000000000000000000000000000000000000000000000000000000000000000000000000000000000000000000000000000000000000000000000000000000000000000000000000000000000000000000000000000000000000000000000000000000000000000>;
P_00000000062a2d90 .param/l "INIT_2" 0 2 1744, C4<0000000000000000000000000000000000000000000000000000000000000000000000000000000000000000000000000000000000000000000000000000000000000000000000000000000000000000000000000000000000000000000000000000000000000000000000000000000000000000000000000000000000000000>;
P_00000000062a2dc8 .param/l "INIT_3" 0 2 1745, C4<0000000000000000000000000000000000000000000000000000000000000000000000000000000000000000000000000000000000000000000000000000000000000000000000000000000000000000000000000000000000000000000000000000000000000000000000000000000000000000000000000000000000000000>;
P_00000000062a2e00 .param/l "INIT_4" 0 2 1746, C4<0000000000000000000000000000000000000000000000000000000000000000000000000000000000000000000000000000000000000000000000000000000000000000000000000000000000000000000000000000000000000000000000000000000000000000000000000000000000000000000000000000000000000000>;
P_00000000062a2e38 .param/l "INIT_5" 0 2 1747, C4<0000000000000000000000000000000000000000000000000000000000000000000000000000000000000000000000000000000000000000000000000000000000000000000000000000000000000000000000000000000000000000000000000000000000000000000000000000000000000000000000000000000000000000>;
P_00000000062a2e70 .param/l "INIT_6" 0 2 1748, C4<0000000000000000000000000000000000000000000000000000000000000000000000000000000000000000000000000000000000000000000000000000000000000000000000000000000000000000000000000000000000000000000000000000000000000000000000000000000000000000000000000000000000000000>;
P_00000000062a2ea8 .param/l "INIT_7" 0 2 1749, C4<0000000000000000000000000000000000000000000000000000000000000000000000000000000000000000000000000000000000000000000000000000000000000000000000000000000000000000000000000000000000000000000000000000000000000000000000000000000000000000000000000000000000000000>;
P_00000000062a2ee0 .param/l "INIT_8" 0 2 1750, C4<0000000000000000000000000000000000000000000000000000000000000000000000000000000000000000000000000000000000000000000000000000000000000000000000000000000000000000000000000000000000000000000000000000000000000000000000000000000000000000000000000000000000000000>;
P_00000000062a2f18 .param/l "INIT_9" 0 2 1751, C4<0000000000000000000000000000000000000000000000000000000000000000000000000000000000000000000000000000000000000000000000000000000000000000000000000000000000000000000000000000000000000000000000000000000000000000000000000000000000000000000000000000000000000000>;
P_00000000062a2f50 .param/l "INIT_A" 0 2 1752, C4<0000000000000000000000000000000000000000000000000000000000000000000000000000000000000000000000000000000000000000000000000000000000000000000000000000000000000000000000000000000000000000000000000000000000000000000000000000000000000000000000000000000000000000>;
P_00000000062a2f88 .param/l "INIT_B" 0 2 1753, C4<0000000000000000000000000000000000000000000000000000000000000000000000000000000000000000000000000000000000000000000000000000000000000000000000000000000000000000000000000000000000000000000000000000000000000000000000000000000000000000000000000000000000000000>;
P_00000000062a2fc0 .param/l "INIT_C" 0 2 1754, C4<0000000000000000000000000000000000000000000000000000000000000000000000000000000000000000000000000000000000000000000000000000000000000000000000000000000000000000000000000000000000000000000000000000000000000000000000000000000000000000000000000000000000000000>;
P_00000000062a2ff8 .param/l "INIT_D" 0 2 1755, C4<0000000000000000000000000000000000000000000000000000000000000000000000000000000000000000000000000000000000000000000000000000000000000000000000000000000000000000000000000000000000000000000000000000000000000000000000000000000000000000000000000000000000000000>;
P_00000000062a3030 .param/l "INIT_E" 0 2 1756, C4<0000000000000000000000000000000000000000000000000000000000000000000000000000000000000000000000000000000000000000000000000000000000000000000000000000000000000000000000000000000000000000000000000000000000000000000000000000000000000000000000000000000000000000>;
P_00000000062a3068 .param/l "INIT_F" 0 2 1757, C4<0000000000000000000000000000000000000000000000000000000000000000000000000000000000000000000000000000000000000000000000000000000000000000000000000000000000000000000000000000000000000000000000000000000000000000000000000000000000000000000000000000000000000000>;
P_00000000062a30a0 .param/str "INIT_FILE" 0 2 1759, "\000";
P_00000000062a30d8 .param/l "READ_MODE" 0 2 1740, +C4<00000000000000000000000000000000>;
P_00000000062a3110 .param/l "WRITE_MODE" 0 2 1739, +C4<00000000000000000000000000000000>;
o00000000065f6c78 .functor BUFZ 1, C4<z>; HiZ drive
L_0000000006551190 .functor NOT 1, o00000000065f6c78, C4<0>, C4<0>, C4<0>;
o00000000065f6768 .functor BUFZ 16, C4<zzzzzzzzzzzzzzzz>; HiZ drive
v000000000665dcc0_0 .net "MASK", 15 0, o00000000065f6768;  0 drivers
o00000000065f6798 .functor BUFZ 11, C4<zzzzzzzzzzz>; HiZ drive
v000000000665cdc0_0 .net "RADDR", 10 0, o00000000065f6798;  0 drivers
o00000000065f67f8 .functor BUFZ 1, C4<z>; HiZ drive
v000000000665cf00_0 .net "RCLKE", 0 0, o00000000065f67f8;  0 drivers
v000000000665dea0_0 .net "RCLKN", 0 0, o00000000065f6c78;  0 drivers
v000000000665d400_0 .net "RDATA", 15 0, L_0000000006550710;  1 drivers
o00000000065f6888 .functor BUFZ 1, C4<z>; HiZ drive
v000000000665d220_0 .net "RE", 0 0, o00000000065f6888;  0 drivers
o00000000065f68e8 .functor BUFZ 11, C4<zzzzzzzzzzz>; HiZ drive
v000000000665dd60_0 .net "WADDR", 10 0, o00000000065f68e8;  0 drivers
o00000000065f6918 .functor BUFZ 1, C4<z>; HiZ drive
v000000000665d180_0 .net "WCLK", 0 0, o00000000065f6918;  0 drivers
o00000000065f6948 .functor BUFZ 1, C4<z>; HiZ drive
v000000000665db80_0 .net "WCLKE", 0 0, o00000000065f6948;  0 drivers
o00000000065f6978 .functor BUFZ 16, C4<zzzzzzzzzzzzzzzz>; HiZ drive
v000000000665f0c0_0 .net "WDATA", 15 0, o00000000065f6978;  0 drivers
o00000000065f69d8 .functor BUFZ 1, C4<z>; HiZ drive
v000000000665d860_0 .net "WE", 0 0, o00000000065f69d8;  0 drivers
S_0000000006442a70 .scope module, "RAM" "SB_RAM40_4K" 2 1781, 2 1487 0, S_00000000065e61a0;
 .timescale -12 -12;
    .port_info 0 /OUTPUT 16 "RDATA";
    .port_info 1 /INPUT 1 "RCLK";
    .port_info 2 /INPUT 1 "RCLKE";
    .port_info 3 /INPUT 1 "RE";
    .port_info 4 /INPUT 11 "RADDR";
    .port_info 5 /INPUT 1 "WCLK";
    .port_info 6 /INPUT 1 "WCLKE";
    .port_info 7 /INPUT 1 "WE";
    .port_info 8 /INPUT 11 "WADDR";
    .port_info 9 /INPUT 16 "MASK";
    .port_info 10 /INPUT 16 "WDATA";
P_0000000006445190 .param/l "INIT_0" 0 2 1507, C4<0000000000000000000000000000000000000000000000000000000000000000000000000000000000000000000000000000000000000000000000000000000000000000000000000000000000000000000000000000000000000000000000000000000000000000000000000000000000000000000000000000000000000000>;
P_00000000064451c8 .param/l "INIT_1" 0 2 1508, C4<0000000000000000000000000000000000000000000000000000000000000000000000000000000000000000000000000000000000000000000000000000000000000000000000000000000000000000000000000000000000000000000000000000000000000000000000000000000000000000000000000000000000000000>;
P_0000000006445200 .param/l "INIT_2" 0 2 1509, C4<0000000000000000000000000000000000000000000000000000000000000000000000000000000000000000000000000000000000000000000000000000000000000000000000000000000000000000000000000000000000000000000000000000000000000000000000000000000000000000000000000000000000000000>;
P_0000000006445238 .param/l "INIT_3" 0 2 1510, C4<0000000000000000000000000000000000000000000000000000000000000000000000000000000000000000000000000000000000000000000000000000000000000000000000000000000000000000000000000000000000000000000000000000000000000000000000000000000000000000000000000000000000000000>;
P_0000000006445270 .param/l "INIT_4" 0 2 1511, C4<0000000000000000000000000000000000000000000000000000000000000000000000000000000000000000000000000000000000000000000000000000000000000000000000000000000000000000000000000000000000000000000000000000000000000000000000000000000000000000000000000000000000000000>;
P_00000000064452a8 .param/l "INIT_5" 0 2 1512, C4<0000000000000000000000000000000000000000000000000000000000000000000000000000000000000000000000000000000000000000000000000000000000000000000000000000000000000000000000000000000000000000000000000000000000000000000000000000000000000000000000000000000000000000>;
P_00000000064452e0 .param/l "INIT_6" 0 2 1513, C4<0000000000000000000000000000000000000000000000000000000000000000000000000000000000000000000000000000000000000000000000000000000000000000000000000000000000000000000000000000000000000000000000000000000000000000000000000000000000000000000000000000000000000000>;
P_0000000006445318 .param/l "INIT_7" 0 2 1514, C4<0000000000000000000000000000000000000000000000000000000000000000000000000000000000000000000000000000000000000000000000000000000000000000000000000000000000000000000000000000000000000000000000000000000000000000000000000000000000000000000000000000000000000000>;
P_0000000006445350 .param/l "INIT_8" 0 2 1515, C4<0000000000000000000000000000000000000000000000000000000000000000000000000000000000000000000000000000000000000000000000000000000000000000000000000000000000000000000000000000000000000000000000000000000000000000000000000000000000000000000000000000000000000000>;
P_0000000006445388 .param/l "INIT_9" 0 2 1516, C4<0000000000000000000000000000000000000000000000000000000000000000000000000000000000000000000000000000000000000000000000000000000000000000000000000000000000000000000000000000000000000000000000000000000000000000000000000000000000000000000000000000000000000000>;
P_00000000064453c0 .param/l "INIT_A" 0 2 1517, C4<0000000000000000000000000000000000000000000000000000000000000000000000000000000000000000000000000000000000000000000000000000000000000000000000000000000000000000000000000000000000000000000000000000000000000000000000000000000000000000000000000000000000000000>;
P_00000000064453f8 .param/l "INIT_B" 0 2 1518, C4<0000000000000000000000000000000000000000000000000000000000000000000000000000000000000000000000000000000000000000000000000000000000000000000000000000000000000000000000000000000000000000000000000000000000000000000000000000000000000000000000000000000000000000>;
P_0000000006445430 .param/l "INIT_C" 0 2 1519, C4<0000000000000000000000000000000000000000000000000000000000000000000000000000000000000000000000000000000000000000000000000000000000000000000000000000000000000000000000000000000000000000000000000000000000000000000000000000000000000000000000000000000000000000>;
P_0000000006445468 .param/l "INIT_D" 0 2 1520, C4<0000000000000000000000000000000000000000000000000000000000000000000000000000000000000000000000000000000000000000000000000000000000000000000000000000000000000000000000000000000000000000000000000000000000000000000000000000000000000000000000000000000000000000>;
P_00000000064454a0 .param/l "INIT_E" 0 2 1521, C4<0000000000000000000000000000000000000000000000000000000000000000000000000000000000000000000000000000000000000000000000000000000000000000000000000000000000000000000000000000000000000000000000000000000000000000000000000000000000000000000000000000000000000000>;
P_00000000064454d8 .param/l "INIT_F" 0 2 1522, C4<0000000000000000000000000000000000000000000000000000000000000000000000000000000000000000000000000000000000000000000000000000000000000000000000000000000000000000000000000000000000000000000000000000000000000000000000000000000000000000000000000000000000000000>;
P_0000000006445510 .param/str "INIT_FILE" 0 2 1524, "\000";
P_0000000006445548 .param/l "READ_MODE" 0 2 1505, +C4<00000000000000000000000000000000>;
P_0000000006445580 .param/l "WRITE_MODE" 0 2 1504, +C4<00000000000000000000000000000000>;
v0000000006652630_0 .net "MASK", 15 0, o00000000065f6768;  alias, 0 drivers
v0000000006652270_0 .net "RADDR", 10 0, o00000000065f6798;  alias, 0 drivers
v00000000066524f0_0 .net "RCLK", 0 0, L_0000000006551190;  1 drivers
v00000000066526d0_0 .net "RCLKE", 0 0, o00000000065f67f8;  alias, 0 drivers
v0000000006652810_0 .net "RDATA", 15 0, L_0000000006550710;  alias, 1 drivers
v0000000006652590_0 .var "RDATA_I", 15 0;
v00000000066521d0_0 .net "RE", 0 0, o00000000065f6888;  alias, 0 drivers
L_0000000006686b20 .functor BUFT 1, C4<0000000000000000>, C4<0>, C4<0>, C4<0>;
v000000000665caa0_0 .net "RMASK_I", 15 0, L_0000000006686b20;  1 drivers
v000000000665df40_0 .net "WADDR", 10 0, o00000000065f68e8;  alias, 0 drivers
v000000000665cc80_0 .net "WCLK", 0 0, o00000000065f6918;  alias, 0 drivers
v000000000665cb40_0 .net "WCLKE", 0 0, o00000000065f6948;  alias, 0 drivers
v000000000665da40_0 .net "WDATA", 15 0, o00000000065f6978;  alias, 0 drivers
v000000000665dae0_0 .net "WDATA_I", 15 0, L_00000000065515f0;  1 drivers
v000000000665e300_0 .net "WE", 0 0, o00000000065f69d8;  alias, 0 drivers
v000000000665ef80_0 .net "WMASK_I", 15 0, L_0000000006551120;  1 drivers
v000000000665f020_0 .var/i "i", 31 0;
v000000000665d680 .array "memory", 255 0, 15 0;
E_00000000065b24c0 .event posedge, v00000000066524f0_0;
E_00000000065b3000 .event posedge, v000000000665cc80_0;
S_0000000006443ba0 .scope generate, "genblk1" "genblk1" 2 1534, 2 1534 0, S_0000000006442a70;
 .timescale -12 -12;
L_0000000006551120 .functor BUFZ 16, o00000000065f6768, C4<0000000000000000>, C4<0000000000000000>, C4<0000000000000000>;
S_0000000006652e80 .scope generate, "genblk2" "genblk2" 2 1555, 2 1555 0, S_0000000006442a70;
 .timescale -12 -12;
S_0000000006652cf0 .scope generate, "genblk3" "genblk3" 2 1576, 2 1576 0, S_0000000006442a70;
 .timescale -12 -12;
L_00000000065515f0 .functor BUFZ 16, o00000000065f6978, C4<0000000000000000>, C4<0000000000000000>, C4<0000000000000000>;
S_0000000006653fb0 .scope generate, "genblk4" "genblk4" 2 1595, 2 1595 0, S_0000000006442a70;
 .timescale -12 -12;
L_0000000006550710 .functor BUFZ 16, v0000000006652590_0, C4<0000000000000000>, C4<0000000000000000>, C4<0000000000000000>;
S_00000000065e6650 .scope module, "SB_RAM40_4KNRNW" "SB_RAM40_4KNRNW" 2 1998;
 .timescale -12 -12;
    .port_info 0 /OUTPUT 16 "RDATA";
    .port_info 1 /INPUT 1 "RCLKN";
    .port_info 2 /INPUT 1 "RCLKE";
    .port_info 3 /INPUT 1 "RE";
    .port_info 4 /INPUT 11 "RADDR";
    .port_info 5 /INPUT 1 "WCLKN";
    .port_info 6 /INPUT 1 "WCLKE";
    .port_info 7 /INPUT 1 "WE";
    .port_info 8 /INPUT 11 "WADDR";
    .port_info 9 /INPUT 16 "MASK";
    .port_info 10 /INPUT 16 "WDATA";
P_00000000065e8160 .param/l "INIT_0" 0 2 2014, C4<0000000000000000000000000000000000000000000000000000000000000000000000000000000000000000000000000000000000000000000000000000000000000000000000000000000000000000000000000000000000000000000000000000000000000000000000000000000000000000000000000000000000000000>;
P_00000000065e8198 .param/l "INIT_1" 0 2 2015, C4<0000000000000000000000000000000000000000000000000000000000000000000000000000000000000000000000000000000000000000000000000000000000000000000000000000000000000000000000000000000000000000000000000000000000000000000000000000000000000000000000000000000000000000>;
P_00000000065e81d0 .param/l "INIT_2" 0 2 2016, C4<0000000000000000000000000000000000000000000000000000000000000000000000000000000000000000000000000000000000000000000000000000000000000000000000000000000000000000000000000000000000000000000000000000000000000000000000000000000000000000000000000000000000000000>;
P_00000000065e8208 .param/l "INIT_3" 0 2 2017, C4<0000000000000000000000000000000000000000000000000000000000000000000000000000000000000000000000000000000000000000000000000000000000000000000000000000000000000000000000000000000000000000000000000000000000000000000000000000000000000000000000000000000000000000>;
P_00000000065e8240 .param/l "INIT_4" 0 2 2018, C4<0000000000000000000000000000000000000000000000000000000000000000000000000000000000000000000000000000000000000000000000000000000000000000000000000000000000000000000000000000000000000000000000000000000000000000000000000000000000000000000000000000000000000000>;
P_00000000065e8278 .param/l "INIT_5" 0 2 2019, C4<0000000000000000000000000000000000000000000000000000000000000000000000000000000000000000000000000000000000000000000000000000000000000000000000000000000000000000000000000000000000000000000000000000000000000000000000000000000000000000000000000000000000000000>;
P_00000000065e82b0 .param/l "INIT_6" 0 2 2020, C4<0000000000000000000000000000000000000000000000000000000000000000000000000000000000000000000000000000000000000000000000000000000000000000000000000000000000000000000000000000000000000000000000000000000000000000000000000000000000000000000000000000000000000000>;
P_00000000065e82e8 .param/l "INIT_7" 0 2 2021, C4<0000000000000000000000000000000000000000000000000000000000000000000000000000000000000000000000000000000000000000000000000000000000000000000000000000000000000000000000000000000000000000000000000000000000000000000000000000000000000000000000000000000000000000>;
P_00000000065e8320 .param/l "INIT_8" 0 2 2022, C4<0000000000000000000000000000000000000000000000000000000000000000000000000000000000000000000000000000000000000000000000000000000000000000000000000000000000000000000000000000000000000000000000000000000000000000000000000000000000000000000000000000000000000000>;
P_00000000065e8358 .param/l "INIT_9" 0 2 2023, C4<0000000000000000000000000000000000000000000000000000000000000000000000000000000000000000000000000000000000000000000000000000000000000000000000000000000000000000000000000000000000000000000000000000000000000000000000000000000000000000000000000000000000000000>;
P_00000000065e8390 .param/l "INIT_A" 0 2 2024, C4<0000000000000000000000000000000000000000000000000000000000000000000000000000000000000000000000000000000000000000000000000000000000000000000000000000000000000000000000000000000000000000000000000000000000000000000000000000000000000000000000000000000000000000>;
P_00000000065e83c8 .param/l "INIT_B" 0 2 2025, C4<0000000000000000000000000000000000000000000000000000000000000000000000000000000000000000000000000000000000000000000000000000000000000000000000000000000000000000000000000000000000000000000000000000000000000000000000000000000000000000000000000000000000000000>;
P_00000000065e8400 .param/l "INIT_C" 0 2 2026, C4<0000000000000000000000000000000000000000000000000000000000000000000000000000000000000000000000000000000000000000000000000000000000000000000000000000000000000000000000000000000000000000000000000000000000000000000000000000000000000000000000000000000000000000>;
P_00000000065e8438 .param/l "INIT_D" 0 2 2027, C4<0000000000000000000000000000000000000000000000000000000000000000000000000000000000000000000000000000000000000000000000000000000000000000000000000000000000000000000000000000000000000000000000000000000000000000000000000000000000000000000000000000000000000000>;
P_00000000065e8470 .param/l "INIT_E" 0 2 2028, C4<0000000000000000000000000000000000000000000000000000000000000000000000000000000000000000000000000000000000000000000000000000000000000000000000000000000000000000000000000000000000000000000000000000000000000000000000000000000000000000000000000000000000000000>;
P_00000000065e84a8 .param/l "INIT_F" 0 2 2029, C4<0000000000000000000000000000000000000000000000000000000000000000000000000000000000000000000000000000000000000000000000000000000000000000000000000000000000000000000000000000000000000000000000000000000000000000000000000000000000000000000000000000000000000000>;
P_00000000065e84e0 .param/str "INIT_FILE" 0 2 2031, "\000";
P_00000000065e8518 .param/l "READ_MODE" 0 2 2012, +C4<00000000000000000000000000000000>;
P_00000000065e8550 .param/l "WRITE_MODE" 0 2 2011, +C4<00000000000000000000000000000000>;
o00000000065f73c8 .functor BUFZ 1, C4<z>; HiZ drive
L_0000000006551510 .functor NOT 1, o00000000065f73c8, C4<0>, C4<0>, C4<0>;
o00000000065f73f8 .functor BUFZ 1, C4<z>; HiZ drive
L_0000000006551660 .functor NOT 1, o00000000065f73f8, C4<0>, C4<0>, C4<0>;
o00000000065f6eb8 .functor BUFZ 16, C4<zzzzzzzzzzzzzzzz>; HiZ drive
v000000000665d7c0_0 .net "MASK", 15 0, o00000000065f6eb8;  0 drivers
o00000000065f6ee8 .functor BUFZ 11, C4<zzzzzzzzzzz>; HiZ drive
v000000000665d4a0_0 .net "RADDR", 10 0, o00000000065f6ee8;  0 drivers
o00000000065f6f48 .functor BUFZ 1, C4<z>; HiZ drive
v000000000665e120_0 .net "RCLKE", 0 0, o00000000065f6f48;  0 drivers
v000000000665cfa0_0 .net "RCLKN", 0 0, o00000000065f73c8;  0 drivers
v000000000665ee40_0 .net "RDATA", 15 0, L_00000000065514a0;  1 drivers
o00000000065f6fd8 .functor BUFZ 1, C4<z>; HiZ drive
v000000000665eee0_0 .net "RE", 0 0, o00000000065f6fd8;  0 drivers
o00000000065f7038 .functor BUFZ 11, C4<zzzzzzzzzzz>; HiZ drive
v000000000665e1c0_0 .net "WADDR", 10 0, o00000000065f7038;  0 drivers
o00000000065f7098 .functor BUFZ 1, C4<z>; HiZ drive
v000000000665d0e0_0 .net "WCLKE", 0 0, o00000000065f7098;  0 drivers
v000000000665d9a0_0 .net "WCLKN", 0 0, o00000000065f73f8;  0 drivers
o00000000065f70c8 .functor BUFZ 16, C4<zzzzzzzzzzzzzzzz>; HiZ drive
v000000000665d2c0_0 .net "WDATA", 15 0, o00000000065f70c8;  0 drivers
o00000000065f7128 .functor BUFZ 1, C4<z>; HiZ drive
v000000000665e940_0 .net "WE", 0 0, o00000000065f7128;  0 drivers
S_00000000066537e0 .scope module, "RAM" "SB_RAM40_4K" 2 2053, 2 1487 0, S_00000000065e6650;
 .timescale -12 -12;
    .port_info 0 /OUTPUT 16 "RDATA";
    .port_info 1 /INPUT 1 "RCLK";
    .port_info 2 /INPUT 1 "RCLKE";
    .port_info 3 /INPUT 1 "RE";
    .port_info 4 /INPUT 11 "RADDR";
    .port_info 5 /INPUT 1 "WCLK";
    .port_info 6 /INPUT 1 "WCLKE";
    .port_info 7 /INPUT 1 "WE";
    .port_info 8 /INPUT 11 "WADDR";
    .port_info 9 /INPUT 16 "MASK";
    .port_info 10 /INPUT 16 "WDATA";
P_00000000064455c0 .param/l "INIT_0" 0 2 1507, C4<0000000000000000000000000000000000000000000000000000000000000000000000000000000000000000000000000000000000000000000000000000000000000000000000000000000000000000000000000000000000000000000000000000000000000000000000000000000000000000000000000000000000000000>;
P_00000000064455f8 .param/l "INIT_1" 0 2 1508, C4<0000000000000000000000000000000000000000000000000000000000000000000000000000000000000000000000000000000000000000000000000000000000000000000000000000000000000000000000000000000000000000000000000000000000000000000000000000000000000000000000000000000000000000>;
P_0000000006445630 .param/l "INIT_2" 0 2 1509, C4<0000000000000000000000000000000000000000000000000000000000000000000000000000000000000000000000000000000000000000000000000000000000000000000000000000000000000000000000000000000000000000000000000000000000000000000000000000000000000000000000000000000000000000>;
P_0000000006445668 .param/l "INIT_3" 0 2 1510, C4<0000000000000000000000000000000000000000000000000000000000000000000000000000000000000000000000000000000000000000000000000000000000000000000000000000000000000000000000000000000000000000000000000000000000000000000000000000000000000000000000000000000000000000>;
P_00000000064456a0 .param/l "INIT_4" 0 2 1511, C4<0000000000000000000000000000000000000000000000000000000000000000000000000000000000000000000000000000000000000000000000000000000000000000000000000000000000000000000000000000000000000000000000000000000000000000000000000000000000000000000000000000000000000000>;
P_00000000064456d8 .param/l "INIT_5" 0 2 1512, C4<0000000000000000000000000000000000000000000000000000000000000000000000000000000000000000000000000000000000000000000000000000000000000000000000000000000000000000000000000000000000000000000000000000000000000000000000000000000000000000000000000000000000000000>;
P_0000000006445710 .param/l "INIT_6" 0 2 1513, C4<0000000000000000000000000000000000000000000000000000000000000000000000000000000000000000000000000000000000000000000000000000000000000000000000000000000000000000000000000000000000000000000000000000000000000000000000000000000000000000000000000000000000000000>;
P_0000000006445748 .param/l "INIT_7" 0 2 1514, C4<0000000000000000000000000000000000000000000000000000000000000000000000000000000000000000000000000000000000000000000000000000000000000000000000000000000000000000000000000000000000000000000000000000000000000000000000000000000000000000000000000000000000000000>;
P_0000000006445780 .param/l "INIT_8" 0 2 1515, C4<0000000000000000000000000000000000000000000000000000000000000000000000000000000000000000000000000000000000000000000000000000000000000000000000000000000000000000000000000000000000000000000000000000000000000000000000000000000000000000000000000000000000000000>;
P_00000000064457b8 .param/l "INIT_9" 0 2 1516, C4<0000000000000000000000000000000000000000000000000000000000000000000000000000000000000000000000000000000000000000000000000000000000000000000000000000000000000000000000000000000000000000000000000000000000000000000000000000000000000000000000000000000000000000>;
P_00000000064457f0 .param/l "INIT_A" 0 2 1517, C4<0000000000000000000000000000000000000000000000000000000000000000000000000000000000000000000000000000000000000000000000000000000000000000000000000000000000000000000000000000000000000000000000000000000000000000000000000000000000000000000000000000000000000000>;
P_0000000006445828 .param/l "INIT_B" 0 2 1518, C4<0000000000000000000000000000000000000000000000000000000000000000000000000000000000000000000000000000000000000000000000000000000000000000000000000000000000000000000000000000000000000000000000000000000000000000000000000000000000000000000000000000000000000000>;
P_0000000006445860 .param/l "INIT_C" 0 2 1519, C4<0000000000000000000000000000000000000000000000000000000000000000000000000000000000000000000000000000000000000000000000000000000000000000000000000000000000000000000000000000000000000000000000000000000000000000000000000000000000000000000000000000000000000000>;
P_0000000006445898 .param/l "INIT_D" 0 2 1520, C4<0000000000000000000000000000000000000000000000000000000000000000000000000000000000000000000000000000000000000000000000000000000000000000000000000000000000000000000000000000000000000000000000000000000000000000000000000000000000000000000000000000000000000000>;
P_00000000064458d0 .param/l "INIT_E" 0 2 1521, C4<0000000000000000000000000000000000000000000000000000000000000000000000000000000000000000000000000000000000000000000000000000000000000000000000000000000000000000000000000000000000000000000000000000000000000000000000000000000000000000000000000000000000000000>;
P_0000000006445908 .param/l "INIT_F" 0 2 1522, C4<0000000000000000000000000000000000000000000000000000000000000000000000000000000000000000000000000000000000000000000000000000000000000000000000000000000000000000000000000000000000000000000000000000000000000000000000000000000000000000000000000000000000000000>;
P_0000000006445940 .param/str "INIT_FILE" 0 2 1524, "\000";
P_0000000006445978 .param/l "READ_MODE" 0 2 1505, +C4<00000000000000000000000000000000>;
P_00000000064459b0 .param/l "WRITE_MODE" 0 2 1504, +C4<00000000000000000000000000000000>;
v000000000665f160_0 .net "MASK", 15 0, o00000000065f6eb8;  alias, 0 drivers
v000000000665e6c0_0 .net "RADDR", 10 0, o00000000065f6ee8;  alias, 0 drivers
v000000000665eda0_0 .net "RCLK", 0 0, L_0000000006551510;  1 drivers
v000000000665ea80_0 .net "RCLKE", 0 0, o00000000065f6f48;  alias, 0 drivers
v000000000665d900_0 .net "RDATA", 15 0, L_00000000065514a0;  alias, 1 drivers
v000000000665ca00_0 .var "RDATA_I", 15 0;
v000000000665cbe0_0 .net "RE", 0 0, o00000000065f6fd8;  alias, 0 drivers
L_0000000006686b68 .functor BUFT 1, C4<0000000000000000>, C4<0>, C4<0>, C4<0>;
v000000000665dc20_0 .net "RMASK_I", 15 0, L_0000000006686b68;  1 drivers
v000000000665de00_0 .net "WADDR", 10 0, o00000000065f7038;  alias, 0 drivers
v000000000665e760_0 .net "WCLK", 0 0, L_0000000006551660;  1 drivers
v000000000665dfe0_0 .net "WCLKE", 0 0, o00000000065f7098;  alias, 0 drivers
v000000000665e080_0 .net "WDATA", 15 0, o00000000065f70c8;  alias, 0 drivers
v000000000665d720_0 .net "WDATA_I", 15 0, L_00000000065512e0;  1 drivers
v000000000665e580_0 .net "WE", 0 0, o00000000065f7128;  alias, 0 drivers
v000000000665d040_0 .net "WMASK_I", 15 0, L_0000000006551270;  1 drivers
v000000000665ce60_0 .var/i "i", 31 0;
v000000000665cd20 .array "memory", 255 0, 15 0;
E_00000000065b2740 .event posedge, v000000000665eda0_0;
E_00000000065b2d80 .event posedge, v000000000665e760_0;
S_0000000006653970 .scope generate, "genblk1" "genblk1" 2 1534, 2 1534 0, S_00000000066537e0;
 .timescale -12 -12;
L_0000000006551270 .functor BUFZ 16, o00000000065f6eb8, C4<0000000000000000>, C4<0000000000000000>, C4<0000000000000000>;
S_0000000006653650 .scope generate, "genblk2" "genblk2" 2 1555, 2 1555 0, S_00000000066537e0;
 .timescale -12 -12;
S_0000000006653010 .scope generate, "genblk3" "genblk3" 2 1576, 2 1576 0, S_00000000066537e0;
 .timescale -12 -12;
L_00000000065512e0 .functor BUFZ 16, o00000000065f70c8, C4<0000000000000000>, C4<0000000000000000>, C4<0000000000000000>;
S_00000000066529d0 .scope generate, "genblk4" "genblk4" 2 1595, 2 1595 0, S_00000000066537e0;
 .timescale -12 -12;
L_00000000065514a0 .functor BUFZ 16, v000000000665ca00_0, C4<0000000000000000>, C4<0000000000000000>, C4<0000000000000000>;
S_00000000065e6970 .scope module, "SB_RAM40_4KNW" "SB_RAM40_4KNW" 2 1862;
 .timescale -12 -12;
    .port_info 0 /OUTPUT 16 "RDATA";
    .port_info 1 /INPUT 1 "RCLK";
    .port_info 2 /INPUT 1 "RCLKE";
    .port_info 3 /INPUT 1 "RE";
    .port_info 4 /INPUT 11 "RADDR";
    .port_info 5 /INPUT 1 "WCLKN";
    .port_info 6 /INPUT 1 "WCLKE";
    .port_info 7 /INPUT 1 "WE";
    .port_info 8 /INPUT 11 "WADDR";
    .port_info 9 /INPUT 16 "MASK";
    .port_info 10 /INPUT 16 "WDATA";
P_00000000065e8590 .param/l "INIT_0" 0 2 1878, C4<0000000000000000000000000000000000000000000000000000000000000000000000000000000000000000000000000000000000000000000000000000000000000000000000000000000000000000000000000000000000000000000000000000000000000000000000000000000000000000000000000000000000000000>;
P_00000000065e85c8 .param/l "INIT_1" 0 2 1879, C4<0000000000000000000000000000000000000000000000000000000000000000000000000000000000000000000000000000000000000000000000000000000000000000000000000000000000000000000000000000000000000000000000000000000000000000000000000000000000000000000000000000000000000000>;
P_00000000065e8600 .param/l "INIT_2" 0 2 1880, C4<0000000000000000000000000000000000000000000000000000000000000000000000000000000000000000000000000000000000000000000000000000000000000000000000000000000000000000000000000000000000000000000000000000000000000000000000000000000000000000000000000000000000000000>;
P_00000000065e8638 .param/l "INIT_3" 0 2 1881, C4<0000000000000000000000000000000000000000000000000000000000000000000000000000000000000000000000000000000000000000000000000000000000000000000000000000000000000000000000000000000000000000000000000000000000000000000000000000000000000000000000000000000000000000>;
P_00000000065e8670 .param/l "INIT_4" 0 2 1882, C4<0000000000000000000000000000000000000000000000000000000000000000000000000000000000000000000000000000000000000000000000000000000000000000000000000000000000000000000000000000000000000000000000000000000000000000000000000000000000000000000000000000000000000000>;
P_00000000065e86a8 .param/l "INIT_5" 0 2 1883, C4<0000000000000000000000000000000000000000000000000000000000000000000000000000000000000000000000000000000000000000000000000000000000000000000000000000000000000000000000000000000000000000000000000000000000000000000000000000000000000000000000000000000000000000>;
P_00000000065e86e0 .param/l "INIT_6" 0 2 1884, C4<0000000000000000000000000000000000000000000000000000000000000000000000000000000000000000000000000000000000000000000000000000000000000000000000000000000000000000000000000000000000000000000000000000000000000000000000000000000000000000000000000000000000000000>;
P_00000000065e8718 .param/l "INIT_7" 0 2 1885, C4<0000000000000000000000000000000000000000000000000000000000000000000000000000000000000000000000000000000000000000000000000000000000000000000000000000000000000000000000000000000000000000000000000000000000000000000000000000000000000000000000000000000000000000>;
P_00000000065e8750 .param/l "INIT_8" 0 2 1886, C4<0000000000000000000000000000000000000000000000000000000000000000000000000000000000000000000000000000000000000000000000000000000000000000000000000000000000000000000000000000000000000000000000000000000000000000000000000000000000000000000000000000000000000000>;
P_00000000065e8788 .param/l "INIT_9" 0 2 1887, C4<0000000000000000000000000000000000000000000000000000000000000000000000000000000000000000000000000000000000000000000000000000000000000000000000000000000000000000000000000000000000000000000000000000000000000000000000000000000000000000000000000000000000000000>;
P_00000000065e87c0 .param/l "INIT_A" 0 2 1888, C4<0000000000000000000000000000000000000000000000000000000000000000000000000000000000000000000000000000000000000000000000000000000000000000000000000000000000000000000000000000000000000000000000000000000000000000000000000000000000000000000000000000000000000000>;
P_00000000065e87f8 .param/l "INIT_B" 0 2 1889, C4<0000000000000000000000000000000000000000000000000000000000000000000000000000000000000000000000000000000000000000000000000000000000000000000000000000000000000000000000000000000000000000000000000000000000000000000000000000000000000000000000000000000000000000>;
P_00000000065e8830 .param/l "INIT_C" 0 2 1890, C4<0000000000000000000000000000000000000000000000000000000000000000000000000000000000000000000000000000000000000000000000000000000000000000000000000000000000000000000000000000000000000000000000000000000000000000000000000000000000000000000000000000000000000000>;
P_00000000065e8868 .param/l "INIT_D" 0 2 1891, C4<0000000000000000000000000000000000000000000000000000000000000000000000000000000000000000000000000000000000000000000000000000000000000000000000000000000000000000000000000000000000000000000000000000000000000000000000000000000000000000000000000000000000000000>;
P_00000000065e88a0 .param/l "INIT_E" 0 2 1892, C4<0000000000000000000000000000000000000000000000000000000000000000000000000000000000000000000000000000000000000000000000000000000000000000000000000000000000000000000000000000000000000000000000000000000000000000000000000000000000000000000000000000000000000000>;
P_00000000065e88d8 .param/l "INIT_F" 0 2 1893, C4<0000000000000000000000000000000000000000000000000000000000000000000000000000000000000000000000000000000000000000000000000000000000000000000000000000000000000000000000000000000000000000000000000000000000000000000000000000000000000000000000000000000000000000>;
P_00000000065e8910 .param/str "INIT_FILE" 0 2 1895, "\000";
P_00000000065e8948 .param/l "READ_MODE" 0 2 1876, +C4<00000000000000000000000000000000>;
P_00000000065e8980 .param/l "WRITE_MODE" 0 2 1875, +C4<00000000000000000000000000000000>;
o00000000065f7b48 .functor BUFZ 1, C4<z>; HiZ drive
L_0000000006551ba0 .functor NOT 1, o00000000065f7b48, C4<0>, C4<0>, C4<0>;
o00000000065f7638 .functor BUFZ 16, C4<zzzzzzzzzzzzzzzz>; HiZ drive
v0000000006660880_0 .net "MASK", 15 0, o00000000065f7638;  0 drivers
o00000000065f7668 .functor BUFZ 11, C4<zzzzzzzzzzz>; HiZ drive
v0000000006660060_0 .net "RADDR", 10 0, o00000000065f7668;  0 drivers
o00000000065f7698 .functor BUFZ 1, C4<z>; HiZ drive
v0000000006660b00_0 .net "RCLK", 0 0, o00000000065f7698;  0 drivers
o00000000065f76c8 .functor BUFZ 1, C4<z>; HiZ drive
v00000000066609c0_0 .net "RCLKE", 0 0, o00000000065f76c8;  0 drivers
v0000000006660ba0_0 .net "RDATA", 15 0, L_0000000006551890;  1 drivers
o00000000065f7758 .functor BUFZ 1, C4<z>; HiZ drive
v00000000066615a0_0 .net "RE", 0 0, o00000000065f7758;  0 drivers
o00000000065f77b8 .functor BUFZ 11, C4<zzzzzzzzzzz>; HiZ drive
v0000000006661140_0 .net "WADDR", 10 0, o00000000065f77b8;  0 drivers
o00000000065f7818 .functor BUFZ 1, C4<z>; HiZ drive
v000000000665f340_0 .net "WCLKE", 0 0, o00000000065f7818;  0 drivers
v000000000665f3e0_0 .net "WCLKN", 0 0, o00000000065f7b48;  0 drivers
o00000000065f7848 .functor BUFZ 16, C4<zzzzzzzzzzzzzzzz>; HiZ drive
v0000000006660ec0_0 .net "WDATA", 15 0, o00000000065f7848;  0 drivers
o00000000065f78a8 .functor BUFZ 1, C4<z>; HiZ drive
v0000000006661780_0 .net "WE", 0 0, o00000000065f78a8;  0 drivers
S_0000000006654140 .scope module, "RAM" "SB_RAM40_4K" 2 1917, 2 1487 0, S_00000000065e6970;
 .timescale -12 -12;
    .port_info 0 /OUTPUT 16 "RDATA";
    .port_info 1 /INPUT 1 "RCLK";
    .port_info 2 /INPUT 1 "RCLKE";
    .port_info 3 /INPUT 1 "RE";
    .port_info 4 /INPUT 11 "RADDR";
    .port_info 5 /INPUT 1 "WCLK";
    .port_info 6 /INPUT 1 "WCLKE";
    .port_info 7 /INPUT 1 "WE";
    .port_info 8 /INPUT 11 "WADDR";
    .port_info 9 /INPUT 16 "MASK";
    .port_info 10 /INPUT 16 "WDATA";
P_00000000064459f0 .param/l "INIT_0" 0 2 1507, C4<0000000000000000000000000000000000000000000000000000000000000000000000000000000000000000000000000000000000000000000000000000000000000000000000000000000000000000000000000000000000000000000000000000000000000000000000000000000000000000000000000000000000000000>;
P_0000000006445a28 .param/l "INIT_1" 0 2 1508, C4<0000000000000000000000000000000000000000000000000000000000000000000000000000000000000000000000000000000000000000000000000000000000000000000000000000000000000000000000000000000000000000000000000000000000000000000000000000000000000000000000000000000000000000>;
P_0000000006445a60 .param/l "INIT_2" 0 2 1509, C4<0000000000000000000000000000000000000000000000000000000000000000000000000000000000000000000000000000000000000000000000000000000000000000000000000000000000000000000000000000000000000000000000000000000000000000000000000000000000000000000000000000000000000000>;
P_0000000006445a98 .param/l "INIT_3" 0 2 1510, C4<0000000000000000000000000000000000000000000000000000000000000000000000000000000000000000000000000000000000000000000000000000000000000000000000000000000000000000000000000000000000000000000000000000000000000000000000000000000000000000000000000000000000000000>;
P_0000000006445ad0 .param/l "INIT_4" 0 2 1511, C4<0000000000000000000000000000000000000000000000000000000000000000000000000000000000000000000000000000000000000000000000000000000000000000000000000000000000000000000000000000000000000000000000000000000000000000000000000000000000000000000000000000000000000000>;
P_0000000006445b08 .param/l "INIT_5" 0 2 1512, C4<0000000000000000000000000000000000000000000000000000000000000000000000000000000000000000000000000000000000000000000000000000000000000000000000000000000000000000000000000000000000000000000000000000000000000000000000000000000000000000000000000000000000000000>;
P_0000000006445b40 .param/l "INIT_6" 0 2 1513, C4<0000000000000000000000000000000000000000000000000000000000000000000000000000000000000000000000000000000000000000000000000000000000000000000000000000000000000000000000000000000000000000000000000000000000000000000000000000000000000000000000000000000000000000>;
P_0000000006445b78 .param/l "INIT_7" 0 2 1514, C4<0000000000000000000000000000000000000000000000000000000000000000000000000000000000000000000000000000000000000000000000000000000000000000000000000000000000000000000000000000000000000000000000000000000000000000000000000000000000000000000000000000000000000000>;
P_0000000006445bb0 .param/l "INIT_8" 0 2 1515, C4<0000000000000000000000000000000000000000000000000000000000000000000000000000000000000000000000000000000000000000000000000000000000000000000000000000000000000000000000000000000000000000000000000000000000000000000000000000000000000000000000000000000000000000>;
P_0000000006445be8 .param/l "INIT_9" 0 2 1516, C4<0000000000000000000000000000000000000000000000000000000000000000000000000000000000000000000000000000000000000000000000000000000000000000000000000000000000000000000000000000000000000000000000000000000000000000000000000000000000000000000000000000000000000000>;
P_0000000006445c20 .param/l "INIT_A" 0 2 1517, C4<0000000000000000000000000000000000000000000000000000000000000000000000000000000000000000000000000000000000000000000000000000000000000000000000000000000000000000000000000000000000000000000000000000000000000000000000000000000000000000000000000000000000000000>;
P_0000000006445c58 .param/l "INIT_B" 0 2 1518, C4<0000000000000000000000000000000000000000000000000000000000000000000000000000000000000000000000000000000000000000000000000000000000000000000000000000000000000000000000000000000000000000000000000000000000000000000000000000000000000000000000000000000000000000>;
P_0000000006445c90 .param/l "INIT_C" 0 2 1519, C4<0000000000000000000000000000000000000000000000000000000000000000000000000000000000000000000000000000000000000000000000000000000000000000000000000000000000000000000000000000000000000000000000000000000000000000000000000000000000000000000000000000000000000000>;
P_0000000006445cc8 .param/l "INIT_D" 0 2 1520, C4<0000000000000000000000000000000000000000000000000000000000000000000000000000000000000000000000000000000000000000000000000000000000000000000000000000000000000000000000000000000000000000000000000000000000000000000000000000000000000000000000000000000000000000>;
P_0000000006445d00 .param/l "INIT_E" 0 2 1521, C4<0000000000000000000000000000000000000000000000000000000000000000000000000000000000000000000000000000000000000000000000000000000000000000000000000000000000000000000000000000000000000000000000000000000000000000000000000000000000000000000000000000000000000000>;
P_0000000006445d38 .param/l "INIT_F" 0 2 1522, C4<0000000000000000000000000000000000000000000000000000000000000000000000000000000000000000000000000000000000000000000000000000000000000000000000000000000000000000000000000000000000000000000000000000000000000000000000000000000000000000000000000000000000000000>;
P_0000000006445d70 .param/str "INIT_FILE" 0 2 1524, "\000";
P_0000000006445da8 .param/l "READ_MODE" 0 2 1505, +C4<00000000000000000000000000000000>;
P_0000000006445de0 .param/l "WRITE_MODE" 0 2 1504, +C4<00000000000000000000000000000000>;
v000000000665e260_0 .net "MASK", 15 0, o00000000065f7638;  alias, 0 drivers
v000000000665e3a0_0 .net "RADDR", 10 0, o00000000065f7668;  alias, 0 drivers
v000000000665e440_0 .net "RCLK", 0 0, o00000000065f7698;  alias, 0 drivers
v000000000665e4e0_0 .net "RCLKE", 0 0, o00000000065f76c8;  alias, 0 drivers
v000000000665d360_0 .net "RDATA", 15 0, L_0000000006551890;  alias, 1 drivers
v000000000665e620_0 .var "RDATA_I", 15 0;
v000000000665d540_0 .net "RE", 0 0, o00000000065f7758;  alias, 0 drivers
L_0000000006686bb0 .functor BUFT 1, C4<0000000000000000>, C4<0>, C4<0>, C4<0>;
v000000000665d5e0_0 .net "RMASK_I", 15 0, L_0000000006686bb0;  1 drivers
v000000000665e800_0 .net "WADDR", 10 0, o00000000065f77b8;  alias, 0 drivers
v000000000665e8a0_0 .net "WCLK", 0 0, L_0000000006551ba0;  1 drivers
v000000000665e9e0_0 .net "WCLKE", 0 0, o00000000065f7818;  alias, 0 drivers
v000000000665eb20_0 .net "WDATA", 15 0, o00000000065f7848;  alias, 0 drivers
v000000000665ebc0_0 .net "WDATA_I", 15 0, L_0000000006551820;  1 drivers
v000000000665ec60_0 .net "WE", 0 0, o00000000065f78a8;  alias, 0 drivers
v000000000665ed00_0 .net "WMASK_I", 15 0, L_0000000006551900;  1 drivers
v0000000006660a60_0 .var/i "i", 31 0;
v0000000006660920 .array "memory", 255 0, 15 0;
E_00000000065b2500 .event posedge, v000000000665e440_0;
E_00000000065b27c0 .event posedge, v000000000665e8a0_0;
S_00000000066531a0 .scope generate, "genblk1" "genblk1" 2 1534, 2 1534 0, S_0000000006654140;
 .timescale -12 -12;
L_0000000006551900 .functor BUFZ 16, o00000000065f7638, C4<0000000000000000>, C4<0000000000000000>, C4<0000000000000000>;
S_00000000066542d0 .scope generate, "genblk2" "genblk2" 2 1555, 2 1555 0, S_0000000006654140;
 .timescale -12 -12;
S_0000000006654460 .scope generate, "genblk3" "genblk3" 2 1576, 2 1576 0, S_0000000006654140;
 .timescale -12 -12;
L_0000000006551820 .functor BUFZ 16, o00000000065f7848, C4<0000000000000000>, C4<0000000000000000>, C4<0000000000000000>;
S_0000000006653330 .scope generate, "genblk4" "genblk4" 2 1595, 2 1595 0, S_0000000006654140;
 .timescale -12 -12;
L_0000000006551890 .functor BUFZ 16, v000000000665e620_0, C4<0000000000000000>, C4<0000000000000000>, C4<0000000000000000>;
S_00000000065e6b00 .scope module, "SB_RGBA_DRV" "SB_RGBA_DRV" 2 2692;
 .timescale -12 -12;
    .port_info 0 /INPUT 1 "CURREN";
    .port_info 1 /INPUT 1 "RGBLEDEN";
    .port_info 2 /INPUT 1 "RGB0PWM";
    .port_info 3 /INPUT 1 "RGB1PWM";
    .port_info 4 /INPUT 1 "RGB2PWM";
    .port_info 5 /OUTPUT 1 "RGB0";
    .port_info 6 /OUTPUT 1 "RGB1";
    .port_info 7 /OUTPUT 1 "RGB2";
P_00000000062a3150 .param/str "CURRENT_MODE" 0 2 2702, "0b0";
P_00000000062a3188 .param/str "RGB0_CURRENT" 0 2 2703, "0b000000";
P_00000000062a31c0 .param/str "RGB1_CURRENT" 0 2 2704, "0b000000";
P_00000000062a31f8 .param/str "RGB2_CURRENT" 0 2 2705, "0b000000";
o00000000065f7d88 .functor BUFZ 1, C4<z>; HiZ drive
v0000000006660c40_0 .net "CURREN", 0 0, o00000000065f7d88;  0 drivers
o00000000065f7db8 .functor BUFZ 1, C4<z>; HiZ drive
v000000000665f2a0_0 .net "RGB0", 0 0, o00000000065f7db8;  0 drivers
o00000000065f7de8 .functor BUFZ 1, C4<z>; HiZ drive
v000000000665f840_0 .net "RGB0PWM", 0 0, o00000000065f7de8;  0 drivers
o00000000065f7e18 .functor BUFZ 1, C4<z>; HiZ drive
v0000000006661500_0 .net "RGB1", 0 0, o00000000065f7e18;  0 drivers
o00000000065f7e48 .functor BUFZ 1, C4<z>; HiZ drive
v000000000665f480_0 .net "RGB1PWM", 0 0, o00000000065f7e48;  0 drivers
o00000000065f7e78 .functor BUFZ 1, C4<z>; HiZ drive
v00000000066601a0_0 .net "RGB2", 0 0, o00000000065f7e78;  0 drivers
o00000000065f7ea8 .functor BUFZ 1, C4<z>; HiZ drive
v000000000665f7a0_0 .net "RGB2PWM", 0 0, o00000000065f7ea8;  0 drivers
o00000000065f7ed8 .functor BUFZ 1, C4<z>; HiZ drive
v000000000665fa20_0 .net "RGBLEDEN", 0 0, o00000000065f7ed8;  0 drivers
S_0000000006442110 .scope module, "SB_RGB_DRV" "SB_RGB_DRV" 2 2716;
 .timescale -12 -12;
    .port_info 0 /INPUT 1 "RGBLEDEN";
    .port_info 1 /INPUT 1 "RGB0PWM";
    .port_info 2 /INPUT 1 "RGB1PWM";
    .port_info 3 /INPUT 1 "RGB2PWM";
    .port_info 4 /INPUT 1 "RGBPU";
    .port_info 5 /OUTPUT 1 "RGB0";
    .port_info 6 /OUTPUT 1 "RGB1";
    .port_info 7 /OUTPUT 1 "RGB2";
P_00000000062f94b0 .param/str "CURRENT_MODE" 0 2 2726, "0b0";
P_00000000062f94e8 .param/str "RGB0_CURRENT" 0 2 2727, "0b000000";
P_00000000062f9520 .param/str "RGB1_CURRENT" 0 2 2728, "0b000000";
P_00000000062f9558 .param/str "RGB2_CURRENT" 0 2 2729, "0b000000";
o00000000065f8088 .functor BUFZ 1, C4<z>; HiZ drive
v000000000665f700_0 .net "RGB0", 0 0, o00000000065f8088;  0 drivers
o00000000065f80b8 .functor BUFZ 1, C4<z>; HiZ drive
v0000000006660f60_0 .net "RGB0PWM", 0 0, o00000000065f80b8;  0 drivers
o00000000065f80e8 .functor BUFZ 1, C4<z>; HiZ drive
v0000000006660ce0_0 .net "RGB1", 0 0, o00000000065f80e8;  0 drivers
o00000000065f8118 .functor BUFZ 1, C4<z>; HiZ drive
v0000000006660d80_0 .net "RGB1PWM", 0 0, o00000000065f8118;  0 drivers
o00000000065f8148 .functor BUFZ 1, C4<z>; HiZ drive
v0000000006661000_0 .net "RGB2", 0 0, o00000000065f8148;  0 drivers
o00000000065f8178 .functor BUFZ 1, C4<z>; HiZ drive
v0000000006660e20_0 .net "RGB2PWM", 0 0, o00000000065f8178;  0 drivers
o00000000065f81a8 .functor BUFZ 1, C4<z>; HiZ drive
v000000000665f8e0_0 .net "RGBLEDEN", 0 0, o00000000065f81a8;  0 drivers
o00000000065f81d8 .functor BUFZ 1, C4<z>; HiZ drive
v00000000066611e0_0 .net "RGBPU", 0 0, o00000000065f81d8;  0 drivers
S_00000000064433d0 .scope module, "SB_SPI" "SB_SPI" 2 2776;
 .timescale -12 -12;
    .port_info 0 /INPUT 1 "SBCLKI";
    .port_info 1 /INPUT 1 "SBRWI";
    .port_info 2 /INPUT 1 "SBSTBI";
    .port_info 3 /INPUT 1 "SBADRI7";
    .port_info 4 /INPUT 1 "SBADRI6";
    .port_info 5 /INPUT 1 "SBADRI5";
    .port_info 6 /INPUT 1 "SBADRI4";
    .port_info 7 /INPUT 1 "SBADRI3";
    .port_info 8 /INPUT 1 "SBADRI2";
    .port_info 9 /INPUT 1 "SBADRI1";
    .port_info 10 /INPUT 1 "SBADRI0";
    .port_info 11 /INPUT 1 "SBDATI7";
    .port_info 12 /INPUT 1 "SBDATI6";
    .port_info 13 /INPUT 1 "SBDATI5";
    .port_info 14 /INPUT 1 "SBDATI4";
    .port_info 15 /INPUT 1 "SBDATI3";
    .port_info 16 /INPUT 1 "SBDATI2";
    .port_info 17 /INPUT 1 "SBDATI1";
    .port_info 18 /INPUT 1 "SBDATI0";
    .port_info 19 /INPUT 1 "MI";
    .port_info 20 /INPUT 1 "SI";
    .port_info 21 /INPUT 1 "SCKI";
    .port_info 22 /INPUT 1 "SCSNI";
    .port_info 23 /OUTPUT 1 "SBDATO7";
    .port_info 24 /OUTPUT 1 "SBDATO6";
    .port_info 25 /OUTPUT 1 "SBDATO5";
    .port_info 26 /OUTPUT 1 "SBDATO4";
    .port_info 27 /OUTPUT 1 "SBDATO3";
    .port_info 28 /OUTPUT 1 "SBDATO2";
    .port_info 29 /OUTPUT 1 "SBDATO1";
    .port_info 30 /OUTPUT 1 "SBDATO0";
    .port_info 31 /OUTPUT 1 "SBACKO";
    .port_info 32 /OUTPUT 1 "SPIIRQ";
    .port_info 33 /OUTPUT 1 "SPIWKUP";
    .port_info 34 /OUTPUT 1 "SO";
    .port_info 35 /OUTPUT 1 "SOE";
    .port_info 36 /OUTPUT 1 "MO";
    .port_info 37 /OUTPUT 1 "MOE";
    .port_info 38 /OUTPUT 1 "SCKO";
    .port_info 39 /OUTPUT 1 "SCKOE";
    .port_info 40 /OUTPUT 1 "MCSNO3";
    .port_info 41 /OUTPUT 1 "MCSNO2";
    .port_info 42 /OUTPUT 1 "MCSNO1";
    .port_info 43 /OUTPUT 1 "MCSNO0";
    .port_info 44 /OUTPUT 1 "MCSNOE3";
    .port_info 45 /OUTPUT 1 "MCSNOE2";
    .port_info 46 /OUTPUT 1 "MCSNOE1";
    .port_info 47 /OUTPUT 1 "MCSNOE0";
P_00000000065b1d00 .param/str "BUS_ADDR74" 0 2 2826, "0b0000";
o00000000065f8388 .functor BUFZ 1, C4<z>; HiZ drive
v0000000006661640_0 .net "MCSNO0", 0 0, o00000000065f8388;  0 drivers
o00000000065f83b8 .functor BUFZ 1, C4<z>; HiZ drive
v0000000006661280_0 .net "MCSNO1", 0 0, o00000000065f83b8;  0 drivers
o00000000065f83e8 .functor BUFZ 1, C4<z>; HiZ drive
v00000000066610a0_0 .net "MCSNO2", 0 0, o00000000065f83e8;  0 drivers
o00000000065f8418 .functor BUFZ 1, C4<z>; HiZ drive
v0000000006661820_0 .net "MCSNO3", 0 0, o00000000065f8418;  0 drivers
o00000000065f8448 .functor BUFZ 1, C4<z>; HiZ drive
v00000000066616e0_0 .net "MCSNOE0", 0 0, o00000000065f8448;  0 drivers
o00000000065f8478 .functor BUFZ 1, C4<z>; HiZ drive
v0000000006660240_0 .net "MCSNOE1", 0 0, o00000000065f8478;  0 drivers
o00000000065f84a8 .functor BUFZ 1, C4<z>; HiZ drive
v0000000006660100_0 .net "MCSNOE2", 0 0, o00000000065f84a8;  0 drivers
o00000000065f84d8 .functor BUFZ 1, C4<z>; HiZ drive
v000000000665f660_0 .net "MCSNOE3", 0 0, o00000000065f84d8;  0 drivers
o00000000065f8508 .functor BUFZ 1, C4<z>; HiZ drive
v0000000006661960_0 .net "MI", 0 0, o00000000065f8508;  0 drivers
o00000000065f8538 .functor BUFZ 1, C4<z>; HiZ drive
v00000000066602e0_0 .net "MO", 0 0, o00000000065f8538;  0 drivers
o00000000065f8568 .functor BUFZ 1, C4<z>; HiZ drive
v0000000006661320_0 .net "MOE", 0 0, o00000000065f8568;  0 drivers
o00000000065f8598 .functor BUFZ 1, C4<z>; HiZ drive
v00000000066618c0_0 .net "SBACKO", 0 0, o00000000065f8598;  0 drivers
o00000000065f85c8 .functor BUFZ 1, C4<z>; HiZ drive
v000000000665fc00_0 .net "SBADRI0", 0 0, o00000000065f85c8;  0 drivers
o00000000065f85f8 .functor BUFZ 1, C4<z>; HiZ drive
v00000000066613c0_0 .net "SBADRI1", 0 0, o00000000065f85f8;  0 drivers
o00000000065f8628 .functor BUFZ 1, C4<z>; HiZ drive
v000000000665f980_0 .net "SBADRI2", 0 0, o00000000065f8628;  0 drivers
o00000000065f8658 .functor BUFZ 1, C4<z>; HiZ drive
v0000000006661460_0 .net "SBADRI3", 0 0, o00000000065f8658;  0 drivers
o00000000065f8688 .functor BUFZ 1, C4<z>; HiZ drive
v000000000665f520_0 .net "SBADRI4", 0 0, o00000000065f8688;  0 drivers
o00000000065f86b8 .functor BUFZ 1, C4<z>; HiZ drive
v000000000665fac0_0 .net "SBADRI5", 0 0, o00000000065f86b8;  0 drivers
o00000000065f86e8 .functor BUFZ 1, C4<z>; HiZ drive
v000000000665f200_0 .net "SBADRI6", 0 0, o00000000065f86e8;  0 drivers
o00000000065f8718 .functor BUFZ 1, C4<z>; HiZ drive
v0000000006660380_0 .net "SBADRI7", 0 0, o00000000065f8718;  0 drivers
o00000000065f8748 .functor BUFZ 1, C4<z>; HiZ drive
v0000000006660420_0 .net "SBCLKI", 0 0, o00000000065f8748;  0 drivers
o00000000065f8778 .functor BUFZ 1, C4<z>; HiZ drive
v00000000066604c0_0 .net "SBDATI0", 0 0, o00000000065f8778;  0 drivers
o00000000065f87a8 .functor BUFZ 1, C4<z>; HiZ drive
v000000000665fca0_0 .net "SBDATI1", 0 0, o00000000065f87a8;  0 drivers
o00000000065f87d8 .functor BUFZ 1, C4<z>; HiZ drive
v000000000665f5c0_0 .net "SBDATI2", 0 0, o00000000065f87d8;  0 drivers
o00000000065f8808 .functor BUFZ 1, C4<z>; HiZ drive
v000000000665fd40_0 .net "SBDATI3", 0 0, o00000000065f8808;  0 drivers
o00000000065f8838 .functor BUFZ 1, C4<z>; HiZ drive
v000000000665fb60_0 .net "SBDATI4", 0 0, o00000000065f8838;  0 drivers
o00000000065f8868 .functor BUFZ 1, C4<z>; HiZ drive
v000000000665fde0_0 .net "SBDATI5", 0 0, o00000000065f8868;  0 drivers
o00000000065f8898 .functor BUFZ 1, C4<z>; HiZ drive
v0000000006660560_0 .net "SBDATI6", 0 0, o00000000065f8898;  0 drivers
o00000000065f88c8 .functor BUFZ 1, C4<z>; HiZ drive
v000000000665fe80_0 .net "SBDATI7", 0 0, o00000000065f88c8;  0 drivers
o00000000065f88f8 .functor BUFZ 1, C4<z>; HiZ drive
v000000000665ff20_0 .net "SBDATO0", 0 0, o00000000065f88f8;  0 drivers
o00000000065f8928 .functor BUFZ 1, C4<z>; HiZ drive
v000000000665ffc0_0 .net "SBDATO1", 0 0, o00000000065f8928;  0 drivers
o00000000065f8958 .functor BUFZ 1, C4<z>; HiZ drive
v0000000006660600_0 .net "SBDATO2", 0 0, o00000000065f8958;  0 drivers
o00000000065f8988 .functor BUFZ 1, C4<z>; HiZ drive
v00000000066606a0_0 .net "SBDATO3", 0 0, o00000000065f8988;  0 drivers
o00000000065f89b8 .functor BUFZ 1, C4<z>; HiZ drive
v0000000006660740_0 .net "SBDATO4", 0 0, o00000000065f89b8;  0 drivers
o00000000065f89e8 .functor BUFZ 1, C4<z>; HiZ drive
v00000000066607e0_0 .net "SBDATO5", 0 0, o00000000065f89e8;  0 drivers
o00000000065f8a18 .functor BUFZ 1, C4<z>; HiZ drive
v00000000066638a0_0 .net "SBDATO6", 0 0, o00000000065f8a18;  0 drivers
o00000000065f8a48 .functor BUFZ 1, C4<z>; HiZ drive
v0000000006663260_0 .net "SBDATO7", 0 0, o00000000065f8a48;  0 drivers
o00000000065f8a78 .functor BUFZ 1, C4<z>; HiZ drive
v0000000006661be0_0 .net "SBRWI", 0 0, o00000000065f8a78;  0 drivers
o00000000065f8aa8 .functor BUFZ 1, C4<z>; HiZ drive
v0000000006663b20_0 .net "SBSTBI", 0 0, o00000000065f8aa8;  0 drivers
o00000000065f8ad8 .functor BUFZ 1, C4<z>; HiZ drive
v0000000006663800_0 .net "SCKI", 0 0, o00000000065f8ad8;  0 drivers
o00000000065f8b08 .functor BUFZ 1, C4<z>; HiZ drive
v0000000006663bc0_0 .net "SCKO", 0 0, o00000000065f8b08;  0 drivers
o00000000065f8b38 .functor BUFZ 1, C4<z>; HiZ drive
v0000000006662360_0 .net "SCKOE", 0 0, o00000000065f8b38;  0 drivers
o00000000065f8b68 .functor BUFZ 1, C4<z>; HiZ drive
v0000000006661aa0_0 .net "SCSNI", 0 0, o00000000065f8b68;  0 drivers
o00000000065f8b98 .functor BUFZ 1, C4<z>; HiZ drive
v0000000006661b40_0 .net "SI", 0 0, o00000000065f8b98;  0 drivers
o00000000065f8bc8 .functor BUFZ 1, C4<z>; HiZ drive
v0000000006661c80_0 .net "SO", 0 0, o00000000065f8bc8;  0 drivers
o00000000065f8bf8 .functor BUFZ 1, C4<z>; HiZ drive
v0000000006661d20_0 .net "SOE", 0 0, o00000000065f8bf8;  0 drivers
o00000000065f8c28 .functor BUFZ 1, C4<z>; HiZ drive
v0000000006663080_0 .net "SPIIRQ", 0 0, o00000000065f8c28;  0 drivers
o00000000065f8c58 .functor BUFZ 1, C4<z>; HiZ drive
v0000000006663f80_0 .net "SPIWKUP", 0 0, o00000000065f8c58;  0 drivers
S_0000000006443d30 .scope module, "SB_SPRAM256KA" "SB_SPRAM256KA" 2 2600;
 .timescale -12 -12;
    .port_info 0 /INPUT 14 "ADDRESS";
    .port_info 1 /INPUT 16 "DATAIN";
    .port_info 2 /INPUT 4 "MASKWREN";
    .port_info 3 /INPUT 1 "WREN";
    .port_info 4 /INPUT 1 "CHIPSELECT";
    .port_info 5 /INPUT 1 "CLOCK";
    .port_info 6 /INPUT 1 "STANDBY";
    .port_info 7 /INPUT 1 "SLEEP";
    .port_info 8 /INPUT 1 "POWEROFF";
    .port_info 9 /OUTPUT 16 "DATAOUT";
o00000000065f96d8 .functor BUFZ 1, C4<z>; HiZ drive
L_0000000006551a50 .functor OR 1, o00000000065f96d8, L_00000000066e1c00, C4<0>, C4<0>;
o00000000065f9588 .functor BUFZ 14, C4<zzzzzzzzzzzzzz>; HiZ drive
v0000000006663120_0 .net "ADDRESS", 13 0, o00000000065f9588;  0 drivers
o00000000065f95b8 .functor BUFZ 1, C4<z>; HiZ drive
v0000000006663940_0 .net "CHIPSELECT", 0 0, o00000000065f95b8;  0 drivers
o00000000065f95e8 .functor BUFZ 1, C4<z>; HiZ drive
v0000000006664160_0 .net "CLOCK", 0 0, o00000000065f95e8;  0 drivers
o00000000065f9618 .functor BUFZ 16, C4<zzzzzzzzzzzzzzzz>; HiZ drive
v0000000006661dc0_0 .net "DATAIN", 15 0, o00000000065f9618;  0 drivers
v0000000006663c60_0 .var "DATAOUT", 15 0;
o00000000065f9678 .functor BUFZ 4, C4<zzzz>; HiZ drive
v0000000006661a00_0 .net "MASKWREN", 3 0, o00000000065f9678;  0 drivers
o00000000065f96a8 .functor BUFZ 1, C4<z>; HiZ drive
v0000000006662900_0 .net "POWEROFF", 0 0, o00000000065f96a8;  0 drivers
v0000000006663300_0 .net "SLEEP", 0 0, o00000000065f96d8;  0 drivers
o00000000065f9708 .functor BUFZ 1, C4<z>; HiZ drive
v0000000006664020_0 .net "STANDBY", 0 0, o00000000065f9708;  0 drivers
o00000000065f9738 .functor BUFZ 1, C4<z>; HiZ drive
v00000000066640c0_0 .net "WREN", 0 0, o00000000065f9738;  0 drivers
v0000000006662a40_0 .net *"_ivl_1", 0 0, L_00000000066e1c00;  1 drivers
v00000000066629a0_0 .var/i "i", 31 0;
v0000000006663d00 .array "mem", 16383 0, 15 0;
v0000000006663760_0 .net "off", 0 0, L_0000000006551a50;  1 drivers
E_00000000065b2fc0 .event posedge, v0000000006663760_0, v0000000006664160_0;
E_00000000065b2dc0 .event negedge, v0000000006662900_0;
L_00000000066e1c00 .reduce/nor o00000000065f96a8;
S_0000000006442430 .scope module, "SB_WARMBOOT" "SB_WARMBOOT" 2 2593;
 .timescale -12 -12;
    .port_info 0 /INPUT 1 "BOOT";
    .port_info 1 /INPUT 1 "S1";
    .port_info 2 /INPUT 1 "S0";
o00000000065f99d8 .functor BUFZ 1, C4<z>; HiZ drive
v0000000006661e60_0 .net "BOOT", 0 0, o00000000065f99d8;  0 drivers
o00000000065f9a08 .functor BUFZ 1, C4<z>; HiZ drive
v0000000006661f00_0 .net "S0", 0 0, o00000000065f9a08;  0 drivers
o00000000065f9a38 .functor BUFZ 1, C4<z>; HiZ drive
v00000000066622c0_0 .net "S1", 0 0, o00000000065f9a38;  0 drivers
S_0000000006443240 .scope module, "reverse_bits" "reverse_bits" 3 201;
 .timescale -12 -12;
    .port_info 0 /INPUT 32 "in";
    .port_info 1 /OUTPUT 32 "out";
P_00000000065b1b80 .param/l "WIDTH" 0 3 201, +C4<00000000000000000000000000100000>;
o00000000065fa0f8 .functor BUFZ 32, C4<zzzzzzzzzzzzzzzzzzzzzzzzzzzzzzzz>; HiZ drive
v0000000006662f40_0 .net "in", 31 0, o00000000065fa0f8;  0 drivers
v0000000006662fe0_0 .net "out", 31 0, L_00000000066e18e0;  1 drivers
L_00000000066e17a0 .part o00000000065fa0f8, 31, 1;
L_00000000066e2240 .part o00000000065fa0f8, 30, 1;
L_00000000066e1340 .part o00000000065fa0f8, 29, 1;
L_00000000066e1700 .part o00000000065fa0f8, 28, 1;
L_00000000066e2c40 .part o00000000065fa0f8, 27, 1;
L_00000000066e15c0 .part o00000000065fa0f8, 26, 1;
L_00000000066e2920 .part o00000000065fa0f8, 25, 1;
L_00000000066e27e0 .part o00000000065fa0f8, 24, 1;
L_00000000066e09e0 .part o00000000065fa0f8, 23, 1;
L_00000000066e08a0 .part o00000000065fa0f8, 22, 1;
L_00000000066e1f20 .part o00000000065fa0f8, 21, 1;
L_00000000066e26a0 .part o00000000065fa0f8, 20, 1;
L_00000000066e1fc0 .part o00000000065fa0f8, 19, 1;
L_00000000066e10c0 .part o00000000065fa0f8, 18, 1;
L_00000000066e2ce0 .part o00000000065fa0f8, 17, 1;
L_00000000066e0b20 .part o00000000065fa0f8, 16, 1;
L_00000000066e21a0 .part o00000000065fa0f8, 15, 1;
L_00000000066e2060 .part o00000000065fa0f8, 14, 1;
L_00000000066e1b60 .part o00000000065fa0f8, 13, 1;
L_00000000066e2740 .part o00000000065fa0f8, 12, 1;
L_00000000066e0ee0 .part o00000000065fa0f8, 11, 1;
L_00000000066e29c0 .part o00000000065fa0f8, 10, 1;
L_00000000066e2880 .part o00000000065fa0f8, 9, 1;
L_00000000066e2a60 .part o00000000065fa0f8, 8, 1;
L_00000000066e1200 .part o00000000065fa0f8, 7, 1;
L_00000000066e0940 .part o00000000065fa0f8, 6, 1;
L_00000000066e0a80 .part o00000000065fa0f8, 5, 1;
L_00000000066e0bc0 .part o00000000065fa0f8, 4, 1;
L_00000000066e0c60 .part o00000000065fa0f8, 3, 1;
L_00000000066e2100 .part o00000000065fa0f8, 2, 1;
L_00000000066e2e20 .part o00000000065fa0f8, 1, 1;
LS_00000000066e18e0_0_0 .concat8 [ 1 1 1 1], L_00000000066e17a0, L_00000000066e2240, L_00000000066e1340, L_00000000066e1700;
LS_00000000066e18e0_0_4 .concat8 [ 1 1 1 1], L_00000000066e2c40, L_00000000066e15c0, L_00000000066e2920, L_00000000066e27e0;
LS_00000000066e18e0_0_8 .concat8 [ 1 1 1 1], L_00000000066e09e0, L_00000000066e08a0, L_00000000066e1f20, L_00000000066e26a0;
LS_00000000066e18e0_0_12 .concat8 [ 1 1 1 1], L_00000000066e1fc0, L_00000000066e10c0, L_00000000066e2ce0, L_00000000066e0b20;
LS_00000000066e18e0_0_16 .concat8 [ 1 1 1 1], L_00000000066e21a0, L_00000000066e2060, L_00000000066e1b60, L_00000000066e2740;
LS_00000000066e18e0_0_20 .concat8 [ 1 1 1 1], L_00000000066e0ee0, L_00000000066e29c0, L_00000000066e2880, L_00000000066e2a60;
LS_00000000066e18e0_0_24 .concat8 [ 1 1 1 1], L_00000000066e1200, L_00000000066e0940, L_00000000066e0a80, L_00000000066e0bc0;
LS_00000000066e18e0_0_28 .concat8 [ 1 1 1 1], L_00000000066e0c60, L_00000000066e2100, L_00000000066e2e20, L_00000000066e2420;
LS_00000000066e18e0_1_0 .concat8 [ 4 4 4 4], LS_00000000066e18e0_0_0, LS_00000000066e18e0_0_4, LS_00000000066e18e0_0_8, LS_00000000066e18e0_0_12;
LS_00000000066e18e0_1_4 .concat8 [ 4 4 4 4], LS_00000000066e18e0_0_16, LS_00000000066e18e0_0_20, LS_00000000066e18e0_0_24, LS_00000000066e18e0_0_28;
L_00000000066e18e0 .concat8 [ 16 16 0 0], LS_00000000066e18e0_1_0, LS_00000000066e18e0_1_4;
L_00000000066e2420 .part o00000000065fa0f8, 0, 1;
S_0000000006652b60 .scope generate, "bit_reverse[0]" "bit_reverse[0]" 3 208, 3 208 0, S_0000000006443240;
 .timescale -12 -12;
P_00000000065b2840 .param/l "i" 1 3 208, +C4<00>;
v0000000006662540_0 .net *"_ivl_0", 0 0, L_00000000066e17a0;  1 drivers
S_00000000066534c0 .scope generate, "bit_reverse[1]" "bit_reverse[1]" 3 208, 3 208 0, S_0000000006443240;
 .timescale -12 -12;
P_00000000065b2880 .param/l "i" 1 3 208, +C4<01>;
v0000000006663e40_0 .net *"_ivl_0", 0 0, L_00000000066e2240;  1 drivers
S_0000000006653c90 .scope generate, "bit_reverse[2]" "bit_reverse[2]" 3 208, 3 208 0, S_0000000006443240;
 .timescale -12 -12;
P_00000000065b25c0 .param/l "i" 1 3 208, +C4<010>;
v00000000066633a0_0 .net *"_ivl_0", 0 0, L_00000000066e1340;  1 drivers
S_0000000006653e20 .scope generate, "bit_reverse[3]" "bit_reverse[3]" 3 208, 3 208 0, S_0000000006443240;
 .timescale -12 -12;
P_00000000065b2ec0 .param/l "i" 1 3 208, +C4<011>;
v0000000006662040_0 .net *"_ivl_0", 0 0, L_00000000066e1700;  1 drivers
S_0000000006654780 .scope generate, "bit_reverse[4]" "bit_reverse[4]" 3 208, 3 208 0, S_0000000006443240;
 .timescale -12 -12;
P_00000000065b2e40 .param/l "i" 1 3 208, +C4<0100>;
v0000000006663440_0 .net *"_ivl_0", 0 0, L_00000000066e2c40;  1 drivers
S_00000000066545f0 .scope generate, "bit_reverse[5]" "bit_reverse[5]" 3 208, 3 208 0, S_0000000006443240;
 .timescale -12 -12;
P_00000000065b2e80 .param/l "i" 1 3 208, +C4<0101>;
v00000000066620e0_0 .net *"_ivl_0", 0 0, L_00000000066e15c0;  1 drivers
S_00000000064422a0 .scope generate, "bit_reverse[6]" "bit_reverse[6]" 3 208, 3 208 0, S_0000000006443240;
 .timescale -12 -12;
P_00000000065b2f80 .param/l "i" 1 3 208, +C4<0110>;
v0000000006662220_0 .net *"_ivl_0", 0 0, L_00000000066e2920;  1 drivers
S_0000000006669d60 .scope generate, "bit_reverse[7]" "bit_reverse[7]" 3 208, 3 208 0, S_0000000006443240;
 .timescale -12 -12;
P_00000000065b2700 .param/l "i" 1 3 208, +C4<0111>;
v0000000006662ae0_0 .net *"_ivl_0", 0 0, L_00000000066e27e0;  1 drivers
S_0000000006668dc0 .scope generate, "bit_reverse[8]" "bit_reverse[8]" 3 208, 3 208 0, S_0000000006443240;
 .timescale -12 -12;
P_00000000065b3040 .param/l "i" 1 3 208, +C4<01000>;
v0000000006663ee0_0 .net *"_ivl_0", 0 0, L_00000000066e09e0;  1 drivers
S_000000000666a3a0 .scope generate, "bit_reverse[9]" "bit_reverse[9]" 3 208, 3 208 0, S_0000000006443240;
 .timescale -12 -12;
P_00000000065b3080 .param/l "i" 1 3 208, +C4<01001>;
v0000000006662180_0 .net *"_ivl_0", 0 0, L_00000000066e08a0;  1 drivers
S_0000000006669ef0 .scope generate, "bit_reverse[10]" "bit_reverse[10]" 3 208, 3 208 0, S_0000000006443240;
 .timescale -12 -12;
P_00000000065b2600 .param/l "i" 1 3 208, +C4<01010>;
v00000000066639e0_0 .net *"_ivl_0", 0 0, L_00000000066e1f20;  1 drivers
S_00000000066690e0 .scope generate, "bit_reverse[11]" "bit_reverse[11]" 3 208, 3 208 0, S_0000000006443240;
 .timescale -12 -12;
P_00000000065b2900 .param/l "i" 1 3 208, +C4<01011>;
v00000000066631c0_0 .net *"_ivl_0", 0 0, L_00000000066e26a0;  1 drivers
S_0000000006669400 .scope generate, "bit_reverse[12]" "bit_reverse[12]" 3 208, 3 208 0, S_0000000006443240;
 .timescale -12 -12;
P_00000000065b2800 .param/l "i" 1 3 208, +C4<01100>;
v0000000006661fa0_0 .net *"_ivl_0", 0 0, L_00000000066e1fc0;  1 drivers
S_0000000006669270 .scope generate, "bit_reverse[13]" "bit_reverse[13]" 3 208, 3 208 0, S_0000000006443240;
 .timescale -12 -12;
P_00000000065b3100 .param/l "i" 1 3 208, +C4<01101>;
v0000000006662400_0 .net *"_ivl_0", 0 0, L_00000000066e10c0;  1 drivers
S_000000000666a530 .scope generate, "bit_reverse[14]" "bit_reverse[14]" 3 208, 3 208 0, S_0000000006443240;
 .timescale -12 -12;
P_00000000065b2640 .param/l "i" 1 3 208, +C4<01110>;
v00000000066624a0_0 .net *"_ivl_0", 0 0, L_00000000066e2ce0;  1 drivers
S_000000000666a6c0 .scope generate, "bit_reverse[15]" "bit_reverse[15]" 3 208, 3 208 0, S_0000000006443240;
 .timescale -12 -12;
P_00000000065b2440 .param/l "i" 1 3 208, +C4<01111>;
v00000000066634e0_0 .net *"_ivl_0", 0 0, L_00000000066e0b20;  1 drivers
S_0000000006669bd0 .scope generate, "bit_reverse[16]" "bit_reverse[16]" 3 208, 3 208 0, S_0000000006443240;
 .timescale -12 -12;
P_00000000065b28c0 .param/l "i" 1 3 208, +C4<010000>;
v00000000066625e0_0 .net *"_ivl_0", 0 0, L_00000000066e21a0;  1 drivers
S_0000000006669a40 .scope generate, "bit_reverse[17]" "bit_reverse[17]" 3 208, 3 208 0, S_0000000006443240;
 .timescale -12 -12;
P_00000000065b3140 .param/l "i" 1 3 208, +C4<010001>;
v0000000006662680_0 .net *"_ivl_0", 0 0, L_00000000066e2060;  1 drivers
S_000000000666a850 .scope generate, "bit_reverse[18]" "bit_reverse[18]" 3 208, 3 208 0, S_0000000006443240;
 .timescale -12 -12;
P_00000000065b31c0 .param/l "i" 1 3 208, +C4<010010>;
v00000000066627c0_0 .net *"_ivl_0", 0 0, L_00000000066e1b60;  1 drivers
S_0000000006668c30 .scope generate, "bit_reverse[19]" "bit_reverse[19]" 3 208, 3 208 0, S_0000000006443240;
 .timescale -12 -12;
P_00000000065b2200 .param/l "i" 1 3 208, +C4<010011>;
v0000000006662b80_0 .net *"_ivl_0", 0 0, L_00000000066e2740;  1 drivers
S_0000000006668f50 .scope generate, "bit_reverse[20]" "bit_reverse[20]" 3 208, 3 208 0, S_0000000006443240;
 .timescale -12 -12;
P_00000000065b2240 .param/l "i" 1 3 208, +C4<010100>;
v0000000006662720_0 .net *"_ivl_0", 0 0, L_00000000066e0ee0;  1 drivers
S_0000000006669590 .scope generate, "bit_reverse[21]" "bit_reverse[21]" 3 208, 3 208 0, S_0000000006443240;
 .timescale -12 -12;
P_00000000065b2680 .param/l "i" 1 3 208, +C4<010101>;
v0000000006662860_0 .net *"_ivl_0", 0 0, L_00000000066e29c0;  1 drivers
S_000000000666a210 .scope generate, "bit_reverse[22]" "bit_reverse[22]" 3 208, 3 208 0, S_0000000006443240;
 .timescale -12 -12;
P_00000000065b26c0 .param/l "i" 1 3 208, +C4<010110>;
v0000000006663580_0 .net *"_ivl_0", 0 0, L_00000000066e2880;  1 drivers
S_000000000666a9e0 .scope generate, "bit_reverse[23]" "bit_reverse[23]" 3 208, 3 208 0, S_0000000006443240;
 .timescale -12 -12;
P_00000000065b2280 .param/l "i" 1 3 208, +C4<010111>;
v00000000066636c0_0 .net *"_ivl_0", 0 0, L_00000000066e2a60;  1 drivers
S_0000000006669720 .scope generate, "bit_reverse[24]" "bit_reverse[24]" 3 208, 3 208 0, S_0000000006443240;
 .timescale -12 -12;
P_00000000065b2980 .param/l "i" 1 3 208, +C4<011000>;
v0000000006663620_0 .net *"_ivl_0", 0 0, L_00000000066e1200;  1 drivers
S_00000000066698b0 .scope generate, "bit_reverse[25]" "bit_reverse[25]" 3 208, 3 208 0, S_0000000006443240;
 .timescale -12 -12;
P_00000000065b2340 .param/l "i" 1 3 208, +C4<011001>;
v0000000006663a80_0 .net *"_ivl_0", 0 0, L_00000000066e0940;  1 drivers
S_000000000666a080 .scope generate, "bit_reverse[26]" "bit_reverse[26]" 3 208, 3 208 0, S_0000000006443240;
 .timescale -12 -12;
P_00000000065b2380 .param/l "i" 1 3 208, +C4<011010>;
v0000000006663da0_0 .net *"_ivl_0", 0 0, L_00000000066e0a80;  1 drivers
S_000000000666c220 .scope generate, "bit_reverse[27]" "bit_reverse[27]" 3 208, 3 208 0, S_0000000006443240;
 .timescale -12 -12;
P_00000000065b2780 .param/l "i" 1 3 208, +C4<011011>;
v0000000006662c20_0 .net *"_ivl_0", 0 0, L_00000000066e0bc0;  1 drivers
S_000000000666b8c0 .scope generate, "bit_reverse[28]" "bit_reverse[28]" 3 208, 3 208 0, S_0000000006443240;
 .timescale -12 -12;
P_00000000065b23c0 .param/l "i" 1 3 208, +C4<011100>;
v0000000006662cc0_0 .net *"_ivl_0", 0 0, L_00000000066e0c60;  1 drivers
S_000000000666af60 .scope generate, "bit_reverse[29]" "bit_reverse[29]" 3 208, 3 208 0, S_0000000006443240;
 .timescale -12 -12;
P_00000000065b2400 .param/l "i" 1 3 208, +C4<011101>;
v0000000006662ea0_0 .net *"_ivl_0", 0 0, L_00000000066e2100;  1 drivers
S_000000000666ac40 .scope generate, "bit_reverse[30]" "bit_reverse[30]" 3 208, 3 208 0, S_0000000006443240;
 .timescale -12 -12;
P_00000000065b2940 .param/l "i" 1 3 208, +C4<011110>;
v0000000006662d60_0 .net *"_ivl_0", 0 0, L_00000000066e2e20;  1 drivers
S_000000000666b280 .scope generate, "bit_reverse[31]" "bit_reverse[31]" 3 208, 3 208 0, S_0000000006443240;
 .timescale -12 -12;
P_00000000065b29c0 .param/l "i" 1 3 208, +C4<011111>;
v0000000006662e00_0 .net *"_ivl_0", 0 0, L_00000000066e2420;  1 drivers
S_0000000006442c00 .scope module, "splitstreamer2_tb" "splitstreamer2_tb" 4 3;
 .timescale -9 -12;
P_00000000065b1580 .param/l "HALF_DIV" 1 4 33, +C4<00000000000000000000000000100000>;
v0000000006682cb0_0 .var "bit_div_cnt", 5 0;
v0000000006682d50_0 .var "fclk_div_enabled", 0 0;
v0000000006681090_0 .var "pin_i2s_bclk", 0 0;
v0000000006681d10_0 .var "pin_i2s_bclk_pll", 0 0;
v0000000006682170_0 .var "pin_i2s_data", 0 0;
v0000000006681450_0 .var "pin_i2s_fclk", 0 0;
v0000000006682ad0_0 .net "pin_opt1", 0 0, L_0000000006551e40;  1 drivers
v0000000006682530_0 .var "pin_user_sw", 0 0;
v0000000006681db0_0 .net "red", 0 0, L_00000000066e22e0;  1 drivers
v0000000006682850_0 .var "sent_left", 31 0;
v0000000006680af0_0 .var "sent_right", 31 0;
v0000000006681f90_0 .var "shift_data", 0 63;
E_00000000065b2a00 .event negedge, v00000000066805f0_0;
E_00000000065b2a40 .event negedge, v000000000667f150_0;
S_000000000666bf00 .scope module, "uut" "splitstreamer2" 4 16, 3 3 0, S_0000000006442c00;
 .timescale -12 -12;
    .port_info 0 /INPUT 1 "pin_i2s_bclk_pll";
    .port_info 1 /INPUT 1 "pin_i2s_bclk";
    .port_info 2 /INPUT 1 "pin_i2s_fclk";
    .port_info 3 /INPUT 1 "pin_i2s_data";
    .port_info 4 /INPUT 1 "pin_user_sw";
    .port_info 5 /OUTPUT 1 "red";
    .port_info 6 /OUTPUT 1 "green";
    .port_info 7 /OUTPUT 1 "blue";
    .port_info 8 /OUTPUT 1 "pin_opt1";
    .port_info 9 /OUTPUT 1 "pin_opt2";
    .port_info 10 /OUTPUT 1 "pin_i2s_out_data";
    .port_info 11 /OUTPUT 1 "pin_i2s_out_fclk";
L_0000000006551e40 .functor BUFZ 1, v00000000066807d0_0, C4<0>, C4<0>, C4<0>;
L_0000000006551ac0 .functor BUFZ 1, v00000000066807d0_0, C4<0>, C4<0>, C4<0>;
L_0000000006551b30 .functor BUFZ 1, v00000000066807d0_0, C4<0>, C4<0>, C4<0>;
L_0000000006551c10 .functor BUFZ 1, v0000000006681450_0, C4<0>, C4<0>, C4<0>;
L_0000000006551d60 .functor BUFZ 1, v0000000006681d10_0, C4<0>, C4<0>, C4<0>;
v00000000066809b0_0 .net "blue", 0 0, L_000000000636da10;  1 drivers
v00000000066813b0_0 .net "clk", 0 0, L_0000000006551d60;  1 drivers
v00000000066819f0_0 .net "fifo_in_data_left", 31 0, v000000000667e7f0_0;  1 drivers
v0000000006680ff0_0 .net "fifo_in_data_right", 31 0, v000000000667e890_0;  1 drivers
v00000000066825d0_0 .net "fifo_out_data_left", 31 0, v0000000006664200_0;  1 drivers
v0000000006681e50_0 .net "fifo_out_data_right", 31 0, v00000000066642a0_0;  1 drivers
v0000000006682990_0 .net "green", 0 0, L_000000000636d000;  1 drivers
v0000000006682670_0 .net "optical_out", 0 0, v00000000066807d0_0;  1 drivers
v0000000006681950_0 .net "pin_i2s_bclk", 0 0, v0000000006681090_0;  1 drivers
v0000000006680cd0_0 .net "pin_i2s_bclk_pll", 0 0, v0000000006681d10_0;  1 drivers
v00000000066814f0_0 .net "pin_i2s_data", 0 0, v0000000006682170_0;  1 drivers
v0000000006681bd0_0 .net "pin_i2s_fclk", 0 0, v0000000006681450_0;  1 drivers
v00000000066823f0_0 .net "pin_i2s_out_data", 0 0, L_0000000006551b30;  1 drivers
v0000000006680eb0_0 .net "pin_i2s_out_fclk", 0 0, L_0000000006551c10;  1 drivers
v0000000006682490_0 .net "pin_opt1", 0 0, L_0000000006551e40;  alias, 1 drivers
v0000000006680b90_0 .net "pin_opt2", 0 0, L_0000000006551ac0;  1 drivers
v0000000006682fd0_0 .net "pin_user_sw", 0 0, v0000000006682530_0;  1 drivers
L_0000000006686bf8 .functor BUFT 1, C4<1>, C4<0>, C4<0>, C4<0>;
v00000000066827b0_0 .net "pll_lock", 0 0, L_0000000006686bf8;  1 drivers
v0000000006681810_0 .net "red", 0 0, L_00000000066e22e0;  alias, 1 drivers
v0000000006681a90_0 .net "smu_empty", 0 0, L_00000000066e2380;  1 drivers
v00000000066816d0_0 .net "smu_full", 0 0, L_00000000066e1980;  1 drivers
v0000000006681270_0 .net "smu_read_en", 0 0, L_0000000006510da0;  1 drivers
v0000000006681c70_0 .net "smu_rst", 0 0, L_0000000006510940;  1 drivers
v0000000006681770_0 .net "smu_write_en", 0 0, L_000000000639a110;  1 drivers
S_000000000666c3b0 .scope module, "buffer" "fifo" 3 74, 5 1 0, S_000000000666bf00;
 .timescale -12 -12;
    .port_info 0 /INPUT 1 "rst";
    .port_info 1 /INPUT 1 "clk";
    .port_info 2 /INPUT 1 "fclk";
    .port_info 3 /INPUT 1 "write_en";
    .port_info 4 /INPUT 1 "read_en";
    .port_info 5 /INPUT 32 "data_left_in";
    .port_info 6 /INPUT 32 "data_right_in";
    .port_info 7 /OUTPUT 32 "data_left_out";
    .port_info 8 /OUTPUT 32 "data_right_out";
    .port_info 9 /OUTPUT 1 "full";
    .port_info 10 /OUTPUT 1 "empty";
P_00000000063f5d10 .param/l "DEPTH" 0 5 3, +C4<00000000000000000000000000010000>;
P_00000000063f5d48 .param/l "PTR_WIDTH" 1 5 19, +C4<00000000000000000000000000000100>;
P_00000000063f5d80 .param/l "WORDSIZE" 0 5 2, +C4<00000000000000000000000000100000>;
v00000000066647a0_0 .net *"_ivl_0", 31 0, L_00000000066e2b00;  1 drivers
L_0000000006686cd0 .functor BUFT 1, C4<000000000000000000000000000>, C4<0>, C4<0>, C4<0>;
v0000000006664520_0 .net *"_ivl_11", 26 0, L_0000000006686cd0;  1 drivers
L_0000000006686d18 .functor BUFT 1, C4<00000000000000000000000000000000>, C4<0>, C4<0>, C4<0>;
v00000000066643e0_0 .net/2u *"_ivl_12", 31 0, L_0000000006686d18;  1 drivers
L_0000000006686c40 .functor BUFT 1, C4<000000000000000000000000000>, C4<0>, C4<0>, C4<0>;
v0000000006664480_0 .net *"_ivl_3", 26 0, L_0000000006686c40;  1 drivers
L_0000000006686c88 .functor BUFT 1, C4<00000000000000000000000000010000>, C4<0>, C4<0>, C4<0>;
v0000000006664340_0 .net/2u *"_ivl_4", 31 0, L_0000000006686c88;  1 drivers
v0000000006664660_0 .net *"_ivl_8", 31 0, L_00000000066e1a20;  1 drivers
v0000000006664840_0 .net "clk", 0 0, L_0000000006551d60;  alias, 1 drivers
v00000000066648e0_0 .var "count", 4 0;
v0000000006664700_0 .net "data_left_in", 31 0, v000000000667e7f0_0;  alias, 1 drivers
v0000000006664200_0 .var "data_left_out", 31 0;
v00000000066645c0_0 .net "data_right_in", 31 0, v000000000667e890_0;  alias, 1 drivers
v00000000066642a0_0 .var "data_right_out", 31 0;
v000000000667fbf0_0 .net "empty", 0 0, L_00000000066e2380;  alias, 1 drivers
v000000000667f150_0 .net "fclk", 0 0, v0000000006681450_0;  alias, 1 drivers
v000000000667fd30_0 .var "fclk_d", 0 0;
v000000000667f3d0_0 .var "fclk_dd", 0 0;
v000000000667ffb0_0 .var "fclk_p", 0 0;
v000000000667e2f0_0 .net "full", 0 0, L_00000000066e1980;  alias, 1 drivers
v000000000667f1f0 .array "left_mem", 15 0, 31 0;
v000000000667fb50_0 .var "rd_ptr", 3 0;
v000000000667ebb0_0 .net "read_en", 0 0, L_0000000006510da0;  alias, 1 drivers
v000000000667fa10 .array "right_mem", 15 0, 31 0;
v000000000667e430_0 .net "rst", 0 0, L_0000000006510940;  alias, 1 drivers
v000000000667eb10_0 .var "wr_ptr", 3 0;
v000000000667eed0_0 .net "write_en", 0 0, L_000000000639a110;  alias, 1 drivers
E_00000000065b2a80 .event anyedge, v000000000667f3d0_0, v000000000667fd30_0;
E_00000000065b2ac0 .event posedge, v0000000006664840_0;
L_00000000066e2b00 .concat [ 5 27 0 0], v00000000066648e0_0, L_0000000006686c40;
L_00000000066e1980 .cmp/eq 32, L_00000000066e2b00, L_0000000006686c88;
L_00000000066e1a20 .concat [ 5 27 0 0], v00000000066648e0_0, L_0000000006686cd0;
L_00000000066e2380 .cmp/eq 32, L_00000000066e1a20, L_0000000006686d18;
S_000000000666b410 .scope module, "in" "i2s_receive1" 3 60, 6 1 0, S_000000000666bf00;
 .timescale -12 -12;
    .port_info 0 /INPUT 1 "rst";
    .port_info 1 /INPUT 1 "rx_en";
    .port_info 2 /INPUT 1 "clk";
    .port_info 3 /INPUT 1 "sck";
    .port_info 4 /INPUT 1 "ws";
    .port_info 5 /INPUT 1 "sd";
    .port_info 6 /OUTPUT 32 "data_left";
    .port_info 7 /OUTPUT 32 "data_right";
v000000000667ecf0_0 .net "clk", 0 0, L_0000000006551d60;  alias, 1 drivers
v000000000667e7f0_0 .var "data_left", 31 0;
v000000000667f790_0 .var "data_left_enable", 0 0;
v000000000667e890_0 .var "data_right", 31 0;
v000000000667f510_0 .var "data_right_enable", 0 0;
v000000000667f830_0 .net "rst", 0 0, L_0000000006510940;  alias, 1 drivers
v00000000066804b0_0 .net "rx_en", 0 0, L_000000000639a110;  alias, 1 drivers
v00000000066805f0_0 .net "sck", 0 0, v0000000006681090_0;  alias, 1 drivers
v000000000667f6f0_0 .net "sd", 0 0, v0000000006682170_0;  alias, 1 drivers
v000000000667f330_0 .var "shift_reg", 31 0;
v000000000667ff10_0 .net "ws", 0 0, v0000000006681450_0;  alias, 1 drivers
v000000000667f8d0_0 .var "wsd", 0 0;
v000000000667e250_0 .var "wsdd", 0 0;
v0000000006680190_0 .var "wsp", 0 0;
E_00000000065b3b00 .event anyedge, v000000000667e250_0, v000000000667f8d0_0, v0000000006680190_0;
S_000000000666b0f0 .scope module, "out" "spdif_transmit2" 3 103, 7 1 0, S_000000000666bf00;
 .timescale -12 -12;
    .port_info 0 /INPUT 1 "rst";
    .port_info 1 /INPUT 1 "clk";
    .port_info 2 /INPUT 32 "data_left";
    .port_info 3 /INPUT 32 "data_right";
    .port_info 4 /INPUT 1 "validity";
    .port_info 5 /INPUT 4 "sample_rate_code";
    .port_info 6 /OUTPUT 1 "spdif_out";
v000000000667f970_0 .var "bit_counter", 5 0;
v000000000667fab0_0 .var "channel_status", 23 0;
v000000000667fc90_0 .var "channel_status_shift", 23 0;
v000000000667e930_0 .net "clk", 0 0, L_0000000006551d60;  alias, 1 drivers
v000000000667fdd0_0 .var "data_biphase", 0 0;
v000000000667fe70_0 .var "data_in_buffer", 23 0;
v0000000006680550_0 .net "data_left", 31 0, v0000000006664200_0;  alias, 1 drivers
v0000000006680690_0 .var "data_out_buffer", 7 0;
v0000000006680050_0 .net "data_right", 31 0, v00000000066642a0_0;  alias, 1 drivers
v000000000667ea70_0 .var "frame_counter", 8 0;
v000000000667e390_0 .var "parity", 0 0;
v000000000667e610_0 .net "rst", 0 0, L_0000000006510940;  alias, 1 drivers
L_0000000006686d60 .functor BUFT 1, C4<1100>, C4<0>, C4<0>, C4<0>;
v00000000066800f0_0 .net "sample_rate_code", 3 0, L_0000000006686d60;  1 drivers
v00000000066807d0_0 .var "spdif_out", 0 0;
v000000000667e570_0 .net "validity", 0 0, L_0000000006510da0;  alias, 1 drivers
E_00000000065b3b40 .event anyedge, v00000000066800f0_0;
S_000000000666bbe0 .scope module, "smu" "system_management_unit" 3 113, 3 130 0, S_000000000666bf00;
 .timescale -12 -12;
    .port_info 0 /INPUT 1 "pin_user_sw";
    .port_info 1 /INPUT 1 "clk";
    .port_info 2 /INPUT 1 "pll_lock";
    .port_info 3 /INPUT 1 "pin_i2s_fclk";
    .port_info 4 /INPUT 1 "full";
    .port_info 5 /INPUT 1 "empty";
    .port_info 6 /OUTPUT 1 "red";
    .port_info 7 /OUTPUT 1 "green";
    .port_info 8 /OUTPUT 1 "blue";
    .port_info 9 /OUTPUT 1 "write_en";
    .port_info 10 /OUTPUT 1 "read_en";
    .port_info 11 /OUTPUT 1 "rst";
L_0000000006551dd0 .functor NOT 1, L_0000000006686bf8, C4<0>, C4<0>, C4<0>;
L_0000000006510240 .functor NOT 1, v000000000667f5b0_0, C4<0>, C4<0>, C4<0>;
L_0000000006510940 .functor OR 1, L_0000000006551dd0, L_0000000006510240, C4<0>, C4<0>;
L_0000000006510b00 .functor AND 1, L_00000000066e1660, v0000000006680410_0, C4<1>, C4<1>;
L_0000000006510be0 .functor NOT 1, L_00000000066e2380, C4<0>, C4<0>, C4<0>;
L_0000000006510da0 .functor AND 1, L_0000000006510be0, v000000000667f650_0, C4<1>, C4<1>;
L_000000000639ac70 .functor NOT 1, L_00000000066e1980, C4<0>, C4<0>, C4<0>;
L_000000000639a110 .functor AND 1, L_000000000639ac70, v000000000667f650_0, C4<1>, C4<1>;
L_000000000636da10 .functor BUFZ 1, L_00000000066e22e0, C4<0>, C4<0>, C4<0>;
L_000000000636d000 .functor BUFZ 1, L_00000000066e22e0, C4<0>, C4<0>, C4<0>;
v0000000006680730_0 .net *"_ivl_0", 0 0, L_0000000006551dd0;  1 drivers
v000000000667e070_0 .net *"_ivl_10", 0 0, L_0000000006510be0;  1 drivers
v000000000667ec50_0 .net *"_ivl_14", 0 0, L_000000000639ac70;  1 drivers
v000000000667e6b0_0 .net *"_ivl_2", 0 0, L_0000000006510240;  1 drivers
v0000000006680230_0 .net *"_ivl_7", 0 0, L_00000000066e1660;  1 drivers
v00000000066802d0_0 .net "blue", 0 0, L_000000000636da10;  alias, 1 drivers
v000000000667e750_0 .net "clk", 0 0, L_0000000006551d60;  alias, 1 drivers
v000000000667e110_0 .var "edge_cnt", 1 0;
v000000000667e1b0_0 .net "empty", 0 0, L_00000000066e2380;  alias, 1 drivers
v0000000006680370_0 .var "fclk_d", 0 0;
v0000000006680410_0 .var "fclk_dd", 0 0;
v000000000667ed90_0 .net "fclk_falling", 0 0, L_0000000006510b00;  1 drivers
v000000000667e9d0_0 .net "full", 0 0, L_00000000066e1980;  alias, 1 drivers
v000000000667e4d0_0 .net "green", 0 0, L_000000000636d000;  alias, 1 drivers
v000000000667ee30_0 .net "pin_i2s_fclk", 0 0, v0000000006681450_0;  alias, 1 drivers
v000000000667ef70_0 .net "pin_user_sw", 0 0, v0000000006682530_0;  alias, 1 drivers
v000000000667f010_0 .net "pll_lock", 0 0, L_0000000006686bf8;  alias, 1 drivers
v000000000667f0b0_0 .net "read_en", 0 0, L_0000000006510da0;  alias, 1 drivers
v000000000667f290_0 .net "red", 0 0, L_00000000066e22e0;  alias, 1 drivers
v000000000667f470_0 .net "rst", 0 0, L_0000000006510940;  alias, 1 drivers
v000000000667f5b0_0 .var "state_bclk", 0 0;
v000000000667f650_0 .var "state_fclk", 0 0;
v0000000006681b30_0 .var "user_sw_ff", 1 0;
v00000000066818b0_0 .net "write_en", 0 0, L_000000000639a110;  alias, 1 drivers
L_00000000066e1660 .reduce/nor v0000000006681450_0;
L_00000000066e22e0 .part v0000000006681b30_0, 1, 1;
    .scope S_00000000063aba40;
T_2 ;
    %pushi/vec4 0, 0, 1;
    %store/vec4 v0000000006566320_0, 0, 1;
    %pushi/vec4 0, 0, 1;
    %store/vec4 v0000000006565f60_0, 0, 1;
    %end;
    .thread T_2;
    .scope S_00000000063aba40;
T_3 ;
    %wait E_00000000065b1b00;
    %load/vec4 v00000000065e58b0_0;
    %flag_set/vec4 8;
    %jmp/0xz  T_3.0, 8;
    %load/vec4 v00000000065e53b0_0;
    %flag_set/vec4 8;
    %jmp/0 T_3.2, 8;
    %pushi/vec4 0, 0, 1;
    %jmp/1 T_3.3, 8;
T_3.2 ; End of true expr.
    %load/vec4 v00000000065e4e10_0;
    %jmp/0 T_3.3, 8;
 ; End of false expr.
    %blend;
T_3.3;
    %assign/vec4 v0000000006566320_0, 0;
T_3.0 ;
    %jmp T_3;
    .thread T_3;
    .scope S_00000000063aba40;
T_4 ;
    %wait E_00000000065b13c0;
    %load/vec4 v00000000065e53b0_0;
    %flag_set/vec4 8;
    %jmp/0xz  T_4.0, 8;
    %pushi/vec4 0, 0, 1;
    %assign/vec4 v0000000006565f60_0, 0;
    %jmp T_4.1;
T_4.0 ;
    %load/vec4 v00000000065e58b0_0;
    %flag_set/vec4 8;
    %jmp/0xz  T_4.2, 8;
    %load/vec4 v00000000065e4e10_0;
    %assign/vec4 v0000000006565f60_0, 0;
T_4.2 ;
T_4.1 ;
    %jmp T_4;
    .thread T_4;
    .scope S_00000000064425c0;
T_5 ;
    %pushi/vec4 0, 0, 32;
    %store/vec4 v000000000653c2d0_0, 0, 32;
T_5.0 ; Top of for-loop 
    %load/vec4 v000000000653c2d0_0;
    %cmpi/s 16, 0, 32;
    %jmp/0xz T_5.1, 5;
    %pushi/vec4 0, 0, 256;
    %load/vec4 v000000000653c2d0_0;
    %muli 16, 0, 32;
    %part/s 16;
    %pushi/vec4 0, 0, 32;
    %load/vec4 v000000000653c2d0_0;
    %add;
    %ix/vec4/s 4;
    %store/vec4a v0000000006581f00, 4, 0;
    %pushi/vec4 0, 0, 256;
    %load/vec4 v000000000653c2d0_0;
    %muli 16, 0, 32;
    %part/s 16;
    %pushi/vec4 16, 0, 32;
    %load/vec4 v000000000653c2d0_0;
    %add;
    %ix/vec4/s 4;
    %store/vec4a v0000000006581f00, 4, 0;
    %pushi/vec4 0, 0, 256;
    %load/vec4 v000000000653c2d0_0;
    %muli 16, 0, 32;
    %part/s 16;
    %pushi/vec4 32, 0, 32;
    %load/vec4 v000000000653c2d0_0;
    %add;
    %ix/vec4/s 4;
    %store/vec4a v0000000006581f00, 4, 0;
    %pushi/vec4 0, 0, 256;
    %load/vec4 v000000000653c2d0_0;
    %muli 16, 0, 32;
    %part/s 16;
    %pushi/vec4 48, 0, 32;
    %load/vec4 v000000000653c2d0_0;
    %add;
    %ix/vec4/s 4;
    %store/vec4a v0000000006581f00, 4, 0;
    %pushi/vec4 0, 0, 256;
    %load/vec4 v000000000653c2d0_0;
    %muli 16, 0, 32;
    %part/s 16;
    %pushi/vec4 64, 0, 32;
    %load/vec4 v000000000653c2d0_0;
    %add;
    %ix/vec4/s 4;
    %store/vec4a v0000000006581f00, 4, 0;
    %pushi/vec4 0, 0, 256;
    %load/vec4 v000000000653c2d0_0;
    %muli 16, 0, 32;
    %part/s 16;
    %pushi/vec4 80, 0, 32;
    %load/vec4 v000000000653c2d0_0;
    %add;
    %ix/vec4/s 4;
    %store/vec4a v0000000006581f00, 4, 0;
    %pushi/vec4 0, 0, 256;
    %load/vec4 v000000000653c2d0_0;
    %muli 16, 0, 32;
    %part/s 16;
    %pushi/vec4 96, 0, 32;
    %load/vec4 v000000000653c2d0_0;
    %add;
    %ix/vec4/s 4;
    %store/vec4a v0000000006581f00, 4, 0;
    %pushi/vec4 0, 0, 256;
    %load/vec4 v000000000653c2d0_0;
    %muli 16, 0, 32;
    %part/s 16;
    %pushi/vec4 112, 0, 32;
    %load/vec4 v000000000653c2d0_0;
    %add;
    %ix/vec4/s 4;
    %store/vec4a v0000000006581f00, 4, 0;
    %pushi/vec4 0, 0, 256;
    %load/vec4 v000000000653c2d0_0;
    %muli 16, 0, 32;
    %part/s 16;
    %pushi/vec4 128, 0, 32;
    %load/vec4 v000000000653c2d0_0;
    %add;
    %ix/vec4/s 4;
    %store/vec4a v0000000006581f00, 4, 0;
    %pushi/vec4 0, 0, 256;
    %load/vec4 v000000000653c2d0_0;
    %muli 16, 0, 32;
    %part/s 16;
    %pushi/vec4 144, 0, 32;
    %load/vec4 v000000000653c2d0_0;
    %add;
    %ix/vec4/s 4;
    %store/vec4a v0000000006581f00, 4, 0;
    %pushi/vec4 0, 0, 256;
    %load/vec4 v000000000653c2d0_0;
    %muli 16, 0, 32;
    %part/s 16;
    %pushi/vec4 160, 0, 32;
    %load/vec4 v000000000653c2d0_0;
    %add;
    %ix/vec4/s 4;
    %store/vec4a v0000000006581f00, 4, 0;
    %pushi/vec4 0, 0, 256;
    %load/vec4 v000000000653c2d0_0;
    %muli 16, 0, 32;
    %part/s 16;
    %pushi/vec4 176, 0, 32;
    %load/vec4 v000000000653c2d0_0;
    %add;
    %ix/vec4/s 4;
    %store/vec4a v0000000006581f00, 4, 0;
    %pushi/vec4 0, 0, 256;
    %load/vec4 v000000000653c2d0_0;
    %muli 16, 0, 32;
    %part/s 16;
    %pushi/vec4 192, 0, 32;
    %load/vec4 v000000000653c2d0_0;
    %add;
    %ix/vec4/s 4;
    %store/vec4a v0000000006581f00, 4, 0;
    %pushi/vec4 0, 0, 256;
    %load/vec4 v000000000653c2d0_0;
    %muli 16, 0, 32;
    %part/s 16;
    %pushi/vec4 208, 0, 32;
    %load/vec4 v000000000653c2d0_0;
    %add;
    %ix/vec4/s 4;
    %store/vec4a v0000000006581f00, 4, 0;
    %pushi/vec4 0, 0, 256;
    %load/vec4 v000000000653c2d0_0;
    %muli 16, 0, 32;
    %part/s 16;
    %pushi/vec4 224, 0, 32;
    %load/vec4 v000000000653c2d0_0;
    %add;
    %ix/vec4/s 4;
    %store/vec4a v0000000006581f00, 4, 0;
    %pushi/vec4 0, 0, 256;
    %load/vec4 v000000000653c2d0_0;
    %muli 16, 0, 32;
    %part/s 16;
    %pushi/vec4 240, 0, 32;
    %load/vec4 v000000000653c2d0_0;
    %add;
    %ix/vec4/s 4;
    %store/vec4a v0000000006581f00, 4, 0;
T_5.2 ; for-loop step statement
    %load/vec4 v000000000653c2d0_0;
    %addi 1, 0, 32;
    %store/vec4 v000000000653c2d0_0, 0, 32;
    %jmp T_5.0;
T_5.1 ; for-loop exit label
    %end;
    .thread T_5;
    .scope S_00000000064425c0;
T_6 ;
    %wait E_00000000065b1500;
    %load/vec4 v000000000653cd70_0;
    %flag_set/vec4 9;
    %flag_get/vec4 9;
    %jmp/0 T_6.2, 9;
    %load/vec4 v000000000653c7d0_0;
    %and;
T_6.2;
    %flag_set/vec4 8;
    %jmp/0xz  T_6.0, 8;
    %load/vec4 v000000000653d590_0;
    %parti/s 1, 0, 2;
    %nor/r;
    %flag_set/vec4 8;
    %jmp/0xz  T_6.3, 8;
    %load/vec4 v000000000653d9f0_0;
    %parti/s 1, 0, 2;
    %load/vec4 v000000000658bb70_0;
    %parti/s 8, 0, 2;
    %pad/u 10;
    %ix/vec4 3;
    %ix/load 4, 0, 0; Constant delay
    %assign/vec4/a/d v0000000006581f00, 0, 4;
T_6.3 ;
    %load/vec4 v000000000653d590_0;
    %parti/s 1, 1, 2;
    %nor/r;
    %flag_set/vec4 8;
    %jmp/0xz  T_6.5, 8;
    %load/vec4 v000000000653d9f0_0;
    %parti/s 1, 1, 2;
    %load/vec4 v000000000658bb70_0;
    %parti/s 8, 0, 2;
    %pad/u 10;
    %ix/vec4 3;
    %ix/load 4, 1, 0; part off
    %ix/load 5, 0, 0; Constant delay
    %assign/vec4/a/d v0000000006581f00, 4, 5;
T_6.5 ;
    %load/vec4 v000000000653d590_0;
    %parti/s 1, 2, 3;
    %nor/r;
    %flag_set/vec4 8;
    %jmp/0xz  T_6.7, 8;
    %load/vec4 v000000000653d9f0_0;
    %parti/s 1, 2, 3;
    %load/vec4 v000000000658bb70_0;
    %parti/s 8, 0, 2;
    %pad/u 10;
    %ix/vec4 3;
    %ix/load 4, 2, 0; part off
    %ix/load 5, 0, 0; Constant delay
    %assign/vec4/a/d v0000000006581f00, 4, 5;
T_6.7 ;
    %load/vec4 v000000000653d590_0;
    %parti/s 1, 3, 3;
    %nor/r;
    %flag_set/vec4 8;
    %jmp/0xz  T_6.9, 8;
    %load/vec4 v000000000653d9f0_0;
    %parti/s 1, 3, 3;
    %load/vec4 v000000000658bb70_0;
    %parti/s 8, 0, 2;
    %pad/u 10;
    %ix/vec4 3;
    %ix/load 4, 3, 0; part off
    %ix/load 5, 0, 0; Constant delay
    %assign/vec4/a/d v0000000006581f00, 4, 5;
T_6.9 ;
    %load/vec4 v000000000653d590_0;
    %parti/s 1, 4, 4;
    %nor/r;
    %flag_set/vec4 8;
    %jmp/0xz  T_6.11, 8;
    %load/vec4 v000000000653d9f0_0;
    %parti/s 1, 4, 4;
    %load/vec4 v000000000658bb70_0;
    %parti/s 8, 0, 2;
    %pad/u 10;
    %ix/vec4 3;
    %ix/load 4, 4, 0; part off
    %ix/load 5, 0, 0; Constant delay
    %assign/vec4/a/d v0000000006581f00, 4, 5;
T_6.11 ;
    %load/vec4 v000000000653d590_0;
    %parti/s 1, 5, 4;
    %nor/r;
    %flag_set/vec4 8;
    %jmp/0xz  T_6.13, 8;
    %load/vec4 v000000000653d9f0_0;
    %parti/s 1, 5, 4;
    %load/vec4 v000000000658bb70_0;
    %parti/s 8, 0, 2;
    %pad/u 10;
    %ix/vec4 3;
    %ix/load 4, 5, 0; part off
    %ix/load 5, 0, 0; Constant delay
    %assign/vec4/a/d v0000000006581f00, 4, 5;
T_6.13 ;
    %load/vec4 v000000000653d590_0;
    %parti/s 1, 6, 4;
    %nor/r;
    %flag_set/vec4 8;
    %jmp/0xz  T_6.15, 8;
    %load/vec4 v000000000653d9f0_0;
    %parti/s 1, 6, 4;
    %load/vec4 v000000000658bb70_0;
    %parti/s 8, 0, 2;
    %pad/u 10;
    %ix/vec4 3;
    %ix/load 4, 6, 0; part off
    %ix/load 5, 0, 0; Constant delay
    %assign/vec4/a/d v0000000006581f00, 4, 5;
T_6.15 ;
    %load/vec4 v000000000653d590_0;
    %parti/s 1, 7, 4;
    %nor/r;
    %flag_set/vec4 8;
    %jmp/0xz  T_6.17, 8;
    %load/vec4 v000000000653d9f0_0;
    %parti/s 1, 7, 4;
    %load/vec4 v000000000658bb70_0;
    %parti/s 8, 0, 2;
    %pad/u 10;
    %ix/vec4 3;
    %ix/load 4, 7, 0; part off
    %ix/load 5, 0, 0; Constant delay
    %assign/vec4/a/d v0000000006581f00, 4, 5;
T_6.17 ;
    %load/vec4 v000000000653d590_0;
    %parti/s 1, 8, 5;
    %nor/r;
    %flag_set/vec4 8;
    %jmp/0xz  T_6.19, 8;
    %load/vec4 v000000000653d9f0_0;
    %parti/s 1, 8, 5;
    %load/vec4 v000000000658bb70_0;
    %parti/s 8, 0, 2;
    %pad/u 10;
    %ix/vec4 3;
    %ix/load 4, 8, 0; part off
    %ix/load 5, 0, 0; Constant delay
    %assign/vec4/a/d v0000000006581f00, 4, 5;
T_6.19 ;
    %load/vec4 v000000000653d590_0;
    %parti/s 1, 9, 5;
    %nor/r;
    %flag_set/vec4 8;
    %jmp/0xz  T_6.21, 8;
    %load/vec4 v000000000653d9f0_0;
    %parti/s 1, 9, 5;
    %load/vec4 v000000000658bb70_0;
    %parti/s 8, 0, 2;
    %pad/u 10;
    %ix/vec4 3;
    %ix/load 4, 9, 0; part off
    %ix/load 5, 0, 0; Constant delay
    %assign/vec4/a/d v0000000006581f00, 4, 5;
T_6.21 ;
    %load/vec4 v000000000653d590_0;
    %parti/s 1, 10, 5;
    %nor/r;
    %flag_set/vec4 8;
    %jmp/0xz  T_6.23, 8;
    %load/vec4 v000000000653d9f0_0;
    %parti/s 1, 10, 5;
    %load/vec4 v000000000658bb70_0;
    %parti/s 8, 0, 2;
    %pad/u 10;
    %ix/vec4 3;
    %ix/load 4, 10, 0; part off
    %ix/load 5, 0, 0; Constant delay
    %assign/vec4/a/d v0000000006581f00, 4, 5;
T_6.23 ;
    %load/vec4 v000000000653d590_0;
    %parti/s 1, 11, 5;
    %nor/r;
    %flag_set/vec4 8;
    %jmp/0xz  T_6.25, 8;
    %load/vec4 v000000000653d9f0_0;
    %parti/s 1, 11, 5;
    %load/vec4 v000000000658bb70_0;
    %parti/s 8, 0, 2;
    %pad/u 10;
    %ix/vec4 3;
    %ix/load 4, 11, 0; part off
    %ix/load 5, 0, 0; Constant delay
    %assign/vec4/a/d v0000000006581f00, 4, 5;
T_6.25 ;
    %load/vec4 v000000000653d590_0;
    %parti/s 1, 12, 5;
    %nor/r;
    %flag_set/vec4 8;
    %jmp/0xz  T_6.27, 8;
    %load/vec4 v000000000653d9f0_0;
    %parti/s 1, 12, 5;
    %load/vec4 v000000000658bb70_0;
    %parti/s 8, 0, 2;
    %pad/u 10;
    %ix/vec4 3;
    %ix/load 4, 12, 0; part off
    %ix/load 5, 0, 0; Constant delay
    %assign/vec4/a/d v0000000006581f00, 4, 5;
T_6.27 ;
    %load/vec4 v000000000653d590_0;
    %parti/s 1, 13, 5;
    %nor/r;
    %flag_set/vec4 8;
    %jmp/0xz  T_6.29, 8;
    %load/vec4 v000000000653d9f0_0;
    %parti/s 1, 13, 5;
    %load/vec4 v000000000658bb70_0;
    %parti/s 8, 0, 2;
    %pad/u 10;
    %ix/vec4 3;
    %ix/load 4, 13, 0; part off
    %ix/load 5, 0, 0; Constant delay
    %assign/vec4/a/d v0000000006581f00, 4, 5;
T_6.29 ;
    %load/vec4 v000000000653d590_0;
    %parti/s 1, 14, 5;
    %nor/r;
    %flag_set/vec4 8;
    %jmp/0xz  T_6.31, 8;
    %load/vec4 v000000000653d9f0_0;
    %parti/s 1, 14, 5;
    %load/vec4 v000000000658bb70_0;
    %parti/s 8, 0, 2;
    %pad/u 10;
    %ix/vec4 3;
    %ix/load 4, 14, 0; part off
    %ix/load 5, 0, 0; Constant delay
    %assign/vec4/a/d v0000000006581f00, 4, 5;
T_6.31 ;
    %load/vec4 v000000000653d590_0;
    %parti/s 1, 15, 5;
    %nor/r;
    %flag_set/vec4 8;
    %jmp/0xz  T_6.33, 8;
    %load/vec4 v000000000653d9f0_0;
    %parti/s 1, 15, 5;
    %load/vec4 v000000000658bb70_0;
    %parti/s 8, 0, 2;
    %pad/u 10;
    %ix/vec4 3;
    %ix/load 4, 15, 0; part off
    %ix/load 5, 0, 0; Constant delay
    %assign/vec4/a/d v0000000006581f00, 4, 5;
T_6.33 ;
T_6.0 ;
    %jmp T_6;
    .thread T_6;
    .scope S_00000000064425c0;
T_7 ;
    %wait E_00000000065b1240;
    %load/vec4 v000000000658b490_0;
    %flag_set/vec4 9;
    %flag_get/vec4 9;
    %jmp/0 T_7.2, 9;
    %load/vec4 v000000000658c610_0;
    %and;
T_7.2;
    %flag_set/vec4 8;
    %jmp/0xz  T_7.0, 8;
    %load/vec4 v0000000006565740_0;
    %parti/s 8, 0, 2;
    %pad/u 10;
    %ix/vec4 4;
    %load/vec4a v0000000006581f00, 4;
    %load/vec4 v000000000658b990_0;
    %inv;
    %and;
    %assign/vec4 v000000000658b2b0_0, 0;
T_7.0 ;
    %jmp T_7;
    .thread T_7;
    .scope S_00000000062e2ff0;
T_8 ;
    %pushi/vec4 0, 0, 1;
    %store/vec4 v0000000006638350_0, 0, 1;
    %end;
    .thread T_8;
    .scope S_00000000062e2ff0;
T_9 ;
    %wait E_00000000065b1900;
    %load/vec4 v00000000066382b0_0;
    %assign/vec4 v0000000006638350_0, 0;
    %jmp T_9;
    .thread T_9;
    .scope S_00000000062e3180;
T_10 ;
    %pushi/vec4 0, 0, 1;
    %store/vec4 v0000000006636b90_0, 0, 1;
    %end;
    .thread T_10;
    .scope S_00000000062e3180;
T_11 ;
    %wait E_00000000065b1480;
    %load/vec4 v0000000006638530_0;
    %flag_set/vec4 8;
    %jmp/0xz  T_11.0, 8;
    %load/vec4 v0000000006638490_0;
    %assign/vec4 v0000000006636b90_0, 0;
T_11.0 ;
    %jmp T_11;
    .thread T_11;
    .scope S_00000000062e3310;
T_12 ;
    %pushi/vec4 0, 0, 1;
    %store/vec4 v0000000006637450_0, 0, 1;
    %end;
    .thread T_12;
    .scope S_00000000062e3310;
T_13 ;
    %wait E_00000000065b1640;
    %load/vec4 v0000000006635fb0_0;
    %flag_set/vec4 8;
    %jmp/0xz  T_13.0, 8;
    %pushi/vec4 0, 0, 1;
    %assign/vec4 v0000000006637450_0, 0;
    %jmp T_13.1;
T_13.0 ;
    %load/vec4 v0000000006636c30_0;
    %flag_set/vec4 8;
    %jmp/0xz  T_13.2, 8;
    %load/vec4 v0000000006635f10_0;
    %assign/vec4 v0000000006637450_0, 0;
T_13.2 ;
T_13.1 ;
    %jmp T_13;
    .thread T_13;
    .scope S_00000000062e7900;
T_14 ;
    %pushi/vec4 0, 0, 1;
    %store/vec4 v0000000006637310_0, 0, 1;
    %end;
    .thread T_14;
    .scope S_00000000062e7900;
T_15 ;
    %wait E_00000000065b18c0;
    %load/vec4 v0000000006636370_0;
    %flag_set/vec4 8;
    %jmp/0xz  T_15.0, 8;
    %pushi/vec4 1, 0, 1;
    %assign/vec4 v0000000006637310_0, 0;
    %jmp T_15.1;
T_15.0 ;
    %load/vec4 v00000000066362d0_0;
    %flag_set/vec4 8;
    %jmp/0xz  T_15.2, 8;
    %load/vec4 v0000000006636f50_0;
    %assign/vec4 v0000000006637310_0, 0;
T_15.2 ;
T_15.1 ;
    %jmp T_15;
    .thread T_15;
    .scope S_00000000062e7a90;
T_16 ;
    %pushi/vec4 0, 0, 1;
    %store/vec4 v0000000006637130_0, 0, 1;
    %end;
    .thread T_16;
    .scope S_00000000062e7a90;
T_17 ;
    %wait E_00000000065b15c0;
    %load/vec4 v0000000006637090_0;
    %flag_set/vec4 8;
    %jmp/0xz  T_17.0, 8;
    %load/vec4 v00000000066371d0_0;
    %flag_set/vec4 8;
    %jmp/0xz  T_17.2, 8;
    %pushi/vec4 0, 0, 1;
    %assign/vec4 v0000000006637130_0, 0;
    %jmp T_17.3;
T_17.2 ;
    %load/vec4 v0000000006636ff0_0;
    %assign/vec4 v0000000006637130_0, 0;
T_17.3 ;
T_17.0 ;
    %jmp T_17;
    .thread T_17;
    .scope S_00000000062e7c20;
T_18 ;
    %pushi/vec4 0, 0, 1;
    %store/vec4 v00000000066394d0_0, 0, 1;
    %end;
    .thread T_18;
    .scope S_00000000062e7c20;
T_19 ;
    %wait E_00000000065b2140;
    %load/vec4 v0000000006637590_0;
    %flag_set/vec4 8;
    %jmp/0xz  T_19.0, 8;
    %load/vec4 v0000000006639430_0;
    %flag_set/vec4 8;
    %jmp/0xz  T_19.2, 8;
    %pushi/vec4 1, 0, 1;
    %assign/vec4 v00000000066394d0_0, 0;
    %jmp T_19.3;
T_19.2 ;
    %load/vec4 v00000000066374f0_0;
    %assign/vec4 v00000000066394d0_0, 0;
T_19.3 ;
T_19.0 ;
    %jmp T_19;
    .thread T_19;
    .scope S_00000000062f2f80;
T_20 ;
    %pushi/vec4 0, 0, 1;
    %store/vec4 v0000000006639b10_0, 0, 1;
    %end;
    .thread T_20;
    .scope S_00000000062f2f80;
T_21 ;
    %wait E_00000000065b1400;
    %load/vec4 v0000000006638710_0;
    %assign/vec4 v0000000006639b10_0, 0;
    %jmp T_21;
    .thread T_21;
    .scope S_00000000062f3110;
T_22 ;
    %pushi/vec4 0, 0, 1;
    %store/vec4 v00000000066392f0_0, 0, 1;
    %end;
    .thread T_22;
    .scope S_00000000062f3110;
T_23 ;
    %wait E_00000000065b1840;
    %load/vec4 v0000000006638ad0_0;
    %flag_set/vec4 8;
    %jmp/0xz  T_23.0, 8;
    %load/vec4 v0000000006638a30_0;
    %assign/vec4 v00000000066392f0_0, 0;
T_23.0 ;
    %jmp T_23;
    .thread T_23;
    .scope S_00000000062f32a0;
T_24 ;
    %pushi/vec4 0, 0, 1;
    %store/vec4 v0000000006639610_0, 0, 1;
    %end;
    .thread T_24;
    .scope S_00000000062f32a0;
T_25 ;
    %wait E_00000000065b1440;
    %load/vec4 v0000000006638e90_0;
    %flag_set/vec4 8;
    %jmp/0xz  T_25.0, 8;
    %pushi/vec4 0, 0, 1;
    %assign/vec4 v0000000006639610_0, 0;
    %jmp T_25.1;
T_25.0 ;
    %load/vec4 v0000000006638fd0_0;
    %flag_set/vec4 8;
    %jmp/0xz  T_25.2, 8;
    %load/vec4 v0000000006639390_0;
    %assign/vec4 v0000000006639610_0, 0;
T_25.2 ;
T_25.1 ;
    %jmp T_25;
    .thread T_25;
    .scope S_00000000062efdb0;
T_26 ;
    %pushi/vec4 0, 0, 1;
    %store/vec4 v0000000006639750_0, 0, 1;
    %end;
    .thread T_26;
    .scope S_00000000062efdb0;
T_27 ;
    %wait E_00000000065b21c0;
    %load/vec4 v0000000006639bb0_0;
    %flag_set/vec4 8;
    %jmp/0xz  T_27.0, 8;
    %pushi/vec4 1, 0, 1;
    %assign/vec4 v0000000006639750_0, 0;
    %jmp T_27.1;
T_27.0 ;
    %load/vec4 v0000000006638990_0;
    %flag_set/vec4 8;
    %jmp/0xz  T_27.2, 8;
    %load/vec4 v0000000006639110_0;
    %assign/vec4 v0000000006639750_0, 0;
T_27.2 ;
T_27.1 ;
    %jmp T_27;
    .thread T_27;
    .scope S_00000000062eff40;
T_28 ;
    %pushi/vec4 0, 0, 1;
    %store/vec4 v0000000006638c10_0, 0, 1;
    %end;
    .thread T_28;
    .scope S_00000000062eff40;
T_29 ;
    %wait E_00000000065b14c0;
    %load/vec4 v00000000066397f0_0;
    %flag_set/vec4 8;
    %jmp/0xz  T_29.0, 8;
    %load/vec4 v0000000006639c50_0;
    %flag_set/vec4 8;
    %jmp/0xz  T_29.2, 8;
    %pushi/vec4 0, 0, 1;
    %assign/vec4 v0000000006638c10_0, 0;
    %jmp T_29.3;
T_29.2 ;
    %load/vec4 v0000000006638b70_0;
    %assign/vec4 v0000000006638c10_0, 0;
T_29.3 ;
T_29.0 ;
    %jmp T_29;
    .thread T_29;
    .scope S_000000000658e640;
T_30 ;
    %pushi/vec4 0, 0, 1;
    %store/vec4 v0000000006638cb0_0, 0, 1;
    %end;
    .thread T_30;
    .scope S_000000000658e640;
T_31 ;
    %wait E_00000000065b1940;
    %load/vec4 v0000000006639890_0;
    %flag_set/vec4 8;
    %jmp/0xz  T_31.0, 8;
    %load/vec4 v0000000006638f30_0;
    %flag_set/vec4 8;
    %jmp/0xz  T_31.2, 8;
    %pushi/vec4 1, 0, 1;
    %assign/vec4 v0000000006638cb0_0, 0;
    %jmp T_31.3;
T_31.2 ;
    %load/vec4 v00000000066391b0_0;
    %assign/vec4 v0000000006638cb0_0, 0;
T_31.3 ;
T_31.0 ;
    %jmp T_31;
    .thread T_31;
    .scope S_000000000658de70;
T_32 ;
    %pushi/vec4 0, 0, 1;
    %store/vec4 v00000000066399d0_0, 0, 1;
    %end;
    .thread T_32;
    .scope S_000000000658de70;
T_33 ;
    %wait E_00000000065b1f80;
    %load/vec4 v0000000006639cf0_0;
    %flag_set/vec4 8;
    %jmp/0xz  T_33.0, 8;
    %pushi/vec4 0, 0, 1;
    %assign/vec4 v00000000066399d0_0, 0;
    %jmp T_33.1;
T_33.0 ;
    %load/vec4 v0000000006639930_0;
    %assign/vec4 v00000000066399d0_0, 0;
T_33.1 ;
    %jmp T_33;
    .thread T_33;
    .scope S_000000000658e190;
T_34 ;
    %pushi/vec4 0, 0, 1;
    %store/vec4 v00000000066388f0_0, 0, 1;
    %end;
    .thread T_34;
    .scope S_000000000658e190;
T_35 ;
    %wait E_00000000065b1700;
    %load/vec4 v0000000006638d50_0;
    %flag_set/vec4 8;
    %jmp/0xz  T_35.0, 8;
    %pushi/vec4 1, 0, 1;
    %assign/vec4 v00000000066388f0_0, 0;
    %jmp T_35.1;
T_35.0 ;
    %load/vec4 v0000000006639d90_0;
    %assign/vec4 v00000000066388f0_0, 0;
T_35.1 ;
    %jmp T_35;
    .thread T_35;
    .scope S_000000000658ec80;
T_36 ;
    %pushi/vec4 0, 0, 1;
    %store/vec4 v0000000006645250_0, 0, 1;
    %end;
    .thread T_36;
    .scope S_000000000658ec80;
T_37 ;
    %wait E_00000000065b2180;
    %load/vec4 v0000000006645f70_0;
    %flag_set/vec4 8;
    %jmp/0xz  T_37.0, 8;
    %pushi/vec4 0, 0, 1;
    %assign/vec4 v0000000006645250_0, 0;
    %jmp T_37.1;
T_37.0 ;
    %load/vec4 v0000000006645c50_0;
    %assign/vec4 v0000000006645250_0, 0;
T_37.1 ;
    %jmp T_37;
    .thread T_37;
    .scope S_000000000658e7d0;
T_38 ;
    %pushi/vec4 0, 0, 1;
    %store/vec4 v0000000006645890_0, 0, 1;
    %end;
    .thread T_38;
    .scope S_000000000658e7d0;
T_39 ;
    %wait E_00000000065b1740;
    %load/vec4 v0000000006645b10_0;
    %flag_set/vec4 8;
    %jmp/0xz  T_39.0, 8;
    %pushi/vec4 1, 0, 1;
    %assign/vec4 v0000000006645890_0, 0;
    %jmp T_39.1;
T_39.0 ;
    %load/vec4 v0000000006646650_0;
    %assign/vec4 v0000000006645890_0, 0;
T_39.1 ;
    %jmp T_39;
    .thread T_39;
    .scope S_000000000658e320;
T_40 ;
    %pushi/vec4 0, 0, 1;
    %store/vec4 v00000000066456b0_0, 0, 1;
    %end;
    .thread T_40;
    .scope S_000000000658e320;
T_41 ;
    %wait E_00000000065b1fc0;
    %load/vec4 v00000000066452f0_0;
    %flag_set/vec4 8;
    %jmp/0xz  T_41.0, 8;
    %pushi/vec4 0, 0, 1;
    %assign/vec4 v00000000066456b0_0, 0;
    %jmp T_41.1;
T_41.0 ;
    %load/vec4 v0000000006645610_0;
    %assign/vec4 v00000000066456b0_0, 0;
T_41.1 ;
    %jmp T_41;
    .thread T_41;
    .scope S_000000000658e4b0;
T_42 ;
    %pushi/vec4 0, 0, 1;
    %store/vec4 v0000000006646470_0, 0, 1;
    %end;
    .thread T_42;
    .scope S_000000000658e4b0;
T_43 ;
    %wait E_00000000065b1780;
    %load/vec4 v00000000066451b0_0;
    %flag_set/vec4 8;
    %jmp/0xz  T_43.0, 8;
    %pushi/vec4 1, 0, 1;
    %assign/vec4 v0000000006646470_0, 0;
    %jmp T_43.1;
T_43.0 ;
    %load/vec4 v0000000006646010_0;
    %assign/vec4 v0000000006646470_0, 0;
T_43.1 ;
    %jmp T_43;
    .thread T_43;
    .scope S_000000000658e000;
T_44 ;
    %pushi/vec4 0, 0, 1;
    %store/vec4 v00000000066461f0_0, 0, 1;
    %end;
    .thread T_44;
    .scope S_000000000658e000;
T_45 ;
    %wait E_00000000065b17c0;
    %load/vec4 v0000000006646150_0;
    %flag_set/vec4 8;
    %jmp/0xz  T_45.0, 8;
    %pushi/vec4 0, 0, 1;
    %assign/vec4 v00000000066461f0_0, 0;
    %jmp T_45.1;
T_45.0 ;
    %load/vec4 v0000000006645390_0;
    %assign/vec4 v00000000066461f0_0, 0;
T_45.1 ;
    %jmp T_45;
    .thread T_45;
    .scope S_000000000658eaf0;
T_46 ;
    %pushi/vec4 0, 0, 1;
    %store/vec4 v0000000006646330_0, 0, 1;
    %end;
    .thread T_46;
    .scope S_000000000658eaf0;
T_47 ;
    %wait E_00000000065b1880;
    %load/vec4 v0000000006646290_0;
    %flag_set/vec4 8;
    %jmp/0xz  T_47.0, 8;
    %pushi/vec4 1, 0, 1;
    %assign/vec4 v0000000006646330_0, 0;
    %jmp T_47.1;
T_47.0 ;
    %load/vec4 v00000000066466f0_0;
    %assign/vec4 v0000000006646330_0, 0;
T_47.1 ;
    %jmp T_47;
    .thread T_47;
    .scope S_0000000006443880;
T_48 ;
    %wait E_00000000065b1cc0;
    %load/vec4 v0000000006644030_0;
    %assign/vec4 v0000000006645070_0, 0;
    %jmp T_48;
    .thread T_48;
    .scope S_0000000006443880;
T_49 ;
    %wait E_00000000065b1cc0;
    %load/vec4 v0000000006644030_0;
    %flag_set/vec4 8;
    %jmp/0xz  T_49.0, 8;
    %load/vec4 v0000000006642e10_0;
    %assign/vec4 v0000000006643e50_0, 0;
T_49.0 ;
    %jmp T_49;
    .thread T_49;
    .scope S_0000000006443880;
T_50 ;
    %wait E_00000000065b1ac0;
    %load/vec4 v0000000006645070_0;
    %flag_set/vec4 8;
    %jmp/0xz  T_50.0, 8;
    %load/vec4 v0000000006642e10_0;
    %assign/vec4 v0000000006643590_0, 0;
T_50.0 ;
    %jmp T_50;
    .thread T_50;
    .scope S_0000000006443880;
T_51 ;
    %wait E_00000000065b2080;
    %load/vec4 v0000000006644030_0;
    %assign/vec4 v00000000066433b0_0, 0;
    %jmp T_51;
    .thread T_51;
    .scope S_0000000006443880;
T_52 ;
    %wait E_00000000065b2080;
    %load/vec4 v0000000006644030_0;
    %flag_set/vec4 8;
    %jmp/0xz  T_52.0, 8;
    %load/vec4 v0000000006645ed0_0;
    %assign/vec4 v00000000066448f0_0, 0;
T_52.0 ;
    %jmp T_52;
    .thread T_52;
    .scope S_0000000006443880;
T_53 ;
    %wait E_00000000065b1a80;
    %load/vec4 v00000000066433b0_0;
    %flag_set/vec4 8;
    %jmp/0xz  T_53.0, 8;
    %load/vec4 v00000000066460b0_0;
    %assign/vec4 v0000000006643950_0, 0;
T_53.0 ;
    %jmp T_53;
    .thread T_53;
    .scope S_0000000006443880;
T_54 ;
    %wait E_00000000065b2080;
    %load/vec4 v0000000006644030_0;
    %flag_set/vec4 8;
    %jmp/0xz  T_54.0, 8;
    %load/vec4 v00000000066465b0_0;
    %assign/vec4 v0000000006643450_0, 0;
T_54.0 ;
    %jmp T_54;
    .thread T_54;
    .scope S_00000000064436f0;
T_55 ;
    %wait E_00000000065b1c80;
    %load/vec4 v0000000006643e50_0;
    %store/vec4 v0000000006644530_0, 0, 1;
    %load/vec4 v0000000006643590_0;
    %store/vec4 v00000000066436d0_0, 0, 1;
    %jmp T_55;
    .thread T_55, $push;
    .scope S_00000000064436f0;
T_56 ;
    %wait E_00000000065b2000;
    %load/vec4 v0000000006646510_0;
    %assign/vec4 v0000000006643a90_0, 0;
    %jmp T_56;
    .thread T_56, $push;
    .scope S_00000000064436f0;
T_57 ;
    %wait E_00000000065b1a00;
    %load/vec4 v0000000006643a90_0;
    %assign/vec4 v0000000006643810_0, 0;
    %jmp T_57;
    .thread T_57, $push;
    .scope S_00000000064436f0;
T_58 ;
    %wait E_00000000065b19c0;
    %load/vec4 v0000000006643810_0;
    %pushi/vec4 0, 0, 1;
    %xor;
    %flag_set/vec4 8;
    %jmp/1 T_58.2, 8;
    %pushi/vec4 0, 0, 1;
    %flag_set/vec4 9;
    %flag_or 8, 9;
T_58.2;
    %jmp/0 T_58.0, 8;
    %load/vec4 v00000000066448f0_0;
    %jmp/1 T_58.1, 8;
T_58.0 ; End of true expr.
    %load/vec4 v0000000006643950_0;
    %jmp/0 T_58.1, 8;
 ; End of false expr.
    %blend;
T_58.1;
    %store/vec4 v0000000006643310_0, 0, 1;
    %jmp T_58;
    .thread T_58, $push;
    .scope S_0000000006441f80;
T_59 ;
    %wait E_00000000065b2e00;
    %load/vec4 v0000000006649760_0;
    %flag_set/vec4 8;
    %jmp/0xz  T_59.0, 8;
    %load/vec4 v0000000006649e40_0;
    %assign/vec4 v000000000664a700_0, 0;
T_59.0 ;
    %jmp T_59;
    .thread T_59;
    .scope S_0000000006441f80;
T_60 ;
    %wait E_00000000065b2f00;
    %load/vec4 v0000000006649760_0;
    %flag_set/vec4 8;
    %jmp/0xz  T_60.0, 8;
    %load/vec4 v0000000006649e40_0;
    %assign/vec4 v0000000006649ee0_0, 0;
T_60.0 ;
    %jmp T_60;
    .thread T_60;
    .scope S_0000000006441f80;
T_61 ;
    %wait E_00000000065b2b80;
    %load/vec4 v0000000006649760_0;
    %flag_set/vec4 8;
    %jmp/0xz  T_61.0, 8;
    %load/vec4 v0000000006649b20_0;
    %assign/vec4 v000000000664a480_0, 0;
T_61.0 ;
    %jmp T_61;
    .thread T_61;
    .scope S_0000000006441f80;
T_62 ;
    %wait E_00000000065b2580;
    %load/vec4 v0000000006649760_0;
    %flag_set/vec4 8;
    %jmp/0xz  T_62.0, 8;
    %load/vec4 v000000000664a0c0_0;
    %assign/vec4 v0000000006649f80_0, 0;
T_62.0 ;
    %jmp T_62;
    .thread T_62;
    .scope S_0000000006441f80;
T_63 ;
    %wait E_00000000065b2b80;
    %load/vec4 v0000000006649760_0;
    %flag_set/vec4 8;
    %jmp/0xz  T_63.0, 8;
    %load/vec4 v000000000664a2a0_0;
    %assign/vec4 v000000000664a5c0_0, 0;
T_63.0 ;
    %jmp T_63;
    .thread T_63;
    .scope S_00000000065e6fb0;
T_64 ;
    %wait E_00000000065b2c40;
    %load/vec4 v000000000664a700_0;
    %store/vec4 v00000000066496c0_0, 0, 1;
    %load/vec4 v0000000006649ee0_0;
    %store/vec4 v00000000066498a0_0, 0, 1;
    %jmp T_64;
    .thread T_64, $push;
    .scope S_00000000065e6fb0;
T_65 ;
    %wait E_00000000065b2c80;
    %load/vec4 v000000000664a200_0;
    %assign/vec4 v000000000664a7a0_0, 0;
    %jmp T_65;
    .thread T_65, $push;
    .scope S_00000000065e6fb0;
T_66 ;
    %wait E_00000000065b2b40;
    %load/vec4 v000000000664a7a0_0;
    %assign/vec4 v00000000066499e0_0, 0;
    %jmp T_66;
    .thread T_66, $push;
    .scope S_00000000065e6fb0;
T_67 ;
    %wait E_00000000065b2300;
    %load/vec4 v00000000066499e0_0;
    %pushi/vec4 0, 0, 1;
    %xor;
    %flag_set/vec4 8;
    %jmp/1 T_67.2, 8;
    %pushi/vec4 0, 0, 1;
    %flag_set/vec4 9;
    %flag_or 8, 9;
T_67.2;
    %jmp/0 T_67.0, 8;
    %load/vec4 v000000000664a480_0;
    %jmp/1 T_67.1, 8;
T_67.0 ; End of true expr.
    %load/vec4 v0000000006649f80_0;
    %jmp/0 T_67.1, 8;
 ; End of false expr.
    %blend;
T_67.1;
    %store/vec4 v000000000664a340_0, 0, 1;
    %jmp T_67;
    .thread T_67, $push;
    .scope S_0000000006442f20;
T_68 ;
    %wait E_00000000065b2480;
    %load/vec4 v0000000006649d00_0;
    %flag_set/vec4 8;
    %jmp/0xz  T_68.0, 8;
    %load/vec4 v0000000006648360_0;
    %assign/vec4 v0000000006646ce0_0, 0;
T_68.0 ;
    %jmp T_68;
    .thread T_68;
    .scope S_0000000006442f20;
T_69 ;
    %wait E_00000000065b30c0;
    %load/vec4 v0000000006649d00_0;
    %flag_set/vec4 8;
    %jmp/0xz  T_69.0, 8;
    %load/vec4 v0000000006648360_0;
    %assign/vec4 v0000000006648e00_0, 0;
T_69.0 ;
    %jmp T_69;
    .thread T_69;
    .scope S_0000000006442f20;
T_70 ;
    %wait E_00000000065b2c00;
    %load/vec4 v0000000006649d00_0;
    %flag_set/vec4 8;
    %jmp/0xz  T_70.0, 8;
    %load/vec4 v0000000006646ba0_0;
    %assign/vec4 v0000000006648ea0_0, 0;
T_70.0 ;
    %jmp T_70;
    .thread T_70;
    .scope S_0000000006442f20;
T_71 ;
    %wait E_00000000065b2cc0;
    %load/vec4 v0000000006649d00_0;
    %flag_set/vec4 8;
    %jmp/0xz  T_71.0, 8;
    %load/vec4 v0000000006649120_0;
    %assign/vec4 v00000000066480e0_0, 0;
T_71.0 ;
    %jmp T_71;
    .thread T_71;
    .scope S_0000000006442f20;
T_72 ;
    %wait E_00000000065b2c00;
    %load/vec4 v0000000006649d00_0;
    %flag_set/vec4 8;
    %jmp/0xz  T_72.0, 8;
    %load/vec4 v0000000006646c40_0;
    %assign/vec4 v0000000006647fa0_0, 0;
T_72.0 ;
    %jmp T_72;
    .thread T_72;
    .scope S_00000000065e7140;
T_73 ;
    %wait E_00000000065b2d00;
    %load/vec4 v0000000006646ce0_0;
    %store/vec4 v0000000006648a40_0, 0, 1;
    %load/vec4 v0000000006648e00_0;
    %store/vec4 v00000000066484a0_0, 0, 1;
    %jmp T_73;
    .thread T_73, $push;
    .scope S_00000000065e7140;
T_74 ;
    %wait E_00000000065b3180;
    %load/vec4 v0000000006647780_0;
    %assign/vec4 v0000000006646ec0_0, 0;
    %jmp T_74;
    .thread T_74, $push;
    .scope S_00000000065e7140;
T_75 ;
    %wait E_00000000065b2540;
    %load/vec4 v0000000006646ec0_0;
    %assign/vec4 v0000000006647820_0, 0;
    %jmp T_75;
    .thread T_75, $push;
    .scope S_00000000065e7140;
T_76 ;
    %wait E_00000000065b2bc0;
    %load/vec4 v0000000006647820_0;
    %pushi/vec4 0, 0, 1;
    %xor;
    %flag_set/vec4 8;
    %jmp/1 T_76.2, 8;
    %pushi/vec4 0, 0, 1;
    %flag_set/vec4 9;
    %flag_or 8, 9;
T_76.2;
    %jmp/0 T_76.0, 8;
    %load/vec4 v0000000006648ea0_0;
    %jmp/1 T_76.1, 8;
T_76.0 ; End of true expr.
    %load/vec4 v00000000066480e0_0;
    %jmp/0 T_76.1, 8;
 ; End of false expr.
    %blend;
T_76.1;
    %store/vec4 v0000000006648220_0, 0, 1;
    %jmp T_76;
    .thread T_76, $push;
    .scope S_00000000065e7780;
T_77 ;
    %wait E_00000000065b2b00;
    %load/vec4 v000000000664b290_0;
    %flag_set/vec4 8;
    %jmp/0xz  T_77.0, 8;
    %pushi/vec4 0, 0, 16;
    %assign/vec4 v000000000664df90_0, 0;
    %pushi/vec4 0, 0, 16;
    %assign/vec4 v000000000664dbd0_0, 0;
    %jmp T_77.1;
T_77.0 ;
    %load/vec4 v000000000664d130_0;
    %flag_set/vec4 8;
    %jmp/0xz  T_77.2, 8;
    %load/vec4 v000000000664b6f0_0;
    %nor/r;
    %flag_set/vec4 8;
    %jmp/0xz  T_77.4, 8;
    %load/vec4 v000000000664c550_0;
    %assign/vec4 v000000000664df90_0, 0;
T_77.4 ;
    %load/vec4 v000000000664ceb0_0;
    %nor/r;
    %flag_set/vec4 8;
    %jmp/0xz  T_77.6, 8;
    %load/vec4 v00000000066476e0_0;
    %assign/vec4 v000000000664dbd0_0, 0;
T_77.6 ;
T_77.2 ;
T_77.1 ;
    %jmp T_77;
    .thread T_77;
    .scope S_00000000065e7780;
T_78 ;
    %wait E_00000000065b22c0;
    %load/vec4 v000000000664b010_0;
    %flag_set/vec4 8;
    %jmp/0xz  T_78.0, 8;
    %pushi/vec4 0, 0, 16;
    %assign/vec4 v000000000664dd10_0, 0;
    %pushi/vec4 0, 0, 16;
    %assign/vec4 v000000000664e030_0, 0;
    %jmp T_78.1;
T_78.0 ;
    %load/vec4 v000000000664d130_0;
    %flag_set/vec4 8;
    %jmp/0xz  T_78.2, 8;
    %load/vec4 v000000000664ba10_0;
    %nor/r;
    %flag_set/vec4 8;
    %jmp/0xz  T_78.4, 8;
    %load/vec4 v000000000664caf0_0;
    %assign/vec4 v000000000664dd10_0, 0;
T_78.4 ;
    %load/vec4 v000000000664ad90_0;
    %nor/r;
    %flag_set/vec4 8;
    %jmp/0xz  T_78.6, 8;
    %load/vec4 v000000000664c5f0_0;
    %assign/vec4 v000000000664e030_0, 0;
T_78.6 ;
T_78.2 ;
T_78.1 ;
    %jmp T_78;
    .thread T_78;
    .scope S_00000000065e7780;
T_79 ;
    %wait E_00000000065b2b00;
    %load/vec4 v000000000664b290_0;
    %flag_set/vec4 8;
    %jmp/0xz  T_79.0, 8;
    %pushi/vec4 0, 0, 16;
    %assign/vec4 v000000000664e670_0, 0;
    %pushi/vec4 0, 0, 16;
    %assign/vec4 v000000000664e850_0, 0;
    %jmp T_79.1;
T_79.0 ;
    %load/vec4 v000000000664d130_0;
    %flag_set/vec4 8;
    %jmp/0xz  T_79.2, 8;
    %load/vec4 v000000000664f070_0;
    %assign/vec4 v000000000664e670_0, 0;
    %load/vec4 v000000000664f430_0;
    %assign/vec4 v000000000664e850_0, 0;
T_79.2 ;
T_79.1 ;
    %jmp T_79;
    .thread T_79;
    .scope S_00000000065e7780;
T_80 ;
    %wait E_00000000065b22c0;
    %load/vec4 v000000000664b010_0;
    %flag_set/vec4 8;
    %jmp/0xz  T_80.0, 8;
    %pushi/vec4 0, 0, 16;
    %assign/vec4 v0000000006650e70_0, 0;
    %pushi/vec4 0, 0, 16;
    %assign/vec4 v000000000664f750_0, 0;
    %jmp T_80.1;
T_80.0 ;
    %load/vec4 v000000000664d130_0;
    %flag_set/vec4 8;
    %jmp/0xz  T_80.2, 8;
    %load/vec4 v000000000664db30_0;
    %assign/vec4 v0000000006650e70_0, 0;
    %load/vec4 v000000000664f1b0_0;
    %assign/vec4 v000000000664f750_0, 0;
T_80.2 ;
T_80.1 ;
    %jmp T_80;
    .thread T_80;
    .scope S_00000000065e7780;
T_81 ;
    %wait E_00000000065b22c0;
    %load/vec4 v000000000664b010_0;
    %flag_set/vec4 8;
    %jmp/0xz  T_81.0, 8;
    %pushi/vec4 0, 0, 32;
    %assign/vec4 v000000000664e7b0_0, 0;
    %jmp T_81.1;
T_81.0 ;
    %load/vec4 v000000000664d130_0;
    %flag_set/vec4 8;
    %jmp/0xz  T_81.2, 8;
    %load/vec4 v000000000664d950_0;
    %assign/vec4 v000000000664e7b0_0, 0;
T_81.2 ;
T_81.1 ;
    %jmp T_81;
    .thread T_81;
    .scope S_00000000065e7780;
T_82 ;
    %wait E_00000000065b2d40;
    %load/vec4 v000000000664c370_0;
    %flag_set/vec4 8;
    %jmp/0xz  T_82.0, 8;
    %pushi/vec4 0, 0, 16;
    %assign/vec4 v0000000006651190_0, 0;
    %jmp T_82.1;
T_82.0 ;
    %load/vec4 v000000000664d130_0;
    %flag_set/vec4 8;
    %jmp/0xz  T_82.2, 8;
    %load/vec4 v000000000664bb50_0;
    %nor/r;
    %flag_set/vec4 8;
    %jmp/0xz  T_82.4, 8;
    %load/vec4 v000000000664e530_0;
    %assign/vec4 v0000000006651190_0, 0;
T_82.4 ;
T_82.2 ;
T_82.1 ;
    %jmp T_82;
    .thread T_82;
    .scope S_00000000065e7780;
T_83 ;
    %wait E_00000000065b2f40;
    %load/vec4 v000000000664aa70_0;
    %flag_set/vec4 8;
    %jmp/0xz  T_83.0, 8;
    %pushi/vec4 0, 0, 16;
    %assign/vec4 v00000000066510f0_0, 0;
    %jmp T_83.1;
T_83.0 ;
    %load/vec4 v000000000664d130_0;
    %flag_set/vec4 8;
    %jmp/0xz  T_83.2, 8;
    %load/vec4 v000000000664c0f0_0;
    %nor/r;
    %flag_set/vec4 8;
    %jmp/0xz  T_83.4, 8;
    %load/vec4 v000000000664f110_0;
    %assign/vec4 v00000000066510f0_0, 0;
T_83.4 ;
T_83.2 ;
T_83.1 ;
    %jmp T_83;
    .thread T_83;
    .scope S_0000000006442a70;
T_84 ;
    %pushi/vec4 0, 0, 32;
    %store/vec4 v000000000665f020_0, 0, 32;
T_84.0 ; Top of for-loop 
    %load/vec4 v000000000665f020_0;
    %cmpi/s 16, 0, 32;
    %jmp/0xz T_84.1, 5;
    %pushi/vec4 0, 0, 256;
    %load/vec4 v000000000665f020_0;
    %muli 16, 0, 32;
    %part/s 16;
    %pushi/vec4 0, 0, 32;
    %load/vec4 v000000000665f020_0;
    %add;
    %ix/vec4/s 4;
    %store/vec4a v000000000665d680, 4, 0;
    %pushi/vec4 0, 0, 256;
    %load/vec4 v000000000665f020_0;
    %muli 16, 0, 32;
    %part/s 16;
    %pushi/vec4 16, 0, 32;
    %load/vec4 v000000000665f020_0;
    %add;
    %ix/vec4/s 4;
    %store/vec4a v000000000665d680, 4, 0;
    %pushi/vec4 0, 0, 256;
    %load/vec4 v000000000665f020_0;
    %muli 16, 0, 32;
    %part/s 16;
    %pushi/vec4 32, 0, 32;
    %load/vec4 v000000000665f020_0;
    %add;
    %ix/vec4/s 4;
    %store/vec4a v000000000665d680, 4, 0;
    %pushi/vec4 0, 0, 256;
    %load/vec4 v000000000665f020_0;
    %muli 16, 0, 32;
    %part/s 16;
    %pushi/vec4 48, 0, 32;
    %load/vec4 v000000000665f020_0;
    %add;
    %ix/vec4/s 4;
    %store/vec4a v000000000665d680, 4, 0;
    %pushi/vec4 0, 0, 256;
    %load/vec4 v000000000665f020_0;
    %muli 16, 0, 32;
    %part/s 16;
    %pushi/vec4 64, 0, 32;
    %load/vec4 v000000000665f020_0;
    %add;
    %ix/vec4/s 4;
    %store/vec4a v000000000665d680, 4, 0;
    %pushi/vec4 0, 0, 256;
    %load/vec4 v000000000665f020_0;
    %muli 16, 0, 32;
    %part/s 16;
    %pushi/vec4 80, 0, 32;
    %load/vec4 v000000000665f020_0;
    %add;
    %ix/vec4/s 4;
    %store/vec4a v000000000665d680, 4, 0;
    %pushi/vec4 0, 0, 256;
    %load/vec4 v000000000665f020_0;
    %muli 16, 0, 32;
    %part/s 16;
    %pushi/vec4 96, 0, 32;
    %load/vec4 v000000000665f020_0;
    %add;
    %ix/vec4/s 4;
    %store/vec4a v000000000665d680, 4, 0;
    %pushi/vec4 0, 0, 256;
    %load/vec4 v000000000665f020_0;
    %muli 16, 0, 32;
    %part/s 16;
    %pushi/vec4 112, 0, 32;
    %load/vec4 v000000000665f020_0;
    %add;
    %ix/vec4/s 4;
    %store/vec4a v000000000665d680, 4, 0;
    %pushi/vec4 0, 0, 256;
    %load/vec4 v000000000665f020_0;
    %muli 16, 0, 32;
    %part/s 16;
    %pushi/vec4 128, 0, 32;
    %load/vec4 v000000000665f020_0;
    %add;
    %ix/vec4/s 4;
    %store/vec4a v000000000665d680, 4, 0;
    %pushi/vec4 0, 0, 256;
    %load/vec4 v000000000665f020_0;
    %muli 16, 0, 32;
    %part/s 16;
    %pushi/vec4 144, 0, 32;
    %load/vec4 v000000000665f020_0;
    %add;
    %ix/vec4/s 4;
    %store/vec4a v000000000665d680, 4, 0;
    %pushi/vec4 0, 0, 256;
    %load/vec4 v000000000665f020_0;
    %muli 16, 0, 32;
    %part/s 16;
    %pushi/vec4 160, 0, 32;
    %load/vec4 v000000000665f020_0;
    %add;
    %ix/vec4/s 4;
    %store/vec4a v000000000665d680, 4, 0;
    %pushi/vec4 0, 0, 256;
    %load/vec4 v000000000665f020_0;
    %muli 16, 0, 32;
    %part/s 16;
    %pushi/vec4 176, 0, 32;
    %load/vec4 v000000000665f020_0;
    %add;
    %ix/vec4/s 4;
    %store/vec4a v000000000665d680, 4, 0;
    %pushi/vec4 0, 0, 256;
    %load/vec4 v000000000665f020_0;
    %muli 16, 0, 32;
    %part/s 16;
    %pushi/vec4 192, 0, 32;
    %load/vec4 v000000000665f020_0;
    %add;
    %ix/vec4/s 4;
    %store/vec4a v000000000665d680, 4, 0;
    %pushi/vec4 0, 0, 256;
    %load/vec4 v000000000665f020_0;
    %muli 16, 0, 32;
    %part/s 16;
    %pushi/vec4 208, 0, 32;
    %load/vec4 v000000000665f020_0;
    %add;
    %ix/vec4/s 4;
    %store/vec4a v000000000665d680, 4, 0;
    %pushi/vec4 0, 0, 256;
    %load/vec4 v000000000665f020_0;
    %muli 16, 0, 32;
    %part/s 16;
    %pushi/vec4 224, 0, 32;
    %load/vec4 v000000000665f020_0;
    %add;
    %ix/vec4/s 4;
    %store/vec4a v000000000665d680, 4, 0;
    %pushi/vec4 0, 0, 256;
    %load/vec4 v000000000665f020_0;
    %muli 16, 0, 32;
    %part/s 16;
    %pushi/vec4 240, 0, 32;
    %load/vec4 v000000000665f020_0;
    %add;
    %ix/vec4/s 4;
    %store/vec4a v000000000665d680, 4, 0;
T_84.2 ; for-loop step statement
    %load/vec4 v000000000665f020_0;
    %addi 1, 0, 32;
    %store/vec4 v000000000665f020_0, 0, 32;
    %jmp T_84.0;
T_84.1 ; for-loop exit label
    %end;
    .thread T_84;
    .scope S_0000000006442a70;
T_85 ;
    %wait E_00000000065b3000;
    %load/vec4 v000000000665e300_0;
    %flag_set/vec4 9;
    %flag_get/vec4 9;
    %jmp/0 T_85.2, 9;
    %load/vec4 v000000000665cb40_0;
    %and;
T_85.2;
    %flag_set/vec4 8;
    %jmp/0xz  T_85.0, 8;
    %load/vec4 v000000000665ef80_0;
    %parti/s 1, 0, 2;
    %nor/r;
    %flag_set/vec4 8;
    %jmp/0xz  T_85.3, 8;
    %load/vec4 v000000000665dae0_0;
    %parti/s 1, 0, 2;
    %load/vec4 v000000000665df40_0;
    %parti/s 8, 0, 2;
    %pad/u 10;
    %ix/vec4 3;
    %ix/load 4, 0, 0; Constant delay
    %assign/vec4/a/d v000000000665d680, 0, 4;
T_85.3 ;
    %load/vec4 v000000000665ef80_0;
    %parti/s 1, 1, 2;
    %nor/r;
    %flag_set/vec4 8;
    %jmp/0xz  T_85.5, 8;
    %load/vec4 v000000000665dae0_0;
    %parti/s 1, 1, 2;
    %load/vec4 v000000000665df40_0;
    %parti/s 8, 0, 2;
    %pad/u 10;
    %ix/vec4 3;
    %ix/load 4, 1, 0; part off
    %ix/load 5, 0, 0; Constant delay
    %assign/vec4/a/d v000000000665d680, 4, 5;
T_85.5 ;
    %load/vec4 v000000000665ef80_0;
    %parti/s 1, 2, 3;
    %nor/r;
    %flag_set/vec4 8;
    %jmp/0xz  T_85.7, 8;
    %load/vec4 v000000000665dae0_0;
    %parti/s 1, 2, 3;
    %load/vec4 v000000000665df40_0;
    %parti/s 8, 0, 2;
    %pad/u 10;
    %ix/vec4 3;
    %ix/load 4, 2, 0; part off
    %ix/load 5, 0, 0; Constant delay
    %assign/vec4/a/d v000000000665d680, 4, 5;
T_85.7 ;
    %load/vec4 v000000000665ef80_0;
    %parti/s 1, 3, 3;
    %nor/r;
    %flag_set/vec4 8;
    %jmp/0xz  T_85.9, 8;
    %load/vec4 v000000000665dae0_0;
    %parti/s 1, 3, 3;
    %load/vec4 v000000000665df40_0;
    %parti/s 8, 0, 2;
    %pad/u 10;
    %ix/vec4 3;
    %ix/load 4, 3, 0; part off
    %ix/load 5, 0, 0; Constant delay
    %assign/vec4/a/d v000000000665d680, 4, 5;
T_85.9 ;
    %load/vec4 v000000000665ef80_0;
    %parti/s 1, 4, 4;
    %nor/r;
    %flag_set/vec4 8;
    %jmp/0xz  T_85.11, 8;
    %load/vec4 v000000000665dae0_0;
    %parti/s 1, 4, 4;
    %load/vec4 v000000000665df40_0;
    %parti/s 8, 0, 2;
    %pad/u 10;
    %ix/vec4 3;
    %ix/load 4, 4, 0; part off
    %ix/load 5, 0, 0; Constant delay
    %assign/vec4/a/d v000000000665d680, 4, 5;
T_85.11 ;
    %load/vec4 v000000000665ef80_0;
    %parti/s 1, 5, 4;
    %nor/r;
    %flag_set/vec4 8;
    %jmp/0xz  T_85.13, 8;
    %load/vec4 v000000000665dae0_0;
    %parti/s 1, 5, 4;
    %load/vec4 v000000000665df40_0;
    %parti/s 8, 0, 2;
    %pad/u 10;
    %ix/vec4 3;
    %ix/load 4, 5, 0; part off
    %ix/load 5, 0, 0; Constant delay
    %assign/vec4/a/d v000000000665d680, 4, 5;
T_85.13 ;
    %load/vec4 v000000000665ef80_0;
    %parti/s 1, 6, 4;
    %nor/r;
    %flag_set/vec4 8;
    %jmp/0xz  T_85.15, 8;
    %load/vec4 v000000000665dae0_0;
    %parti/s 1, 6, 4;
    %load/vec4 v000000000665df40_0;
    %parti/s 8, 0, 2;
    %pad/u 10;
    %ix/vec4 3;
    %ix/load 4, 6, 0; part off
    %ix/load 5, 0, 0; Constant delay
    %assign/vec4/a/d v000000000665d680, 4, 5;
T_85.15 ;
    %load/vec4 v000000000665ef80_0;
    %parti/s 1, 7, 4;
    %nor/r;
    %flag_set/vec4 8;
    %jmp/0xz  T_85.17, 8;
    %load/vec4 v000000000665dae0_0;
    %parti/s 1, 7, 4;
    %load/vec4 v000000000665df40_0;
    %parti/s 8, 0, 2;
    %pad/u 10;
    %ix/vec4 3;
    %ix/load 4, 7, 0; part off
    %ix/load 5, 0, 0; Constant delay
    %assign/vec4/a/d v000000000665d680, 4, 5;
T_85.17 ;
    %load/vec4 v000000000665ef80_0;
    %parti/s 1, 8, 5;
    %nor/r;
    %flag_set/vec4 8;
    %jmp/0xz  T_85.19, 8;
    %load/vec4 v000000000665dae0_0;
    %parti/s 1, 8, 5;
    %load/vec4 v000000000665df40_0;
    %parti/s 8, 0, 2;
    %pad/u 10;
    %ix/vec4 3;
    %ix/load 4, 8, 0; part off
    %ix/load 5, 0, 0; Constant delay
    %assign/vec4/a/d v000000000665d680, 4, 5;
T_85.19 ;
    %load/vec4 v000000000665ef80_0;
    %parti/s 1, 9, 5;
    %nor/r;
    %flag_set/vec4 8;
    %jmp/0xz  T_85.21, 8;
    %load/vec4 v000000000665dae0_0;
    %parti/s 1, 9, 5;
    %load/vec4 v000000000665df40_0;
    %parti/s 8, 0, 2;
    %pad/u 10;
    %ix/vec4 3;
    %ix/load 4, 9, 0; part off
    %ix/load 5, 0, 0; Constant delay
    %assign/vec4/a/d v000000000665d680, 4, 5;
T_85.21 ;
    %load/vec4 v000000000665ef80_0;
    %parti/s 1, 10, 5;
    %nor/r;
    %flag_set/vec4 8;
    %jmp/0xz  T_85.23, 8;
    %load/vec4 v000000000665dae0_0;
    %parti/s 1, 10, 5;
    %load/vec4 v000000000665df40_0;
    %parti/s 8, 0, 2;
    %pad/u 10;
    %ix/vec4 3;
    %ix/load 4, 10, 0; part off
    %ix/load 5, 0, 0; Constant delay
    %assign/vec4/a/d v000000000665d680, 4, 5;
T_85.23 ;
    %load/vec4 v000000000665ef80_0;
    %parti/s 1, 11, 5;
    %nor/r;
    %flag_set/vec4 8;
    %jmp/0xz  T_85.25, 8;
    %load/vec4 v000000000665dae0_0;
    %parti/s 1, 11, 5;
    %load/vec4 v000000000665df40_0;
    %parti/s 8, 0, 2;
    %pad/u 10;
    %ix/vec4 3;
    %ix/load 4, 11, 0; part off
    %ix/load 5, 0, 0; Constant delay
    %assign/vec4/a/d v000000000665d680, 4, 5;
T_85.25 ;
    %load/vec4 v000000000665ef80_0;
    %parti/s 1, 12, 5;
    %nor/r;
    %flag_set/vec4 8;
    %jmp/0xz  T_85.27, 8;
    %load/vec4 v000000000665dae0_0;
    %parti/s 1, 12, 5;
    %load/vec4 v000000000665df40_0;
    %parti/s 8, 0, 2;
    %pad/u 10;
    %ix/vec4 3;
    %ix/load 4, 12, 0; part off
    %ix/load 5, 0, 0; Constant delay
    %assign/vec4/a/d v000000000665d680, 4, 5;
T_85.27 ;
    %load/vec4 v000000000665ef80_0;
    %parti/s 1, 13, 5;
    %nor/r;
    %flag_set/vec4 8;
    %jmp/0xz  T_85.29, 8;
    %load/vec4 v000000000665dae0_0;
    %parti/s 1, 13, 5;
    %load/vec4 v000000000665df40_0;
    %parti/s 8, 0, 2;
    %pad/u 10;
    %ix/vec4 3;
    %ix/load 4, 13, 0; part off
    %ix/load 5, 0, 0; Constant delay
    %assign/vec4/a/d v000000000665d680, 4, 5;
T_85.29 ;
    %load/vec4 v000000000665ef80_0;
    %parti/s 1, 14, 5;
    %nor/r;
    %flag_set/vec4 8;
    %jmp/0xz  T_85.31, 8;
    %load/vec4 v000000000665dae0_0;
    %parti/s 1, 14, 5;
    %load/vec4 v000000000665df40_0;
    %parti/s 8, 0, 2;
    %pad/u 10;
    %ix/vec4 3;
    %ix/load 4, 14, 0; part off
    %ix/load 5, 0, 0; Constant delay
    %assign/vec4/a/d v000000000665d680, 4, 5;
T_85.31 ;
    %load/vec4 v000000000665ef80_0;
    %parti/s 1, 15, 5;
    %nor/r;
    %flag_set/vec4 8;
    %jmp/0xz  T_85.33, 8;
    %load/vec4 v000000000665dae0_0;
    %parti/s 1, 15, 5;
    %load/vec4 v000000000665df40_0;
    %parti/s 8, 0, 2;
    %pad/u 10;
    %ix/vec4 3;
    %ix/load 4, 15, 0; part off
    %ix/load 5, 0, 0; Constant delay
    %assign/vec4/a/d v000000000665d680, 4, 5;
T_85.33 ;
T_85.0 ;
    %jmp T_85;
    .thread T_85;
    .scope S_0000000006442a70;
T_86 ;
    %wait E_00000000065b24c0;
    %load/vec4 v00000000066521d0_0;
    %flag_set/vec4 9;
    %flag_get/vec4 9;
    %jmp/0 T_86.2, 9;
    %load/vec4 v00000000066526d0_0;
    %and;
T_86.2;
    %flag_set/vec4 8;
    %jmp/0xz  T_86.0, 8;
    %load/vec4 v0000000006652270_0;
    %parti/s 8, 0, 2;
    %pad/u 10;
    %ix/vec4 4;
    %load/vec4a v000000000665d680, 4;
    %load/vec4 v000000000665caa0_0;
    %inv;
    %and;
    %assign/vec4 v0000000006652590_0, 0;
T_86.0 ;
    %jmp T_86;
    .thread T_86;
    .scope S_00000000066537e0;
T_87 ;
    %pushi/vec4 0, 0, 32;
    %store/vec4 v000000000665ce60_0, 0, 32;
T_87.0 ; Top of for-loop 
    %load/vec4 v000000000665ce60_0;
    %cmpi/s 16, 0, 32;
    %jmp/0xz T_87.1, 5;
    %pushi/vec4 0, 0, 256;
    %load/vec4 v000000000665ce60_0;
    %muli 16, 0, 32;
    %part/s 16;
    %pushi/vec4 0, 0, 32;
    %load/vec4 v000000000665ce60_0;
    %add;
    %ix/vec4/s 4;
    %store/vec4a v000000000665cd20, 4, 0;
    %pushi/vec4 0, 0, 256;
    %load/vec4 v000000000665ce60_0;
    %muli 16, 0, 32;
    %part/s 16;
    %pushi/vec4 16, 0, 32;
    %load/vec4 v000000000665ce60_0;
    %add;
    %ix/vec4/s 4;
    %store/vec4a v000000000665cd20, 4, 0;
    %pushi/vec4 0, 0, 256;
    %load/vec4 v000000000665ce60_0;
    %muli 16, 0, 32;
    %part/s 16;
    %pushi/vec4 32, 0, 32;
    %load/vec4 v000000000665ce60_0;
    %add;
    %ix/vec4/s 4;
    %store/vec4a v000000000665cd20, 4, 0;
    %pushi/vec4 0, 0, 256;
    %load/vec4 v000000000665ce60_0;
    %muli 16, 0, 32;
    %part/s 16;
    %pushi/vec4 48, 0, 32;
    %load/vec4 v000000000665ce60_0;
    %add;
    %ix/vec4/s 4;
    %store/vec4a v000000000665cd20, 4, 0;
    %pushi/vec4 0, 0, 256;
    %load/vec4 v000000000665ce60_0;
    %muli 16, 0, 32;
    %part/s 16;
    %pushi/vec4 64, 0, 32;
    %load/vec4 v000000000665ce60_0;
    %add;
    %ix/vec4/s 4;
    %store/vec4a v000000000665cd20, 4, 0;
    %pushi/vec4 0, 0, 256;
    %load/vec4 v000000000665ce60_0;
    %muli 16, 0, 32;
    %part/s 16;
    %pushi/vec4 80, 0, 32;
    %load/vec4 v000000000665ce60_0;
    %add;
    %ix/vec4/s 4;
    %store/vec4a v000000000665cd20, 4, 0;
    %pushi/vec4 0, 0, 256;
    %load/vec4 v000000000665ce60_0;
    %muli 16, 0, 32;
    %part/s 16;
    %pushi/vec4 96, 0, 32;
    %load/vec4 v000000000665ce60_0;
    %add;
    %ix/vec4/s 4;
    %store/vec4a v000000000665cd20, 4, 0;
    %pushi/vec4 0, 0, 256;
    %load/vec4 v000000000665ce60_0;
    %muli 16, 0, 32;
    %part/s 16;
    %pushi/vec4 112, 0, 32;
    %load/vec4 v000000000665ce60_0;
    %add;
    %ix/vec4/s 4;
    %store/vec4a v000000000665cd20, 4, 0;
    %pushi/vec4 0, 0, 256;
    %load/vec4 v000000000665ce60_0;
    %muli 16, 0, 32;
    %part/s 16;
    %pushi/vec4 128, 0, 32;
    %load/vec4 v000000000665ce60_0;
    %add;
    %ix/vec4/s 4;
    %store/vec4a v000000000665cd20, 4, 0;
    %pushi/vec4 0, 0, 256;
    %load/vec4 v000000000665ce60_0;
    %muli 16, 0, 32;
    %part/s 16;
    %pushi/vec4 144, 0, 32;
    %load/vec4 v000000000665ce60_0;
    %add;
    %ix/vec4/s 4;
    %store/vec4a v000000000665cd20, 4, 0;
    %pushi/vec4 0, 0, 256;
    %load/vec4 v000000000665ce60_0;
    %muli 16, 0, 32;
    %part/s 16;
    %pushi/vec4 160, 0, 32;
    %load/vec4 v000000000665ce60_0;
    %add;
    %ix/vec4/s 4;
    %store/vec4a v000000000665cd20, 4, 0;
    %pushi/vec4 0, 0, 256;
    %load/vec4 v000000000665ce60_0;
    %muli 16, 0, 32;
    %part/s 16;
    %pushi/vec4 176, 0, 32;
    %load/vec4 v000000000665ce60_0;
    %add;
    %ix/vec4/s 4;
    %store/vec4a v000000000665cd20, 4, 0;
    %pushi/vec4 0, 0, 256;
    %load/vec4 v000000000665ce60_0;
    %muli 16, 0, 32;
    %part/s 16;
    %pushi/vec4 192, 0, 32;
    %load/vec4 v000000000665ce60_0;
    %add;
    %ix/vec4/s 4;
    %store/vec4a v000000000665cd20, 4, 0;
    %pushi/vec4 0, 0, 256;
    %load/vec4 v000000000665ce60_0;
    %muli 16, 0, 32;
    %part/s 16;
    %pushi/vec4 208, 0, 32;
    %load/vec4 v000000000665ce60_0;
    %add;
    %ix/vec4/s 4;
    %store/vec4a v000000000665cd20, 4, 0;
    %pushi/vec4 0, 0, 256;
    %load/vec4 v000000000665ce60_0;
    %muli 16, 0, 32;
    %part/s 16;
    %pushi/vec4 224, 0, 32;
    %load/vec4 v000000000665ce60_0;
    %add;
    %ix/vec4/s 4;
    %store/vec4a v000000000665cd20, 4, 0;
    %pushi/vec4 0, 0, 256;
    %load/vec4 v000000000665ce60_0;
    %muli 16, 0, 32;
    %part/s 16;
    %pushi/vec4 240, 0, 32;
    %load/vec4 v000000000665ce60_0;
    %add;
    %ix/vec4/s 4;
    %store/vec4a v000000000665cd20, 4, 0;
T_87.2 ; for-loop step statement
    %load/vec4 v000000000665ce60_0;
    %addi 1, 0, 32;
    %store/vec4 v000000000665ce60_0, 0, 32;
    %jmp T_87.0;
T_87.1 ; for-loop exit label
    %end;
    .thread T_87;
    .scope S_00000000066537e0;
T_88 ;
    %wait E_00000000065b2d80;
    %load/vec4 v000000000665e580_0;
    %flag_set/vec4 9;
    %flag_get/vec4 9;
    %jmp/0 T_88.2, 9;
    %load/vec4 v000000000665dfe0_0;
    %and;
T_88.2;
    %flag_set/vec4 8;
    %jmp/0xz  T_88.0, 8;
    %load/vec4 v000000000665d040_0;
    %parti/s 1, 0, 2;
    %nor/r;
    %flag_set/vec4 8;
    %jmp/0xz  T_88.3, 8;
    %load/vec4 v000000000665d720_0;
    %parti/s 1, 0, 2;
    %load/vec4 v000000000665de00_0;
    %parti/s 8, 0, 2;
    %pad/u 10;
    %ix/vec4 3;
    %ix/load 4, 0, 0; Constant delay
    %assign/vec4/a/d v000000000665cd20, 0, 4;
T_88.3 ;
    %load/vec4 v000000000665d040_0;
    %parti/s 1, 1, 2;
    %nor/r;
    %flag_set/vec4 8;
    %jmp/0xz  T_88.5, 8;
    %load/vec4 v000000000665d720_0;
    %parti/s 1, 1, 2;
    %load/vec4 v000000000665de00_0;
    %parti/s 8, 0, 2;
    %pad/u 10;
    %ix/vec4 3;
    %ix/load 4, 1, 0; part off
    %ix/load 5, 0, 0; Constant delay
    %assign/vec4/a/d v000000000665cd20, 4, 5;
T_88.5 ;
    %load/vec4 v000000000665d040_0;
    %parti/s 1, 2, 3;
    %nor/r;
    %flag_set/vec4 8;
    %jmp/0xz  T_88.7, 8;
    %load/vec4 v000000000665d720_0;
    %parti/s 1, 2, 3;
    %load/vec4 v000000000665de00_0;
    %parti/s 8, 0, 2;
    %pad/u 10;
    %ix/vec4 3;
    %ix/load 4, 2, 0; part off
    %ix/load 5, 0, 0; Constant delay
    %assign/vec4/a/d v000000000665cd20, 4, 5;
T_88.7 ;
    %load/vec4 v000000000665d040_0;
    %parti/s 1, 3, 3;
    %nor/r;
    %flag_set/vec4 8;
    %jmp/0xz  T_88.9, 8;
    %load/vec4 v000000000665d720_0;
    %parti/s 1, 3, 3;
    %load/vec4 v000000000665de00_0;
    %parti/s 8, 0, 2;
    %pad/u 10;
    %ix/vec4 3;
    %ix/load 4, 3, 0; part off
    %ix/load 5, 0, 0; Constant delay
    %assign/vec4/a/d v000000000665cd20, 4, 5;
T_88.9 ;
    %load/vec4 v000000000665d040_0;
    %parti/s 1, 4, 4;
    %nor/r;
    %flag_set/vec4 8;
    %jmp/0xz  T_88.11, 8;
    %load/vec4 v000000000665d720_0;
    %parti/s 1, 4, 4;
    %load/vec4 v000000000665de00_0;
    %parti/s 8, 0, 2;
    %pad/u 10;
    %ix/vec4 3;
    %ix/load 4, 4, 0; part off
    %ix/load 5, 0, 0; Constant delay
    %assign/vec4/a/d v000000000665cd20, 4, 5;
T_88.11 ;
    %load/vec4 v000000000665d040_0;
    %parti/s 1, 5, 4;
    %nor/r;
    %flag_set/vec4 8;
    %jmp/0xz  T_88.13, 8;
    %load/vec4 v000000000665d720_0;
    %parti/s 1, 5, 4;
    %load/vec4 v000000000665de00_0;
    %parti/s 8, 0, 2;
    %pad/u 10;
    %ix/vec4 3;
    %ix/load 4, 5, 0; part off
    %ix/load 5, 0, 0; Constant delay
    %assign/vec4/a/d v000000000665cd20, 4, 5;
T_88.13 ;
    %load/vec4 v000000000665d040_0;
    %parti/s 1, 6, 4;
    %nor/r;
    %flag_set/vec4 8;
    %jmp/0xz  T_88.15, 8;
    %load/vec4 v000000000665d720_0;
    %parti/s 1, 6, 4;
    %load/vec4 v000000000665de00_0;
    %parti/s 8, 0, 2;
    %pad/u 10;
    %ix/vec4 3;
    %ix/load 4, 6, 0; part off
    %ix/load 5, 0, 0; Constant delay
    %assign/vec4/a/d v000000000665cd20, 4, 5;
T_88.15 ;
    %load/vec4 v000000000665d040_0;
    %parti/s 1, 7, 4;
    %nor/r;
    %flag_set/vec4 8;
    %jmp/0xz  T_88.17, 8;
    %load/vec4 v000000000665d720_0;
    %parti/s 1, 7, 4;
    %load/vec4 v000000000665de00_0;
    %parti/s 8, 0, 2;
    %pad/u 10;
    %ix/vec4 3;
    %ix/load 4, 7, 0; part off
    %ix/load 5, 0, 0; Constant delay
    %assign/vec4/a/d v000000000665cd20, 4, 5;
T_88.17 ;
    %load/vec4 v000000000665d040_0;
    %parti/s 1, 8, 5;
    %nor/r;
    %flag_set/vec4 8;
    %jmp/0xz  T_88.19, 8;
    %load/vec4 v000000000665d720_0;
    %parti/s 1, 8, 5;
    %load/vec4 v000000000665de00_0;
    %parti/s 8, 0, 2;
    %pad/u 10;
    %ix/vec4 3;
    %ix/load 4, 8, 0; part off
    %ix/load 5, 0, 0; Constant delay
    %assign/vec4/a/d v000000000665cd20, 4, 5;
T_88.19 ;
    %load/vec4 v000000000665d040_0;
    %parti/s 1, 9, 5;
    %nor/r;
    %flag_set/vec4 8;
    %jmp/0xz  T_88.21, 8;
    %load/vec4 v000000000665d720_0;
    %parti/s 1, 9, 5;
    %load/vec4 v000000000665de00_0;
    %parti/s 8, 0, 2;
    %pad/u 10;
    %ix/vec4 3;
    %ix/load 4, 9, 0; part off
    %ix/load 5, 0, 0; Constant delay
    %assign/vec4/a/d v000000000665cd20, 4, 5;
T_88.21 ;
    %load/vec4 v000000000665d040_0;
    %parti/s 1, 10, 5;
    %nor/r;
    %flag_set/vec4 8;
    %jmp/0xz  T_88.23, 8;
    %load/vec4 v000000000665d720_0;
    %parti/s 1, 10, 5;
    %load/vec4 v000000000665de00_0;
    %parti/s 8, 0, 2;
    %pad/u 10;
    %ix/vec4 3;
    %ix/load 4, 10, 0; part off
    %ix/load 5, 0, 0; Constant delay
    %assign/vec4/a/d v000000000665cd20, 4, 5;
T_88.23 ;
    %load/vec4 v000000000665d040_0;
    %parti/s 1, 11, 5;
    %nor/r;
    %flag_set/vec4 8;
    %jmp/0xz  T_88.25, 8;
    %load/vec4 v000000000665d720_0;
    %parti/s 1, 11, 5;
    %load/vec4 v000000000665de00_0;
    %parti/s 8, 0, 2;
    %pad/u 10;
    %ix/vec4 3;
    %ix/load 4, 11, 0; part off
    %ix/load 5, 0, 0; Constant delay
    %assign/vec4/a/d v000000000665cd20, 4, 5;
T_88.25 ;
    %load/vec4 v000000000665d040_0;
    %parti/s 1, 12, 5;
    %nor/r;
    %flag_set/vec4 8;
    %jmp/0xz  T_88.27, 8;
    %load/vec4 v000000000665d720_0;
    %parti/s 1, 12, 5;
    %load/vec4 v000000000665de00_0;
    %parti/s 8, 0, 2;
    %pad/u 10;
    %ix/vec4 3;
    %ix/load 4, 12, 0; part off
    %ix/load 5, 0, 0; Constant delay
    %assign/vec4/a/d v000000000665cd20, 4, 5;
T_88.27 ;
    %load/vec4 v000000000665d040_0;
    %parti/s 1, 13, 5;
    %nor/r;
    %flag_set/vec4 8;
    %jmp/0xz  T_88.29, 8;
    %load/vec4 v000000000665d720_0;
    %parti/s 1, 13, 5;
    %load/vec4 v000000000665de00_0;
    %parti/s 8, 0, 2;
    %pad/u 10;
    %ix/vec4 3;
    %ix/load 4, 13, 0; part off
    %ix/load 5, 0, 0; Constant delay
    %assign/vec4/a/d v000000000665cd20, 4, 5;
T_88.29 ;
    %load/vec4 v000000000665d040_0;
    %parti/s 1, 14, 5;
    %nor/r;
    %flag_set/vec4 8;
    %jmp/0xz  T_88.31, 8;
    %load/vec4 v000000000665d720_0;
    %parti/s 1, 14, 5;
    %load/vec4 v000000000665de00_0;
    %parti/s 8, 0, 2;
    %pad/u 10;
    %ix/vec4 3;
    %ix/load 4, 14, 0; part off
    %ix/load 5, 0, 0; Constant delay
    %assign/vec4/a/d v000000000665cd20, 4, 5;
T_88.31 ;
    %load/vec4 v000000000665d040_0;
    %parti/s 1, 15, 5;
    %nor/r;
    %flag_set/vec4 8;
    %jmp/0xz  T_88.33, 8;
    %load/vec4 v000000000665d720_0;
    %parti/s 1, 15, 5;
    %load/vec4 v000000000665de00_0;
    %parti/s 8, 0, 2;
    %pad/u 10;
    %ix/vec4 3;
    %ix/load 4, 15, 0; part off
    %ix/load 5, 0, 0; Constant delay
    %assign/vec4/a/d v000000000665cd20, 4, 5;
T_88.33 ;
T_88.0 ;
    %jmp T_88;
    .thread T_88;
    .scope S_00000000066537e0;
T_89 ;
    %wait E_00000000065b2740;
    %load/vec4 v000000000665cbe0_0;
    %flag_set/vec4 9;
    %flag_get/vec4 9;
    %jmp/0 T_89.2, 9;
    %load/vec4 v000000000665ea80_0;
    %and;
T_89.2;
    %flag_set/vec4 8;
    %jmp/0xz  T_89.0, 8;
    %load/vec4 v000000000665e6c0_0;
    %parti/s 8, 0, 2;
    %pad/u 10;
    %ix/vec4 4;
    %load/vec4a v000000000665cd20, 4;
    %load/vec4 v000000000665dc20_0;
    %inv;
    %and;
    %assign/vec4 v000000000665ca00_0, 0;
T_89.0 ;
    %jmp T_89;
    .thread T_89;
    .scope S_0000000006654140;
T_90 ;
    %pushi/vec4 0, 0, 32;
    %store/vec4 v0000000006660a60_0, 0, 32;
T_90.0 ; Top of for-loop 
    %load/vec4 v0000000006660a60_0;
    %cmpi/s 16, 0, 32;
    %jmp/0xz T_90.1, 5;
    %pushi/vec4 0, 0, 256;
    %load/vec4 v0000000006660a60_0;
    %muli 16, 0, 32;
    %part/s 16;
    %pushi/vec4 0, 0, 32;
    %load/vec4 v0000000006660a60_0;
    %add;
    %ix/vec4/s 4;
    %store/vec4a v0000000006660920, 4, 0;
    %pushi/vec4 0, 0, 256;
    %load/vec4 v0000000006660a60_0;
    %muli 16, 0, 32;
    %part/s 16;
    %pushi/vec4 16, 0, 32;
    %load/vec4 v0000000006660a60_0;
    %add;
    %ix/vec4/s 4;
    %store/vec4a v0000000006660920, 4, 0;
    %pushi/vec4 0, 0, 256;
    %load/vec4 v0000000006660a60_0;
    %muli 16, 0, 32;
    %part/s 16;
    %pushi/vec4 32, 0, 32;
    %load/vec4 v0000000006660a60_0;
    %add;
    %ix/vec4/s 4;
    %store/vec4a v0000000006660920, 4, 0;
    %pushi/vec4 0, 0, 256;
    %load/vec4 v0000000006660a60_0;
    %muli 16, 0, 32;
    %part/s 16;
    %pushi/vec4 48, 0, 32;
    %load/vec4 v0000000006660a60_0;
    %add;
    %ix/vec4/s 4;
    %store/vec4a v0000000006660920, 4, 0;
    %pushi/vec4 0, 0, 256;
    %load/vec4 v0000000006660a60_0;
    %muli 16, 0, 32;
    %part/s 16;
    %pushi/vec4 64, 0, 32;
    %load/vec4 v0000000006660a60_0;
    %add;
    %ix/vec4/s 4;
    %store/vec4a v0000000006660920, 4, 0;
    %pushi/vec4 0, 0, 256;
    %load/vec4 v0000000006660a60_0;
    %muli 16, 0, 32;
    %part/s 16;
    %pushi/vec4 80, 0, 32;
    %load/vec4 v0000000006660a60_0;
    %add;
    %ix/vec4/s 4;
    %store/vec4a v0000000006660920, 4, 0;
    %pushi/vec4 0, 0, 256;
    %load/vec4 v0000000006660a60_0;
    %muli 16, 0, 32;
    %part/s 16;
    %pushi/vec4 96, 0, 32;
    %load/vec4 v0000000006660a60_0;
    %add;
    %ix/vec4/s 4;
    %store/vec4a v0000000006660920, 4, 0;
    %pushi/vec4 0, 0, 256;
    %load/vec4 v0000000006660a60_0;
    %muli 16, 0, 32;
    %part/s 16;
    %pushi/vec4 112, 0, 32;
    %load/vec4 v0000000006660a60_0;
    %add;
    %ix/vec4/s 4;
    %store/vec4a v0000000006660920, 4, 0;
    %pushi/vec4 0, 0, 256;
    %load/vec4 v0000000006660a60_0;
    %muli 16, 0, 32;
    %part/s 16;
    %pushi/vec4 128, 0, 32;
    %load/vec4 v0000000006660a60_0;
    %add;
    %ix/vec4/s 4;
    %store/vec4a v0000000006660920, 4, 0;
    %pushi/vec4 0, 0, 256;
    %load/vec4 v0000000006660a60_0;
    %muli 16, 0, 32;
    %part/s 16;
    %pushi/vec4 144, 0, 32;
    %load/vec4 v0000000006660a60_0;
    %add;
    %ix/vec4/s 4;
    %store/vec4a v0000000006660920, 4, 0;
    %pushi/vec4 0, 0, 256;
    %load/vec4 v0000000006660a60_0;
    %muli 16, 0, 32;
    %part/s 16;
    %pushi/vec4 160, 0, 32;
    %load/vec4 v0000000006660a60_0;
    %add;
    %ix/vec4/s 4;
    %store/vec4a v0000000006660920, 4, 0;
    %pushi/vec4 0, 0, 256;
    %load/vec4 v0000000006660a60_0;
    %muli 16, 0, 32;
    %part/s 16;
    %pushi/vec4 176, 0, 32;
    %load/vec4 v0000000006660a60_0;
    %add;
    %ix/vec4/s 4;
    %store/vec4a v0000000006660920, 4, 0;
    %pushi/vec4 0, 0, 256;
    %load/vec4 v0000000006660a60_0;
    %muli 16, 0, 32;
    %part/s 16;
    %pushi/vec4 192, 0, 32;
    %load/vec4 v0000000006660a60_0;
    %add;
    %ix/vec4/s 4;
    %store/vec4a v0000000006660920, 4, 0;
    %pushi/vec4 0, 0, 256;
    %load/vec4 v0000000006660a60_0;
    %muli 16, 0, 32;
    %part/s 16;
    %pushi/vec4 208, 0, 32;
    %load/vec4 v0000000006660a60_0;
    %add;
    %ix/vec4/s 4;
    %store/vec4a v0000000006660920, 4, 0;
    %pushi/vec4 0, 0, 256;
    %load/vec4 v0000000006660a60_0;
    %muli 16, 0, 32;
    %part/s 16;
    %pushi/vec4 224, 0, 32;
    %load/vec4 v0000000006660a60_0;
    %add;
    %ix/vec4/s 4;
    %store/vec4a v0000000006660920, 4, 0;
    %pushi/vec4 0, 0, 256;
    %load/vec4 v0000000006660a60_0;
    %muli 16, 0, 32;
    %part/s 16;
    %pushi/vec4 240, 0, 32;
    %load/vec4 v0000000006660a60_0;
    %add;
    %ix/vec4/s 4;
    %store/vec4a v0000000006660920, 4, 0;
T_90.2 ; for-loop step statement
    %load/vec4 v0000000006660a60_0;
    %addi 1, 0, 32;
    %store/vec4 v0000000006660a60_0, 0, 32;
    %jmp T_90.0;
T_90.1 ; for-loop exit label
    %end;
    .thread T_90;
    .scope S_0000000006654140;
T_91 ;
    %wait E_00000000065b27c0;
    %load/vec4 v000000000665ec60_0;
    %flag_set/vec4 9;
    %flag_get/vec4 9;
    %jmp/0 T_91.2, 9;
    %load/vec4 v000000000665e9e0_0;
    %and;
T_91.2;
    %flag_set/vec4 8;
    %jmp/0xz  T_91.0, 8;
    %load/vec4 v000000000665ed00_0;
    %parti/s 1, 0, 2;
    %nor/r;
    %flag_set/vec4 8;
    %jmp/0xz  T_91.3, 8;
    %load/vec4 v000000000665ebc0_0;
    %parti/s 1, 0, 2;
    %load/vec4 v000000000665e800_0;
    %parti/s 8, 0, 2;
    %pad/u 10;
    %ix/vec4 3;
    %ix/load 4, 0, 0; Constant delay
    %assign/vec4/a/d v0000000006660920, 0, 4;
T_91.3 ;
    %load/vec4 v000000000665ed00_0;
    %parti/s 1, 1, 2;
    %nor/r;
    %flag_set/vec4 8;
    %jmp/0xz  T_91.5, 8;
    %load/vec4 v000000000665ebc0_0;
    %parti/s 1, 1, 2;
    %load/vec4 v000000000665e800_0;
    %parti/s 8, 0, 2;
    %pad/u 10;
    %ix/vec4 3;
    %ix/load 4, 1, 0; part off
    %ix/load 5, 0, 0; Constant delay
    %assign/vec4/a/d v0000000006660920, 4, 5;
T_91.5 ;
    %load/vec4 v000000000665ed00_0;
    %parti/s 1, 2, 3;
    %nor/r;
    %flag_set/vec4 8;
    %jmp/0xz  T_91.7, 8;
    %load/vec4 v000000000665ebc0_0;
    %parti/s 1, 2, 3;
    %load/vec4 v000000000665e800_0;
    %parti/s 8, 0, 2;
    %pad/u 10;
    %ix/vec4 3;
    %ix/load 4, 2, 0; part off
    %ix/load 5, 0, 0; Constant delay
    %assign/vec4/a/d v0000000006660920, 4, 5;
T_91.7 ;
    %load/vec4 v000000000665ed00_0;
    %parti/s 1, 3, 3;
    %nor/r;
    %flag_set/vec4 8;
    %jmp/0xz  T_91.9, 8;
    %load/vec4 v000000000665ebc0_0;
    %parti/s 1, 3, 3;
    %load/vec4 v000000000665e800_0;
    %parti/s 8, 0, 2;
    %pad/u 10;
    %ix/vec4 3;
    %ix/load 4, 3, 0; part off
    %ix/load 5, 0, 0; Constant delay
    %assign/vec4/a/d v0000000006660920, 4, 5;
T_91.9 ;
    %load/vec4 v000000000665ed00_0;
    %parti/s 1, 4, 4;
    %nor/r;
    %flag_set/vec4 8;
    %jmp/0xz  T_91.11, 8;
    %load/vec4 v000000000665ebc0_0;
    %parti/s 1, 4, 4;
    %load/vec4 v000000000665e800_0;
    %parti/s 8, 0, 2;
    %pad/u 10;
    %ix/vec4 3;
    %ix/load 4, 4, 0; part off
    %ix/load 5, 0, 0; Constant delay
    %assign/vec4/a/d v0000000006660920, 4, 5;
T_91.11 ;
    %load/vec4 v000000000665ed00_0;
    %parti/s 1, 5, 4;
    %nor/r;
    %flag_set/vec4 8;
    %jmp/0xz  T_91.13, 8;
    %load/vec4 v000000000665ebc0_0;
    %parti/s 1, 5, 4;
    %load/vec4 v000000000665e800_0;
    %parti/s 8, 0, 2;
    %pad/u 10;
    %ix/vec4 3;
    %ix/load 4, 5, 0; part off
    %ix/load 5, 0, 0; Constant delay
    %assign/vec4/a/d v0000000006660920, 4, 5;
T_91.13 ;
    %load/vec4 v000000000665ed00_0;
    %parti/s 1, 6, 4;
    %nor/r;
    %flag_set/vec4 8;
    %jmp/0xz  T_91.15, 8;
    %load/vec4 v000000000665ebc0_0;
    %parti/s 1, 6, 4;
    %load/vec4 v000000000665e800_0;
    %parti/s 8, 0, 2;
    %pad/u 10;
    %ix/vec4 3;
    %ix/load 4, 6, 0; part off
    %ix/load 5, 0, 0; Constant delay
    %assign/vec4/a/d v0000000006660920, 4, 5;
T_91.15 ;
    %load/vec4 v000000000665ed00_0;
    %parti/s 1, 7, 4;
    %nor/r;
    %flag_set/vec4 8;
    %jmp/0xz  T_91.17, 8;
    %load/vec4 v000000000665ebc0_0;
    %parti/s 1, 7, 4;
    %load/vec4 v000000000665e800_0;
    %parti/s 8, 0, 2;
    %pad/u 10;
    %ix/vec4 3;
    %ix/load 4, 7, 0; part off
    %ix/load 5, 0, 0; Constant delay
    %assign/vec4/a/d v0000000006660920, 4, 5;
T_91.17 ;
    %load/vec4 v000000000665ed00_0;
    %parti/s 1, 8, 5;
    %nor/r;
    %flag_set/vec4 8;
    %jmp/0xz  T_91.19, 8;
    %load/vec4 v000000000665ebc0_0;
    %parti/s 1, 8, 5;
    %load/vec4 v000000000665e800_0;
    %parti/s 8, 0, 2;
    %pad/u 10;
    %ix/vec4 3;
    %ix/load 4, 8, 0; part off
    %ix/load 5, 0, 0; Constant delay
    %assign/vec4/a/d v0000000006660920, 4, 5;
T_91.19 ;
    %load/vec4 v000000000665ed00_0;
    %parti/s 1, 9, 5;
    %nor/r;
    %flag_set/vec4 8;
    %jmp/0xz  T_91.21, 8;
    %load/vec4 v000000000665ebc0_0;
    %parti/s 1, 9, 5;
    %load/vec4 v000000000665e800_0;
    %parti/s 8, 0, 2;
    %pad/u 10;
    %ix/vec4 3;
    %ix/load 4, 9, 0; part off
    %ix/load 5, 0, 0; Constant delay
    %assign/vec4/a/d v0000000006660920, 4, 5;
T_91.21 ;
    %load/vec4 v000000000665ed00_0;
    %parti/s 1, 10, 5;
    %nor/r;
    %flag_set/vec4 8;
    %jmp/0xz  T_91.23, 8;
    %load/vec4 v000000000665ebc0_0;
    %parti/s 1, 10, 5;
    %load/vec4 v000000000665e800_0;
    %parti/s 8, 0, 2;
    %pad/u 10;
    %ix/vec4 3;
    %ix/load 4, 10, 0; part off
    %ix/load 5, 0, 0; Constant delay
    %assign/vec4/a/d v0000000006660920, 4, 5;
T_91.23 ;
    %load/vec4 v000000000665ed00_0;
    %parti/s 1, 11, 5;
    %nor/r;
    %flag_set/vec4 8;
    %jmp/0xz  T_91.25, 8;
    %load/vec4 v000000000665ebc0_0;
    %parti/s 1, 11, 5;
    %load/vec4 v000000000665e800_0;
    %parti/s 8, 0, 2;
    %pad/u 10;
    %ix/vec4 3;
    %ix/load 4, 11, 0; part off
    %ix/load 5, 0, 0; Constant delay
    %assign/vec4/a/d v0000000006660920, 4, 5;
T_91.25 ;
    %load/vec4 v000000000665ed00_0;
    %parti/s 1, 12, 5;
    %nor/r;
    %flag_set/vec4 8;
    %jmp/0xz  T_91.27, 8;
    %load/vec4 v000000000665ebc0_0;
    %parti/s 1, 12, 5;
    %load/vec4 v000000000665e800_0;
    %parti/s 8, 0, 2;
    %pad/u 10;
    %ix/vec4 3;
    %ix/load 4, 12, 0; part off
    %ix/load 5, 0, 0; Constant delay
    %assign/vec4/a/d v0000000006660920, 4, 5;
T_91.27 ;
    %load/vec4 v000000000665ed00_0;
    %parti/s 1, 13, 5;
    %nor/r;
    %flag_set/vec4 8;
    %jmp/0xz  T_91.29, 8;
    %load/vec4 v000000000665ebc0_0;
    %parti/s 1, 13, 5;
    %load/vec4 v000000000665e800_0;
    %parti/s 8, 0, 2;
    %pad/u 10;
    %ix/vec4 3;
    %ix/load 4, 13, 0; part off
    %ix/load 5, 0, 0; Constant delay
    %assign/vec4/a/d v0000000006660920, 4, 5;
T_91.29 ;
    %load/vec4 v000000000665ed00_0;
    %parti/s 1, 14, 5;
    %nor/r;
    %flag_set/vec4 8;
    %jmp/0xz  T_91.31, 8;
    %load/vec4 v000000000665ebc0_0;
    %parti/s 1, 14, 5;
    %load/vec4 v000000000665e800_0;
    %parti/s 8, 0, 2;
    %pad/u 10;
    %ix/vec4 3;
    %ix/load 4, 14, 0; part off
    %ix/load 5, 0, 0; Constant delay
    %assign/vec4/a/d v0000000006660920, 4, 5;
T_91.31 ;
    %load/vec4 v000000000665ed00_0;
    %parti/s 1, 15, 5;
    %nor/r;
    %flag_set/vec4 8;
    %jmp/0xz  T_91.33, 8;
    %load/vec4 v000000000665ebc0_0;
    %parti/s 1, 15, 5;
    %load/vec4 v000000000665e800_0;
    %parti/s 8, 0, 2;
    %pad/u 10;
    %ix/vec4 3;
    %ix/load 4, 15, 0; part off
    %ix/load 5, 0, 0; Constant delay
    %assign/vec4/a/d v0000000006660920, 4, 5;
T_91.33 ;
T_91.0 ;
    %jmp T_91;
    .thread T_91;
    .scope S_0000000006654140;
T_92 ;
    %wait E_00000000065b2500;
    %load/vec4 v000000000665d540_0;
    %flag_set/vec4 9;
    %flag_get/vec4 9;
    %jmp/0 T_92.2, 9;
    %load/vec4 v000000000665e4e0_0;
    %and;
T_92.2;
    %flag_set/vec4 8;
    %jmp/0xz  T_92.0, 8;
    %load/vec4 v000000000665e3a0_0;
    %parti/s 8, 0, 2;
    %pad/u 10;
    %ix/vec4 4;
    %load/vec4a v0000000006660920, 4;
    %load/vec4 v000000000665d5e0_0;
    %inv;
    %and;
    %assign/vec4 v000000000665e620_0, 0;
T_92.0 ;
    %jmp T_92;
    .thread T_92;
    .scope S_0000000006443d30;
T_93 ;
    %wait E_00000000065b2dc0;
    %pushi/vec4 0, 0, 32;
    %store/vec4 v00000000066629a0_0, 0, 32;
T_93.0 ; Top of for-loop 
    %load/vec4 v00000000066629a0_0;
    %cmpi/s 16383, 0, 32;
    %flag_or 5, 4;
    %jmp/0xz T_93.1, 5;
    %pushi/vec4 65535, 65535, 16;
    %ix/getv/s 4, v00000000066629a0_0;
    %store/vec4a v0000000006663d00, 4, 0;
T_93.2 ; for-loop step statement
    %load/vec4 v00000000066629a0_0;
    %addi 1, 0, 32;
    %store/vec4 v00000000066629a0_0, 0, 32;
    %jmp T_93.0;
T_93.1 ; for-loop exit label
    %jmp T_93;
    .thread T_93;
    .scope S_0000000006443d30;
T_94 ;
    %wait E_00000000065b2fc0;
    %load/vec4 v0000000006663760_0;
    %flag_set/vec4 8;
    %jmp/0xz  T_94.0, 8;
    %pushi/vec4 0, 0, 16;
    %assign/vec4 v0000000006663c60_0, 0;
    %jmp T_94.1;
T_94.0 ;
    %load/vec4 v0000000006664020_0;
    %flag_set/vec4 8;
    %jmp/0xz  T_94.2, 8;
    %pushi/vec4 65535, 65535, 16;
    %assign/vec4 v0000000006663c60_0, 0;
    %jmp T_94.3;
T_94.2 ;
    %load/vec4 v0000000006663940_0;
    %flag_set/vec4 8;
    %jmp/0xz  T_94.4, 8;
    %load/vec4 v00000000066640c0_0;
    %nor/r;
    %flag_set/vec4 8;
    %jmp/0xz  T_94.6, 8;
    %load/vec4 v0000000006663120_0;
    %pad/u 16;
    %ix/vec4 4;
    %load/vec4a v0000000006663d00, 4;
    %assign/vec4 v0000000006663c60_0, 0;
    %jmp T_94.7;
T_94.6 ;
    %load/vec4 v0000000006661a00_0;
    %parti/s 1, 0, 2;
    %flag_set/vec4 8;
    %jmp/0xz  T_94.8, 8;
    %load/vec4 v0000000006661dc0_0;
    %parti/s 4, 0, 2;
    %load/vec4 v0000000006663120_0;
    %pad/u 16;
    %ix/vec4 3;
    %ix/load 4, 0, 0; Constant delay
    %assign/vec4/a/d v0000000006663d00, 0, 4;
T_94.8 ;
    %load/vec4 v0000000006661a00_0;
    %parti/s 1, 1, 2;
    %flag_set/vec4 8;
    %jmp/0xz  T_94.10, 8;
    %load/vec4 v0000000006661dc0_0;
    %parti/s 4, 4, 4;
    %load/vec4 v0000000006663120_0;
    %pad/u 16;
    %ix/vec4 3;
    %ix/load 4, 4, 0; part off
    %ix/load 5, 0, 0; Constant delay
    %assign/vec4/a/d v0000000006663d00, 4, 5;
T_94.10 ;
    %load/vec4 v0000000006661a00_0;
    %parti/s 1, 2, 3;
    %flag_set/vec4 8;
    %jmp/0xz  T_94.12, 8;
    %load/vec4 v0000000006661dc0_0;
    %parti/s 4, 8, 5;
    %load/vec4 v0000000006663120_0;
    %pad/u 16;
    %ix/vec4 3;
    %ix/load 4, 8, 0; part off
    %ix/load 5, 0, 0; Constant delay
    %assign/vec4/a/d v0000000006663d00, 4, 5;
T_94.12 ;
    %load/vec4 v0000000006661a00_0;
    %parti/s 1, 3, 3;
    %flag_set/vec4 8;
    %jmp/0xz  T_94.14, 8;
    %load/vec4 v0000000006661dc0_0;
    %parti/s 4, 12, 5;
    %load/vec4 v0000000006663120_0;
    %pad/u 16;
    %ix/vec4 3;
    %ix/load 4, 12, 0; part off
    %ix/load 5, 0, 0; Constant delay
    %assign/vec4/a/d v0000000006663d00, 4, 5;
T_94.14 ;
    %pushi/vec4 65535, 65535, 16;
    %assign/vec4 v0000000006663c60_0, 0;
T_94.7 ;
T_94.4 ;
T_94.3 ;
T_94.1 ;
    %jmp T_94;
    .thread T_94;
    .scope S_000000000666b410;
T_95 ;
    %wait E_00000000065b2ac0;
    %load/vec4 v000000000667f830_0;
    %flag_set/vec4 8;
    %jmp/0xz  T_95.0, 8;
    %pushi/vec4 0, 0, 32;
    %assign/vec4 v000000000667f330_0, 0;
    %pushi/vec4 0, 0, 32;
    %assign/vec4 v000000000667e7f0_0, 0;
    %pushi/vec4 0, 0, 32;
    %assign/vec4 v000000000667e890_0, 0;
    %pushi/vec4 0, 0, 1;
    %assign/vec4 v000000000667f8d0_0, 0;
    %pushi/vec4 0, 0, 1;
    %assign/vec4 v000000000667e250_0, 0;
    %jmp T_95.1;
T_95.0 ;
    %load/vec4 v00000000066804b0_0;
    %flag_set/vec4 9;
    %flag_get/vec4 9;
    %jmp/0 T_95.4, 9;
    %load/vec4 v00000000066805f0_0;
    %and;
T_95.4;
    %flag_set/vec4 8;
    %jmp/0xz  T_95.2, 8;
    %load/vec4 v000000000667f330_0;
    %parti/s 31, 0, 2;
    %load/vec4 v000000000667f6f0_0;
    %concat/vec4; draw_concat_vec4
    %assign/vec4 v000000000667f330_0, 0;
    %load/vec4 v000000000667ff10_0;
    %assign/vec4 v000000000667f8d0_0, 0;
    %load/vec4 v000000000667f8d0_0;
    %assign/vec4 v000000000667e250_0, 0;
    %load/vec4 v000000000667f790_0;
    %flag_set/vec4 8;
    %jmp/0xz  T_95.5, 8;
    %load/vec4 v000000000667f330_0;
    %assign/vec4 v000000000667e7f0_0, 0;
    %jmp T_95.6;
T_95.5 ;
    %load/vec4 v000000000667f510_0;
    %flag_set/vec4 8;
    %jmp/0xz  T_95.7, 8;
    %load/vec4 v000000000667f330_0;
    %assign/vec4 v000000000667e890_0, 0;
T_95.7 ;
T_95.6 ;
T_95.2 ;
T_95.1 ;
    %jmp T_95;
    .thread T_95;
    .scope S_000000000666b410;
T_96 ;
    %wait E_00000000065b3b00;
    %load/vec4 v000000000667e250_0;
    %load/vec4 v000000000667f8d0_0;
    %xor;
    %assign/vec4 v0000000006680190_0, 0;
    %load/vec4 v000000000667f8d0_0;
    %cmpi/e 1, 0, 1;
    %flag_get/vec4 4;
    %jmp/0 T_96.0, 4;
    %load/vec4 v0000000006680190_0;
    %pushi/vec4 1, 0, 1;
    %cmp/e;
    %flag_get/vec4 4;
    %and;
T_96.0;
    %assign/vec4 v000000000667f790_0, 0;
    %load/vec4 v000000000667f8d0_0;
    %cmpi/e 0, 0, 1;
    %flag_get/vec4 4;
    %jmp/0 T_96.1, 4;
    %load/vec4 v0000000006680190_0;
    %pushi/vec4 1, 0, 1;
    %cmp/e;
    %flag_get/vec4 4;
    %and;
T_96.1;
    %assign/vec4 v000000000667f510_0, 0;
    %jmp T_96;
    .thread T_96, $push;
    .scope S_000000000666c3b0;
T_97 ;
    %pushi/vec4 0, 0, 4;
    %store/vec4 v000000000667eb10_0, 0, 4;
    %pushi/vec4 0, 0, 4;
    %store/vec4 v000000000667fb50_0, 0, 4;
    %pushi/vec4 0, 0, 5;
    %store/vec4 v00000000066648e0_0, 0, 5;
    %end;
    .thread T_97;
    .scope S_000000000666c3b0;
T_98 ;
    %wait E_00000000065b2ac0;
    %load/vec4 v000000000667e430_0;
    %flag_set/vec4 8;
    %jmp/0xz  T_98.0, 8;
    %pushi/vec4 0, 0, 4;
    %assign/vec4 v000000000667eb10_0, 0;
    %pushi/vec4 0, 0, 4;
    %assign/vec4 v000000000667fb50_0, 0;
    %pushi/vec4 0, 0, 5;
    %assign/vec4 v00000000066648e0_0, 0;
    %pushi/vec4 0, 0, 32;
    %assign/vec4 v0000000006664200_0, 0;
    %pushi/vec4 0, 0, 32;
    %assign/vec4 v00000000066642a0_0, 0;
    %jmp T_98.1;
T_98.0 ;
    %load/vec4 v000000000667ffb0_0;
    %cmpi/e 0, 0, 1;
    %flag_get/vec4 4;
    %jmp/0 T_98.4, 4;
    %load/vec4 v000000000667f150_0;
    %pushi/vec4 0, 0, 1;
    %cmp/e;
    %flag_get/vec4 4;
    %and;
T_98.4;
    %flag_set/vec4 8;
    %jmp/0xz  T_98.2, 8;
    %load/vec4 v000000000667eed0_0;
    %flag_set/vec4 9;
    %flag_get/vec4 9;
    %jmp/0 T_98.7, 9;
    %load/vec4 v000000000667e2f0_0;
    %nor/r;
    %and;
T_98.7;
    %flag_set/vec4 8;
    %jmp/0xz  T_98.5, 8;
    %load/vec4 v0000000006664700_0;
    %load/vec4 v000000000667eb10_0;
    %pad/u 6;
    %ix/vec4 3;
    %ix/load 4, 0, 0; Constant delay
    %assign/vec4/a/d v000000000667f1f0, 0, 4;
    %load/vec4 v00000000066645c0_0;
    %load/vec4 v000000000667eb10_0;
    %pad/u 6;
    %ix/vec4 3;
    %ix/load 4, 0, 0; Constant delay
    %assign/vec4/a/d v000000000667fa10, 0, 4;
    %load/vec4 v000000000667eb10_0;
    %addi 1, 0, 4;
    %assign/vec4 v000000000667eb10_0, 0;
T_98.5 ;
    %load/vec4 v000000000667ebb0_0;
    %flag_set/vec4 9;
    %flag_get/vec4 9;
    %jmp/0 T_98.10, 9;
    %load/vec4 v000000000667fbf0_0;
    %nor/r;
    %and;
T_98.10;
    %flag_set/vec4 8;
    %jmp/0xz  T_98.8, 8;
    %load/vec4 v000000000667fb50_0;
    %pad/u 6;
    %ix/vec4 4;
    %load/vec4a v000000000667f1f0, 4;
    %assign/vec4 v0000000006664200_0, 0;
    %load/vec4 v000000000667fb50_0;
    %pad/u 6;
    %ix/vec4 4;
    %load/vec4a v000000000667fa10, 4;
    %assign/vec4 v00000000066642a0_0, 0;
    %load/vec4 v000000000667fb50_0;
    %addi 1, 0, 4;
    %assign/vec4 v000000000667fb50_0, 0;
T_98.8 ;
    %load/vec4 v000000000667eed0_0;
    %flag_set/vec4 8;
    %flag_get/vec4 8;
    %jmp/0 T_98.15, 8;
    %load/vec4 v000000000667e2f0_0;
    %nor/r;
    %and;
T_98.15;
    %load/vec4 v000000000667ebb0_0;
    %flag_set/vec4 8;
    %flag_get/vec4 8;
    %jmp/0 T_98.16, 8;
    %load/vec4 v000000000667fbf0_0;
    %nor/r;
    %and;
T_98.16;
    %concat/vec4; draw_concat_vec4
    %dup/vec4;
    %pushi/vec4 2, 0, 2;
    %cmp/u;
    %jmp/1 T_98.11, 6;
    %dup/vec4;
    %pushi/vec4 1, 0, 2;
    %cmp/u;
    %jmp/1 T_98.12, 6;
    %load/vec4 v00000000066648e0_0;
    %assign/vec4 v00000000066648e0_0, 0;
    %jmp T_98.14;
T_98.11 ;
    %load/vec4 v00000000066648e0_0;
    %addi 1, 0, 5;
    %assign/vec4 v00000000066648e0_0, 0;
    %jmp T_98.14;
T_98.12 ;
    %load/vec4 v00000000066648e0_0;
    %subi 1, 0, 5;
    %assign/vec4 v00000000066648e0_0, 0;
    %jmp T_98.14;
T_98.14 ;
    %pop/vec4 1;
T_98.2 ;
T_98.1 ;
    %jmp T_98;
    .thread T_98;
    .scope S_000000000666c3b0;
T_99 ;
    %wait E_00000000065b2ac0;
    %load/vec4 v000000000667e430_0;
    %flag_set/vec4 8;
    %jmp/0xz  T_99.0, 8;
    %pushi/vec4 0, 0, 1;
    %assign/vec4 v000000000667fd30_0, 0;
    %pushi/vec4 0, 0, 1;
    %assign/vec4 v000000000667f3d0_0, 0;
    %jmp T_99.1;
T_99.0 ;
    %load/vec4 v000000000667f150_0;
    %assign/vec4 v000000000667fd30_0, 0;
    %load/vec4 v000000000667fd30_0;
    %assign/vec4 v000000000667f3d0_0, 0;
T_99.1 ;
    %jmp T_99;
    .thread T_99;
    .scope S_000000000666c3b0;
T_100 ;
    %wait E_00000000065b2a80;
    %load/vec4 v000000000667f3d0_0;
    %load/vec4 v000000000667fd30_0;
    %xor;
    %assign/vec4 v000000000667ffb0_0, 0;
    %jmp T_100;
    .thread T_100, $push;
    .scope S_000000000666b0f0;
T_101 ;
    %pushi/vec4 2097216, 0, 24;
    %store/vec4 v000000000667fab0_0, 0, 24;
    %pushi/vec4 2097216, 0, 24;
    %store/vec4 v000000000667fc90_0, 0, 24;
    %pushi/vec4 0, 0, 24;
    %store/vec4 v000000000667fe70_0, 0, 24;
    %pushi/vec4 0, 0, 6;
    %store/vec4 v000000000667f970_0, 0, 6;
    %pushi/vec4 0, 0, 9;
    %store/vec4 v000000000667ea70_0, 0, 9;
    %pushi/vec4 0, 0, 1;
    %store/vec4 v000000000667e390_0, 0, 1;
    %pushi/vec4 0, 0, 8;
    %store/vec4 v0000000006680690_0, 0, 8;
    %pushi/vec4 0, 0, 1;
    %store/vec4 v000000000667fdd0_0, 0, 1;
    %end;
    .thread T_101;
    .scope S_000000000666b0f0;
T_102 ;
    %wait E_00000000065b3b40;
    %load/vec4 v00000000066800f0_0;
    %ix/load 4, 20, 0;
    %flag_set/imm 4, 0;
    %store/vec4 v000000000667fab0_0, 4, 4;
    %jmp T_102;
    .thread T_102, $push;
    .scope S_000000000666b0f0;
T_103 ;
    %wait E_00000000065b2ac0;
    %load/vec4 v000000000667e610_0;
    %flag_set/vec4 8;
    %jmp/0xz  T_103.0, 8;
    %pushi/vec4 0, 0, 6;
    %assign/vec4 v000000000667f970_0, 0;
    %jmp T_103.1;
T_103.0 ;
    %load/vec4 v000000000667f970_0;
    %addi 1, 0, 6;
    %assign/vec4 v000000000667f970_0, 0;
T_103.1 ;
    %jmp T_103;
    .thread T_103;
    .scope S_000000000666b0f0;
T_104 ;
    %wait E_00000000065b2ac0;
    %load/vec4 v000000000667e610_0;
    %flag_set/vec4 8;
    %jmp/0xz  T_104.0, 8;
    %pushi/vec4 0, 0, 24;
    %assign/vec4 v000000000667fe70_0, 0;
    %pushi/vec4 0, 0, 9;
    %assign/vec4 v000000000667ea70_0, 0;
    %pushi/vec4 0, 0, 1;
    %assign/vec4 v000000000667e390_0, 0;
    %jmp T_104.1;
T_104.0 ;
    %load/vec4 v000000000667f970_0;
    %cmpi/e 3, 0, 6;
    %jmp/0xz  T_104.2, 4;
    %load/vec4 v000000000667ea70_0;
    %parti/s 1, 0, 2;
    %cmpi/e 1, 0, 1;
    %jmp/0xz  T_104.4, 4;
    %load/vec4 v0000000006680550_0;
    %parti/s 24, 8, 5;
    %assign/vec4 v000000000667fe70_0, 0;
    %jmp T_104.5;
T_104.4 ;
    %load/vec4 v0000000006680050_0;
    %parti/s 24, 8, 5;
    %assign/vec4 v000000000667fe70_0, 0;
T_104.5 ;
T_104.2 ;
    %load/vec4 v000000000667fe70_0;
    %xor/r;
    %load/vec4 v000000000667fc90_0;
    %parti/s 1, 23, 6;
    %xor;
    %assign/vec4 v000000000667e390_0, 0;
    %load/vec4 v000000000667f970_0;
    %cmpi/e 63, 0, 6;
    %jmp/0xz  T_104.6, 4;
    %load/vec4 v000000000667ea70_0;
    %cmpi/e 383, 0, 9;
    %jmp/0xz  T_104.8, 4;
    %pushi/vec4 0, 0, 9;
    %assign/vec4 v000000000667ea70_0, 0;
    %jmp T_104.9;
T_104.8 ;
    %load/vec4 v000000000667ea70_0;
    %addi 1, 0, 9;
    %assign/vec4 v000000000667ea70_0, 0;
T_104.9 ;
T_104.6 ;
T_104.1 ;
    %jmp T_104;
    .thread T_104;
    .scope S_000000000666b0f0;
T_105 ;
    %wait E_00000000065b2ac0;
    %load/vec4 v000000000667e610_0;
    %flag_set/vec4 8;
    %jmp/0xz  T_105.0, 8;
    %pushi/vec4 0, 0, 8;
    %assign/vec4 v0000000006680690_0, 0;
    %load/vec4 v000000000667fab0_0;
    %assign/vec4 v000000000667fc90_0, 0;
    %jmp T_105.1;
T_105.0 ;
    %load/vec4 v000000000667f970_0;
    %cmpi/e 63, 0, 6;
    %jmp/0xz  T_105.2, 4;
    %load/vec4 v000000000667ea70_0;
    %cmpi/e 383, 0, 9;
    %jmp/0xz  T_105.4, 4;
    %pushi/vec4 156, 0, 8;
    %assign/vec4 v0000000006680690_0, 0;
    %load/vec4 v000000000667fab0_0;
    %assign/vec4 v000000000667fc90_0, 0;
    %jmp T_105.5;
T_105.4 ;
    %load/vec4 v000000000667ea70_0;
    %parti/s 1, 0, 2;
    %cmpi/e 1, 0, 1;
    %jmp/0xz  T_105.6, 4;
    %pushi/vec4 147, 0, 8;
    %assign/vec4 v0000000006680690_0, 0;
    %load/vec4 v000000000667fc90_0;
    %parti/s 23, 0, 2;
    %concati/vec4 0, 0, 1;
    %assign/vec4 v000000000667fc90_0, 0;
    %jmp T_105.7;
T_105.6 ;
    %pushi/vec4 150, 0, 8;
    %assign/vec4 v0000000006680690_0, 0;
T_105.7 ;
T_105.5 ;
    %jmp T_105.3;
T_105.2 ;
    %load/vec4 v000000000667f970_0;
    %parti/s 3, 0, 2;
    %cmpi/e 7, 0, 3;
    %jmp/0xz  T_105.8, 4;
    %load/vec4 v000000000667f970_0;
    %parti/s 3, 3, 3;
    %dup/vec4;
    %pushi/vec4 0, 0, 3;
    %cmp/u;
    %jmp/1 T_105.10, 6;
    %dup/vec4;
    %pushi/vec4 1, 0, 3;
    %cmp/u;
    %jmp/1 T_105.11, 6;
    %dup/vec4;
    %pushi/vec4 2, 0, 3;
    %cmp/u;
    %jmp/1 T_105.12, 6;
    %dup/vec4;
    %pushi/vec4 3, 0, 3;
    %cmp/u;
    %jmp/1 T_105.13, 6;
    %dup/vec4;
    %pushi/vec4 4, 0, 3;
    %cmp/u;
    %jmp/1 T_105.14, 6;
    %dup/vec4;
    %pushi/vec4 5, 0, 3;
    %cmp/u;
    %jmp/1 T_105.15, 6;
    %dup/vec4;
    %pushi/vec4 6, 0, 3;
    %cmp/u;
    %jmp/1 T_105.16, 6;
    %pushi/vec4 0, 0, 8;
    %assign/vec4 v0000000006680690_0, 0;
    %jmp T_105.18;
T_105.10 ;
    %pushi/vec4 1, 0, 1;
    %load/vec4 v000000000667fe70_0;
    %parti/s 1, 0, 2;
    %concat/vec4; draw_concat_vec4
    %concati/vec4 1, 0, 1;
    %load/vec4 v000000000667fe70_0;
    %parti/s 1, 1, 2;
    %concat/vec4; draw_concat_vec4
    %concati/vec4 1, 0, 1;
    %load/vec4 v000000000667fe70_0;
    %parti/s 1, 2, 3;
    %concat/vec4; draw_concat_vec4
    %concati/vec4 1, 0, 1;
    %load/vec4 v000000000667fe70_0;
    %parti/s 1, 3, 3;
    %concat/vec4; draw_concat_vec4
    %assign/vec4 v0000000006680690_0, 0;
    %jmp T_105.18;
T_105.11 ;
    %pushi/vec4 1, 0, 1;
    %load/vec4 v000000000667fe70_0;
    %parti/s 1, 4, 4;
    %concat/vec4; draw_concat_vec4
    %concati/vec4 1, 0, 1;
    %load/vec4 v000000000667fe70_0;
    %parti/s 1, 5, 4;
    %concat/vec4; draw_concat_vec4
    %concati/vec4 1, 0, 1;
    %load/vec4 v000000000667fe70_0;
    %parti/s 1, 6, 4;
    %concat/vec4; draw_concat_vec4
    %concati/vec4 1, 0, 1;
    %load/vec4 v000000000667fe70_0;
    %parti/s 1, 7, 4;
    %concat/vec4; draw_concat_vec4
    %assign/vec4 v0000000006680690_0, 0;
    %jmp T_105.18;
T_105.12 ;
    %pushi/vec4 1, 0, 1;
    %load/vec4 v000000000667fe70_0;
    %parti/s 1, 8, 5;
    %concat/vec4; draw_concat_vec4
    %concati/vec4 1, 0, 1;
    %load/vec4 v000000000667fe70_0;
    %parti/s 1, 9, 5;
    %concat/vec4; draw_concat_vec4
    %concati/vec4 1, 0, 1;
    %load/vec4 v000000000667fe70_0;
    %parti/s 1, 10, 5;
    %concat/vec4; draw_concat_vec4
    %concati/vec4 1, 0, 1;
    %load/vec4 v000000000667fe70_0;
    %parti/s 1, 11, 5;
    %concat/vec4; draw_concat_vec4
    %assign/vec4 v0000000006680690_0, 0;
    %jmp T_105.18;
T_105.13 ;
    %pushi/vec4 1, 0, 1;
    %load/vec4 v000000000667fe70_0;
    %parti/s 1, 12, 5;
    %concat/vec4; draw_concat_vec4
    %concati/vec4 1, 0, 1;
    %load/vec4 v000000000667fe70_0;
    %parti/s 1, 13, 5;
    %concat/vec4; draw_concat_vec4
    %concati/vec4 1, 0, 1;
    %load/vec4 v000000000667fe70_0;
    %parti/s 1, 14, 5;
    %concat/vec4; draw_concat_vec4
    %concati/vec4 1, 0, 1;
    %load/vec4 v000000000667fe70_0;
    %parti/s 1, 15, 5;
    %concat/vec4; draw_concat_vec4
    %assign/vec4 v0000000006680690_0, 0;
    %jmp T_105.18;
T_105.14 ;
    %pushi/vec4 1, 0, 1;
    %load/vec4 v000000000667fe70_0;
    %parti/s 1, 16, 6;
    %concat/vec4; draw_concat_vec4
    %concati/vec4 1, 0, 1;
    %load/vec4 v000000000667fe70_0;
    %parti/s 1, 17, 6;
    %concat/vec4; draw_concat_vec4
    %concati/vec4 1, 0, 1;
    %load/vec4 v000000000667fe70_0;
    %parti/s 1, 18, 6;
    %concat/vec4; draw_concat_vec4
    %concati/vec4 1, 0, 1;
    %load/vec4 v000000000667fe70_0;
    %parti/s 1, 19, 6;
    %concat/vec4; draw_concat_vec4
    %assign/vec4 v0000000006680690_0, 0;
    %jmp T_105.18;
T_105.15 ;
    %pushi/vec4 1, 0, 1;
    %load/vec4 v000000000667fe70_0;
    %parti/s 1, 20, 6;
    %concat/vec4; draw_concat_vec4
    %concati/vec4 1, 0, 1;
    %load/vec4 v000000000667fe70_0;
    %parti/s 1, 21, 6;
    %concat/vec4; draw_concat_vec4
    %concati/vec4 1, 0, 1;
    %load/vec4 v000000000667fe70_0;
    %parti/s 1, 22, 6;
    %concat/vec4; draw_concat_vec4
    %concati/vec4 1, 0, 1;
    %load/vec4 v000000000667fe70_0;
    %parti/s 1, 23, 6;
    %concat/vec4; draw_concat_vec4
    %assign/vec4 v0000000006680690_0, 0;
    %jmp T_105.18;
T_105.16 ;
    %pushi/vec4 21, 0, 5;
    %load/vec4 v000000000667fc90_0;
    %parti/s 1, 23, 6;
    %concat/vec4; draw_concat_vec4
    %concati/vec4 1, 0, 1;
    %load/vec4 v000000000667e390_0;
    %concat/vec4; draw_concat_vec4
    %assign/vec4 v0000000006680690_0, 0;
    %jmp T_105.18;
T_105.18 ;
    %pop/vec4 1;
    %jmp T_105.9;
T_105.8 ;
    %load/vec4 v0000000006680690_0;
    %parti/s 7, 0, 2;
    %concati/vec4 0, 0, 1;
    %assign/vec4 v0000000006680690_0, 0;
T_105.9 ;
T_105.3 ;
T_105.1 ;
    %jmp T_105;
    .thread T_105;
    .scope S_000000000666b0f0;
T_106 ;
    %wait E_00000000065b2ac0;
    %load/vec4 v000000000667e610_0;
    %flag_set/vec4 8;
    %jmp/0xz  T_106.0, 8;
    %pushi/vec4 0, 0, 1;
    %assign/vec4 v000000000667fdd0_0, 0;
    %jmp T_106.1;
T_106.0 ;
    %load/vec4 v0000000006680690_0;
    %parti/s 1, 7, 4;
    %flag_set/vec4 8;
    %jmp/0xz  T_106.2, 8;
    %load/vec4 v000000000667fdd0_0;
    %inv;
    %assign/vec4 v000000000667fdd0_0, 0;
T_106.2 ;
T_106.1 ;
    %jmp T_106;
    .thread T_106;
    .scope S_000000000666b0f0;
T_107 ;
    %wait E_00000000065b2ac0;
    %load/vec4 v000000000667fdd0_0;
    %assign/vec4 v00000000066807d0_0, 0;
    %jmp T_107;
    .thread T_107;
    .scope S_000000000666bbe0;
T_108 ;
    %pushi/vec4 0, 0, 1;
    %store/vec4 v000000000667f650_0, 0, 1;
    %pushi/vec4 0, 0, 2;
    %store/vec4 v000000000667e110_0, 0, 2;
    %pushi/vec4 0, 0, 2;
    %store/vec4 v0000000006681b30_0, 0, 2;
    %pushi/vec4 0, 0, 1;
    %store/vec4 v000000000667f5b0_0, 0, 1;
    %end;
    .thread T_108;
    .scope S_000000000666bbe0;
T_109 ;
    %wait E_00000000065b2ac0;
    %load/vec4 v000000000667f470_0;
    %flag_set/vec4 8;
    %jmp/0xz  T_109.0, 8;
    %pushi/vec4 0, 0, 1;
    %assign/vec4 v000000000667f650_0, 0;
    %pushi/vec4 0, 0, 1;
    %assign/vec4 v0000000006680370_0, 0;
    %pushi/vec4 0, 0, 2;
    %assign/vec4 v000000000667e110_0, 0;
    %jmp T_109.1;
T_109.0 ;
    %load/vec4 v000000000667ee30_0;
    %assign/vec4 v0000000006680370_0, 0;
    %load/vec4 v0000000006680370_0;
    %assign/vec4 v0000000006680410_0, 0;
    %load/vec4 v000000000667ed90_0;
    %flag_set/vec4 8;
    %jmp/0xz  T_109.2, 8;
    %load/vec4 v000000000667e110_0;
    %cmpi/u 2, 0, 2;
    %jmp/0xz  T_109.4, 5;
    %load/vec4 v000000000667e110_0;
    %addi 1, 0, 2;
    %assign/vec4 v000000000667e110_0, 0;
T_109.4 ;
    %load/vec4 v000000000667e110_0;
    %cmpi/e 1, 0, 2;
    %jmp/0xz  T_109.6, 4;
    %pushi/vec4 1, 0, 1;
    %assign/vec4 v000000000667f650_0, 0;
T_109.6 ;
T_109.2 ;
T_109.1 ;
    %jmp T_109;
    .thread T_109;
    .scope S_000000000666bbe0;
T_110 ;
    %wait E_00000000065b2ac0;
    %load/vec4 v0000000006681b30_0;
    %parti/s 1, 0, 2;
    %load/vec4 v000000000667ef70_0;
    %concat/vec4; draw_concat_vec4
    %assign/vec4 v0000000006681b30_0, 0;
    %jmp T_110;
    .thread T_110;
    .scope S_000000000666bbe0;
T_111 ;
    %wait E_00000000065b2ac0;
    %load/vec4 v0000000006681b30_0;
    %parti/s 1, 1, 2;
    %cmpi/e 0, 0, 1;
    %flag_get/vec4 4;
    %jmp/0 T_111.2, 4;
    %load/vec4 v0000000006681b30_0;
    %parti/s 1, 0, 2;
    %pushi/vec4 1, 0, 1;
    %cmp/e;
    %flag_get/vec4 4;
    %and;
T_111.2;
    %flag_set/vec4 8;
    %jmp/0xz  T_111.0, 8;
    %pushi/vec4 0, 0, 1;
    %assign/vec4 v000000000667f5b0_0, 0;
    %jmp T_111.1;
T_111.0 ;
    %load/vec4 v000000000667f5b0_0;
    %pad/u 32;
    %cmpi/e 0, 0, 32;
    %flag_get/vec4 4;
    %jmp/0 T_111.5, 4;
    %load/vec4 v0000000006681b30_0;
    %parti/s 1, 1, 2;
    %pad/u 32;
    %pushi/vec4 1, 0, 32;
    %cmp/e;
    %flag_get/vec4 4;
    %and;
T_111.5;
    %flag_set/vec4 8;
    %jmp/0xz  T_111.3, 8;
    %pushi/vec4 1, 0, 1;
    %assign/vec4 v000000000667f5b0_0, 0;
T_111.3 ;
T_111.1 ;
    %jmp T_111;
    .thread T_111;
    .scope S_0000000006442c00;
T_112 ;
    %pushi/vec4 1, 0, 1;
    %store/vec4 v0000000006682530_0, 0, 1;
    %pushi/vec4 0, 0, 6;
    %store/vec4 v0000000006682cb0_0, 0, 6;
    %pushi/vec4 0, 0, 1;
    %store/vec4 v0000000006682d50_0, 0, 1;
    %end;
    .thread T_112;
    .scope S_0000000006442c00;
T_113 ;
    %delay 20000, 0;
    %load/vec4 v0000000006681d10_0;
    %pushi/vec4 0, 0, 1;
    %cmp/e;
    %flag_get/vec4 6;
    %store/vec4 v0000000006681d10_0, 0, 1;
    %jmp T_113;
    .thread T_113;
    .scope S_0000000006442c00;
T_114 ;
    %delay 40000, 0;
    %load/vec4 v0000000006681090_0;
    %pushi/vec4 0, 0, 1;
    %cmp/e;
    %flag_get/vec4 6;
    %store/vec4 v0000000006681090_0, 0, 1;
    %jmp T_114;
    .thread T_114;
    .scope S_0000000006442c00;
T_115 ;
    %pushi/vec4 0, 0, 1;
    %store/vec4 v0000000006681450_0, 0, 1;
    %pushi/vec4 0, 0, 1;
    %store/vec4 v0000000006682d50_0, 0, 1;
    %pushi/vec4 0, 0, 6;
    %store/vec4 v0000000006682cb0_0, 0, 6;
    %delay 1500000, 0;
    %pushi/vec4 1, 0, 1;
    %store/vec4 v0000000006681450_0, 0, 1;
    %delay 80000, 0;
    %pushi/vec4 0, 0, 1;
    %store/vec4 v0000000006681450_0, 0, 1;
    %delay 100000, 0;
    %pushi/vec4 1, 0, 1;
    %store/vec4 v0000000006681450_0, 0, 1;
    %delay 50000, 0;
    %pushi/vec4 0, 0, 1;
    %store/vec4 v0000000006681450_0, 0, 1;
    %wait E_00000000065b2a00;
    %pushi/vec4 0, 0, 6;
    %store/vec4 v0000000006682cb0_0, 0, 6;
    %pushi/vec4 0, 0, 1;
    %store/vec4 v0000000006681450_0, 0, 1;
    %pushi/vec4 1, 0, 1;
    %store/vec4 v0000000006682d50_0, 0, 1;
    %end;
    .thread T_115;
    .scope S_0000000006442c00;
T_116 ;
    %wait E_00000000065b2a00;
    %load/vec4 v0000000006682d50_0;
    %flag_set/vec4 8;
    %jmp/0xz  T_116.0, 8;
    %load/vec4 v0000000006682cb0_0;
    %pad/u 32;
    %cmpi/e 31, 0, 32;
    %jmp/0xz  T_116.2, 4;
    %load/vec4 v0000000006681450_0;
    %inv;
    %assign/vec4 v0000000006681450_0, 0;
    %pushi/vec4 0, 0, 6;
    %assign/vec4 v0000000006682cb0_0, 0;
    %jmp T_116.3;
T_116.2 ;
    %load/vec4 v0000000006682cb0_0;
    %addi 1, 0, 6;
    %assign/vec4 v0000000006682cb0_0, 0;
T_116.3 ;
T_116.0 ;
    %jmp T_116;
    .thread T_116;
    .scope S_0000000006442c00;
T_117 ;
    %vpi_call 4 79 "$dumpfile", "splitstreamer2_tb.vcd" {0 0 0};
    %vpi_call 4 80 "$dumpvars", 32'sb00000000000000000000000000000000, S_0000000006442c00 {0 0 0};
    %pushi/vec4 0, 0, 1;
    %store/vec4 v0000000006682530_0, 0, 1;
    %delay 10000, 0;
    %pushi/vec4 1, 0, 1;
    %store/vec4 v0000000006682530_0, 0, 1;
    %pushi/vec4 0, 0, 1;
    %assign/vec4 v0000000006682170_0, 0;
    %wait E_00000000065b2a40;
    %wait E_00000000065b2a00;
    %pushi/vec4 0, 0, 64;
    %store/vec4 v0000000006681f90_0, 0, 64;
    %load/vec4 v0000000006681f90_0;
    %parti/s 32, 32, 7;
    %store/vec4 v0000000006682850_0, 0, 32;
    %load/vec4 v0000000006681f90_0;
    %parti/s 32, 0, 2;
    %store/vec4 v0000000006680af0_0, 0, 32;
    %pushi/vec4 31, 0, 32;
T_117.0 %dup/vec4;
    %pushi/vec4 0, 0, 32;
    %cmp/s;
    %jmp/1xz T_117.1, 5;
    %jmp/1 T_117.1, 4;
    %pushi/vec4 1, 0, 32;
    %sub;
    %load/vec4 v0000000006681f90_0;
    %parti/s 1, 63, 7;
    %assign/vec4 v0000000006682170_0, 0;
    %load/vec4 v0000000006681f90_0;
    %ix/load 4, 1, 0;
    %flag_set/imm 4, 0;
    %shiftl 4;
    %assign/vec4 v0000000006681f90_0, 0;
    %wait E_00000000065b2a00;
    %jmp T_117.0;
T_117.1 ;
    %pop/vec4 1;
    %pushi/vec4 32, 0, 32;
T_117.2 %dup/vec4;
    %pushi/vec4 0, 0, 32;
    %cmp/s;
    %jmp/1xz T_117.3, 5;
    %jmp/1 T_117.3, 4;
    %pushi/vec4 1, 0, 32;
    %sub;
    %load/vec4 v0000000006681f90_0;
    %parti/s 1, 63, 7;
    %assign/vec4 v0000000006682170_0, 0;
    %load/vec4 v0000000006681f90_0;
    %ix/load 4, 1, 0;
    %flag_set/imm 4, 0;
    %shiftl 4;
    %assign/vec4 v0000000006681f90_0, 0;
    %wait E_00000000065b2a00;
    %jmp T_117.2;
T_117.3 ;
    %pop/vec4 1;
    %load/vec4 v0000000006681f90_0;
    %parti/s 1, 63, 7;
    %assign/vec4 v0000000006682170_0, 0;
    %pushi/vec4 10, 0, 32;
T_117.4 %dup/vec4;
    %pushi/vec4 0, 0, 32;
    %cmp/s;
    %jmp/1xz T_117.5, 5;
    %jmp/1 T_117.5, 4;
    %pushi/vec4 1, 0, 32;
    %sub;
    %wait E_00000000065b2a00;
    %vpi_func 4 116 "$random" 32 {0 0 0};
    %vpi_func 4 116 "$random" 32 {0 0 0};
    %concat/vec4; draw_concat_vec4
    %store/vec4 v0000000006681f90_0, 0, 64;
    %load/vec4 v0000000006681f90_0;
    %parti/s 32, 32, 7;
    %store/vec4 v0000000006682850_0, 0, 32;
    %load/vec4 v0000000006681f90_0;
    %parti/s 32, 0, 2;
    %store/vec4 v0000000006680af0_0, 0, 32;
    %pushi/vec4 31, 0, 32;
T_117.6 %dup/vec4;
    %pushi/vec4 0, 0, 32;
    %cmp/s;
    %jmp/1xz T_117.7, 5;
    %jmp/1 T_117.7, 4;
    %pushi/vec4 1, 0, 32;
    %sub;
    %load/vec4 v0000000006681f90_0;
    %parti/s 1, 63, 7;
    %assign/vec4 v0000000006682170_0, 0;
    %load/vec4 v0000000006681f90_0;
    %ix/load 4, 1, 0;
    %flag_set/imm 4, 0;
    %shiftl 4;
    %assign/vec4 v0000000006681f90_0, 0;
    %wait E_00000000065b2a00;
    %jmp T_117.6;
T_117.7 ;
    %pop/vec4 1;
    %pushi/vec4 32, 0, 32;
T_117.8 %dup/vec4;
    %pushi/vec4 0, 0, 32;
    %cmp/s;
    %jmp/1xz T_117.9, 5;
    %jmp/1 T_117.9, 4;
    %pushi/vec4 1, 0, 32;
    %sub;
    %load/vec4 v0000000006681f90_0;
    %parti/s 1, 63, 7;
    %assign/vec4 v0000000006682170_0, 0;
    %load/vec4 v0000000006681f90_0;
    %ix/load 4, 1, 0;
    %flag_set/imm 4, 0;
    %shiftl 4;
    %assign/vec4 v0000000006681f90_0, 0;
    %wait E_00000000065b2a00;
    %jmp T_117.8;
T_117.9 ;
    %pop/vec4 1;
    %load/vec4 v0000000006681f90_0;
    %parti/s 1, 63, 7;
    %assign/vec4 v0000000006682170_0, 0;
    %jmp T_117.4;
T_117.5 ;
    %pop/vec4 1;
    %delay 1000000, 0;
    %vpi_call 4 137 "$finish" {0 0 0};
    %end;
    .thread T_117;
# The file index is used to find the file name in the following table.
:file_names 8;
    "N/A";
    "<interactive>";
    "C:\Users\niekt\.apio\packages\tools-oss-cad-suite\share\yosys/ice40/cells_sim.v";
    "splitstreamer2.v";
    "splitstreamer2_tb.v";
    "fifo.v";
    "i2s_receive1.v";
    "spdif_transmit2.v";
