$date
	Sat Nov 08 10:18:18 2025
$end
$version
	Icarus Verilog
$end
$timescale
	1ps
$end
$scope module splitstreamer2_tb $end
$var wire 1 ! red $end
$var wire 1 " pin_opt1 $end
$var parameter 32 # HALF_DIV $end
$var reg 6 $ bit_div_cnt [5:0] $end
$var reg 1 % fclk_div_enabled $end
$var reg 1 & pin_i2s_bclk $end
$var reg 1 ' pin_i2s_bclk_pll $end
$var reg 1 ( pin_i2s_data $end
$var reg 1 ) pin_i2s_fclk $end
$var reg 1 * pin_user_sw $end
$var reg 32 + sent_left [31:0] $end
$var reg 32 , sent_right [31:0] $end
$var reg 64 - shift_data [0:63] $end
$scope module uut $end
$var wire 1 . clk $end
$var wire 1 & pin_i2s_bclk $end
$var wire 1 ' pin_i2s_bclk_pll $end
$var wire 1 ( pin_i2s_data $end
$var wire 1 ) pin_i2s_fclk $end
$var wire 1 / pin_i2s_out_data $end
$var wire 1 0 pin_i2s_out_fclk $end
$var wire 1 " pin_opt1 $end
$var wire 1 1 pin_opt2 $end
$var wire 1 * pin_user_sw $end
$var wire 1 2 pll_lock $end
$var wire 1 3 smu_write_en $end
$var wire 1 4 smu_rst $end
$var wire 1 5 smu_read_en $end
$var wire 1 6 smu_full $end
$var wire 1 7 smu_empty $end
$var wire 1 ! red $end
$var wire 1 8 optical_out $end
$var wire 1 9 green $end
$var wire 32 : fifo_out_data_right [31:0] $end
$var wire 32 ; fifo_out_data_left [31:0] $end
$var wire 32 < fifo_in_data_right [31:0] $end
$var wire 32 = fifo_in_data_left [31:0] $end
$var wire 1 > blue $end
$scope module buffer $end
$var wire 1 . clk $end
$var wire 1 ) fclk $end
$var wire 1 3 write_en $end
$var wire 1 4 rst $end
$var wire 1 5 read_en $end
$var wire 1 6 full $end
$var wire 1 7 empty $end
$var wire 32 ? data_right_in [31:0] $end
$var wire 32 @ data_left_in [31:0] $end
$var parameter 32 A DEPTH $end
$var parameter 32 B PTR_WIDTH $end
$var parameter 32 C WORDSIZE $end
$var reg 5 D count [4:0] $end
$var reg 32 E data_left_out [31:0] $end
$var reg 32 F data_right_out [31:0] $end
$var reg 1 G fclk_d $end
$var reg 1 H fclk_dd $end
$var reg 1 I fclk_p $end
$var reg 4 J rd_ptr [3:0] $end
$var reg 4 K wr_ptr [3:0] $end
$upscope $end
$scope module in $end
$var wire 1 . clk $end
$var wire 1 & sck $end
$var wire 1 ( sd $end
$var wire 1 ) ws $end
$var wire 1 3 rx_en $end
$var wire 1 4 rst $end
$var reg 32 L data_left [31:0] $end
$var reg 1 M data_left_enable $end
$var reg 32 N data_right [31:0] $end
$var reg 1 O data_right_enable $end
$var reg 32 P shift_reg [31:0] $end
$var reg 1 Q wsd $end
$var reg 1 R wsdd $end
$var reg 1 S wsp $end
$upscope $end
$scope module out $end
$var wire 1 . clk $end
$var wire 32 T data_left [31:0] $end
$var wire 32 U data_right [31:0] $end
$var wire 4 V sample_rate_code [3:0] $end
$var wire 1 5 validity $end
$var wire 1 4 rst $end
$var reg 6 W bit_counter [5:0] $end
$var reg 24 X channel_status [23:0] $end
$var reg 24 Y channel_status_shift [23:0] $end
$var reg 1 Z data_biphase $end
$var reg 24 [ data_in_buffer [23:0] $end
$var reg 8 \ data_out_buffer [7:0] $end
$var reg 9 ] frame_counter [8:0] $end
$var reg 1 ^ parity $end
$var reg 1 8 spdif_out $end
$upscope $end
$scope module smu $end
$var wire 1 > blue $end
$var wire 1 . clk $end
$var wire 1 7 empty $end
$var wire 1 _ fclk_falling $end
$var wire 1 6 full $end
$var wire 1 9 green $end
$var wire 1 ) pin_i2s_fclk $end
$var wire 1 * pin_user_sw $end
$var wire 1 2 pll_lock $end
$var wire 1 5 read_en $end
$var wire 1 4 rst $end
$var wire 1 3 write_en $end
$var wire 1 ! red $end
$var reg 2 ` edge_cnt [1:0] $end
$var reg 1 a fclk_d $end
$var reg 1 b fclk_dd $end
$var reg 1 c state_bclk $end
$var reg 1 d state_fclk $end
$var reg 2 e user_sw_ff [1:0] $end
$upscope $end
$upscope $end
$upscope $end
$enddefinitions $end
$comment Show the parameter values. $end
$dumpall
b100000 C
b100 B
b10000 A
b100000 #
$end
#0
$dumpvars
b0 e
0d
0c
xb
xa
b0 `
x_
0^
b0 ]
b0 \
b0 [
0Z
b1000000000000001000000 Y
b110000000000000001000000 X
b0 W
b1100 V
bx U
bx T
xS
xR
xQ
bx P
xO
bx N
xM
bx L
b0 K
b0 J
xI
xH
xG
bx F
bx E
b0 D
bx @
bx ?
0>
bx =
bx <
bx ;
bx :
09
x8
17
06
05
14
03
12
x1
00
x/
x.
bx -
bx ,
bx +
0*
0)
x(
x'
x&
0%
b0 $
x"
0!
$end
#10000
0(
1*
#20000
0.
0'
#40000
0O
0M
0S
0I
0R
0Q
b0 <
b0 ?
b0 N
b0 =
b0 @
b0 L
b0 P
b0 :
b0 F
b0 U
b0 ;
b0 E
b0 T
0H
0G
b110000000000000001000000 Y
0/
01
0"
08
0a
b1 e
1.
1'
0&
#60000
0.
0'
#80000
19
1>
1!
b11 e
1.
1'
1&
#100000
0.
0'
#120000
04
1c
1.
1'
0&
#140000
0.
0'
#160000
0_
0b
1^
b1 W
1.
1'
1&
#180000
0.
0'
#200000
b10 W
1.
1'
0&
#220000
0.
0'
#240000
b11 W
1.
1'
1&
#260000
0.
0'
#280000
b100 W
1.
1'
0&
#300000
0.
0'
#320000
b101 W
1.
1'
1&
#340000
0.
0'
#360000
b110 W
1.
1'
0&
#380000
0.
0'
#400000
b111 W
1.
1'
1&
#420000
0.
0'
#440000
b1000 W
b10101010 \
1.
1'
0&
#460000
0.
0'
#480000
1Z
b1010100 \
b1001 W
1.
1'
1&
#500000
0.
0'
#520000
b1010 W
b10101000 \
1/
11
1"
18
1.
1'
0&
#540000
0.
0'
#560000
0Z
b1010000 \
b1011 W
1.
1'
1&
#580000
0.
0'
#600000
b1100 W
b10100000 \
0/
01
0"
08
1.
1'
0&
#620000
0.
0'
#640000
1Z
b1000000 \
b1101 W
1.
1'
1&
#660000
0.
0'
#680000
b1110 W
b10000000 \
1/
11
1"
18
1.
1'
0&
#700000
0.
0'
#720000
0Z
b0 \
b1111 W
1.
1'
1&
#740000
0.
0'
#760000
b10000 W
b10101010 \
0/
01
0"
08
1.
1'
0&
#780000
0.
0'
#800000
1Z
b1010100 \
b10001 W
1.
1'
1&
#820000
0.
0'
#840000
b10010 W
b10101000 \
1/
11
1"
18
1.
1'
0&
#860000
0.
0'
#880000
0Z
b1010000 \
b10011 W
1.
1'
1&
#900000
0.
0'
#920000
b10100 W
b10100000 \
0/
01
0"
08
1.
1'
0&
#940000
0.
0'
#960000
1Z
b1000000 \
b10101 W
1.
1'
1&
#980000
0.
0'
#1000000
b10110 W
b10000000 \
1/
11
1"
18
1.
1'
0&
#1020000
0.
0'
#1040000
0Z
b0 \
b10111 W
1.
1'
1&
#1060000
0.
0'
#1080000
b11000 W
b10101010 \
0/
01
0"
08
1.
1'
0&
#1100000
0.
0'
#1120000
1Z
b1010100 \
b11001 W
1.
1'
1&
#1140000
0.
0'
#1160000
b11010 W
b10101000 \
1/
11
1"
18
1.
1'
0&
#1180000
0.
0'
#1200000
0Z
b1010000 \
b11011 W
1.
1'
1&
#1220000
0.
0'
#1240000
b11100 W
b10100000 \
0/
01
0"
08
1.
1'
0&
#1260000
0.
0'
#1280000
1Z
b1000000 \
b11101 W
1.
1'
1&
#1300000
0.
0'
#1320000
b11110 W
b10000000 \
1/
11
1"
18
1.
1'
0&
#1340000
0.
0'
#1360000
0Z
b0 \
b11111 W
1.
1'
1&
#1380000
0.
0'
#1400000
b100000 W
b10101010 \
0/
01
0"
08
1.
1'
0&
#1420000
0.
0'
#1440000
1Z
b1010100 \
b100001 W
1.
1'
1&
#1460000
0.
0'
#1480000
b100010 W
b10101000 \
1/
11
1"
18
1.
1'
0&
#1500000
0.
0'
10
1)
#1520000
1I
1a
0Z
b1010000 \
b100011 W
1G
1.
1'
1&
#1540000
0.
0'
#1560000
0I
1H
b100100 W
b10100000 \
0/
01
0"
08
1b
1.
1'
0&
#1580000
1_
0.
0'
00
0)
#1600000
1I
b1 `
0a
1Z
b1000000 \
b100101 W
0G
1.
1'
1&
#1620000
0.
0'
#1640000
0I
13
0_
0H
b100110 W
b10000000 \
1/
11
1"
18
1d
b10 `
0b
b0 ,
b0 +
b0 -
1.
1'
0&
#1660000
0.
0'
#1680000
1M
1I
1S
1a
0Z
b0 \
b100111 W
1G
1Q
1.
1'
1&
10
1)
#1700000
0.
0'
#1720000
0I
1H
b101000 W
b10101010 \
0/
01
0"
08
1b
1.
1'
0&
#1730000
1_
00
0)
#1740000
0.
0'
#1760000
1I
1O
0M
15
0a
1Z
b1010100 \
b101001 W
0G
07
b1 D
b1 K
1R
0Q
1.
1'
1&
#1780000
0.
0'
#1800000
0I
0_
0H
b101010 W
b10101000 \
1/
11
1"
18
0b
b1 $
1%
1.
1'
0&
#1820000
0.
0'
#1840000
0O
0S
0Z
b1010000 \
b101011 W
b1 J
b10 K
0R
1.
1'
1&
#1860000
0.
0'
#1880000
b10 J
b11 K
b101100 W
b10100000 \
0/
01
0"
08
b10 $
1.
1'
0&
#1900000
0.
0'
#1920000
1Z
b1000000 \
b101101 W
b11 J
b100 K
1.
1'
1&
#1940000
0.
0'
#1960000
b100 J
b101 K
b101110 W
b10000000 \
1/
11
1"
18
b11 $
1.
1'
0&
#1980000
0.
0'
#2000000
0Z
b0 \
b101111 W
b101 J
b110 K
1.
1'
1&
#2020000
0.
0'
#2040000
b110 J
b111 K
b110000 W
b10101010 \
0/
01
0"
08
b100 $
1.
1'
0&
#2060000
0.
0'
#2080000
1Z
b1010100 \
b110001 W
b111 J
b1000 K
1.
1'
1&
#2100000
0.
0'
#2120000
b1000 J
b1001 K
b110010 W
b10101000 \
1/
11
1"
18
b101 $
1.
1'
0&
#2140000
0.
0'
#2160000
0Z
b1010000 \
b110011 W
b1001 J
b1010 K
1.
1'
1&
#2180000
0.
0'
#2200000
b1010 J
b1011 K
b110100 W
b10100000 \
0/
01
0"
08
b110 $
1.
1'
0&
#2220000
0.
0'
#2240000
1Z
b1000000 \
b110101 W
b1011 J
b1100 K
1.
1'
1&
#2260000
0.
0'
#2280000
b1100 J
b1101 K
b110110 W
b10000000 \
1/
11
1"
18
b111 $
1.
1'
0&
#2300000
0.
0'
#2320000
0Z
b0 \
b110111 W
b1101 J
b1110 K
1.
1'
1&
#2340000
0.
0'
#2360000
b1110 J
b1111 K
b111000 W
b10101111 \
0/
01
0"
08
b1000 $
1.
1'
0&
#2380000
0.
0'
#2400000
1Z
b1011110 \
b111001 W
b1111 J
b0 K
1.
1'
1&
#2420000
0.
0'
#2440000
b0 J
b1 K
b111010 W
b10111100 \
1/
11
1"
18
b1001 $
1.
1'
0&
#2460000
0.
0'
#2480000
0Z
b1111000 \
b111011 W
b1 J
b10 K
1.
1'
1&
#2500000
0.
0'
#2520000
b10 J
b11 K
b111100 W
b11110000 \
0/
01
0"
08
b1010 $
1.
1'
0&
#2540000
0.
0'
#2560000
1Z
b11100000 \
b111101 W
b11 J
b100 K
1.
1'
1&
#2580000
0.
0'
#2600000
b100 J
b101 K
b111110 W
b11000000 \
0Z
1/
11
1"
18
b1011 $
1.
1'
0&
#2620000
0.
0'
#2640000
0/
01
0"
08
1Z
b10000000 \
b111111 W
b101 J
b110 K
1.
1'
1&
#2660000
0.
0'
#2680000
b110 J
b111 K
b0 W
b1 ]
b10010110 \
0Z
1/
11
1"
18
b1100 $
1.
1'
0&
#2700000
0.
0'
#2720000
0/
01
0"
08
1Z
b101100 \
b1 W
b111 J
b1000 K
1.
1'
1&
#2740000
0.
0'
#2760000
b1000 J
b1001 K
b10 W
b1011000 \
1/
11
1"
18
b1101 $
1.
1'
0&
#2780000
0.
0'
#2800000
b10110000 \
b11 W
b1001 J
b1010 K
1.
1'
1&
#2820000
0.
0'
#2840000
b1010 J
b1011 K
b100 W
b1100000 \
0Z
b1110 $
1.
1'
0&
#2860000
0.
0'
#2880000
0/
01
0"
08
b11000000 \
b101 W
b1011 J
b1100 K
1.
1'
1&
#2900000
0.
0'
#2920000
b1100 J
b1101 K
b110 W
b10000000 \
1Z
b1111 $
1.
1'
0&
#2940000
0.
0'
#2960000
1/
11
1"
18
0Z
b0 \
b111 W
b1101 J
b1110 K
1.
1'
1&
#2980000
0.
0'
#3000000
b1110 J
b1111 K
b1000 W
b10101010 \
0/
01
0"
08
b10000 $
1.
1'
0&
#3020000
0.
0'
#3040000
1Z
b1010100 \
b1001 W
b1111 J
b0 K
1.
1'
1&
#3060000
0.
0'
#3080000
b0 J
b1 K
b1010 W
b10101000 \
1/
11
1"
18
b10001 $
1.
1'
0&
#3100000
0.
0'
#3120000
0Z
b1010000 \
b1011 W
b1 J
b10 K
1.
1'
1&
#3140000
0.
0'
#3160000
b10 J
b11 K
b1100 W
b10100000 \
0/
01
0"
08
b10010 $
1.
1'
0&
#3180000
0.
0'
#3200000
1Z
b1000000 \
b1101 W
b11 J
b100 K
1.
1'
1&
#3220000
0.
0'
#3240000
b100 J
b101 K
b1110 W
b10000000 \
1/
11
1"
18
b10011 $
1.
1'
0&
#3260000
0.
0'
#3280000
0Z
b0 \
b1111 W
b101 J
b110 K
1.
1'
1&
#3300000
0.
0'
#3320000
b110 J
b111 K
b10000 W
b10101010 \
0/
01
0"
08
b10100 $
1.
1'
0&
#3340000
0.
0'
#3360000
1Z
b1010100 \
b10001 W
b111 J
b1000 K
1.
1'
1&
#3380000
0.
0'
#3400000
b1000 J
b1001 K
b10010 W
b10101000 \
1/
11
1"
18
b10101 $
1.
1'
0&
#3420000
0.
0'
#3440000
0Z
b1010000 \
b10011 W
b1001 J
b1010 K
1.
1'
1&
#3460000
0.
0'
#3480000
b1010 J
b1011 K
b10100 W
b10100000 \
0/
01
0"
08
b10110 $
1.
1'
0&
#3500000
0.
0'
#3520000
1Z
b1000000 \
b10101 W
b1011 J
b1100 K
1.
1'
1&
#3540000
0.
0'
#3560000
b1100 J
b1101 K
b10110 W
b10000000 \
1/
11
1"
18
b10111 $
1.
1'
0&
#3580000
0.
0'
#3600000
0Z
b0 \
b10111 W
b1101 J
b1110 K
1.
1'
1&
#3620000
0.
0'
#3640000
b1110 J
b1111 K
b11000 W
b10101010 \
0/
01
0"
08
b11000 $
1.
1'
0&
#3660000
0.
0'
#3680000
1Z
b1010100 \
b11001 W
b1111 J
b0 K
1.
1'
1&
#3700000
0.
0'
#3720000
b0 J
b1 K
b11010 W
b10101000 \
1/
11
1"
18
b11001 $
1.
1'
0&
#3740000
0.
0'
#3760000
0Z
b1010000 \
b11011 W
b1 J
b10 K
1.
1'
1&
#3780000
0.
0'
#3800000
b10 J
b11 K
b11100 W
b10100000 \
0/
01
0"
08
b11010 $
1.
1'
0&
#3820000
0.
0'
#3840000
1Z
b1000000 \
b11101 W
b11 J
b100 K
1.
1'
1&
#3860000
0.
0'
#3880000
b100 J
b101 K
b11110 W
b10000000 \
1/
11
1"
18
b11011 $
1.
1'
0&
#3900000
0.
0'
#3920000
0Z
b0 \
b11111 W
b101 J
b110 K
1.
1'
1&
#3940000
0.
0'
#3960000
b110 J
b111 K
b100000 W
b10101010 \
0/
01
0"
08
b11100 $
1.
1'
0&
#3980000
0.
0'
#4000000
1Z
b1010100 \
b100001 W
b111 J
b1000 K
1.
1'
1&
#4020000
0.
0'
#4040000
b1000 J
b1001 K
b100010 W
b10101000 \
1/
11
1"
18
b11101 $
1.
1'
0&
#4060000
0.
0'
#4080000
0Z
b1010000 \
b100011 W
b1001 J
b1010 K
1.
1'
1&
#4100000
0.
0'
#4120000
b1010 J
b1011 K
b100100 W
b10100000 \
0/
01
0"
08
b11110 $
1.
1'
0&
#4140000
0.
0'
#4160000
1Z
b1000000 \
b100101 W
b1011 J
b1100 K
1.
1'
1&
#4180000
0.
0'
#4200000
b1100 J
b1101 K
b100110 W
b10000000 \
1/
11
1"
18
b11111 $
1.
1'
0&
#4220000
0.
0'
#4240000
0Z
b0 \
b100111 W
b1101 J
b1110 K
1.
1'
1&
#4260000
0.
0'
#4280000
b1110 J
b1111 K
b101000 W
b10101010 \
0/
01
0"
08
b0 $
10
1)
1.
1'
0&
#4300000
0.
0'
#4320000
1M
1I
1S
1a
1Z
b1010100 \
b101001 W
1G
1Q
1.
1'
1&
#4340000
0.
0'
#4360000
0I
1H
b101010 W
b10101000 \
1/
11
1"
18
1b
b1 $
1.
1'
0&
#4380000
0.
0'
#4400000
0M
0S
0Z
b1010000 \
b101011 W
1R
1.
1'
1&
#4420000
0.
0'
#4440000
b101100 W
b10100000 \
0/
01
0"
08
b10 $
1.
1'
0&
#4460000
0.
0'
#4480000
1Z
b1000000 \
b101101 W
1.
1'
1&
#4500000
0.
0'
#4520000
b101110 W
b10000000 \
1/
11
1"
18
b11 $
1.
1'
0&
#4540000
0.
0'
#4560000
0Z
b0 \
b101111 W
1.
1'
1&
#4580000
0.
0'
#4600000
b110000 W
b10101010 \
0/
01
0"
08
b100 $
1.
1'
0&
#4620000
0.
0'
#4640000
1Z
b1010100 \
b110001 W
1.
1'
1&
#4660000
0.
0'
#4680000
b110010 W
b10101000 \
1/
11
1"
18
b101 $
1.
1'
0&
#4700000
0.
0'
#4720000
0Z
b1010000 \
b110011 W
1.
1'
1&
#4740000
0.
0'
#4760000
b110100 W
b10100000 \
0/
01
0"
08
b110 $
1.
1'
0&
#4780000
0.
0'
#4800000
1Z
b1000000 \
b110101 W
1.
1'
1&
#4820000
0.
0'
#4840000
b110110 W
b10000000 \
1/
11
1"
18
b111 $
1.
1'
0&
#4860000
0.
0'
#4880000
0Z
b0 \
b110111 W
1.
1'
1&
#4900000
0.
0'
#4920000
b111000 W
b10101111 \
0/
01
0"
08
b1000 $
1.
1'
0&
#4940000
0.
0'
#4960000
1Z
b1011110 \
b111001 W
1.
1'
1&
#4980000
0.
0'
#5000000
b111010 W
b10111100 \
1/
11
1"
18
b1001 $
1.
1'
0&
#5020000
0.
0'
#5040000
0Z
b1111000 \
b111011 W
1.
1'
1&
#5060000
0.
0'
#5080000
b111100 W
b11110000 \
0/
01
0"
08
b1010 $
1.
1'
0&
#5100000
0.
0'
#5120000
1Z
b11100000 \
b111101 W
1.
1'
1&
#5140000
0.
0'
#5160000
b111110 W
b11000000 \
0Z
1/
11
1"
18
b1011 $
1.
1'
0&
#5180000
0.
0'
#5200000
0/
01
0"
08
1Z
b10000000 \
b111111 W
1.
1'
1&
#5220000
0.
0'
#5240000
b0 W
b10 ]
b100000000000000010000000 Y
b10010011 \
0Z
1/
11
1"
18
b1100 $
1.
1'
0&
#5260000
0.
0'
#5280000
0/
01
0"
08
1Z
b100110 \
b1 W
1.
1'
1&
#5300000
0.
0'
#5320000
b10 W
b1001100 \
1/
11
1"
18
b1101 $
1.
1'
0&
#5340000
0.
0'
#5360000
b10011000 \
b11 W
1.
1'
1&
#5380000
0.
0'
#5400000
b100 W
b110000 \
0Z
b1110 $
1.
1'
0&
#5420000
0.
0'
#5440000
0/
01
0"
08
b1100000 \
b101 W
1.
1'
1&
#5460000
0.
0'
#5480000
b110 W
b11000000 \
b1111 $
1.
1'
0&
#5500000
0.
0'
#5520000
1Z
b10000000 \
b111 W
1.
1'
1&
#5540000
0.
0'
#5560000
b1000 W
b10101010 \
0Z
1/
11
1"
18
b10000 $
1.
1'
0&
#5580000
0.
0'
#5600000
0/
01
0"
08
1Z
b1010100 \
b1001 W
1.
1'
1&
#5620000
0.
0'
#5640000
b1010 W
b10101000 \
1/
11
1"
18
b10001 $
1.
1'
0&
#5660000
0.
0'
#5680000
0Z
b1010000 \
b1011 W
1.
1'
1&
#5700000
0.
0'
#5720000
b1100 W
b10100000 \
0/
01
0"
08
b10010 $
1.
1'
0&
#5740000
0.
0'
#5760000
1Z
b1000000 \
b1101 W
1.
1'
1&
#5780000
0.
0'
#5800000
b1110 W
b10000000 \
1/
11
1"
18
b10011 $
1.
1'
0&
#5820000
0.
0'
#5840000
0Z
b0 \
b1111 W
1.
1'
1&
#5860000
0.
0'
#5880000
b10000 W
b10101010 \
0/
01
0"
08
b10100 $
1.
1'
0&
#5900000
0.
0'
#5920000
1Z
b1010100 \
b10001 W
1.
1'
1&
#5940000
0.
0'
#5960000
b10010 W
b10101000 \
1/
11
1"
18
b10101 $
1.
1'
0&
#5980000
0.
0'
#6000000
0Z
b1010000 \
b10011 W
1.
1'
1&
#6020000
0.
0'
#6040000
b10100 W
b10100000 \
0/
01
0"
08
b10110 $
1.
1'
0&
#6060000
0.
0'
#6080000
1Z
b1000000 \
b10101 W
1.
1'
1&
#6100000
0.
0'
#6120000
b10110 W
b10000000 \
1/
11
1"
18
b10111 $
1.
1'
0&
#6140000
0.
0'
#6160000
0Z
b0 \
b10111 W
1.
1'
1&
#6180000
0.
0'
#6200000
b11000 W
b10101010 \
0/
01
0"
08
b11000 $
1.
1'
0&
#6220000
0.
0'
#6240000
1Z
b1010100 \
b11001 W
1.
1'
1&
#6260000
0.
0'
#6280000
b11010 W
b10101000 \
1/
11
1"
18
b11001 $
1.
1'
0&
#6300000
0.
0'
#6320000
0Z
b1010000 \
b11011 W
1.
1'
1&
#6340000
0.
0'
#6360000
b11100 W
b10100000 \
0/
01
0"
08
b11010 $
1.
1'
0&
#6380000
0.
0'
#6400000
1Z
b1000000 \
b11101 W
1.
1'
1&
#6420000
0.
0'
#6440000
b11110 W
b10000000 \
1/
11
1"
18
b11011 $
1.
1'
0&
#6460000
0.
0'
#6480000
0Z
b0 \
b11111 W
1.
1'
1&
#6500000
0.
0'
#6520000
b100000 W
b10101010 \
0/
01
0"
08
b11100 $
1.
1'
0&
#6540000
0.
0'
#6560000
1Z
b1010100 \
b100001 W
1.
1'
1&
#6580000
0.
0'
#6600000
b100010 W
b10101000 \
1/
11
1"
18
b11101 $
1.
1'
0&
#6620000
0.
0'
#6640000
0Z
b1010000 \
b100011 W
1.
1'
1&
#6660000
0.
0'
#6680000
b100100 W
b10100000 \
0/
01
0"
08
b11110 $
1.
1'
0&
#6700000
0.
0'
#6720000
1Z
b1000000 \
b100101 W
1.
1'
1&
#6740000
0.
0'
#6760000
b100110 W
b10000000 \
1/
11
1"
18
b11111 $
b11000000100010010101111010000001 ,
b10010000101010011010100100100 +
b10010000101010011010100100100110000001000100101011110100000010 -
1.
1'
0&
#6780000
0.
0'
#6800000
0Z
b0 \
b100111 W
1.
1'
1&
#6820000
0.
0'
#6840000
1_
b101000 W
b10101010 \
0/
01
0"
08
b100100001010100110101001001001100000010001001010111101000000100 -
b0 $
00
0)
1.
1'
0&
#6860000
0.
0'
#6880000
1O
1I
1S
0a
1Z
b1010100 \
b101001 W
0G
b1111 J
b0 K
0Q
1.
1'
1&
#6900000
0.
0'
#6920000
0I
0_
0H
b101010 W
b10101000 \
1/
11
1"
18
0b
b1 $
b1001000010101001101010010010011000000100010010101111010000001000 -
1.
1'
0&
#6940000
0.
0'
#6960000
0O
0S
0Z
b1010000 \
b101011 W
b0 J
b1 K
0R
1.
1'
1&
#6980000
0.
0'
#7000000
b1 J
b10 K
b101100 W
b10100000 \
0/
01
0"
08
b10000101010011010100100100110000001000100101011110100000010000 -
1(
b10 $
1.
1'
0&
#7020000
0.
0'
#7040000
1Z
b1000000 \
b101101 W
b10 J
b11 K
b1 P
1.
1'
1&
#7060000
0.
0'
#7080000
b11 J
b100 K
b101110 W
b10000000 \
1/
11
1"
18
b11 $
b100001010100110101001001001100000010001001010111101000000100000 -
0(
1.
1'
0&
#7100000
0.
0'
#7120000
0Z
b0 \
b101111 W
b100 J
b101 K
b10 P
1.
1'
1&
#7140000
0.
0'
#7160000
b101 J
b110 K
b110000 W
b10101010 \
0/
01
0"
08
b1000010101001101010010010011000000100010010101111010000001000000 -
b100 $
1.
1'
0&
#7180000
0.
0'
#7200000
1Z
b1010100 \
b110001 W
b110 J
b111 K
b100 P
1.
1'
1&
#7220000
0.
0'
#7240000
b111 J
b1000 K
b110010 W
b10101000 \
1/
11
1"
18
b101 $
b101010011010100100100110000001000100101011110100000010000000 -
1(
1.
1'
0&
#7260000
0.
0'
#7280000
0Z
b1010000 \
b110011 W
b1000 J
b1001 K
b1001 P
1.
1'
1&
#7300000
0.
0'
#7320000
b1001 J
b1010 K
b110100 W
b10100000 \
0/
01
0"
08
b1010100110101001001001100000010001001010111101000000100000000 -
0(
b110 $
1.
1'
0&
#7340000
0.
0'
#7360000
1Z
b1000000 \
b110101 W
b1010 J
b1011 K
b10010 P
1.
1'
1&
#7380000
0.
0'
#7400000
b1011 J
b1100 K
b110110 W
b10000000 \
1/
11
1"
18
b111 $
b10101001101010010010011000000100010010101111010000001000000000 -
1.
1'
0&
#7420000
0.
0'
#7440000
0Z
b0 \
b110111 W
b1100 J
b1101 K
b100100 P
1.
1'
1&
#7460000
0.
0'
#7480000
b1101 J
b1110 K
b111000 W
b10101111 \
0/
01
0"
08
b101010011010100100100110000001000100101011110100000010000000000 -
b1000 $
1.
1'
0&
#7500000
0.
0'
#7520000
1Z
b1011110 \
b111001 W
b1110 J
b1111 K
b1001000 P
1.
1'
1&
#7540000
0.
0'
#7560000
b1111 J
b0 K
b111010 W
b10111100 \
1/
11
1"
18
b1001 $
b1010100110101001001001100000010001001010111101000000100000000000 -
1.
1'
0&
#7580000
0.
0'
#7600000
0Z
b1111000 \
b111011 W
b0 J
b1 K
b10010000 P
1.
1'
1&
#7620000
0.
0'
#7640000
b1 J
b10 K
b111100 W
b11110000 \
0/
01
0"
08
b101001101010010010011000000100010010101111010000001000000000000 -
1(
b1010 $
1.
1'
0&
#7660000
0.
0'
#7680000
1Z
b11100000 \
b111101 W
b10 J
b11 K
b100100001 P
1.
1'
1&
#7700000
0.
0'
#7720000
b11 J
b100 K
b111110 W
b11000000 \
0Z
1/
11
1"
18
b1011 $
b1010011010100100100110000001000100101011110100000010000000000000 -
0(
1.
1'
0&
#7740000
0.
0'
#7760000
0/
01
0"
08
1Z
b10000000 \
b111111 W
b100 J
b101 K
b1001000010 P
1.
1'
1&
#7780000
0.
0'
#7800000
b101 J
b110 K
b0 W
b11 ]
b10010110 \
0Z
1/
11
1"
18
b100110101001001001100000010001001010111101000000100000000000000 -
1(
b1100 $
1.
1'
0&
#7820000
0.
0'
#7840000
0/
01
0"
08
1Z
b101100 \
b1 W
b110 J
b111 K
b10010000101 P
1.
1'
1&
#7860000
0.
0'
#7880000
b111 J
b1000 K
b10 W
b1011000 \
1/
11
1"
18
b1101 $
b1001101010010010011000000100010010101111010000001000000000000000 -
0(
1.
1'
0&
#7900000
0.
0'
#7920000
b10110000 \
b11 W
b1000 J
b1001 K
b100100001010 P
1.
1'
1&
#7940000
0.
0'
#7960000
b1001 J
b1010 K
b100 W
b1100000 \
0Z
b11010100100100110000001000100101011110100000010000000000000000 -
1(
b1110 $
1.
1'
0&
#7980000
0.
0'
#8000000
0/
01
0"
08
b11000000 \
b101 W
b1010 J
b1011 K
b1001000010101 P
1.
1'
1&
#8020000
0.
0'
#8040000
b1011 J
b1100 K
b110 W
b10000000 \
1Z
b1111 $
b110101001001001100000010001001010111101000000100000000000000000 -
0(
1.
1'
0&
#8060000
0.
0'
#8080000
1/
11
1"
18
0Z
b0 \
b111 W
b1100 J
b1101 K
b10010000101010 P
1.
1'
1&
#8100000
0.
0'
#8120000
b1101 J
b1110 K
b1000 W
b10101010 \
0/
01
0"
08
b1101010010010011000000100010010101111010000001000000000000000000 -
b10000 $
1.
1'
0&
#8140000
0.
0'
#8160000
1Z
b1010100 \
b1001 W
b1110 J
b1111 K
b100100001010100 P
1.
1'
1&
#8180000
0.
0'
#8200000
b1111 J
b0 K
b1010 W
b10101000 \
1/
11
1"
18
b10001 $
b1010100100100110000001000100101011110100000010000000000000000000 -
1(
1.
1'
0&
#8220000
0.
0'
#8240000
0Z
b1010000 \
b1011 W
b0 J
b1 K
b1001000010101001 P
1.
1'
1&
#8260000
0.
0'
#8280000
b1 J
b10 K
b1100 W
b10100000 \
0/
01
0"
08
b101001001001100000010001001010111101000000100000000000000000000 -
b10010 $
1.
1'
0&
#8300000
0.
0'
#8320000
1Z
b1000000 \
b1101 W
b10 J
b11 K
b10010000101010011 P
1.
1'
1&
#8340000
0.
0'
#8360000
b11 J
b100 K
b1110 W
b10000000 \
1/
11
1"
18
b10011 $
b1010010010011000000100010010101111010000001000000000000000000000 -
0(
1.
1'
0&
#8380000
0.
0'
#8400000
0Z
b0 \
b1111 W
b100 J
b101 K
b100100001010100110 P
1.
1'
1&
#8420000
0.
0'
#8440000
b101 J
b110 K
b10000 W
b10101010 \
0/
01
0"
08
b100100100110000001000100101011110100000010000000000000000000000 -
1(
b10100 $
1.
1'
0&
#8460000
0.
0'
#8480000
1Z
b1010100 \
b10001 W
b110 J
b111 K
b1001000010101001101 P
1.
1'
1&
#8500000
0.
0'
#8520000
b111 J
b1000 K
b10010 W
b10101000 \
1/
11
1"
18
b10101 $
b1001001001100000010001001010111101000000100000000000000000000000 -
0(
1.
1'
0&
#8540000
0.
0'
#8560000
0Z
b1010000 \
b10011 W
b1000 J
b1001 K
b10010000101010011010 P
1.
1'
1&
#8580000
0.
0'
#8600000
b1001 J
b1010 K
b10100 W
b10100000 \
0/
01
0"
08
b10010011000000100010010101111010000001000000000000000000000000 -
1(
b10110 $
1.
1'
0&
#8620000
0.
0'
#8640000
1Z
b1000000 \
b10101 W
b1010 J
b1011 K
b100100001010100110101 P
1.
1'
1&
#8660000
0.
0'
#8680000
b1011 J
b1100 K
b10110 W
b10000000 \
1/
11
1"
18
b10111 $
b100100110000001000100101011110100000010000000000000000000000000 -
0(
1.
1'
0&
#8700000
0.
0'
#8720000
0Z
b0 \
b10111 W
b1100 J
b1101 K
b1001000010101001101010 P
1.
1'
1&
#8740000
0.
0'
#8760000
b1101 J
b1110 K
b11000 W
b10101010 \
0/
01
0"
08
b1001001100000010001001010111101000000100000000000000000000000000 -
b11000 $
1.
1'
0&
#8780000
0.
0'
#8800000
1Z
b1010100 \
b11001 W
b1110 J
b1111 K
b10010000101010011010100 P
1.
1'
1&
#8820000
0.
0'
#8840000
b1111 J
b0 K
b11010 W
b10101000 \
1/
11
1"
18
b11001 $
b10011000000100010010101111010000001000000000000000000000000000 -
1(
1.
1'
0&
#8860000
0.
0'
#8880000
0Z
b1010000 \
b11011 W
b0 J
b1 K
b100100001010100110101001 P
1.
1'
1&
#8900000
0.
0'
#8920000
b1 J
b10 K
b11100 W
b10100000 \
0/
01
0"
08
b100110000001000100101011110100000010000000000000000000000000000 -
0(
b11010 $
1.
1'
0&
#8940000
0.
0'
#8960000
1Z
b1000000 \
b11101 W
b10 J
b11 K
b1001000010101001101010010 P
1.
1'
1&
#8980000
0.
0'
#9000000
b11 J
b100 K
b11110 W
b10000000 \
1/
11
1"
18
b11011 $
b1001100000010001001010111101000000100000000000000000000000000000 -
1.
1'
0&
#9020000
0.
0'
#9040000
0Z
b0 \
b11111 W
b100 J
b101 K
b10010000101010011010100100 P
1.
1'
1&
#9060000
0.
0'
#9080000
b101 J
b110 K
b100000 W
b10101010 \
0/
01
0"
08
b11000000100010010101111010000001000000000000000000000000000000 -
1(
b11100 $
1.
1'
0&
#9100000
0.
0'
#9120000
1Z
b1010100 \
b100001 W
b110 J
b111 K
b100100001010100110101001001 P
1.
1'
1&
#9140000
0.
0'
#9160000
b111 J
b1000 K
b100010 W
b10101000 \
1/
11
1"
18
b11101 $
b110000001000100101011110100000010000000000000000000000000000000 -
0(
1.
1'
0&
#9180000
0.
0'
#9200000
0Z
b1010000 \
b100011 W
b1000 J
b1001 K
b1001000010101001101010010010 P
1.
1'
1&
#9220000
0.
0'
#9240000
b1001 J
b1010 K
b100100 W
b10100000 \
0/
01
0"
08
b1100000010001001010111101000000100000000000000000000000000000000 -
b11110 $
1.
1'
0&
#9260000
0.
0'
#9280000
1Z
b1000000 \
b100101 W
b1010 J
b1011 K
b10010000101010011010100100100 P
1.
1'
1&
#9300000
0.
0'
#9320000
b1011 J
b1100 K
b100110 W
b10000000 \
1/
11
1"
18
b11111 $
b1000000100010010101111010000001000000000000000000000000000000000 -
1(
1.
1'
0&
#9340000
0.
0'
#9360000
0Z
b0 \
b100111 W
b1100 J
b1101 K
b100100001010100110101001001001 P
1.
1'
1&
#9380000
0.
0'
#9400000
b1101 J
b1110 K
b101000 W
b10101010 \
0/
01
0"
08
b1000100101011110100000010000000000000000000000000000000000 -
b0 $
10
1)
1.
1'
0&
#9420000
0.
0'
#9440000
1M
1I
1S
1a
1Z
b1010100 \
b101001 W
1G
1Q
b1001000010101001101010010010011 P
1.
1'
1&
#9460000
0.
0'
#9480000
0I
1H
b101010 W
b10101000 \
1/
11
1"
18
1b
b1 $
b10001001010111101000000100000000000000000000000000000000000 -
0(
1.
1'
0&
#9500000
0.
0'
#9520000
0M
0S
0Z
b1010000 \
b101011 W
b1001000010101001101010010010011 =
b1001000010101001101010010010011 @
b1001000010101001101010010010011 L
1R
b10010000101010011010100100100110 P
1.
1'
1&
#9540000
0.
0'
#9560000
b101100 W
b10100000 \
0/
01
0"
08
b100010010101111010000001000000000000000000000000000000000000 -
b10 $
1.
1'
0&
#9580000
0.
0'
#9600000
1Z
b1000000 \
b101101 W
b100001010100110101001001001100 P
1.
1'
1&
#9620000
0.
0'
#9640000
b101110 W
b10000000 \
1/
11
1"
18
b11 $
b1000100101011110100000010000000000000000000000000000000000000 -
1.
1'
0&
#9660000
0.
0'
#9680000
0Z
b0 \
b101111 W
b1000010101001101010010010011000 P
1.
1'
1&
#9700000
0.
0'
#9720000
b110000 W
b10101010 \
0/
01
0"
08
b10001001010111101000000100000000000000000000000000000000000000 -
b100 $
1.
1'
0&
#9740000
0.
0'
#9760000
1Z
b1010100 \
b110001 W
b10000101010011010100100100110000 P
1.
1'
1&
#9780000
0.
0'
#9800000
b110010 W
b10101000 \
1/
11
1"
18
b101 $
b100010010101111010000001000000000000000000000000000000000000000 -
1.
1'
0&
#9820000
0.
0'
#9840000
0Z
b1010000 \
b110011 W
b1010100110101001001001100000 P
1.
1'
1&
#9860000
0.
0'
#9880000
b110100 W
b10100000 \
0/
01
0"
08
b1000100101011110100000010000000000000000000000000000000000000000 -
b110 $
1.
1'
0&
#9900000
0.
0'
#9920000
1Z
b1000000 \
b110101 W
b10101001101010010010011000000 P
1.
1'
1&
#9940000
0.
0'
#9960000
b110110 W
b10000000 \
1/
11
1"
18
b111 $
b1001010111101000000100000000000000000000000000000000000000000 -
1(
1.
1'
0&
#9980000
0.
0'
#10000000
0Z
b0 \
b110111 W
b101010011010100100100110000001 P
1.
1'
1&
#10020000
0.
0'
#10040000
b111000 W
b10101111 \
0/
01
0"
08
b10010101111010000001000000000000000000000000000000000000000000 -
0(
b1000 $
1.
1'
0&
#10060000
0.
0'
#10080000
1Z
b1011110 \
b111001 W
b1010100110101001001001100000010 P
1.
1'
1&
#10100000
0.
0'
#10120000
b111010 W
b10111100 \
1/
11
1"
18
b1001 $
b100101011110100000010000000000000000000000000000000000000000000 -
1.
1'
0&
#10140000
0.
0'
#10160000
0Z
b1111000 \
b111011 W
b10101001101010010010011000000100 P
1.
1'
1&
#10180000
0.
0'
#10200000
b111100 W
b11110000 \
0/
01
0"
08
b1001010111101000000100000000000000000000000000000000000000000000 -
b1010 $
1.
1'
0&
#10220000
0.
0'
#10240000
1Z
b11100000 \
b111101 W
b1010011010100100100110000001000 P
1.
1'
1&
#10260000
0.
0'
#10280000
b111110 W
b11000000 \
0Z
1/
11
1"
18
b1011 $
b10101111010000001000000000000000000000000000000000000000000000 -
1(
1.
1'
0&
#10300000
0.
0'
#10320000
0/
01
0"
08
1Z
b10000000 \
b111111 W
b10100110101001001001100000010001 P
1.
1'
1&
#10340000
0.
0'
#10360000
b0 W
b100 ]
b100000000 Y
b10010011 \
0Z
1/
11
1"
18
b101011110100000010000000000000000000000000000000000000000000000 -
0(
b1100 $
1.
1'
0&
#10380000
0.
0'
#10400000
0/
01
0"
08
1Z
b100110 \
0^
b1 W
b1001101010010010011000000100010 P
1.
1'
1&
#10420000
0.
0'
#10440000
b10 W
b1001100 \
1/
11
1"
18
b1101 $
b1010111101000000100000000000000000000000000000000000000000000000 -
1.
1'
0&
#10460000
0.
0'
#10480000
b10011000 \
b11 W
b10011010100100100110000001000100 P
1.
1'
1&
#10500000
0.
0'
#10520000
b100 W
b110000 \
0Z
b101111010000001000000000000000000000000000000000000000000000000 -
1(
b1110 $
1.
1'
0&
#10540000
0.
0'
#10560000
0/
01
0"
08
b1100000 \
b101 W
b110101001001001100000010001001 P
1.
1'
1&
#10580000
0.
0'
#10600000
b110 W
b11000000 \
b1111 $
b1011110100000010000000000000000000000000000000000000000000000000 -
0(
1.
1'
0&
#10620000
0.
0'
#10640000
1Z
b10000000 \
b111 W
b1101010010010011000000100010010 P
1.
1'
1&
#10660000
0.
0'
#10680000
b1000 W
b10101010 \
0Z
1/
11
1"
18
b111101000000100000000000000000000000000000000000000000000000000 -
1(
b10000 $
1.
1'
0&
#10700000
0.
0'
#10720000
0/
01
0"
08
1Z
b1010100 \
b1001 W
b11010100100100110000001000100101 P
1.
1'
1&
#10740000
0.
0'
#10760000
b1010 W
b10101000 \
1/
11
1"
18
b10001 $
b1111010000001000000000000000000000000000000000000000000000000000 -
0(
1.
1'
0&
#10780000
0.
0'
#10800000
0Z
b1010000 \
b1011 W
b10101001001001100000010001001010 P
1.
1'
1&
#10820000
0.
0'
#10840000
b1100 W
b10100000 \
0/
01
0"
08
b1110100000010000000000000000000000000000000000000000000000000000 -
1(
b10010 $
1.
1'
0&
#10860000
0.
0'
#10880000
1Z
b1000000 \
b1101 W
b1010010010011000000100010010101 P
1.
1'
1&
#10900000
0.
0'
#10920000
b1110 W
b10000000 \
1/
11
1"
18
b10011 $
b1101000000100000000000000000000000000000000000000000000000000000 -
1.
1'
0&
#10940000
0.
0'
#10960000
0Z
b0 \
b1111 W
b10100100100110000001000100101011 P
1.
1'
1&
#10980000
0.
0'
#11000000
b10000 W
b10101010 \
0/
01
0"
08
b1010000001000000000000000000000000000000000000000000000000000000 -
b10100 $
1.
1'
0&
#11020000
0.
0'
#11040000
1Z
b1010100 \
b10001 W
b1001001001100000010001001010111 P
1.
1'
1&
#11060000
0.
0'
#11080000
b10010 W
b10101000 \
1/
11
1"
18
b10101 $
b100000010000000000000000000000000000000000000000000000000000000 -
1.
1'
0&
#11100000
0.
0'
#11120000
0Z
b1010000 \
b10011 W
b10010010011000000100010010101111 P
1.
1'
1&
#11140000
0.
0'
#11160000
b10100 W
b10100000 \
0/
01
0"
08
b1000000100000000000000000000000000000000000000000000000000000000 -
0(
b10110 $
1.
1'
0&
#11180000
0.
0'
#11200000
1Z
b1000000 \
b10101 W
b100100110000001000100101011110 P
1.
1'
1&
#11220000
0.
0'
#11240000
b10110 W
b10000000 \
1/
11
1"
18
b10111 $
b1000000000000000000000000000000000000000000000000000000000 -
1(
1.
1'
0&
#11260000
0.
0'
#11280000
0Z
b0 \
b10111 W
b1001001100000010001001010111101 P
1.
1'
1&
#11300000
0.
0'
#11320000
b11000 W
b10101010 \
0/
01
0"
08
b10000000000000000000000000000000000000000000000000000000000 -
0(
b11000 $
1.
1'
0&
#11340000
0.
0'
#11360000
1Z
b1010100 \
b11001 W
b10010011000000100010010101111010 P
1.
1'
1&
#11380000
0.
0'
#11400000
b11010 W
b10101000 \
1/
11
1"
18
b11001 $
b100000000000000000000000000000000000000000000000000000000000 -
1.
1'
0&
#11420000
0.
0'
#11440000
0Z
b1010000 \
b11011 W
b100110000001000100101011110100 P
1.
1'
1&
#11460000
0.
0'
#11480000
b11100 W
b10100000 \
0/
01
0"
08
b1000000000000000000000000000000000000000000000000000000000000 -
b11010 $
1.
1'
0&
#11500000
0.
0'
#11520000
1Z
b1000000 \
b11101 W
b1001100000010001001010111101000 P
1.
1'
1&
#11540000
0.
0'
#11560000
b11110 W
b10000000 \
1/
11
1"
18
b11011 $
b10000000000000000000000000000000000000000000000000000000000000 -
1.
1'
0&
#11580000
0.
0'
#11600000
0Z
b0 \
b11111 W
b10011000000100010010101111010000 P
1.
1'
1&
#11620000
0.
0'
#11640000
b100000 W
b10101010 \
0/
01
0"
08
b100000000000000000000000000000000000000000000000000000000000000 -
b11100 $
1.
1'
0&
#11660000
0.
0'
#11680000
1Z
b1010100 \
b100001 W
b110000001000100101011110100000 P
1.
1'
1&
#11700000
0.
0'
#11720000
b100010 W
b10101000 \
1/
11
1"
18
b11101 $
b1000000000000000000000000000000000000000000000000000000000000000 -
1.
1'
0&
#11740000
0.
0'
#11760000
0Z
b1010000 \
b100011 W
b1100000010001001010111101000000 P
1.
1'
1&
#11780000
0.
0'
#11800000
b100100 W
b10100000 \
0/
01
0"
08
1(
b11110 $
1.
1'
0&
#11820000
0.
0'
#11840000
1Z
b1000000 \
b100101 W
b11000000100010010101111010000001 P
1.
1'
1&
#11860000
0.
0'
#11880000
b100110 W
b10000000 \
1/
11
1"
18
b11111 $
b10110001111100000101011001100011 ,
b10000100100001001101011000001001 +
b100100001001101011000001001101100011111000001010110011000110 -
1.
1'
0&
#11900000
0.
0'
#11920000
0Z
b0 \
b100111 W
b10000001000100101011110100000011 P
1.
1'
1&
#11940000
0.
0'
#11960000
1_
b101000 W
b10101010 \
0/
01
0"
08
b1001000010011010110000010011011000111110000010101100110001100 -
0(
b0 $
00
0)
1.
1'
0&
#11980000
0.
0'
#12000000
1O
1I
1S
0a
1Z
b1010100 \
b101001 W
0G
b1110 J
b1111 K
0Q
b10001001010111101000000110 P
1.
1'
1&
#12020000
0.
0'
#12040000
0I
0_
0H
b101010 W
b10101000 \
1/
11
1"
18
0b
b1 $
b10010000100110101100000100110110001111100000101011001100011000 -
1.
1'
0&
#12060000
0.
0'
#12080000
0O
0S
0Z
b1010000 \
b101011 W
b1111 J
b1001000010101001101010010010011 ;
b1001000010101001101010010010011 E
b1001000010101001101010010010011 T
b0 K
b10001001010111101000000110 <
b10001001010111101000000110 ?
b10001001010111101000000110 N
0R
b100010010101111010000001100 P
1.
1'
1&
#12100000
0.
0'
#12120000
b0 J
b1 K
b101100 W
b10100000 \
0/
01
0"
08
b100100001001101011000001001101100011111000001010110011000110000 -
b10 $
1.
1'
0&
#12140000
0.
0'
#12160000
1Z
b1000000 \
b101101 W
b1 J
b10001001010111101000000110 :
b10001001010111101000000110 F
b10001001010111101000000110 U
b10 K
b1000100101011110100000011000 P
1.
1'
1&
#12180000
0.
0'
#12200000
b10 J
b11 K
b101110 W
b10000000 \
1/
11
1"
18
b11 $
b1001000010011010110000010011011000111110000010101100110001100000 -
1.
1'
0&
#12220000
0.
0'
#12240000
0Z
b0 \
b101111 W
b11 J
b100 K
b10001001010111101000000110000 P
1.
1'
1&
#12260000
0.
0'
#12280000
b100 J
b101 K
b110000 W
b10101010 \
0/
01
0"
08
b10000100110101100000100110110001111100000101011001100011000000 -
1(
b100 $
1.
1'
0&
#12300000
0.
0'
#12320000
1Z
b1010100 \
b110001 W
b101 J
b110 K
b100010010101111010000001100001 P
1.
1'
1&
#12340000
0.
0'
#12360000
b110 J
b111 K
b110010 W
b10101000 \
1/
11
1"
18
b101 $
b100001001101011000001001101100011111000001010110011000110000000 -
0(
1.
1'
0&
#12380000
0.
0'
#12400000
0Z
b1010000 \
b110011 W
b111 J
b1000 K
b1000100101011110100000011000010 P
1.
1'
1&
#12420000
0.
0'
#12440000
b1000 J
b1001 K
b110100 W
b10100000 \
0/
01
0"
08
b1000010011010110000010011011000111110000010101100110001100000000 -
b110 $
1.
1'
0&
#12460000
0.
0'
#12480000
1Z
b1000000 \
b110101 W
b1001 J
b1010 K
b10001001010111101000000110000100 P
1.
1'
1&
#12500000
0.
0'
#12520000
b1010 J
b1011 K
b110110 W
b10000000 \
1/
11
1"
18
b111 $
b100110101100000100110110001111100000101011001100011000000000 -
1(
1.
1'
0&
#12540000
0.
0'
#12560000
0Z
b0 \
b110111 W
b1011 J
b1100 K
b10010101111010000001100001001 P
1.
1'
1&
#12580000
0.
0'
#12600000
b1100 J
b1101 K
b111000 W
b10101010 \
0/
01
0"
08
b1001101011000001001101100011111000001010110011000110000000000 -
0(
b1000 $
1.
1'
0&
#12620000
0.
0'
#12640000
1Z
b1010100 \
b111001 W
b1101 J
b1110 K
b100101011110100000011000010010 P
1.
1'
1&
#12660000
0.
0'
#12680000
b1110 J
b1111 K
b111010 W
b10101000 \
1/
11
1"
18
b1001 $
b10011010110000010011011000111110000010101100110001100000000000 -
1.
1'
0&
#12700000
0.
0'
#12720000
0Z
b1010000 \
b111011 W
b1111 J
b0 K
b1001010111101000000110000100100 P
1.
1'
1&
#12740000
0.
0'
#12760000
b0 J
b1 K
b111100 W
b10100000 \
0/
01
0"
08
b100110101100000100110110001111100000101011001100011000000000000 -
b1010 $
1.
1'
0&
#12780000
0.
0'
#12800000
1Z
b1000000 \
b111101 W
b1 J
b10 K
b10010101111010000001100001001000 P
1.
1'
1&
#12820000
0.
0'
#12840000
b10 J
b11 K
b111110 W
b10000000 \
1/
11
1"
18
b1011 $
b1001101011000001001101100011111000001010110011000110000000000000 -
1.
1'
0&
#12860000
0.
0'
#12880000
0Z
b0 \
b111111 W
b11 J
b100 K
b101011110100000011000010010000 P
1.
1'
1&
#12900000
0.
0'
#12920000
b100 J
b101 K
b0 W
b101 ]
b10010110 \
0/
01
0"
08
b11010110000010011011000111110000010101100110001100000000000000 -
1(
b1100 $
1.
1'
0&
#12940000
0.
0'
#12960000
1Z
b101100 \
b1 W
b101 J
b110 K
b1010111101000000110000100100001 P
1.
1'
1&
#12980000
0.
0'
#13000000
b110 J
b111 K
b10 W
b1011000 \
1/
11
1"
18
b1101 $
b110101100000100110110001111100000101011001100011000000000000000 -
0(
1.
1'
0&
#13020000
0.
0'
#13040000
b10110000 \
b11 W
b111 J
b1000 K
b10101111010000001100001001000010 P
1.
1'
1&
#13060000
0.
0'
#13080000
b1000 J
b1001 K
b100 W
b10010000101010011010100 [
b1100000 \
0Z
b1101011000001001101100011111000001010110011000110000000000000000 -
b1110 $
1.
1'
0&
#13100000
0.
0'
#13120000
0/
01
0"
08
b11000000 \
1^
b101 W
b1001 J
b1010 K
b1011110100000011000010010000100 P
1.
1'
1&
#13140000
0.
0'
#13160000
b1010 J
b1011 K
b110 W
b10000000 \
1Z
b1111 $
b1010110000010011011000111110000010101100110001100000000000000000 -
1(
1.
1'
0&
#13180000
0.
0'
#13200000
1/
11
1"
18
0Z
b0 \
b111 W
b1011 J
b1100 K
b10111101000000110000100100001001 P
1.
1'
1&
#13220000
0.
0'
#13240000
b1100 J
b1101 K
b1000 W
b10101110 \
0/
01
0"
08
b101100000100110110001111100000101011001100011000000000000000000 -
b10000 $
1.
1'
0&
#13260000
0.
0'
#13280000
1Z
b1011100 \
b1001 W
b1101 J
b1110 K
b1111010000001100001001000010011 P
1.
1'
1&
#13300000
0.
0'
#13320000
b1110 J
b1111 K
b1010 W
b10111000 \
1/
11
1"
18
b10001 $
b1011000001001101100011111000001010110011000110000000000000000000 -
0(
1.
1'
0&
#13340000
0.
0'
#13360000
0Z
b1110000 \
b1011 W
b1111 J
b0 K
b11110100000011000010010000100110 P
1.
1'
1&
#13380000
0.
0'
#13400000
b0 J
b1 K
b1100 W
b11100000 \
0/
01
0"
08
b110000010011011000111110000010101100110001100000000000000000000 -
1(
b10010 $
1.
1'
0&
#13420000
0.
0'
#13440000
1Z
b11000000 \
b1101 W
b1 J
b10 K
b11101000000110000100100001001101 P
1.
1'
1&
#13460000
0.
0'
#13480000
b10 J
b11 K
b1110 W
b10000000 \
0Z
1/
11
1"
18
b10011 $
b1100000100110110001111100000101011001100011000000000000000000000 -
0(
1.
1'
0&
#13500000
0.
0'
#13520000
0/
01
0"
08
1Z
b0 \
b1111 W
b11 J
b100 K
b11010000001100001001000010011010 P
1.
1'
1&
#13540000
0.
0'
#13560000
b100 J
b101 K
b10000 W
b11101111 \
1/
11
1"
18
b1000001001101100011111000001010110011000110000000000000000000000 -
1(
b10100 $
1.
1'
0&
#13580000
0.
0'
#13600000
0Z
b11011110 \
b10001 W
b101 J
b110 K
b10100000011000010010000100110101 P
1.
1'
1&
#13620000
0.
0'
#13640000
b110 J
b111 K
b10010 W
b10111100 \
1Z
0/
01
0"
08
b10101 $
b10011011000111110000010101100110001100000000000000000000000 -
1.
1'
0&
#13660000
0.
0'
#13680000
1/
11
1"
18
0Z
b1111000 \
b10011 W
b111 J
b1000 K
b1000000110000100100001001101011 P
1.
1'
1&
#13700000
0.
0'
#13720000
b1000 J
b1001 K
b10100 W
b11110000 \
0/
01
0"
08
b100110110001111100000101011001100011000000000000000000000000 -
0(
b10110 $
1.
1'
0&
#13740000
0.
0'
#13760000
1Z
b11100000 \
b10101 W
b1001 J
b1010 K
b10000001100001001000010011010110 P
1.
1'
1&
#13780000
0.
0'
#13800000
b1010 J
b1011 K
b10110 W
b11000000 \
0Z
1/
11
1"
18
b10111 $
b1001101100011111000001010110011000110000000000000000000000000 -
1.
1'
0&
#13820000
0.
0'
#13840000
0/
01
0"
08
1Z
b10000000 \
b10111 W
b1011 J
b1100 K
b11000010010000100110101100 P
1.
1'
1&
#13860000
0.
0'
#13880000
b1100 J
b1101 K
b11000 W
b10101110 \
0Z
1/
11
1"
18
b10011011000111110000010101100110001100000000000000000000000000 -
b11000 $
1.
1'
0&
#13900000
0.
0'
#13920000
0/
01
0"
08
1Z
b1011100 \
b11001 W
b1101 J
b1110 K
b110000100100001001101011000 P
1.
1'
1&
#13940000
0.
0'
#13960000
b1110 J
b1111 K
b11010 W
b10111000 \
1/
11
1"
18
b11001 $
b100110110001111100000101011001100011000000000000000000000000000 -
1.
1'
0&
#13980000
0.
0'
#14000000
0Z
b1110000 \
b11011 W
b1111 J
b0 K
b1100001001000010011010110000 P
1.
1'
1&
#14020000
0.
0'
#14040000
b0 J
b1 K
b11100 W
b11100000 \
0/
01
0"
08
b1001101100011111000001010110011000110000000000000000000000000000 -
b11010 $
1.
1'
0&
#14060000
0.
0'
#14080000
1Z
b11000000 \
b11101 W
b1 J
b10 K
b11000010010000100110101100000 P
1.
1'
1&
#14100000
0.
0'
#14120000
b10 J
b11 K
b11110 W
b10000000 \
0Z
1/
11
1"
18
b11011 $
b11011000111110000010101100110001100000000000000000000000000000 -
1(
1.
1'
0&
#14140000
0.
0'
#14160000
0/
01
0"
08
1Z
b0 \
b11111 W
b11 J
b100 K
b110000100100001001101011000001 P
1.
1'
1&
#14180000
0.
0'
#14200000
b100 J
b101 K
b100000 W
b11101110 \
1/
11
1"
18
b110110001111100000101011001100011000000000000000000000000000000 -
0(
b11100 $
1.
1'
0&
#14220000
0.
0'
#14240000
0Z
b11011100 \
b100001 W
b101 J
b110 K
b1100001001000010011010110000010 P
1.
1'
1&
#14260000
0.
0'
#14280000
b110 J
b111 K
b100010 W
b10111000 \
1Z
0/
01
0"
08
b11101 $
b1101100011111000001010110011000110000000000000000000000000000000 -
1.
1'
0&
#14300000
0.
0'
#14320000
1/
11
1"
18
0Z
b1110000 \
b100011 W
b111 J
b1000 K
b11000010010000100110101100000100 P
1.
1'
1&
#14340000
0.
0'
#14360000
b1000 J
b1001 K
b100100 W
b11100000 \
0/
01
0"
08
b1011000111110000010101100110001100000000000000000000000000000000 -
1(
b11110 $
1.
1'
0&
#14380000
0.
0'
#14400000
1Z
b11000000 \
b100101 W
b1001 J
b1010 K
b10000100100001001101011000001001 P
1.
1'
1&
#14420000
0.
0'
#14440000
b1010 J
b1011 K
b100110 W
b10000000 \
0Z
1/
11
1"
18
b11111 $
b110001111100000101011001100011000000000000000000000000000000000 -
1.
1'
0&
#14460000
0.
0'
#14480000
0/
01
0"
08
1Z
b0 \
b100111 W
b1011 J
b1100 K
b1001000010011010110000010011 P
1.
1'
1&
#14500000
0.
0'
#14520000
b1100 J
b1101 K
b101000 W
b10101011 \
1/
11
1"
18
b1100011111000001010110011000110000000000000000000000000000000000 -
0(
b0 $
10
1)
1.
1'
0&
#14540000
0.
0'
#14560000
1M
1I
1S
1a
0Z
b1010110 \
b101001 W
1G
1Q
b10010000100110101100000100110 P
1.
1'
1&
#14580000
0.
0'
#14600000
0I
1H
b101010 W
b10101100 \
0/
01
0"
08
1b
b1 $
b1000111110000010101100110001100000000000000000000000000000000000 -
1(
1.
1'
0&
#14620000
0.
0'
#14640000
0M
0S
1Z
b1011000 \
b101011 W
b10010000100110101100000100110 =
b10010000100110101100000100110 @
b10010000100110101100000100110 L
1R
b100100001001101011000001001101 P
1.
1'
1&
#14660000
0.
0'
#14680000
b101100 W
b10110000 \
1/
11
1"
18
b1111100000101011001100011000000000000000000000000000000000000 -
b10 $
1.
1'
0&
#14700000
0.
0'
#14720000
0Z
b1100000 \
b101101 W
b1001000010011010110000010011011 P
1.
1'
1&
#14740000
0.
0'
#14760000
b101110 W
b11000000 \
0/
01
0"
08
b11 $
b11111000001010110011000110000000000000000000000000000000000000 -
0(
1.
1'
0&
#14780000
0.
0'
#14800000
1Z
b10000000 \
b101111 W
b10010000100110101100000100110110 P
1.
1'
1&
#14820000
0.
0'
#14840000
b110000 W
b10101110 \
0Z
1/
11
1"
18
b111110000010101100110001100000000000000000000000000000000000000 -
b100 $
1.
1'
0&
#14860000
0.
0'
#14880000
0/
01
0"
08
1Z
b1011100 \
b110001 W
b100001001101011000001001101100 P
1.
1'
1&
#14900000
0.
0'
#14920000
b110010 W
b10111000 \
1/
11
1"
18
b101 $
b1111100000101011001100011000000000000000000000000000000000000000 -
1.
1'
0&
#14940000
0.
0'
#14960000
0Z
b1110000 \
b110011 W
b1000010011010110000010011011000 P
1.
1'
1&
#14980000
0.
0'
#15000000
b110100 W
b11100000 \
0/
01
0"
08
b1111000001010110011000110000000000000000000000000000000000000000 -
1(
b110 $
1.
1'
0&
#15020000
0.
0'
#15040000
1Z
b11000000 \
b110101 W
b10000100110101100000100110110001 P
1.
1'
1&
#15060000
0.
0'
#15080000
b110110 W
b10000000 \
0Z
1/
11
1"
18
b111 $
b1110000010101100110001100000000000000000000000000000000000000000 -
1.
1'
0&
#15100000
0.
0'
#15120000
0/
01
0"
08
1Z
b0 \
b110111 W
b1001101011000001001101100011 P
1.
1'
1&
#15140000
0.
0'
#15160000
b111000 W
b10101011 \
1/
11
1"
18
b1100000101011001100011000000000000000000000000000000000000000000 -
b1000 $
1.
1'
0&
#15180000
0.
0'
#15200000
0Z
b1010110 \
b111001 W
b10011010110000010011011000111 P
1.
1'
1&
#15220000
0.
0'
#15240000
b111010 W
b10101100 \
0/
01
0"
08
b1001 $
b1000001010110011000110000000000000000000000000000000000000000000 -
1.
1'
0&
#15260000
0.
0'
#15280000
1Z
b1011000 \
b111011 W
b100110101100000100110110001111 P
1.
1'
1&
#15300000
0.
0'
#15320000
b111100 W
b10110000 \
1/
11
1"
18
b10101100110001100000000000000000000000000000000000000000000 -
b1010 $
1.
1'
0&
#15340000
0.
0'
#15360000
0Z
b1100000 \
b111101 W
b1001101011000001001101100011111 P
1.
1'
1&
#15380000
0.
0'
#15400000
b111110 W
b11000000 \
0/
01
0"
08
b1011 $
b101011001100011000000000000000000000000000000000000000000000 -
0(
1.
1'
0&
#15420000
0.
0'
#15440000
1Z
b10000000 \
b111111 W
b10011010110000010011011000111110 P
1.
1'
1&
#15460000
0.
0'
#15480000
b0 W
b110 ]
b1000000000 Y
b10010011 \
0Z
1/
11
1"
18
b1010110011000110000000000000000000000000000000000000000000000 -
b1100 $
1.
1'
0&
#15500000
0.
0'
#15520000
0/
01
0"
08
1Z
b100110 \
b1 W
b110101100000100110110001111100 P
1.
1'
1&
#15540000
0.
0'
#15560000
b10 W
b1001100 \
1/
11
1"
18
b1101 $
b10101100110001100000000000000000000000000000000000000000000000 -
1.
1'
0&
#15580000
0.
0'
#15600000
b10011000 \
b11 W
b1101011000001001101100011111000 P
1.
1'
1&
#15620000
0.
0'
#15640000
b100 W
b100010010101111010 [
b110000 \
0Z
b101011001100011000000000000000000000000000000000000000000000000 -
b1110 $
1.
1'
0&
#15660000
0.
0'
#15680000
0/
01
0"
08
b1100000 \
b101 W
b11010110000010011011000111110000 P
1.
1'
1&
#15700000
0.
0'
#15720000
b110 W
b11000000 \
b1111 $
b1010110011000110000000000000000000000000000000000000000000000000 -
1.
1'
0&
#15740000
0.
0'
#15760000
1Z
b10000000 \
b111 W
b10101100000100110110001111100000 P
1.
1'
1&
#15780000
0.
0'
#15800000
b1000 W
b10111011 \
0Z
1/
11
1"
18
b101100110001100000000000000000000000000000000000000000000000000 -
1(
b10000 $
1.
1'
0&
#15820000
0.
0'
#15840000
0/
01
0"
08
1Z
b1110110 \
b1001 W
b1011000001001101100011111000001 P
1.
1'
1&
#15860000
0.
0'
#15880000
b1010 W
b11101100 \
1/
11
1"
18
b10001 $
b1011001100011000000000000000000000000000000000000000000000000000 -
0(
1.
1'
0&
#15900000
0.
0'
#15920000
0Z
b11011000 \
b1011 W
b10110000010011011000111110000010 P
1.
1'
1&
#15940000
0.
0'
#15960000
b1100 W
b10110000 \
1Z
0/
01
0"
08
b110011000110000000000000000000000000000000000000000000000000000 -
1(
b10010 $
1.
1'
0&
#15980000
0.
0'
#16000000
1/
11
1"
18
0Z
b1100000 \
b1101 W
b1100000100110110001111100000101 P
1.
1'
1&
#16020000
0.
0'
#16040000
b1110 W
b11000000 \
0/
01
0"
08
b10011 $
b1100110001100000000000000000000000000000000000000000000000000000 -
0(
1.
1'
0&
#16060000
0.
0'
#16080000
1Z
b10000000 \
b1111 W
b11000001001101100011111000001010 P
1.
1'
1&
#16100000
0.
0'
#16120000
b10000 W
b11111110 \
0Z
1/
11
1"
18
b1001100011000000000000000000000000000000000000000000000000000000 -
1(
b10100 $
1.
1'
0&
#16140000
0.
0'
#16160000
0/
01
0"
08
1Z
b11111100 \
b10001 W
b10000010011011000111110000010101 P
1.
1'
1&
#16180000
0.
0'
#16200000
b10010 W
b11111000 \
0Z
1/
11
1"
18
b10101 $
b11000110000000000000000000000000000000000000000000000000000000 -
1.
1'
0&
#16220000
0.
0'
#16240000
0/
01
0"
08
1Z
b11110000 \
b10011 W
b100110110001111100000101011 P
1.
1'
1&
#16260000
0.
0'
#16280000
b10100 W
b11100000 \
0Z
1/
11
1"
18
b110001100000000000000000000000000000000000000000000000000000000 -
0(
b10110 $
1.
1'
0&
#16300000
0.
0'
#16320000
0/
01
0"
08
1Z
b11000000 \
b10101 W
b1001101100011111000001010110 P
1.
1'
1&
#16340000
0.
0'
#16360000
b10110 W
b10000000 \
0Z
1/
11
1"
18
b10111 $
b1100011000000000000000000000000000000000000000000000000000000000 -
1.
1'
0&
#16380000
0.
0'
#16400000
0/
01
0"
08
1Z
b0 \
b10111 W
b10011011000111110000010101100 P
1.
1'
1&
#16420000
0.
0'
#16440000
b11000 W
b11101110 \
1/
11
1"
18
b1000110000000000000000000000000000000000000000000000000000000000 -
1(
b11000 $
1.
1'
0&
#16460000
0.
0'
#16480000
0Z
b11011100 \
b11001 W
b100110110001111100000101011001 P
1.
1'
1&
#16500000
0.
0'
#16520000
b11010 W
b10111000 \
1Z
0/
01
0"
08
b11001 $
b1100000000000000000000000000000000000000000000000000000000000 -
1.
1'
0&
#16540000
0.
0'
#16560000
1/
11
1"
18
0Z
b1110000 \
b11011 W
b1001101100011111000001010110011 P
1.
1'
1&
#16580000
0.
0'
#16600000
b11100 W
b11100000 \
0/
01
0"
08
b11000000000000000000000000000000000000000000000000000000000000 -
0(
b11010 $
1.
1'
0&
#16620000
0.
0'
#16640000
1Z
b11000000 \
b11101 W
b10011011000111110000010101100110 P
1.
1'
1&
#16660000
0.
0'
#16680000
b11110 W
b10000000 \
0Z
1/
11
1"
18
b11011 $
b110000000000000000000000000000000000000000000000000000000000000 -
1.
1'
0&
#16700000
0.
0'
#16720000
0/
01
0"
08
1Z
b0 \
b11111 W
b110110001111100000101011001100 P
1.
1'
1&
#16740000
0.
0'
#16760000
b100000 W
b10111010 \
1/
11
1"
18
b1100000000000000000000000000000000000000000000000000000000000000 -
b11100 $
1.
1'
0&
#16780000
0.
0'
#16800000
0Z
b1110100 \
b100001 W
b1101100011111000001010110011000 P
1.
1'
1&
#16820000
0.
0'
#16840000
b100010 W
b11101000 \
0/
01
0"
08
b11101 $
b1000000000000000000000000000000000000000000000000000000000000000 -
1(
1.
1'
0&
#16860000
0.
0'
#16880000
1Z
b11010000 \
b100011 W
b11011000111110000010101100110001 P
1.
1'
1&
#16900000
0.
0'
#16920000
b100100 W
b10100000 \
0Z
1/
11
1"
18
b11110 $
1.
1'
0&
#16940000
0.
0'
#16960000
0/
01
0"
08
1Z
b1000000 \
b100101 W
b10110001111100000101011001100011 P
1.
1'
1&
#16980000
0.
0'
#17000000
b100110 W
b10000000 \
1/
11
1"
18
b11111 $
0(
b1000110110111111001100110001101 ,
b110101110010111101100001101 +
b110101110010111101100001101010001101101111110011001100011010 -
1.
1'
0&
#17020000
0.
0'
#17040000
0Z
b0 \
b100111 W
b1100011111000001010110011000110 P
1.
1'
1&
#17060000
0.
0'
#17080000
1_
b101000 W
b10111010 \
0/
01
0"
08
b1101011100101111011000011010100011011011111100110011000110100 -
b0 $
00
0)
1.
1'
0&
#17100000
0.
0'
#17120000
1O
1I
1S
0a
1Z
b1110100 \
b101001 W
0G
b1101 J
b1110 K
0Q
b11000111110000010101100110001100 P
1.
1'
1&
#17140000
0.
0'
#17160000
0I
0_
0H
b101010 W
b11101000 \
1/
11
1"
18
0b
b1 $
b11010111001011110110000110101000110110111111001100110001101000 -
1.
1'
0&
#17180000
0.
0'
#17200000
0O
0S
0Z
b11010000 \
b101011 W
b1110 J
b10010000100110101100000100110 ;
b10010000100110101100000100110 E
b10010000100110101100000100110 T
b1111 K
b11000111110000010101100110001100 <
b11000111110000010101100110001100 ?
b11000111110000010101100110001100 N
0R
b10001111100000101011001100011000 P
1.
1'
1&
#17220000
0.
0'
#17240000
b1111 J
b0 K
b101100 W
b10100000 \
1Z
0/
01
0"
08
b110101110010111101100001101010001101101111110011001100011010000 -
b10 $
1.
1'
0&
#17260000
0.
0'
#17280000
1/
11
1"
18
0Z
b1000000 \
b101101 W
b0 J
b11000111110000010101100110001100 :
b11000111110000010101100110001100 F
b11000111110000010101100110001100 U
b1 K
b11111000001010110011000110000 P
1.
1'
1&
#17300000
0.
0'
#17320000
b1 J
b10 K
b101110 W
b10000000 \
0/
01
0"
08
b11 $
b1101011100101111011000011010100011011011111100110011000110100000 -
1.
1'
0&
#17340000
0.
0'
#17360000
1Z
b0 \
b101111 W
b10 J
b11 K
b111110000010101100110001100000 P
1.
1'
1&
#17380000
0.
0'
#17400000
b11 J
b100 K
b110000 W
b10101010 \
1/
11
1"
18
b1010111001011110110000110101000110110111111001100110001101000000 -
1(
b100 $
1.
1'
0&
#17420000
0.
0'
#17440000
0Z
b1010100 \
b110001 W
b100 J
b101 K
b1111100000101011001100011000001 P
1.
1'
1&
#17460000
0.
0'
#17480000
b101 J
b110 K
b110010 W
b10101000 \
0/
01
0"
08
b101 $
b101110010111101100001101010001101101111110011001100011010000000 -
1.
1'
0&
#17500000
0.
0'
#17520000
1Z
b1010000 \
b110011 W
b110 J
b111 K
b11111000001010110011000110000011 P
1.
1'
1&
#17540000
0.
0'
#17560000
b111 J
b1000 K
b110100 W
b10100000 \
1/
11
1"
18
b1011100101111011000011010100011011011111100110011000110100000000 -
0(
b110 $
1.
1'
0&
#17580000
0.
0'
#17600000
0Z
b1000000 \
b110101 W
b1000 J
b1001 K
b11110000010101100110001100000110 P
1.
1'
1&
#17620000
0.
0'
#17640000
b1001 J
b1010 K
b110110 W
b10000000 \
0/
01
0"
08
b111 $
b111001011110110000110101000110110111111001100110001101000000000 -
1(
1.
1'
0&
#17660000
0.
0'
#17680000
1Z
b0 \
b110111 W
b1010 J
b1011 K
b11100000101011001100011000001101 P
1.
1'
1&
#17700000
0.
0'
#17720000
b1011 J
b1100 K
b111000 W
b10101011 \
1/
11
1"
18
b1110010111101100001101010001101101111110011001100011010000000000 -
0(
b1000 $
1.
1'
0&
#17740000
0.
0'
#17760000
0Z
b1010110 \
b111001 W
b1100 J
b1101 K
b11000001010110011000110000011010 P
1.
1'
1&
#17780000
0.
0'
#17800000
b1101 J
b1110 K
b111010 W
b10101100 \
0/
01
0"
08
b1001 $
b1100101111011000011010100011011011111100110011000110100000000000 -
1(
1.
1'
0&
#17820000
0.
0'
#17840000
1Z
b1011000 \
b111011 W
b1110 J
b1111 K
b10000010101100110001100000110101 P
1.
1'
1&
#17860000
0.
0'
#17880000
b1111 J
b0 K
b111100 W
b10110000 \
1/
11
1"
18
b1001011110110000110101000110110111111001100110001101000000000000 -
b1010 $
1.
1'
0&
#17900000
0.
0'
#17920000
0Z
b1100000 \
b111101 W
b0 J
b1 K
b101011001100011000001101011 P
1.
1'
1&
#17940000
0.
0'
#17960000
b1 J
b10 K
b111110 W
b11000000 \
0/
01
0"
08
b1011 $
b10111101100001101010001101101111110011001100011010000000000000 -
1.
1'
0&
#17980000
0.
0'
#18000000
1Z
b10000000 \
b111111 W
b10 J
b11 K
b1010110011000110000011010111 P
1.
1'
1&
#18020000
0.
0'
#18040000
b11 J
b100 K
b0 W
b111 ]
b10010110 \
0Z
1/
11
1"
18
b101111011000011010100011011011111100110011000110100000000000000 -
0(
b1100 $
1.
1'
0&
#18060000
0.
0'
#18080000
0/
01
0"
08
1Z
b101100 \
b1 W
b100 J
b101 K
b10101100110001100000110101110 P
1.
1'
1&
#18100000
0.
0'
#18120000
b101 J
b110 K
b10 W
b1011000 \
1/
11
1"
18
b1101 $
b1011110110000110101000110110111111001100110001101000000000000000 -
1.
1'
0&
#18140000
0.
0'
#18160000
b10110000 \
b11 W
b110 J
b111 K
b101011001100011000001101011100 P
1.
1'
1&
#18180000
0.
0'
#18200000
b111 J
b1000 K
b100 W
b100100001001101011000 [
b1100000 \
0Z
b111101100001101010001101101111110011001100011010000000000000000 -
1(
b1110 $
1.
1'
0&
#18220000
0.
0'
#18240000
0/
01
0"
08
b11000000 \
0^
b101 W
b1000 J
b1001 K
b1010110011000110000011010111001 P
1.
1'
1&
#18260000
0.
0'
#18280000
b1001 J
b1010 K
b110 W
b10000000 \
1Z
b1111 $
b1111011000011010100011011011111100110011000110100000000000000000 -
0(
1.
1'
0&
#18300000
0.
0'
#18320000
1/
11
1"
18
0Z
b0 \
b111 W
b1010 J
b1011 K
b10101100110001100000110101110010 P
1.
1'
1&
#18340000
0.
0'
#18360000
b1011 J
b1100 K
b1000 W
b10101011 \
0/
01
0"
08
b1110110000110101000110110111111001100110001101000000000000000000 -
1(
b10000 $
1.
1'
0&
#18380000
0.
0'
#18400000
1Z
b1010110 \
b1001 W
b1100 J
b1101 K
b1011001100011000001101011100101 P
1.
1'
1&
#18420000
0.
0'
#18440000
b1101 J
b1110 K
b1010 W
b10101100 \
1/
11
1"
18
b10001 $
b1101100001101010001101101111110011001100011010000000000000000000 -
1.
1'
0&
#18460000
0.
0'
#18480000
0Z
b1011000 \
b1011 W
b1110 J
b1111 K
b10110011000110000011010111001011 P
1.
1'
1&
#18500000
0.
0'
#18520000
b1111 J
b0 K
b1100 W
b10110000 \
0/
01
0"
08
b1011000011010100011011011111100110011000110100000000000000000000 -
b10010 $
1.
1'
0&
#18540000
0.
0'
#18560000
1Z
b1100000 \
b1101 W
b0 J
b1 K
b1100110001100000110101110010111 P
1.
1'
1&
#18580000
0.
0'
#18600000
b1 J
b10 K
b1110 W
b11000000 \
1/
11
1"
18
b10011 $
b110000110101000110110111111001100110001101000000000000000000000 -
1.
1'
0&
#18620000
0.
0'
#18640000
0Z
b10000000 \
b1111 W
b10 J
b11 K
b11001100011000001101011100101111 P
1.
1'
1&
#18660000
0.
0'
#18680000
b11 J
b100 K
b10000 W
b11101110 \
1Z
0/
01
0"
08
b1100001101010001101101111110011001100011010000000000000000000000 -
0(
b10100 $
1.
1'
0&
#18700000
0.
0'
#18720000
1/
11
1"
18
0Z
b11011100 \
b10001 W
b100 J
b101 K
b10011000110000011010111001011110 P
1.
1'
1&
#18740000
0.
0'
#18760000
b101 J
b110 K
b10010 W
b10111000 \
1Z
0/
01
0"
08
b10101 $
b1000011010100011011011111100110011000110100000000000000000000000 -
1(
1.
1'
0&
#18780000
0.
0'
#18800000
1/
11
1"
18
0Z
b1110000 \
b10011 W
b110 J
b111 K
b110001100000110101110010111101 P
1.
1'
1&
#18820000
0.
0'
#18840000
b111 J
b1000 K
b10100 W
b11100000 \
0/
01
0"
08
b110101000110110111111001100110001101000000000000000000000000 -
b10110 $
1.
1'
0&
#18860000
0.
0'
#18880000
1Z
b11000000 \
b10101 W
b1000 J
b1001 K
b1100011000001101011100101111011 P
1.
1'
1&
#18900000
0.
0'
#18920000
b1001 J
b1010 K
b10110 W
b10000000 \
0Z
1/
11
1"
18
b10111 $
b1101010001101101111110011001100011010000000000000000000000000 -
0(
1.
1'
0&
#18940000
0.
0'
#18960000
0/
01
0"
08
1Z
b0 \
b10111 W
b1010 J
b1011 K
b11000110000011010111001011110110 P
1.
1'
1&
#18980000
0.
0'
#19000000
b1011 J
b1100 K
b11000 W
b11111010 \
1/
11
1"
18
b11010100011011011111100110011000110100000000000000000000000000 -
b11000 $
1.
1'
0&
#19020000
0.
0'
#19040000
0Z
b11110100 \
b11001 W
b1100 J
b1101 K
b10001100000110101110010111101100 P
1.
1'
1&
#19060000
0.
0'
#19080000
b1101 J
b1110 K
b11010 W
b11101000 \
1Z
0/
01
0"
08
b11001 $
b110101000110110111111001100110001101000000000000000000000000000 -
1.
1'
0&
#19100000
0.
0'
#19120000
1/
11
1"
18
0Z
b11010000 \
b11011 W
b1110 J
b1111 K
b11000001101011100101111011000 P
1.
1'
1&
#19140000
0.
0'
#19160000
b1111 J
b0 K
b11100 W
b10100000 \
1Z
0/
01
0"
08
b1101010001101101111110011001100011010000000000000000000000000000 -
b11010 $
1.
1'
0&
#19180000
0.
0'
#19200000
1/
11
1"
18
0Z
b1000000 \
b11101 W
b0 J
b1 K
b110000011010111001011110110000 P
1.
1'
1&
#19220000
0.
0'
#19240000
b1 J
b10 K
b11110 W
b10000000 \
0/
01
0"
08
b11011 $
b1010100011011011111100110011000110100000000000000000000000000000 -
1(
1.
1'
0&
#19260000
0.
0'
#19280000
1Z
b0 \
b11111 W
b10 J
b11 K
b1100000110101110010111101100001 P
1.
1'
1&
#19300000
0.
0'
#19320000
b11 J
b100 K
b100000 W
b11101010 \
1/
11
1"
18
b101000110110111111001100110001101000000000000000000000000000000 -
b11100 $
1.
1'
0&
#19340000
0.
0'
#19360000
0Z
b11010100 \
b100001 W
b100 J
b101 K
b11000001101011100101111011000011 P
1.
1'
1&
#19380000
0.
0'
#19400000
b101 J
b110 K
b100010 W
b10101000 \
1Z
0/
01
0"
08
b11101 $
b1010001101101111110011001100011010000000000000000000000000000000 -
0(
1.
1'
0&
#19420000
0.
0'
#19440000
1/
11
1"
18
0Z
b1010000 \
b100011 W
b110 J
b111 K
b10000011010111001011110110000110 P
1.
1'
1&
#19460000
0.
0'
#19480000
b111 J
b1000 K
b100100 W
b10100000 \
0/
01
0"
08
b100011011011111100110011000110100000000000000000000000000000000 -
1(
b11110 $
1.
1'
0&
#19500000
0.
0'
#19520000
1Z
b1000000 \
b100101 W
b1000 J
b1001 K
b110101110010111101100001101 P
1.
1'
1&
#19540000
0.
0'
#19560000
b1001 J
b1010 K
b100110 W
b10000000 \
1/
11
1"
18
b11111 $
b1000110110111111001100110001101000000000000000000000000000000000 -
0(
1.
1'
0&
#19580000
0.
0'
#19600000
0Z
b0 \
b100111 W
b1010 J
b1011 K
b1101011100101111011000011010 P
1.
1'
1&
#19620000
0.
0'
#19640000
b1011 J
b1100 K
b101000 W
b10111010 \
0/
01
0"
08
b1101101111110011001100011010000000000000000000000000000000000 -
1(
b0 $
10
1)
1.
1'
0&
#19660000
0.
0'
#19680000
1M
1I
1S
1a
1Z
b1110100 \
b101001 W
1G
1Q
b11010111001011110110000110101 P
1.
1'
1&
#19700000
0.
0'
#19720000
0I
1H
b101010 W
b11101000 \
1/
11
1"
18
1b
b1 $
b11011011111100110011000110100000000000000000000000000000000000 -
0(
1.
1'
0&
#19740000
0.
0'
#19760000
0M
0S
0Z
b11010000 \
b101011 W
b11010111001011110110000110101 =
b11010111001011110110000110101 @
b11010111001011110110000110101 L
1R
b110101110010111101100001101010 P
1.
1'
1&
#19780000
0.
0'
#19800000
b101100 W
b10100000 \
1Z
0/
01
0"
08
b110110111111001100110001101000000000000000000000000000000000000 -
b10 $
1.
1'
0&
#19820000
0.
0'
#19840000
1/
11
1"
18
0Z
b1000000 \
b101101 W
b1101011100101111011000011010100 P
1.
1'
1&
#19860000
0.
0'
#19880000
b101110 W
b10000000 \
0/
01
0"
08
b11 $
b1101101111110011001100011010000000000000000000000000000000000000 -
1.
1'
0&
#19900000
0.
0'
#19920000
1Z
b0 \
b101111 W
b11010111001011110110000110101000 P
1.
1'
1&
#19940000
0.
0'
#19960000
b110000 W
b11101010 \
1/
11
1"
18
b1011011111100110011000110100000000000000000000000000000000000000 -
1(
b100 $
1.
1'
0&
#19980000
0.
0'
#20000000
0Z
b11010100 \
b110001 W
b10101110010111101100001101010001 P
1.
1'
1&
#20020000
0.
0'
#20040000
b110010 W
b10101000 \
1Z
0/
01
0"
08
b101 $
b110111111001100110001101000000000000000000000000000000000000000 -
1.
1'
0&
#20060000
0.
0'
#20080000
1/
11
1"
18
0Z
b1010000 \
b110011 W
b1011100101111011000011010100011 P
1.
1'
1&
#20100000
0.
0'
#20120000
b110100 W
b10100000 \
0/
01
0"
08
b1101111110011001100011010000000000000000000000000000000000000000 -
0(
b110 $
1.
1'
0&
#20140000
0.
0'
#20160000
1Z
b1000000 \
b110101 W
b10111001011110110000110101000110 P
1.
1'
1&
#20180000
0.
0'
#20200000
b110110 W
b10000000 \
1/
11
1"
18
b111 $
b1011111100110011000110100000000000000000000000000000000000000000 -
1(
1.
1'
0&
#20220000
0.
0'
#20240000
0Z
b0 \
b110111 W
b1110010111101100001101010001101 P
1.
1'
1&
#20260000
0.
0'
#20280000
b111000 W
b10101010 \
0/
01
0"
08
b111111001100110001101000000000000000000000000000000000000000000 -
b1000 $
1.
1'
0&
#20300000
0.
0'
#20320000
1Z
b1010100 \
b111001 W
b11100101111011000011010100011011 P
1.
1'
1&
#20340000
0.
0'
#20360000
b111010 W
b10101000 \
1/
11
1"
18
b1001 $
b1111110011001100011010000000000000000000000000000000000000000000 -
0(
1.
1'
0&
#20380000
0.
0'
#20400000
0Z
b1010000 \
b111011 W
b11001011110110000110101000110110 P
1.
1'
1&
#20420000
0.
0'
#20440000
b111100 W
b10100000 \
0/
01
0"
08
b1111100110011000110100000000000000000000000000000000000000000000 -
1(
b1010 $
1.
1'
0&
#20460000
0.
0'
#20480000
1Z
b1000000 \
b111101 W
b10010111101100001101010001101101 P
1.
1'
1&
#20500000
0.
0'
#20520000
b111110 W
b10000000 \
1/
11
1"
18
b1011 $
b1111001100110001101000000000000000000000000000000000000000000000 -
1.
1'
0&
#20540000
0.
0'
#20560000
0Z
b0 \
b111111 W
b101111011000011010100011011011 P
1.
1'
1&
#20580000
0.
0'
#20600000
b0 W
b1000 ]
b10000000000 Y
b10010011 \
0/
01
0"
08
b1110011001100011010000000000000000000000000000000000000000000000 -
b1100 $
1.
1'
0&
#20620000
0.
0'
#20640000
1Z
b100110 \
b1 W
b1011110110000110101000110110111 P
1.
1'
1&
#20660000
0.
0'
#20680000
b10 W
b1001100 \
1/
11
1"
18
b1101 $
b1100110011000110100000000000000000000000000000000000000000000000 -
1.
1'
0&
#20700000
0.
0'
#20720000
b10011000 \
b11 W
b10111101100001101010001101101111 P
1.
1'
1&
#20740000
0.
0'
#20760000
b100 W
b110001111100000101011001 [
b110000 \
0Z
b1001100110001101000000000000000000000000000000000000000000000000 -
b1110 $
1.
1'
0&
#20780000
0.
0'
#20800000
0/
01
0"
08
b1100000 \
b101 W
b1111011000011010100011011011111 P
1.
1'
1&
#20820000
0.
0'
#20840000
b110 W
b11000000 \
b1111 $
b11001100011010000000000000000000000000000000000000000000000000 -
1.
1'
0&
#20860000
0.
0'
#20880000
1Z
b10000000 \
b111 W
b11110110000110101000110110111111 P
1.
1'
1&
#20900000
0.
0'
#20920000
b1000 W
b11101011 \
0Z
1/
11
1"
18
b110011000110100000000000000000000000000000000000000000000000000 -
0(
b10000 $
1.
1'
0&
#20940000
0.
0'
#20960000
0/
01
0"
08
1Z
b11010110 \
b1001 W
b11101100001101010001101101111110 P
1.
1'
1&
#20980000
0.
0'
#21000000
b1010 W
b10101100 \
0Z
1/
11
1"
18
b10001 $
b1100110001101000000000000000000000000000000000000000000000000000 -
1.
1'
0&
#21020000
0.
0'
#21040000
0/
01
0"
08
1Z
b1011000 \
b1011 W
b11011000011010100011011011111100 P
1.
1'
1&
#21060000
0.
0'
#21080000
b1100 W
b10110000 \
1/
11
1"
18
b1001100011010000000000000000000000000000000000000000000000000000 -
1(
b10010 $
1.
1'
0&
#21100000
0.
0'
#21120000
0Z
b1100000 \
b1101 W
b10110000110101000110110111111001 P
1.
1'
1&
#21140000
0.
0'
#21160000
b1110 W
b11000000 \
0/
01
0"
08
b10011 $
b11000110100000000000000000000000000000000000000000000000000000 -
1.
1'
0&
#21180000
0.
0'
#21200000
1Z
b10000000 \
b1111 W
b1100001101010001101101111110011 P
1.
1'
1&
#21220000
0.
0'
#21240000
b10000 W
b11101110 \
0Z
1/
11
1"
18
b110001101000000000000000000000000000000000000000000000000000000 -
0(
b10100 $
1.
1'
0&
#21260000
0.
0'
#21280000
0/
01
0"
08
1Z
b11011100 \
b10001 W
b11000011010100011011011111100110 P
1.
1'
1&
#21300000
0.
0'
#21320000
b10010 W
b10111000 \
0Z
1/
11
1"
18
b10101 $
b1100011010000000000000000000000000000000000000000000000000000000 -
1.
1'
0&
#21340000
0.
0'
#21360000
0/
01
0"
08
1Z
b1110000 \
b10011 W
b10000110101000110110111111001100 P
1.
1'
1&
#21380000
0.
0'
#21400000
b10100 W
b11100000 \
1/
11
1"
18
b1000110100000000000000000000000000000000000000000000000000000000 -
1(
b10110 $
1.
1'
0&
#21420000
0.
0'
#21440000
0Z
b11000000 \
b10101 W
b1101010001101101111110011001 P
1.
1'
1&
#21460000
0.
0'
#21480000
b10110 W
b10000000 \
1Z
0/
01
0"
08
b10111 $
b1101000000000000000000000000000000000000000000000000000000000 -
1.
1'
0&
#21500000
0.
0'
#21520000
1/
11
1"
18
0Z
b0 \
b10111 W
b11010100011011011111100110011 P
1.
1'
1&
#21540000
0.
0'
#21560000
b11000 W
b11101010 \
0/
01
0"
08
b11010000000000000000000000000000000000000000000000000000000000 -
0(
b11000 $
1.
1'
0&
#21580000
0.
0'
#21600000
1Z
b11010100 \
b11001 W
b110101000110110111111001100110 P
1.
1'
1&
#21620000
0.
0'
#21640000
b11010 W
b10101000 \
0Z
1/
11
1"
18
b11001 $
b110100000000000000000000000000000000000000000000000000000000000 -
1.
1'
0&
#21660000
0.
0'
#21680000
0/
01
0"
08
1Z
b1010000 \
b11011 W
b1101010001101101111110011001100 P
1.
1'
1&
#21700000
0.
0'
#21720000
b11100 W
b10100000 \
1/
11
1"
18
b1101000000000000000000000000000000000000000000000000000000000000 -
b11010 $
1.
1'
0&
#21740000
0.
0'
#21760000
0Z
b1000000 \
b11101 W
b11010100011011011111100110011000 P
1.
1'
1&
#21780000
0.
0'
#21800000
b11110 W
b10000000 \
0/
01
0"
08
b11011 $
b1010000000000000000000000000000000000000000000000000000000000000 -
1(
1.
1'
0&
#21820000
0.
0'
#21840000
1Z
b0 \
b11111 W
b10101000110110111111001100110001 P
1.
1'
1&
#21860000
0.
0'
#21880000
b100000 W
b10101111 \
1/
11
1"
18
b100000000000000000000000000000000000000000000000000000000000000 -
b11100 $
1.
1'
0&
#21900000
0.
0'
#21920000
0Z
b1011110 \
b100001 W
b1010001101101111110011001100011 P
1.
1'
1&
#21940000
0.
0'
#21960000
b100010 W
b10111100 \
0/
01
0"
08
b11101 $
b1000000000000000000000000000000000000000000000000000000000000000 -
0(
1.
1'
0&
#21980000
0.
0'
#22000000
1Z
b1111000 \
b100011 W
b10100011011011111100110011000110 P
1.
1'
1&
#22020000
0.
0'
#22040000
b100100 W
b11110000 \
1/
11
1"
18
1(
b11110 $
1.
1'
0&
#22060000
0.
0'
#22080000
0Z
b11100000 \
b100101 W
b1000110110111111001100110001101 P
1.
1'
1&
#22100000
0.
0'
#22120000
b100110 W
b11000000 \
1Z
0/
01
0"
08
b11111 $
b10001001001101110101001000010010 ,
b10110010110000101000010001100101 +
b110010110000101000010001100101100010010011011101010010000100100 -
1.
1'
0&
#22140000
0.
0'
#22160000
1/
11
1"
18
0Z
b10000000 \
b100111 W
b10001101101111110011001100011011 P
1.
1'
1&
#22180000
0.
0'
#22200000
1_
b101000 W
b11111110 \
1Z
0/
01
0"
08
b1100101100001010000100011001011000100100110111010100100001001000 -
0(
b0 $
00
0)
1.
1'
0&
#22220000
0.
0'
#22240000
1O
1I
1S
0a
1/
11
1"
18
0Z
b11111100 \
b101001 W
0G
b1100 J
b1101 K
0Q
b11011011111100110011000110110 P
1.
1'
1&
#22260000
0.
0'
#22280000
0I
0_
0H
b101010 W
b11111000 \
1Z
0/
01
0"
08
0b
b1 $
b1001011000010100001000110010110001001001101110101001000010010000 -
1(
1.
1'
0&
#22300000
0.
0'
#22320000
0O
0S
1/
11
1"
18
0Z
b11110000 \
b101011 W
b1101 J
b11010111001011110110000110101 ;
b11010111001011110110000110101 E
b11010111001011110110000110101 T
b1110 K
b11011011111100110011000110110 <
b11011011111100110011000110110 ?
b11011011111100110011000110110 N
0R
b110110111111001100110001101101 P
1.
1'
1&
#22340000
0.
0'
#22360000
b1110 J
b1111 K
b101100 W
b11100000 \
1Z
0/
01
0"
08
b10110000101000010001100101100010010011011101010010000100100000 -
b10 $
1.
1'
0&
#22380000
0.
0'
#22400000
1/
11
1"
18
0Z
b11000000 \
b101101 W
b1111 J
b11011011111100110011000110110 :
b11011011111100110011000110110 F
b11011011111100110011000110110 U
b0 K
b1101101111110011001100011011011 P
1.
1'
1&
#22420000
0.
0'
#22440000
b0 J
b1 K
b101110 W
b10000000 \
1Z
0/
01
0"
08
b11 $
b101100001010000100011001011000100100110111010100100001001000000 -
0(
1.
1'
0&
#22460000
0.
0'
#22480000
1/
11
1"
18
0Z
b0 \
b101111 W
b1 J
b10 K
b11011011111100110011000110110110 P
1.
1'
1&
#22500000
0.
0'
#22520000
b10 J
b11 K
b110000 W
b10101111 \
0/
01
0"
08
b1011000010100001000110010110001001001101110101001000010010000000 -
b100 $
1.
1'
0&
#22540000
0.
0'
#22560000
1Z
b1011110 \
b110001 W
b11 J
b100 K
b10110111111001100110001101101100 P
1.
1'
1&
#22580000
0.
0'
#22600000
b100 J
b101 K
b110010 W
b10111100 \
1/
11
1"
18
b101 $
b110000101000010001100101100010010011011101010010000100100000000 -
1(
1.
1'
0&
#22620000
0.
0'
#22640000
0Z
b1111000 \
b110011 W
b101 J
b110 K
b1101111110011001100011011011001 P
1.
1'
1&
#22660000
0.
0'
#22680000
b110 J
b111 K
b110100 W
b11110000 \
0/
01
0"
08
b1100001010000100011001011000100100110111010100100001001000000000 -
0(
b110 $
1.
1'
0&
#22700000
0.
0'
#22720000
1Z
b11100000 \
b110101 W
b111 J
b1000 K
b11011111100110011000110110110010 P
1.
1'
1&
#22740000
0.
0'
#22760000
b1000 J
b1001 K
b110110 W
b11000000 \
0Z
1/
11
1"
18
b111 $
b1000010100001000110010110001001001101110101001000010010000000000 -
1(
1.
1'
0&
#22780000
0.
0'
#22800000
0/
01
0"
08
1Z
b10000000 \
b110111 W
b1001 J
b1010 K
b10111111001100110001101101100101 P
1.
1'
1&
#22820000
0.
0'
#22840000
b1010 J
b1011 K
b111000 W
b10101010 \
0Z
1/
11
1"
18
b101000010001100101100010010011011101010010000100100000000000 -
b1000 $
1.
1'
0&
#22860000
0.
0'
#22880000
0/
01
0"
08
1Z
b1010100 \
b111001 W
b1011 J
b1100 K
b1111110011001100011011011001011 P
1.
1'
1&
#22900000
0.
0'
#22920000
b1100 J
b1101 K
b111010 W
b10101000 \
1/
11
1"
18
b1001 $
b1010000100011001011000100100110111010100100001001000000000000 -
0(
1.
1'
0&
#22940000
0.
0'
#22960000
0Z
b1010000 \
b111011 W
b1101 J
b1110 K
b11111100110011000110110110010110 P
1.
1'
1&
#22980000
0.
0'
#23000000
b1110 J
b1111 K
b111100 W
b10100000 \
0/
01
0"
08
b10100001000110010110001001001101110101001000010010000000000000 -
b1010 $
1.
1'
0&
#23020000
0.
0'
#23040000
1Z
b1000000 \
b111101 W
b1111 J
b0 K
b11111001100110001101101100101100 P
1.
1'
1&
#23060000
0.
0'
#23080000
b0 J
b1 K
b111110 W
b10000000 \
1/
11
1"
18
b1011 $
b101000010001100101100010010011011101010010000100100000000000000 -
1.
1'
0&
#23100000
0.
0'
#23120000
0Z
b0 \
b111111 W
b1 J
b10 K
b11110011001100011011011001011000 P
1.
1'
1&
#23140000
0.
0'
#23160000
b10 J
b11 K
b0 W
b1001 ]
b10010110 \
0/
01
0"
08
b1010000100011001011000100100110111010100100001001000000000000000 -
b1100 $
1.
1'
0&
#23180000
0.
0'
#23200000
1Z
b101100 \
b1 W
b11 J
b100 K
b11100110011000110110110010110000 P
1.
1'
1&
#23220000
0.
0'
#23240000
b100 J
b101 K
b10 W
b1011000 \
1/
11
1"
18
b1101 $
b100001000110010110001001001101110101001000010010000000000000000 -
1(
1.
1'
0&
#23260000
0.
0'
#23280000
b10110000 \
b11 W
b101 J
b110 K
b11001100110001101101100101100001 P
1.
1'
1&
#23300000
0.
0'
#23320000
b110 J
b111 K
b100 W
b110101110010111101100 [
b1100000 \
0Z
b1000010001100101100010010011011101010010000100100000000000000000 -
0(
b1110 $
1.
1'
0&
#23340000
0.
0'
#23360000
0/
01
0"
08
b11000000 \
1^
b101 W
b111 J
b1000 K
b10011001100011011011001011000010 P
1.
1'
1&
#23380000
0.
0'
#23400000
b1000 J
b1001 K
b110 W
b10000000 \
1Z
b1111 $
b100011001011000100100110111010100100001001000000000000000000 -
1(
1.
1'
0&
#23420000
0.
0'
#23440000
1/
11
1"
18
0Z
b0 \
b111 W
b1001 J
b1010 K
b110011000110110110010110000101 P
1.
1'
1&
#23460000
0.
0'
#23480000
b1010 J
b1011 K
b1000 W
b10101111 \
0/
01
0"
08
b1000110010110001001001101110101001000010010000000000000000000 -
0(
b10000 $
1.
1'
0&
#23500000
0.
0'
#23520000
1Z
b1011110 \
b1001 W
b1011 J
b1100 K
b1100110001101101100101100001010 P
1.
1'
1&
#23540000
0.
0'
#23560000
b1100 J
b1101 K
b1010 W
b10111100 \
1/
11
1"
18
b10001 $
b10001100101100010010011011101010010000100100000000000000000000 -
1.
1'
0&
#23580000
0.
0'
#23600000
0Z
b1111000 \
b1011 W
b1101 J
b1110 K
b11001100011011011001011000010100 P
1.
1'
1&
#23620000
0.
0'
#23640000
b1110 J
b1111 K
b1100 W
b11110000 \
0/
01
0"
08
b100011001011000100100110111010100100001001000000000000000000000 -
b10010 $
1.
1'
0&
#23660000
0.
0'
#23680000
1Z
b11100000 \
b1101 W
b1111 J
b0 K
b10011000110110110010110000101000 P
1.
1'
1&
#23700000
0.
0'
#23720000
b0 J
b1 K
b1110 W
b11000000 \
0Z
1/
11
1"
18
b10011 $
b1000110010110001001001101110101001000010010000000000000000000000 -
1.
1'
0&
#23740000
0.
0'
#23760000
0/
01
0"
08
1Z
b10000000 \
b1111 W
b1 J
b10 K
b110001101101100101100001010000 P
1.
1'
1&
#23780000
0.
0'
#23800000
b10 J
b11 K
b10000 W
b10111111 \
0Z
1/
11
1"
18
b1100101100010010011011101010010000100100000000000000000000000 -
1(
b10100 $
1.
1'
0&
#23820000
0.
0'
#23840000
0/
01
0"
08
1Z
b1111110 \
b10001 W
b11 J
b100 K
b1100011011011001011000010100001 P
1.
1'
1&
#23860000
0.
0'
#23880000
b100 J
b101 K
b10010 W
b11111100 \
1/
11
1"
18
b10101 $
b11001011000100100110111010100100001001000000000000000000000000 -
0(
1.
1'
0&
#23900000
0.
0'
#23920000
0Z
b11111000 \
b10011 W
b101 J
b110 K
b11000110110110010110000101000010 P
1.
1'
1&
#23940000
0.
0'
#23960000
b110 J
b111 K
b10100 W
b11110000 \
1Z
0/
01
0"
08
b110010110001001001101110101001000010010000000000000000000000000 -
b10110 $
1.
1'
0&
#23980000
0.
0'
#24000000
1/
11
1"
18
0Z
b11100000 \
b10101 W
b111 J
b1000 K
b10001101101100101100001010000100 P
1.
1'
1&
#24020000
0.
0'
#24040000
b1000 J
b1001 K
b10110 W
b11000000 \
1Z
0/
01
0"
08
b10111 $
b1100101100010010011011101010010000100100000000000000000000000000 -
1.
1'
0&
#24060000
0.
0'
#24080000
1/
11
1"
18
0Z
b10000000 \
b10111 W
b1001 J
b1010 K
b11011011001011000010100001000 P
1.
1'
1&
#24100000
0.
0'
#24120000
b1010 J
b1011 K
b11000 W
b11101110 \
1Z
0/
01
0"
08
b1001011000100100110111010100100001001000000000000000000000000000 -
1(
b11000 $
1.
1'
0&
#24140000
0.
0'
#24160000
1/
11
1"
18
0Z
b11011100 \
b11001 W
b1011 J
b1100 K
b110110110010110000101000010001 P
1.
1'
1&
#24180000
0.
0'
#24200000
b1100 J
b1101 K
b11010 W
b10111000 \
1Z
0/
01
0"
08
b11001 $
b10110001001001101110101001000010010000000000000000000000000000 -
1.
1'
0&
#24220000
0.
0'
#24240000
1/
11
1"
18
0Z
b1110000 \
b11011 W
b1101 J
b1110 K
b1101101100101100001010000100011 P
1.
1'
1&
#24260000
0.
0'
#24280000
b1110 J
b1111 K
b11100 W
b11100000 \
0/
01
0"
08
b101100010010011011101010010000100100000000000000000000000000000 -
0(
b11010 $
1.
1'
0&
#24300000
0.
0'
#24320000
1Z
b11000000 \
b11101 W
b1111 J
b0 K
b11011011001011000010100001000110 P
1.
1'
1&
#24340000
0.
0'
#24360000
b0 J
b1 K
b11110 W
b10000000 \
0Z
1/
11
1"
18
b11011 $
b1011000100100110111010100100001001000000000000000000000000000000 -
1.
1'
0&
#24380000
0.
0'
#24400000
0/
01
0"
08
1Z
b0 \
b11111 W
b1 J
b10 K
b10110110010110000101000010001100 P
1.
1'
1&
#24420000
0.
0'
#24440000
b10 J
b11 K
b100000 W
b10111111 \
1/
11
1"
18
b110001001001101110101001000010010000000000000000000000000000000 -
1(
b11100 $
1.
1'
0&
#24460000
0.
0'
#24480000
0Z
b1111110 \
b100001 W
b11 J
b100 K
b1101100101100001010000100011001 P
1.
1'
1&
#24500000
0.
0'
#24520000
b100 J
b101 K
b100010 W
b11111100 \
0/
01
0"
08
b11101 $
b1100010010011011101010010000100100000000000000000000000000000000 -
0(
1.
1'
0&
#24540000
0.
0'
#24560000
1Z
b11111000 \
b100011 W
b101 J
b110 K
b11011001011000010100001000110010 P
1.
1'
1&
#24580000
0.
0'
#24600000
b110 J
b111 K
b100100 W
b11110000 \
0Z
1/
11
1"
18
b1000100100110111010100100001001000000000000000000000000000000000 -
1(
b11110 $
1.
1'
0&
#24620000
0.
0'
#24640000
0/
01
0"
08
1Z
b11100000 \
b100101 W
b111 J
b1000 K
b10110010110000101000010001100101 P
1.
1'
1&
#24660000
0.
0'
#24680000
b1000 J
b1001 K
b100110 W
b11000000 \
0Z
1/
11
1"
18
b11111 $
b1001001101110101001000010010000000000000000000000000000000000 -
1.
1'
0&
#24700000
0.
0'
#24720000
0/
01
0"
08
1Z
b10000000 \
b100111 W
b1001 J
b1010 K
b1100101100001010000100011001011 P
1.
1'
1&
#24740000
0.
0'
#24760000
b1010 J
b1011 K
b101000 W
b10111011 \
0Z
1/
11
1"
18
b10010011011101010010000100100000000000000000000000000000000000 -
0(
b0 $
10
1)
1.
1'
0&
#24780000
0.
0'
#24800000
1M
1I
1S
1a
0/
01
0"
08
1Z
b1110110 \
b101001 W
1G
1Q
b11001011000010100001000110010110 P
1.
1'
1&
#24820000
0.
0'
#24840000
0I
1H
b101010 W
b11101100 \
1/
11
1"
18
1b
b1 $
b100100110111010100100001001000000000000000000000000000000000000 -
1.
1'
0&
#24860000
0.
0'
#24880000
0M
0S
0Z
b11011000 \
b101011 W
b11001011000010100001000110010110 =
b11001011000010100001000110010110 @
b11001011000010100001000110010110 L
1R
b10010110000101000010001100101100 P
1.
1'
1&
#24900000
0.
0'
#24920000
b101100 W
b10110000 \
1Z
0/
01
0"
08
b1001001101110101001000010010000000000000000000000000000000000000 -
b10 $
1.
1'
0&
#24940000
0.
0'
#24960000
1/
11
1"
18
0Z
b1100000 \
b101101 W
b101100001010000100011001011000 P
1.
1'
1&
#24980000
0.
0'
#25000000
b101110 W
b11000000 \
0/
01
0"
08
b11 $
b10011011101010010000100100000000000000000000000000000000000000 -
1(
1.
1'
0&
#25020000
0.
0'
#25040000
1Z
b10000000 \
b101111 W
b1011000010100001000110010110001 P
1.
1'
1&
#25060000
0.
0'
#25080000
b110000 W
b11101010 \
0Z
1/
11
1"
18
b100110111010100100001001000000000000000000000000000000000000000 -
0(
b100 $
1.
1'
0&
#25100000
0.
0'
#25120000
0/
01
0"
08
1Z
b11010100 \
b110001 W
b10110000101000010001100101100010 P
1.
1'
1&
#25140000
0.
0'
#25160000
b110010 W
b10101000 \
0Z
1/
11
1"
18
b101 $
b1001101110101001000010010000000000000000000000000000000000000000 -
1.
1'
0&
#25180000
0.
0'
#25200000
0/
01
0"
08
1Z
b1010000 \
b110011 W
b1100001010000100011001011000100 P
1.
1'
1&
#25220000
0.
0'
#25240000
b110100 W
b10100000 \
1/
11
1"
18
b11011101010010000100100000000000000000000000000000000000000000 -
1(
b110 $
1.
1'
0&
#25260000
0.
0'
#25280000
0Z
b1000000 \
b110101 W
b11000010100001000110010110001001 P
1.
1'
1&
#25300000
0.
0'
#25320000
b110110 W
b10000000 \
0/
01
0"
08
b111 $
b110111010100100001001000000000000000000000000000000000000000000 -
0(
1.
1'
0&
#25340000
0.
0'
#25360000
1Z
b0 \
b110111 W
b10000101000010001100101100010010 P
1.
1'
1&
#25380000
0.
0'
#25400000
b111000 W
b10101011 \
1/
11
1"
18
b1101110101001000010010000000000000000000000000000000000000000000 -
b1000 $
1.
1'
0&
#25420000
0.
0'
#25440000
0Z
b1010110 \
b111001 W
b1010000100011001011000100100 P
1.
1'
1&
#25460000
0.
0'
#25480000
b111010 W
b10101100 \
0/
01
0"
08
b1001 $
b1011101010010000100100000000000000000000000000000000000000000000 -
1(
1.
1'
0&
#25500000
0.
0'
#25520000
1Z
b1011000 \
b111011 W
b10100001000110010110001001001 P
1.
1'
1&
#25540000
0.
0'
#25560000
b111100 W
b10110000 \
1/
11
1"
18
b111010100100001001000000000000000000000000000000000000000000000 -
b1010 $
1.
1'
0&
#25580000
0.
0'
#25600000
0Z
b1100000 \
b111101 W
b101000010001100101100010010011 P
1.
1'
1&
#25620000
0.
0'
#25640000
b111110 W
b11000000 \
0/
01
0"
08
b1011 $
b1110101001000010010000000000000000000000000000000000000000000000 -
0(
1.
1'
0&
#25660000
0.
0'
#25680000
1Z
b10000000 \
b111111 W
b1010000100011001011000100100110 P
1.
1'
1&
#25700000
0.
0'
#25720000
b0 W
b1010 ]
b100000000000 Y
b10010011 \
0Z
1/
11
1"
18
b1101010010000100100000000000000000000000000000000000000000000000 -
1(
b1100 $
1.
1'
0&
#25740000
0.
0'
#25760000
0/
01
0"
08
1Z
b100110 \
b1 W
b10100001000110010110001001001101 P
1.
1'
1&
#25780000
0.
0'
#25800000
b10 W
b1001100 \
1/
11
1"
18
b1101 $
b1010100100001001000000000000000000000000000000000000000000000000 -
1.
1'
0&
#25820000
0.
0'
#25840000
b10011000 \
b11 W
b1000010001100101100010010011011 P
1.
1'
1&
#25860000
0.
0'
#25880000
b100 W
b110110111111001100110 [
b110000 \
0Z
b101001000010010000000000000000000000000000000000000000000000000 -
b1110 $
1.
1'
0&
#25900000
0.
0'
#25920000
0/
01
0"
08
b1100000 \
0^
b101 W
b10000100011001011000100100110111 P
1.
1'
1&
#25940000
0.
0'
#25960000
b110 W
b11000000 \
b1111 $
b1010010000100100000000000000000000000000000000000000000000000000 -
0(
1.
1'
0&
#25980000
0.
0'
#26000000
1Z
b10000000 \
b111 W
b1000110010110001001001101110 P
1.
1'
1&
#26020000
0.
0'
#26040000
b1000 W
b10111110 \
0Z
1/
11
1"
18
b100100001001000000000000000000000000000000000000000000000000000 -
1(
b10000 $
1.
1'
0&
#26060000
0.
0'
#26080000
0/
01
0"
08
1Z
b1111100 \
b1001 W
b10001100101100010010011011101 P
1.
1'
1&
#26100000
0.
0'
#26120000
b1010 W
b11111000 \
1/
11
1"
18
b10001 $
b1001000010010000000000000000000000000000000000000000000000000000 -
0(
1.
1'
0&
#26140000
0.
0'
#26160000
0Z
b11110000 \
b1011 W
b100011001011000100100110111010 P
1.
1'
1&
#26180000
0.
0'
#26200000
b1100 W
b11100000 \
1Z
0/
01
0"
08
b10000100100000000000000000000000000000000000000000000000000000 -
1(
b10010 $
1.
1'
0&
#26220000
0.
0'
#26240000
1/
11
1"
18
0Z
b11000000 \
b1101 W
b1000110010110001001001101110101 P
1.
1'
1&
#26260000
0.
0'
#26280000
b1110 W
b10000000 \
1Z
0/
01
0"
08
b10011 $
b100001001000000000000000000000000000000000000000000000000000000 -
0(
1.
1'
0&
#26300000
0.
0'
#26320000
1/
11
1"
18
0Z
b0 \
b1111 W
b10001100101100010010011011101010 P
1.
1'
1&
#26340000
0.
0'
#26360000
b10000 W
b10111110 \
0/
01
0"
08
b1000010010000000000000000000000000000000000000000000000000000000 -
b10100 $
1.
1'
0&
#26380000
0.
0'
#26400000
1Z
b1111100 \
b10001 W
b11001011000100100110111010100 P
1.
1'
1&
#26420000
0.
0'
#26440000
b10010 W
b11111000 \
1/
11
1"
18
b10101 $
b100100000000000000000000000000000000000000000000000000000000 -
1(
1.
1'
0&
#26460000
0.
0'
#26480000
0Z
b11110000 \
b10011 W
b110010110001001001101110101001 P
1.
1'
1&
#26500000
0.
0'
#26520000
b10100 W
b11100000 \
1Z
0/
01
0"
08
b1001000000000000000000000000000000000000000000000000000000000 -
0(
b10110 $
1.
1'
0&
#26540000
0.
0'
#26560000
1/
11
1"
18
0Z
b11000000 \
b10101 W
b1100101100010010011011101010010 P
1.
1'
1&
#26580000
0.
0'
#26600000
b10110 W
b10000000 \
1Z
0/
01
0"
08
b10111 $
b10010000000000000000000000000000000000000000000000000000000000 -
1.
1'
0&
#26620000
0.
0'
#26640000
1/
11
1"
18
0Z
b0 \
b10111 W
b11001011000100100110111010100100 P
1.
1'
1&
#26660000
0.
0'
#26680000
b11000 W
b10111111 \
0/
01
0"
08
b100100000000000000000000000000000000000000000000000000000000000 -
b11000 $
1.
1'
0&
#26700000
0.
0'
#26720000
1Z
b1111110 \
b11001 W
b10010110001001001101110101001000 P
1.
1'
1&
#26740000
0.
0'
#26760000
b11010 W
b11111100 \
1/
11
1"
18
b11001 $
b1001000000000000000000000000000000000000000000000000000000000000 -
1.
1'
0&
#26780000
0.
0'
#26800000
0Z
b11111000 \
b11011 W
b101100010010011011101010010000 P
1.
1'
1&
#26820000
0.
0'
#26840000
b11100 W
b11110000 \
1Z
0/
01
0"
08
b10000000000000000000000000000000000000000000000000000000000000 -
1(
b11010 $
1.
1'
0&
#26860000
0.
0'
#26880000
1/
11
1"
18
0Z
b11100000 \
b11101 W
b1011000100100110111010100100001 P
1.
1'
1&
#26900000
0.
0'
#26920000
b11110 W
b11000000 \
1Z
0/
01
0"
08
b11011 $
b100000000000000000000000000000000000000000000000000000000000000 -
0(
1.
1'
0&
#26940000
0.
0'
#26960000
1/
11
1"
18
0Z
b10000000 \
b11111 W
b10110001001001101110101001000010 P
1.
1'
1&
#26980000
0.
0'
#27000000
b100000 W
b11111110 \
1Z
0/
01
0"
08
b1000000000000000000000000000000000000000000000000000000000000000 -
b11100 $
1.
1'
0&
#27020000
0.
0'
#27040000
1/
11
1"
18
0Z
b11111100 \
b100001 W
b1100010010011011101010010000100 P
1.
1'
1&
#27060000
0.
0'
#27080000
b100010 W
b11111000 \
1Z
0/
01
0"
08
b11101 $
b0 -
1(
1.
1'
0&
#27100000
0.
0'
#27120000
1/
11
1"
18
0Z
b11110000 \
b100011 W
b11000100100110111010100100001001 P
1.
1'
1&
#27140000
0.
0'
#27160000
b100100 W
b11100000 \
1Z
0/
01
0"
08
0(
b11110 $
1.
1'
0&
#27180000
0.
0'
#27200000
1/
11
1"
18
0Z
b11000000 \
b100101 W
b10001001001101110101001000010010 P
1.
1'
1&
#27220000
0.
0'
#27240000
b100110 W
b10000000 \
1Z
0/
01
0"
08
b11111 $
b110110101111100110100001101 ,
b111100111110001100000001 +
b111100111110001100000001000001101101011111001101000011010 -
1.
1'
0&
#27260000
0.
0'
#27280000
1/
11
1"
18
0Z
b0 \
b100111 W
b10010011011101010010000100100 P
1.
1'
1&
#27300000
0.
0'
#27320000
1_
b101000 W
b11111011 \
0/
01
0"
08
b1111001111100011000000010000011011010111110011010000110100 -
b0 $
00
0)
1.
1'
0&
#27340000
0.
0'
#27360000
1O
1I
1S
0a
1Z
b11110110 \
b101001 W
0G
b1011 J
b1100 K
0Q
b100100110111010100100001001000 P
1.
1'
1&
#27380000
0.
0'
#27400000
0I
0_
0H
b101010 W
b11101100 \
0Z
1/
11
1"
18
0b
b1 $
b11110011111000110000000100000110110101111100110100001101000 -
1.
1'
0&
#27420000
0.
0'
#27440000
0O
0S
0/
01
0"
08
1Z
b11011000 \
b101011 W
b1100 J
b11001011000010100001000110010110 ;
b11001011000010100001000110010110 E
b11001011000010100001000110010110 T
b1101 K
b100100110111010100100001001000 <
b100100110111010100100001001000 ?
b100100110111010100100001001000 N
0R
b1001001101110101001000010010000 P
1.
1'
1&
#27460000
0.
0'
#27480000
b1101 J
b1110 K
b101100 W
b10110000 \
0Z
1/
11
1"
18
b111100111110001100000001000001101101011111001101000011010000 -
b10 $
1.
1'
0&
#27500000
0.
0'
#27520000
0/
01
0"
08
1Z
b1100000 \
b101101 W
b1110 J
b100100110111010100100001001000 :
b100100110111010100100001001000 F
b100100110111010100100001001000 U
b1111 K
b10010011011101010010000100100000 P
1.
1'
1&
#27540000
0.
0'
#27560000
b1111 J
b0 K
b101110 W
b11000000 \
1/
11
1"
18
b11 $
b1111001111100011000000010000011011010111110011010000110100000 -
1.
1'
0&
#27580000
0.
0'
#27600000
0Z
b10000000 \
b101111 W
b0 J
b1 K
b100110111010100100001001000000 P
1.
1'
1&
#27620000
0.
0'
#27640000
b1 J
b10 K
b110000 W
b11101010 \
1Z
0/
01
0"
08
b11110011111000110000000100000110110101111100110100001101000000 -
b100 $
1.
1'
0&
#27660000
0.
0'
#27680000
1/
11
1"
18
0Z
b11010100 \
b110001 W
b10 J
b11 K
b1001101110101001000010010000000 P
1.
1'
1&
#27700000
0.
0'
#27720000
b11 J
b100 K
b110010 W
b10101000 \
1Z
0/
01
0"
08
b101 $
b111100111110001100000001000001101101011111001101000011010000000 -
1.
1'
0&
#27740000
0.
0'
#27760000
1/
11
1"
18
0Z
b1010000 \
b110011 W
b100 J
b101 K
b10011011101010010000100100000000 P
1.
1'
1&
#27780000
0.
0'
#27800000
b101 J
b110 K
b110100 W
b10100000 \
0/
01
0"
08
b1111001111100011000000010000011011010111110011010000110100000000 -
b110 $
1.
1'
0&
#27820000
0.
0'
#27840000
1Z
b1000000 \
b110101 W
b110 J
b111 K
b110111010100100001001000000000 P
1.
1'
1&
#27860000
0.
0'
#27880000
b111 J
b1000 K
b110110 W
b10000000 \
1/
11
1"
18
b111 $
b1110011111000110000000100000110110101111100110100001101000000000 -
1(
1.
1'
0&
#27900000
0.
0'
#27920000
0Z
b0 \
b110111 W
b1000 J
b1001 K
b1101110101001000010010000000001 P
1.
1'
1&
#27940000
0.
0'
#27960000
b1001 J
b1010 K
b111000 W
b10101010 \
0/
01
0"
08
b1100111110001100000001000001101101011111001101000011010000000000 -
b1000 $
1.
1'
0&
#27980000
0.
0'
#28000000
1Z
b1010100 \
b111001 W
b1010 J
b1011 K
b11011101010010000100100000000011 P
1.
1'
1&
#28020000
0.
0'
#28040000
b1011 J
b1100 K
b111010 W
b10101000 \
1/
11
1"
18
b1001 $
b1001111100011000000010000011011010111110011010000110100000000000 -
1.
1'
0&
#28060000
0.
0'
#28080000
0Z
b1010000 \
b111011 W
b1100 J
b1101 K
b10111010100100001001000000000111 P
1.
1'
1&
#28100000
0.
0'
#28120000
b1101 J
b1110 K
b111100 W
b10100000 \
0/
01
0"
08
b11111000110000000100000110110101111100110100001101000000000000 -
b1010 $
1.
1'
0&
#28140000
0.
0'
#28160000
1Z
b1000000 \
b111101 W
b1110 J
b1111 K
b1110101001000010010000000001111 P
1.
1'
1&
#28180000
0.
0'
#28200000
b1111 J
b0 K
b111110 W
b10000000 \
1/
11
1"
18
b1011 $
b111110001100000001000001101101011111001101000011010000000000000 -
0(
1.
1'
0&
#28220000
0.
0'
#28240000
0Z
b0 \
b111111 W
b0 J
b1 K
b11101010010000100100000000011110 P
1.
1'
1&
#28260000
0.
0'
#28280000
b1 J
b10 K
b0 W
b1011 ]
b10010110 \
0/
01
0"
08
b1111100011000000010000011011010111110011010000110100000000000000 -
b1100 $
1.
1'
0&
#28300000
0.
0'
#28320000
1Z
b101100 \
b1 W
b10 J
b11 K
b11010100100001001000000000111100 P
1.
1'
1&
#28340000
0.
0'
#28360000
b11 J
b100 K
b10 W
b1011000 \
1/
11
1"
18
b1101 $
b1111000110000000100000110110101111100110100001101000000000000000 -
1(
1.
1'
0&
#28380000
0.
0'
#28400000
b10110000 \
b11 W
b100 J
b101 K
b10101001000010010000000001111001 P
1.
1'
1&
#28420000
0.
0'
#28440000
b101 J
b110 K
b100 W
b110010110000101000010001 [
b1100000 \
0Z
b1110001100000001000001101101011111001101000011010000000000000000 -
b1110 $
1.
1'
0&
#28460000
0.
0'
#28480000
0/
01
0"
08
b11000000 \
1^
b101 W
b110 J
b111 K
b1010010000100100000000011110011 P
1.
1'
1&
#28500000
0.
0'
#28520000
b111 J
b1000 K
b110 W
b10000000 \
1Z
b1111 $
b1100011000000010000011011010111110011010000110100000000000000000 -
1.
1'
0&
#28540000
0.
0'
#28560000
1/
11
1"
18
0Z
b0 \
b111 W
b1000 J
b1001 K
b10100100001001000000000111100111 P
1.
1'
1&
#28580000
0.
0'
#28600000
b1001 J
b1010 K
b1000 W
b11101010 \
0/
01
0"
08
b1000110000000100000110110101111100110100001101000000000000000000 -
b10000 $
1.
1'
0&
#28620000
0.
0'
#28640000
1Z
b11010100 \
b1001 W
b1010 J
b1011 K
b1001000010010000000001111001111 P
1.
1'
1&
#28660000
0.
0'
#28680000
b1011 J
b1100 K
b1010 W
b10101000 \
0Z
1/
11
1"
18
b10001 $
b1100000001000001101101011111001101000011010000000000000000000 -
1.
1'
0&
#28700000
0.
0'
#28720000
0/
01
0"
08
1Z
b1010000 \
b1011 W
b1100 J
b1101 K
b10010000100100000000011110011111 P
1.
1'
1&
#28740000
0.
0'
#28760000
b1101 J
b1110 K
b1100 W
b10100000 \
1/
11
1"
18
b11000000010000011011010111110011010000110100000000000000000000 -
0(
b10010 $
1.
1'
0&
#28780000
0.
0'
#28800000
0Z
b1000000 \
b1101 W
b1110 J
b1111 K
b100001001000000000111100111110 P
1.
1'
1&
#28820000
0.
0'
#28840000
b1111 J
b0 K
b1110 W
b10000000 \
0/
01
0"
08
b10011 $
b110000000100000110110101111100110100001101000000000000000000000 -
1.
1'
0&
#28860000
0.
0'
#28880000
1Z
b0 \
b1111 W
b0 J
b1 K
b1000010010000000001111001111100 P
1.
1'
1&
#28900000
0.
0'
#28920000
b1 J
b10 K
b10000 W
b11101010 \
1/
11
1"
18
b1100000001000001101101011111001101000011010000000000000000000000 -
b10100 $
1.
1'
0&
#28940000
0.
0'
#28960000
0Z
b11010100 \
b10001 W
b10 J
b11 K
b10000100100000000011110011111000 P
1.
1'
1&
#28980000
0.
0'
#29000000
b11 J
b100 K
b10010 W
b10101000 \
1Z
0/
01
0"
08
b10101 $
b1000000010000011011010111110011010000110100000000000000000000000 -
1(
1.
1'
0&
#29020000
0.
0'
#29040000
1/
11
1"
18
0Z
b1010000 \
b10011 W
b100 J
b101 K
b1001000000000111100111110001 P
1.
1'
1&
#29060000
0.
0'
#29080000
b101 J
b110 K
b10100 W
b10100000 \
0/
01
0"
08
b100000110110101111100110100001101000000000000000000000000 -
b10110 $
1.
1'
0&
#29100000
0.
0'
#29120000
1Z
b1000000 \
b10101 W
b110 J
b111 K
b10010000000001111001111100011 P
1.
1'
1&
#29140000
0.
0'
#29160000
b111 J
b1000 K
b10110 W
b10000000 \
1/
11
1"
18
b10111 $
b1000001101101011111001101000011010000000000000000000000000 -
0(
1.
1'
0&
#29180000
0.
0'
#29200000
0Z
b0 \
b10111 W
b1000 J
b1001 K
b100100000000011110011111000110 P
1.
1'
1&
#29220000
0.
0'
#29240000
b1001 J
b1010 K
b11000 W
b10111011 \
0/
01
0"
08
b10000011011010111110011010000110100000000000000000000000000 -
b11000 $
1.
1'
0&
#29260000
0.
0'
#29280000
1Z
b1110110 \
b11001 W
b1010 J
b1011 K
b1001000000000111100111110001100 P
1.
1'
1&
#29300000
0.
0'
#29320000
b1011 J
b1100 K
b11010 W
b11101100 \
1/
11
1"
18
b11001 $
b100000110110101111100110100001101000000000000000000000000000 -
1.
1'
0&
#29340000
0.
0'
#29360000
0Z
b11011000 \
b11011 W
b1100 J
b1101 K
b10010000000001111001111100011000 P
1.
1'
1&
#29380000
0.
0'
#29400000
b1101 J
b1110 K
b11100 W
b10110000 \
1Z
0/
01
0"
08
b1000001101101011111001101000011010000000000000000000000000000 -
b11010 $
1.
1'
0&
#29420000
0.
0'
#29440000
1/
11
1"
18
0Z
b1100000 \
b11101 W
b1110 J
b1111 K
b100000000011110011111000110000 P
1.
1'
1&
#29460000
0.
0'
#29480000
b1111 J
b0 K
b11110 W
b11000000 \
0/
01
0"
08
b11011 $
b10000011011010111110011010000110100000000000000000000000000000 -
1.
1'
0&
#29500000
0.
0'
#29520000
1Z
b10000000 \
b11111 W
b0 J
b1 K
b1000000000111100111110001100000 P
1.
1'
1&
#29540000
0.
0'
#29560000
b1 J
b10 K
b100000 W
b10101010 \
0Z
1/
11
1"
18
b100000110110101111100110100001101000000000000000000000000000000 -
b11100 $
1.
1'
0&
#29580000
0.
0'
#29600000
0/
01
0"
08
1Z
b1010100 \
b100001 W
b10 J
b11 K
b10000000001111001111100011000000 P
1.
1'
1&
#29620000
0.
0'
#29640000
b11 J
b100 K
b100010 W
b10101000 \
1/
11
1"
18
b11101 $
b1000001101101011111001101000011010000000000000000000000000000000 -
1.
1'
0&
#29660000
0.
0'
#29680000
0Z
b1010000 \
b100011 W
b100 J
b101 K
b11110011111000110000000 P
1.
1'
1&
#29700000
0.
0'
#29720000
b101 J
b110 K
b100100 W
b10100000 \
0/
01
0"
08
b11011010111110011010000110100000000000000000000000000000000 -
1(
b11110 $
1.
1'
0&
#29740000
0.
0'
#29760000
1Z
b1000000 \
b100101 W
b110 J
b111 K
b111100111110001100000001 P
1.
1'
1&
#29780000
0.
0'
#29800000
b111 J
b1000 K
b100110 W
b10000000 \
1/
11
1"
18
b11111 $
b110110101111100110100001101000000000000000000000000000000000 -
0(
1.
1'
0&
#29820000
0.
0'
#29840000
0Z
b0 \
b100111 W
b1000 J
b1001 K
b1111001111100011000000010 P
1.
1'
1&
#29860000
0.
0'
#29880000
b1001 J
b1010 K
b101000 W
b11111011 \
0/
01
0"
08
b1101101011111001101000011010000000000000000000000000000000000 -
b0 $
10
1)
1.
1'
0&
#29900000
0.
0'
#29920000
1M
1I
1S
1a
1Z
b11110110 \
b101001 W
1G
1Q
b11110011111000110000000100 P
1.
1'
1&
#29940000
0.
0'
#29960000
0I
1H
b101010 W
b11101100 \
0Z
1/
11
1"
18
1b
b1 $
b11011010111110011010000110100000000000000000000000000000000000 -
1.
1'
0&
#29980000
0.
0'
#30000000
0M
0S
0/
01
0"
08
1Z
b11011000 \
b101011 W
b11110011111000110000000100 =
b11110011111000110000000100 @
b11110011111000110000000100 L
1R
b111100111110001100000001000 P
1.
1'
1&
#30020000
0.
0'
#30040000
b101100 W
b10110000 \
0Z
1/
11
1"
18
b110110101111100110100001101000000000000000000000000000000000000 -
b10 $
1.
1'
0&
#30060000
0.
0'
#30080000
0/
01
0"
08
1Z
b1100000 \
b101101 W
b1111001111100011000000010000 P
1.
1'
1&
#30100000
0.
0'
#30120000
b101110 W
b11000000 \
1/
11
1"
18
b11 $
b1101101011111001101000011010000000000000000000000000000000000000 -
1.
1'
0&
#30140000
0.
0'
#30160000
0Z
b10000000 \
b101111 W
b11110011111000110000000100000 P
1.
1'
1&
#30180000
0.
0'
#30200000
b110000 W
b10101111 \
1Z
0/
01
0"
08
b1011010111110011010000110100000000000000000000000000000000000000 -
1(
b100 $
1.
1'
0&
#30220000
0.
0'
#30240000
1/
11
1"
18
0Z
b1011110 \
b110001 W
b111100111110001100000001000001 P
1.
1'
1&
#30260000
0.
0'
#30280000
b110010 W
b10111100 \
0/
01
0"
08
b101 $
b110101111100110100001101000000000000000000000000000000000000000 -
1.
1'
0&
#30300000
0.
0'
#30320000
1Z
b1111000 \
b110011 W
b1111001111100011000000010000011 P
1.
1'
1&
#30340000
0.
0'
#30360000
b110100 W
b11110000 \
1/
11
1"
18
b1101011111001101000011010000000000000000000000000000000000000000 -
0(
b110 $
1.
1'
0&
#30380000
0.
0'
#30400000
0Z
b11100000 \
b110101 W
b11110011111000110000000100000110 P
1.
1'
1&
#30420000
0.
0'
#30440000
b110110 W
b11000000 \
1Z
0/
01
0"
08
b111 $
b1010111110011010000110100000000000000000000000000000000000000000 -
1(
1.
1'
0&
#30460000
0.
0'
#30480000
1/
11
1"
18
0Z
b10000000 \
b110111 W
b11100111110001100000001000001101 P
1.
1'
1&
#30500000
0.
0'
#30520000
b111000 W
b10101011 \
1Z
0/
01
0"
08
b101111100110100001101000000000000000000000000000000000000000000 -
b1000 $
1.
1'
0&
#30540000
0.
0'
#30560000
1/
11
1"
18
0Z
b1010110 \
b111001 W
b11001111100011000000010000011011 P
1.
1'
1&
#30580000
0.
0'
#30600000
b111010 W
b10101100 \
0/
01
0"
08
b1001 $
b1011111001101000011010000000000000000000000000000000000000000000 -
0(
1.
1'
0&
#30620000
0.
0'
#30640000
1Z
b1011000 \
b111011 W
b10011111000110000000100000110110 P
1.
1'
1&
#30660000
0.
0'
#30680000
b111100 W
b10110000 \
1/
11
1"
18
b111110011010000110100000000000000000000000000000000000000000000 -
1(
b1010 $
1.
1'
0&
#30700000
0.
0'
#30720000
0Z
b1100000 \
b111101 W
b111110001100000001000001101101 P
1.
1'
1&
#30740000
0.
0'
#30760000
b111110 W
b11000000 \
0/
01
0"
08
b1011 $
b1111100110100001101000000000000000000000000000000000000000000000 -
0(
1.
1'
0&
#30780000
0.
0'
#30800000
1Z
b10000000 \
b111111 W
b1111100011000000010000011011010 P
1.
1'
1&
#30820000
0.
0'
#30840000
b0 W
b1100 ]
b1000000000000 Y
b10010011 \
0Z
1/
11
1"
18
b1111001101000011010000000000000000000000000000000000000000000000 -
1(
b1100 $
1.
1'
0&
#30860000
0.
0'
#30880000
0/
01
0"
08
1Z
b100110 \
b1 W
b11111000110000000100000110110101 P
1.
1'
1&
#30900000
0.
0'
#30920000
b10 W
b1001100 \
1/
11
1"
18
b1101 $
b1110011010000110100000000000000000000000000000000000000000000000 -
1.
1'
0&
#30940000
0.
0'
#30960000
b10011000 \
b11 W
b11110001100000001000001101101011 P
1.
1'
1&
#30980000
0.
0'
#31000000
b100 W
b1001001101110101001000 [
b110000 \
0Z
b1100110100001101000000000000000000000000000000000000000000000000 -
b1110 $
1.
1'
0&
#31020000
0.
0'
#31040000
0/
01
0"
08
b1100000 \
0^
b101 W
b11100011000000010000011011010111 P
1.
1'
1&
#31060000
0.
0'
#31080000
b110 W
b11000000 \
b1111 $
b1001101000011010000000000000000000000000000000000000000000000000 -
1.
1'
0&
#31100000
0.
0'
#31120000
1Z
b10000000 \
b111 W
b11000110000000100000110110101111 P
1.
1'
1&
#31140000
0.
0'
#31160000
b1000 W
b10101011 \
0Z
1/
11
1"
18
b11010000110100000000000000000000000000000000000000000000000000 -
b10000 $
1.
1'
0&
#31180000
0.
0'
#31200000
0/
01
0"
08
1Z
b1010110 \
b1001 W
b10001100000001000001101101011111 P
1.
1'
1&
#31220000
0.
0'
#31240000
b1010 W
b10101100 \
1/
11
1"
18
b10001 $
b110100001101000000000000000000000000000000000000000000000000000 -
0(
1.
1'
0&
#31260000
0.
0'
#31280000
0Z
b1011000 \
b1011 W
b11000000010000011011010111110 P
1.
1'
1&
#31300000
0.
0'
#31320000
b1100 W
b10110000 \
0/
01
0"
08
b1101000011010000000000000000000000000000000000000000000000000000 -
b10010 $
1.
1'
0&
#31340000
0.
0'
#31360000
1Z
b1100000 \
b1101 W
b110000000100000110110101111100 P
1.
1'
1&
#31380000
0.
0'
#31400000
b1110 W
b11000000 \
1/
11
1"
18
b10011 $
b1010000110100000000000000000000000000000000000000000000000000000 -
1(
1.
1'
0&
#31420000
0.
0'
#31440000
0Z
b10000000 \
b1111 W
b1100000001000001101101011111001 P
1.
1'
1&
#31460000
0.
0'
#31480000
b10000 W
b10101110 \
1Z
0/
01
0"
08
b100001101000000000000000000000000000000000000000000000000000000 -
b10100 $
1.
1'
0&
#31500000
0.
0'
#31520000
1/
11
1"
18
0Z
b1011100 \
b10001 W
b11000000010000011011010111110011 P
1.
1'
1&
#31540000
0.
0'
#31560000
b10010 W
b10111000 \
0/
01
0"
08
b10101 $
b1000011010000000000000000000000000000000000000000000000000000000 -
0(
1.
1'
0&
#31580000
0.
0'
#31600000
1Z
b1110000 \
b10011 W
b10000000100000110110101111100110 P
1.
1'
1&
#31620000
0.
0'
#31640000
b10100 W
b11100000 \
1/
11
1"
18
b110100000000000000000000000000000000000000000000000000000000 -
1(
b10110 $
1.
1'
0&
#31660000
0.
0'
#31680000
0Z
b11000000 \
b10101 W
b1000001101101011111001101 P
1.
1'
1&
#31700000
0.
0'
#31720000
b10110 W
b10000000 \
1Z
0/
01
0"
08
b10111 $
b1101000000000000000000000000000000000000000000000000000000000 -
0(
1.
1'
0&
#31740000
0.
0'
#31760000
1/
11
1"
18
0Z
b0 \
b10111 W
b10000011011010111110011010 P
1.
1'
1&
#31780000
0.
0'
#31800000
b11000 W
b11101111 \
0/
01
0"
08
b11010000000000000000000000000000000000000000000000000000000000 -
b11000 $
1.
1'
0&
#31820000
0.
0'
#31840000
1Z
b11011110 \
b11001 W
b100000110110101111100110100 P
1.
1'
1&
#31860000
0.
0'
#31880000
b11010 W
b10111100 \
0Z
1/
11
1"
18
b11001 $
b110100000000000000000000000000000000000000000000000000000000000 -
1.
1'
0&
#31900000
0.
0'
#31920000
0/
01
0"
08
1Z
b1111000 \
b11011 W
b1000001101101011111001101000 P
1.
1'
1&
#31940000
0.
0'
#31960000
b11100 W
b11110000 \
1/
11
1"
18
b1101000000000000000000000000000000000000000000000000000000000000 -
b11010 $
1.
1'
0&
#31980000
0.
0'
#32000000
0Z
b11100000 \
b11101 W
b10000011011010111110011010000 P
1.
1'
1&
#32020000
0.
0'
#32040000
b11110 W
b11000000 \
1Z
0/
01
0"
08
b11011 $
b1010000000000000000000000000000000000000000000000000000000000000 -
1(
1.
1'
0&
#32060000
0.
0'
#32080000
1/
11
1"
18
0Z
b10000000 \
b11111 W
b100000110110101111100110100001 P
1.
1'
1&
#32100000
0.
0'
#32120000
b100000 W
b11101111 \
1Z
0/
01
0"
08
b100000000000000000000000000000000000000000000000000000000000000 -
b11100 $
1.
1'
0&
#32140000
0.
0'
#32160000
1/
11
1"
18
0Z
b11011110 \
b100001 W
b1000001101101011111001101000011 P
1.
1'
1&
#32180000
0.
0'
#32200000
b100010 W
b10111100 \
1Z
0/
01
0"
08
b11101 $
b1000000000000000000000000000000000000000000000000000000000000000 -
0(
1.
1'
0&
#32220000
0.
0'
#32240000
1/
11
1"
18
0Z
b1111000 \
b100011 W
b10000011011010111110011010000110 P
1.
1'
1&
#32260000
0.
0'
#32280000
b100100 W
b11110000 \
0/
01
0"
08
1(
b11110 $
1.
1'
0&
#32300000
0.
0'
#32320000
1Z
b11100000 \
b100101 W
b110110101111100110100001101 P
1.
1'
1&
#32340000
0.
0'
#32360000
b100110 W
b11000000 \
0Z
1/
11
1"
18
b11111 $
0(
b11110100011011100110100111101 ,
b111011001000111111000101110110 +
b111011001000111111000101110110000111101000110111001101001111010 -
1.
1'
0&
#32380000
0.
0'
#32400000
0/
01
0"
08
1Z
b10000000 \
b100111 W
b1101101011111001101000011010 P
1.
1'
1&
#32420000
0.
0'
#32440000
1_
b101000 W
b10101110 \
0Z
1/
11
1"
18
b1110110010001111110001011101100001111010001101110011010011110100 -
b0 $
00
0)
1.
1'
0&
#32460000
0.
0'
#32480000
1O
1I
1S
0a
0/
01
0"
08
1Z
b1011100 \
b101001 W
0G
b1010 J
b1011 K
0Q
b11011010111110011010000110100 P
1.
1'
1&
#32500000
0.
0'
#32520000
0I
0_
0H
b101010 W
b10111000 \
1/
11
1"
18
0b
b1 $
b1101100100011111100010111011000011110100011011100110100111101000 -
1(
1.
1'
0&
#32540000
0.
0'
#32560000
0O
0S
0Z
b1110000 \
b101011 W
b1011 J
b11110011111000110000000100 ;
b11110011111000110000000100 E
b11110011111000110000000100 T
b1100 K
b11011010111110011010000110100 <
b11011010111110011010000110100 ?
b11011010111110011010000110100 N
0R
b110110101111100110100001101001 P
1.
1'
1&
#32580000
0.
0'
#32600000
b1100 J
b1101 K
b101100 W
b11100000 \
0/
01
0"
08
b1011001000111111000101110110000111101000110111001101001111010000 -
b10 $
1.
1'
0&
#32620000
0.
0'
#32640000
1Z
b11000000 \
b101101 W
b1101 J
b11011010111110011010000110100 :
b11011010111110011010000110100 F
b11011010111110011010000110100 U
b1110 K
b1101101011111001101000011010011 P
1.
1'
1&
#32660000
0.
0'
#32680000
b1110 J
b1111 K
b101110 W
b10000000 \
0Z
1/
11
1"
18
b11 $
b110010001111110001011101100001111010001101110011010011110100000 -
1.
1'
0&
#32700000
0.
0'
#32720000
0/
01
0"
08
1Z
b0 \
b101111 W
b1111 J
b0 K
b11011010111110011010000110100111 P
1.
1'
1&
#32740000
0.
0'
#32760000
b0 J
b1 K
b110000 W
b10111010 \
1/
11
1"
18
b1100100011111100010111011000011110100011011100110100111101000000 -
0(
b100 $
1.
1'
0&
#32780000
0.
0'
#32800000
0Z
b1110100 \
b110001 W
b1 J
b10 K
b10110101111100110100001101001110 P
1.
1'
1&
#32820000
0.
0'
#32840000
b10 J
b11 K
b110010 W
b11101000 \
0/
01
0"
08
b101 $
b1001000111111000101110110000111101000110111001101001111010000000 -
1(
1.
1'
0&
#32860000
0.
0'
#32880000
1Z
b11010000 \
b110011 W
b11 J
b100 K
b1101011111001101000011010011101 P
1.
1'
1&
#32900000
0.
0'
#32920000
b100 J
b101 K
b110100 W
b10100000 \
0Z
1/
11
1"
18
b10001111110001011101100001111010001101110011010011110100000000 -
b110 $
1.
1'
0&
#32940000
0.
0'
#32960000
0/
01
0"
08
1Z
b1000000 \
b110101 W
b101 J
b110 K
b11010111110011010000110100111011 P
1.
1'
1&
#32980000
0.
0'
#33000000
b110 J
b111 K
b110110 W
b10000000 \
1/
11
1"
18
b111 $
b100011111100010111011000011110100011011100110100111101000000000 -
0(
1.
1'
0&
#33020000
0.
0'
#33040000
0Z
b0 \
b110111 W
b111 J
b1000 K
b10101111100110100001101001110110 P
1.
1'
1&
#33060000
0.
0'
#33080000
b1000 J
b1001 K
b111000 W
b10101010 \
0/
01
0"
08
b1000111111000101110110000111101000110111001101001111010000000000 -
b1000 $
1.
1'
0&
#33100000
0.
0'
#33120000
1Z
b1010100 \
b111001 W
b1001 J
b1010 K
b1011111001101000011010011101100 P
1.
1'
1&
#33140000
0.
0'
#33160000
b1010 J
b1011 K
b111010 W
b10101000 \
1/
11
1"
18
b1001 $
b1111110001011101100001111010001101110011010011110100000000000 -
1(
1.
1'
0&
#33180000
0.
0'
#33200000
0Z
b1010000 \
b111011 W
b1011 J
b1100 K
b10111110011010000110100111011001 P
1.
1'
1&
#33220000
0.
0'
#33240000
b1100 J
b1101 K
b111100 W
b10100000 \
0/
01
0"
08
b11111100010111011000011110100011011100110100111101000000000000 -
0(
b1010 $
1.
1'
0&
#33260000
0.
0'
#33280000
1Z
b1000000 \
b111101 W
b1101 J
b1110 K
b1111100110100001101001110110010 P
1.
1'
1&
#33300000
0.
0'
#33320000
b1110 J
b1111 K
b111110 W
b10000000 \
1/
11
1"
18
b1011 $
b111111000101110110000111101000110111001101001111010000000000000 -
1.
1'
0&
#33340000
0.
0'
#33360000
0Z
b0 \
b111111 W
b1111 J
b0 K
b11111001101000011010011101100100 P
1.
1'
1&
#33380000
0.
0'
#33400000
b0 J
b1 K
b0 W
b1101 ]
b10010110 \
0/
01
0"
08
b1111110001011101100001111010001101110011010011110100000000000000 -
b1100 $
1.
1'
0&
#33420000
0.
0'
#33440000
1Z
b101100 \
b1 W
b1 J
b10 K
b11110011010000110100111011001000 P
1.
1'
1&
#33460000
0.
0'
#33480000
b10 J
b11 K
b10 W
b1011000 \
1/
11
1"
18
b1101 $
b1111100010111011000011110100011011100110100111101000000000000000 -
1(
1.
1'
0&
#33500000
0.
0'
#33520000
b10110000 \
b11 W
b11 J
b100 K
b11100110100001101001110110010001 P
1.
1'
1&
#33540000
0.
0'
#33560000
b100 J
b101 K
b100 W
b111100111110001100 [
b1100000 \
0Z
b1111000101110110000111101000110111001101001111010000000000000000 -
b1110 $
1.
1'
0&
#33580000
0.
0'
#33600000
0/
01
0"
08
b11000000 \
1^
b101 W
b101 J
b110 K
b11001101000011010011101100100011 P
1.
1'
1&
#33620000
0.
0'
#33640000
b110 J
b111 K
b110 W
b10000000 \
1Z
b1111 $
b1110001011101100001111010001101110011010011110100000000000000000 -
1.
1'
0&
#33660000
0.
0'
#33680000
1/
11
1"
18
0Z
b0 \
b111 W
b111 J
b1000 K
b10011010000110100111011001000111 P
1.
1'
1&
#33700000
0.
0'
#33720000
b1000 J
b1001 K
b1000 W
b10101111 \
0/
01
0"
08
b1100010111011000011110100011011100110100111101000000000000000000 -
b10000 $
1.
1'
0&
#33740000
0.
0'
#33760000
1Z
b1011110 \
b1001 W
b1001 J
b1010 K
b110100001101001110110010001111 P
1.
1'
1&
#33780000
0.
0'
#33800000
b1010 J
b1011 K
b1010 W
b10111100 \
1/
11
1"
18
b10001 $
b1000101110110000111101000110111001101001111010000000000000000000 -
1.
1'
0&
#33820000
0.
0'
#33840000
0Z
b1111000 \
b1011 W
b1011 J
b1100 K
b1101000011010011101100100011111 P
1.
1'
1&
#33860000
0.
0'
#33880000
b1100 J
b1101 K
b1100 W
b11110000 \
0/
01
0"
08
b1011101100001111010001101110011010011110100000000000000000000 -
b10010 $
1.
1'
0&
#33900000
0.
0'
#33920000
1Z
b11100000 \
b1101 W
b1101 J
b1110 K
b11010000110100111011001000111111 P
1.
1'
1&
#33940000
0.
0'
#33960000
b1110 J
b1111 K
b1110 W
b11000000 \
0Z
1/
11
1"
18
b10011 $
b10111011000011110100011011100110100111101000000000000000000000 -
0(
1.
1'
0&
#33980000
0.
0'
#34000000
0/
01
0"
08
1Z
b10000000 \
b1111 W
b1111 J
b0 K
b10100001101001110110010001111110 P
1.
1'
1&
#34020000
0.
0'
#34040000
b0 J
b1 K
b10000 W
b10101011 \
0Z
1/
11
1"
18
b101110110000111101000110111001101001111010000000000000000000000 -
b10100 $
1.
1'
0&
#34060000
0.
0'
#34080000
0/
01
0"
08
1Z
b1010110 \
b10001 W
b1 J
b10 K
b1000011010011101100100011111100 P
1.
1'
1&
#34100000
0.
0'
#34120000
b10 J
b11 K
b10010 W
b10101100 \
1/
11
1"
18
b10101 $
b1011101100001111010001101110011010011110100000000000000000000000 -
1.
1'
0&
#34140000
0.
0'
#34160000
0Z
b1011000 \
b10011 W
b11 J
b100 K
b10000110100111011001000111111000 P
1.
1'
1&
#34180000
0.
0'
#34200000
b100 J
b101 K
b10100 W
b10110000 \
0/
01
0"
08
b111011000011110100011011100110100111101000000000000000000000000 -
1(
b10110 $
1.
1'
0&
#34220000
0.
0'
#34240000
1Z
b1100000 \
b10101 W
b101 J
b110 K
b1101001110110010001111110001 P
1.
1'
1&
#34260000
0.
0'
#34280000
b110 J
b111 K
b10110 W
b11000000 \
1/
11
1"
18
b10111 $
b1110110000111101000110111001101001111010000000000000000000000000 -
0(
1.
1'
0&
#34300000
0.
0'
#34320000
0Z
b10000000 \
b10111 W
b111 J
b1000 K
b11010011101100100011111100010 P
1.
1'
1&
#34340000
0.
0'
#34360000
b1000 J
b1001 K
b11000 W
b11111111 \
1Z
0/
01
0"
08
b1101100001111010001101110011010011110100000000000000000000000000 -
1(
b11000 $
1.
1'
0&
#34380000
0.
0'
#34400000
1/
11
1"
18
0Z
b11111110 \
b11001 W
b1001 J
b1010 K
b110100111011001000111111000101 P
1.
1'
1&
#34420000
0.
0'
#34440000
b1010 J
b1011 K
b11010 W
b11111100 \
1Z
0/
01
0"
08
b11001 $
b1011000011110100011011100110100111101000000000000000000000000000 -
1.
1'
0&
#34460000
0.
0'
#34480000
1/
11
1"
18
0Z
b11111000 \
b11011 W
b1011 J
b1100 K
b1101001110110010001111110001011 P
1.
1'
1&
#34500000
0.
0'
#34520000
b1100 J
b1101 K
b11100 W
b11110000 \
1Z
0/
01
0"
08
b110000111101000110111001101001111010000000000000000000000000000 -
b11010 $
1.
1'
0&
#34540000
0.
0'
#34560000
1/
11
1"
18
0Z
b11100000 \
b11101 W
b1101 J
b1110 K
b11010011101100100011111100010111 P
1.
1'
1&
#34580000
0.
0'
#34600000
b1110 J
b1111 K
b11110 W
b11000000 \
1Z
0/
01
0"
08
b11011 $
b1100001111010001101110011010011110100000000000000000000000000000 -
0(
1.
1'
0&
#34620000
0.
0'
#34640000
1/
11
1"
18
0Z
b10000000 \
b11111 W
b1111 J
b0 K
b10100111011001000111111000101110 P
1.
1'
1&
#34660000
0.
0'
#34680000
b0 J
b1 K
b100000 W
b10101111 \
1Z
0/
01
0"
08
b1000011110100011011100110100111101000000000000000000000000000000 -
1(
b11100 $
1.
1'
0&
#34700000
0.
0'
#34720000
1/
11
1"
18
0Z
b1011110 \
b100001 W
b1 J
b10 K
b1001110110010001111110001011101 P
1.
1'
1&
#34740000
0.
0'
#34760000
b10 J
b11 K
b100010 W
b10111100 \
0/
01
0"
08
b11101 $
b111101000110111001101001111010000000000000000000000000000000 -
1.
1'
0&
#34780000
0.
0'
#34800000
1Z
b1111000 \
b100011 W
b11 J
b100 K
b10011101100100011111100010111011 P
1.
1'
1&
#34820000
0.
0'
#34840000
b100 J
b101 K
b100100 W
b11110000 \
1/
11
1"
18
b1111010001101110011010011110100000000000000000000000000000000 -
0(
b11110 $
1.
1'
0&
#34860000
0.
0'
#34880000
0Z
b11100000 \
b100101 W
b101 J
b110 K
b111011001000111111000101110110 P
1.
1'
1&
#34900000
0.
0'
#34920000
b110 J
b111 K
b100110 W
b11000000 \
1Z
0/
01
0"
08
b11111 $
b11110100011011100110100111101000000000000000000000000000000000 -
1.
1'
0&
#34940000
0.
0'
#34960000
1/
11
1"
18
0Z
b10000000 \
b100111 W
b111 J
b1000 K
b1110110010001111110001011101100 P
1.
1'
1&
#34980000
0.
0'
#35000000
b1000 J
b1001 K
b101000 W
b11111010 \
1Z
0/
01
0"
08
b111101000110111001101001111010000000000000000000000000000000000 -
b0 $
10
1)
1.
1'
0&
#35020000
0.
0'
#35040000
1M
1I
1S
1a
1/
11
1"
18
0Z
b11110100 \
b101001 W
1G
1Q
b11101100100011111100010111011000 P
1.
1'
1&
#35060000
0.
0'
#35080000
0I
1H
b101010 W
b11101000 \
1Z
0/
01
0"
08
1b
b1 $
b1111010001101110011010011110100000000000000000000000000000000000 -
1.
1'
0&
#35100000
0.
0'
#35120000
0M
0S
1/
11
1"
18
0Z
b11010000 \
b101011 W
b11101100100011111100010111011000 =
b11101100100011111100010111011000 @
b11101100100011111100010111011000 L
1R
b11011001000111111000101110110000 P
1.
1'
1&
#35140000
0.
0'
#35160000
b101100 W
b10100000 \
1Z
0/
01
0"
08
b1110100011011100110100111101000000000000000000000000000000000000 -
1(
b10 $
1.
1'
0&
#35180000
0.
0'
#35200000
1/
11
1"
18
0Z
b1000000 \
b101101 W
b10110010001111110001011101100001 P
1.
1'
1&
#35220000
0.
0'
#35240000
b101110 W
b10000000 \
0/
01
0"
08
b11 $
b1101000110111001101001111010000000000000000000000000000000000000 -
1.
1'
0&
#35260000
0.
0'
#35280000
1Z
b0 \
b101111 W
b1100100011111100010111011000011 P
1.
1'
1&
#35300000
0.
0'
#35320000
b110000 W
b10101010 \
1/
11
1"
18
b1010001101110011010011110100000000000000000000000000000000000000 -
b100 $
1.
1'
0&
#35340000
0.
0'
#35360000
0Z
b1010100 \
b110001 W
b11001000111111000101110110000111 P
1.
1'
1&
#35380000
0.
0'
#35400000
b110010 W
b10101000 \
0/
01
0"
08
b101 $
b100011011100110100111101000000000000000000000000000000000000000 -
1.
1'
0&
#35420000
0.
0'
#35440000
1Z
b1010000 \
b110011 W
b10010001111110001011101100001111 P
1.
1'
1&
#35460000
0.
0'
#35480000
b110100 W
b10100000 \
1/
11
1"
18
b1000110111001101001111010000000000000000000000000000000000000000 -
0(
b110 $
1.
1'
0&
#35500000
0.
0'
#35520000
0Z
b1000000 \
b110101 W
b100011111100010111011000011110 P
1.
1'
1&
#35540000
0.
0'
#35560000
b110110 W
b10000000 \
0/
01
0"
08
b111 $
b1101110011010011110100000000000000000000000000000000000000000 -
1(
1.
1'
0&
#35580000
0.
0'
#35600000
1Z
b0 \
b110111 W
b1000111111000101110110000111101 P
1.
1'
1&
#35620000
0.
0'
#35640000
b111000 W
b10101011 \
1/
11
1"
18
b11011100110100111101000000000000000000000000000000000000000000 -
0(
b1000 $
1.
1'
0&
#35660000
0.
0'
#35680000
0Z
b1010110 \
b111001 W
b10001111110001011101100001111010 P
1.
1'
1&
#35700000
0.
0'
#35720000
b111010 W
b10101100 \
0/
01
0"
08
b1001 $
b110111001101001111010000000000000000000000000000000000000000000 -
1.
1'
0&
#35740000
0.
0'
#35760000
1Z
b1011000 \
b111011 W
b11111100010111011000011110100 P
1.
1'
1&
#35780000
0.
0'
#35800000
b111100 W
b10110000 \
1/
11
1"
18
b1101110011010011110100000000000000000000000000000000000000000000 -
b1010 $
1.
1'
0&
#35820000
0.
0'
#35840000
0Z
b1100000 \
b111101 W
b111111000101110110000111101000 P
1.
1'
1&
#35860000
0.
0'
#35880000
b111110 W
b11000000 \
0/
01
0"
08
b1011 $
b1011100110100111101000000000000000000000000000000000000000000000 -
1(
1.
1'
0&
#35900000
0.
0'
#35920000
1Z
b10000000 \
b111111 W
b1111110001011101100001111010001 P
1.
1'
1&
#35940000
0.
0'
#35960000
b0 W
b1110 ]
b10000000000000 Y
b10010011 \
0Z
1/
11
1"
18
b111001101001111010000000000000000000000000000000000000000000000 -
b1100 $
1.
1'
0&
#35980000
0.
0'
#36000000
0/
01
0"
08
1Z
b100110 \
b1 W
b11111100010111011000011110100011 P
1.
1'
1&
#36020000
0.
0'
#36040000
b10 W
b1001100 \
1/
11
1"
18
b1101 $
b1110011010011110100000000000000000000000000000000000000000000000 -
0(
1.
1'
0&
#36060000
0.
0'
#36080000
b10011000 \
b11 W
b11111000101110110000111101000110 P
1.
1'
1&
#36100000
0.
0'
#36120000
b100 W
b110110101111100110100 [
b110000 \
0Z
b1100110100111101000000000000000000000000000000000000000000000000 -
1(
b1110 $
1.
1'
0&
#36140000
0.
0'
#36160000
0/
01
0"
08
b1100000 \
b101 W
b11110001011101100001111010001101 P
1.
1'
1&
#36180000
0.
0'
#36200000
b110 W
b11000000 \
b1111 $
b1001101001111010000000000000000000000000000000000000000000000000 -
1.
1'
0&
#36220000
0.
0'
#36240000
1Z
b10000000 \
b111 W
b11100010111011000011110100011011 P
1.
1'
1&
#36260000
0.
0'
#36280000
b1000 W
b10101110 \
0Z
1/
11
1"
18
b11010011110100000000000000000000000000000000000000000000000000 -
b10000 $
1.
1'
0&
#36300000
0.
0'
#36320000
0/
01
0"
08
1Z
b1011100 \
b1001 W
b11000101110110000111101000110111 P
1.
1'
1&
#36340000
0.
0'
#36360000
b1010 W
b10111000 \
1/
11
1"
18
b10001 $
b110100111101000000000000000000000000000000000000000000000000000 -
0(
1.
1'
0&
#36380000
0.
0'
#36400000
0Z
b1110000 \
b1011 W
b10001011101100001111010001101110 P
1.
1'
1&
#36420000
0.
0'
#36440000
b1100 W
b11100000 \
0/
01
0"
08
b1101001111010000000000000000000000000000000000000000000000000000 -
b10010 $
1.
1'
0&
#36460000
0.
0'
#36480000
1Z
b11000000 \
b1101 W
b10111011000011110100011011100 P
1.
1'
1&
#36500000
0.
0'
#36520000
b1110 W
b10000000 \
0Z
1/
11
1"
18
b10011 $
b1010011110100000000000000000000000000000000000000000000000000000 -
1(
1.
1'
0&
#36540000
0.
0'
#36560000
0/
01
0"
08
1Z
b0 \
b1111 W
b101110110000111101000110111001 P
1.
1'
1&
#36580000
0.
0'
#36600000
b10000 W
b11111010 \
1/
11
1"
18
b100111101000000000000000000000000000000000000000000000000000000 -
b10100 $
1.
1'
0&
#36620000
0.
0'
#36640000
0Z
b11110100 \
b10001 W
b1011101100001111010001101110011 P
1.
1'
1&
#36660000
0.
0'
#36680000
b10010 W
b11101000 \
1Z
0/
01
0"
08
b10101 $
b1001111010000000000000000000000000000000000000000000000000000000 -
0(
1.
1'
0&
#36700000
0.
0'
#36720000
1/
11
1"
18
0Z
b11010000 \
b10011 W
b10111011000011110100011011100110 P
1.
1'
1&
#36740000
0.
0'
#36760000
b10100 W
b10100000 \
1Z
0/
01
0"
08
b11110100000000000000000000000000000000000000000000000000000000 -
1(
b10110 $
1.
1'
0&
#36780000
0.
0'
#36800000
1/
11
1"
18
0Z
b1000000 \
b10101 W
b1110110000111101000110111001101 P
1.
1'
1&
#36820000
0.
0'
#36840000
b10110 W
b10000000 \
0/
01
0"
08
b10111 $
b111101000000000000000000000000000000000000000000000000000000000 -
0(
1.
1'
0&
#36860000
0.
0'
#36880000
1Z
b0 \
b10111 W
b11101100001111010001101110011010 P
1.
1'
1&
#36900000
0.
0'
#36920000
b11000 W
b11111111 \
1/
11
1"
18
b1111010000000000000000000000000000000000000000000000000000000000 -
b11000 $
1.
1'
0&
#36940000
0.
0'
#36960000
0Z
b11111110 \
b11001 W
b11011000011110100011011100110100 P
1.
1'
1&
#36980000
0.
0'
#37000000
b11010 W
b11111100 \
1Z
0/
01
0"
08
b11001 $
b1110100000000000000000000000000000000000000000000000000000000000 -
1(
1.
1'
0&
#37020000
0.
0'
#37040000
1/
11
1"
18
0Z
b11111000 \
b11011 W
b10110000111101000110111001101001 P
1.
1'
1&
#37060000
0.
0'
#37080000
b11100 W
b11110000 \
1Z
0/
01
0"
08
b1101000000000000000000000000000000000000000000000000000000000000 -
b11010 $
1.
1'
0&
#37100000
0.
0'
#37120000
1/
11
1"
18
0Z
b11100000 \
b11101 W
b1100001111010001101110011010011 P
1.
1'
1&
#37140000
0.
0'
#37160000
b11110 W
b11000000 \
1Z
0/
01
0"
08
b11011 $
b1010000000000000000000000000000000000000000000000000000000000000 -
1.
1'
0&
#37180000
0.
0'
#37200000
1/
11
1"
18
0Z
b10000000 \
b11111 W
b11000011110100011011100110100111 P
1.
1'
1&
#37220000
0.
0'
#37240000
b100000 W
b11101110 \
1Z
0/
01
0"
08
b100000000000000000000000000000000000000000000000000000000000000 -
b11100 $
1.
1'
0&
#37260000
0.
0'
#37280000
1/
11
1"
18
0Z
b11011100 \
b100001 W
b10000111101000110111001101001111 P
1.
1'
1&
#37300000
0.
0'
#37320000
b100010 W
b10111000 \
1Z
0/
01
0"
08
b11101 $
b1000000000000000000000000000000000000000000000000000000000000000 -
0(
1.
1'
0&
#37340000
0.
0'
#37360000
1/
11
1"
18
0Z
b1110000 \
b100011 W
b1111010001101110011010011110 P
1.
1'
1&
#37380000
0.
0'
#37400000
b100100 W
b11100000 \
0/
01
0"
08
1(
b11110 $
1.
1'
0&
#37420000
0.
0'
#37440000
1Z
b11000000 \
b100101 W
b11110100011011100110100111101 P
1.
1'
1&
#37460000
0.
0'
#37480000
b100110 W
b10000000 \
0Z
1/
11
1"
18
b11111 $
0(
b1000110001011011111011110001100 ,
b1110110110101000101011111101101 +
b1110110110101000101011111101101010001100010110111110111100011000 -
1.
1'
0&
#37500000
0.
0'
#37520000
0/
01
0"
08
1Z
b0 \
b100111 W
b111101000110111001101001111010 P
1.
1'
1&
#37540000
0.
0'
#37560000
1_
b101000 W
b11111011 \
1/
11
1"
18
b1101101101010001010111111011010100011000101101111101111000110000 -
1(
b0 $
00
0)
1.
1'
0&
#37580000
0.
0'
#37600000
1O
1I
1S
0a
0Z
b11110110 \
b101001 W
0G
b1001 J
b1010 K
0Q
b1111010001101110011010011110101 P
1.
1'
1&
#37620000
0.
0'
#37640000
0I
0_
0H
b101010 W
b11101100 \
1Z
0/
01
0"
08
0b
b1 $
b1011011010100010101111110110101000110001011011111011110001100000 -
1.
1'
0&
#37660000
0.
0'
#37680000
0O
0S
1/
11
1"
18
0Z
b11011000 \
b101011 W
b1010 J
b11101100100011111100010111011000 ;
b11101100100011111100010111011000 E
b11101100100011111100010111011000 T
b1011 K
b1111010001101110011010011110101 <
b1111010001101110011010011110101 ?
b1111010001101110011010011110101 N
0R
b11110100011011100110100111101011 P
1.
1'
1&
#37700000
0.
0'
#37720000
b1011 J
b1100 K
b101100 W
b10110000 \
1Z
0/
01
0"
08
b110110101000101011111101101010001100010110111110111100011000000 -
b10 $
1.
1'
0&
#37740000
0.
0'
#37760000
1/
11
1"
18
0Z
b1100000 \
b101101 W
b1100 J
b1111010001101110011010011110101 :
b1111010001101110011010011110101 F
b1111010001101110011010011110101 U
b1101 K
b11101000110111001101001111010111 P
1.
1'
1&
#37780000
0.
0'
#37800000
b1101 J
b1110 K
b101110 W
b11000000 \
0/
01
0"
08
b11 $
b1101101010001010111111011010100011000101101111101111000110000000 -
0(
1.
1'
0&
#37820000
0.
0'
#37840000
1Z
b10000000 \
b101111 W
b1110 J
b1111 K
b11010001101110011010011110101110 P
1.
1'
1&
#37860000
0.
0'
#37880000
b1111 J
b0 K
b110000 W
b11101010 \
0Z
1/
11
1"
18
b1011010100010101111110110101000110001011011111011110001100000000 -
1(
b100 $
1.
1'
0&
#37900000
0.
0'
#37920000
0/
01
0"
08
1Z
b11010100 \
b110001 W
b0 J
b1 K
b10100011011100110100111101011101 P
1.
1'
1&
#37940000
0.
0'
#37960000
b1 J
b10 K
b110010 W
b10101000 \
0Z
1/
11
1"
18
b101 $
b110101000101011111101101010001100010110111110111100011000000000 -
1.
1'
0&
#37980000
0.
0'
#38000000
0/
01
0"
08
1Z
b1010000 \
b110011 W
b10 J
b11 K
b1000110111001101001111010111011 P
1.
1'
1&
#38020000
0.
0'
#38040000
b11 J
b100 K
b110100 W
b10100000 \
1/
11
1"
18
b1101010001010111111011010100011000101101111101111000110000000000 -
0(
b110 $
1.
1'
0&
#38060000
0.
0'
#38080000
0Z
b1000000 \
b110101 W
b100 J
b101 K
b10001101110011010011110101110110 P
1.
1'
1&
#38100000
0.
0'
#38120000
b101 J
b110 K
b110110 W
b10000000 \
0/
01
0"
08
b111 $
b1010100010101111110110101000110001011011111011110001100000000000 -
1(
1.
1'
0&
#38140000
0.
0'
#38160000
1Z
b0 \
b110111 W
b110 J
b111 K
b11011100110100111101011101101 P
1.
1'
1&
#38180000
0.
0'
#38200000
b111 J
b1000 K
b111000 W
b10101011 \
1/
11
1"
18
b101000101011111101101010001100010110111110111100011000000000000 -
b1000 $
1.
1'
0&
#38220000
0.
0'
#38240000
0Z
b1010110 \
b111001 W
b1000 J
b1001 K
b110111001101001111010111011011 P
1.
1'
1&
#38260000
0.
0'
#38280000
b1001 J
b1010 K
b111010 W
b10101100 \
0/
01
0"
08
b1001 $
b1010001010111111011010100011000101101111101111000110000000000000 -
0(
1.
1'
0&
#38300000
0.
0'
#38320000
1Z
b1011000 \
b111011 W
b1010 J
b1011 K
b1101110011010011110101110110110 P
1.
1'
1&
#38340000
0.
0'
#38360000
b1011 J
b1100 K
b111100 W
b10110000 \
1/
11
1"
18
b100010101111110110101000110001011011111011110001100000000000000 -
1(
b1010 $
1.
1'
0&
#38380000
0.
0'
#38400000
0Z
b1100000 \
b111101 W
b1100 J
b1101 K
b11011100110100111101011101101101 P
1.
1'
1&
#38420000
0.
0'
#38440000
b1101 J
b1110 K
b111110 W
b11000000 \
0/
01
0"
08
b1011 $
b1000101011111101101010001100010110111110111100011000000000000000 -
0(
1.
1'
0&
#38460000
0.
0'
#38480000
1Z
b10000000 \
b111111 W
b1110 J
b1111 K
b10111001101001111010111011011010 P
1.
1'
1&
#38500000
0.
0'
#38520000
b1111 J
b0 K
b0 W
b1111 ]
b10010110 \
0Z
1/
11
1"
18
b1010111111011010100011000101101111101111000110000000000000000 -
1(
b1100 $
1.
1'
0&
#38540000
0.
0'
#38560000
0/
01
0"
08
1Z
b101100 \
b1 W
b0 J
b1 K
b1110011010011110101110110110101 P
1.
1'
1&
#38580000
0.
0'
#38600000
b1 J
b10 K
b10 W
b1011000 \
1/
11
1"
18
b1101 $
b10101111110110101000110001011011111011110001100000000000000000 -
0(
1.
1'
0&
#38620000
0.
0'
#38640000
b10110000 \
b11 W
b10 J
b11 K
b11100110100111101011101101101010 P
1.
1'
1&
#38660000
0.
0'
#38680000
b11 J
b100 K
b100 W
b111011001000111111000101 [
b1100000 \
0Z
b101011111101101010001100010110111110111100011000000000000000000 -
b1110 $
1.
1'
0&
#38700000
0.
0'
#38720000
0/
01
0"
08
b11000000 \
0^
b101 W
b100 J
b101 K
b11001101001111010111011011010100 P
1.
1'
1&
#38740000
0.
0'
#38760000
b101 J
b110 K
b110 W
b10000000 \
1Z
b1111 $
b1010111111011010100011000101101111101111000110000000000000000000 -
1.
1'
0&
#38780000
0.
0'
#38800000
1/
11
1"
18
0Z
b0 \
b111 W
b110 J
b111 K
b10011010011110101110110110101000 P
1.
1'
1&
#38820000
0.
0'
#38840000
b111 J
b1000 K
b1000 W
b11101110 \
0/
01
0"
08
b101111110110101000110001011011111011110001100000000000000000000 -
1(
b10000 $
1.
1'
0&
#38860000
0.
0'
#38880000
1Z
b11011100 \
b1001 W
b1000 J
b1001 K
b110100111101011101101101010001 P
1.
1'
1&
#38900000
0.
0'
#38920000
b1001 J
b1010 K
b1010 W
b10111000 \
0Z
1/
11
1"
18
b10001 $
b1011111101101010001100010110111110111100011000000000000000000000 -
0(
1.
1'
0&
#38940000
0.
0'
#38960000
0/
01
0"
08
1Z
b1110000 \
b1011 W
b1010 J
b1011 K
b1101001111010111011011010100010 P
1.
1'
1&
#38980000
0.
0'
#39000000
b1011 J
b1100 K
b1100 W
b11100000 \
1/
11
1"
18
b111111011010100011000101101111101111000110000000000000000000000 -
1(
b10010 $
1.
1'
0&
#39020000
0.
0'
#39040000
0Z
b11000000 \
b1101 W
b1100 J
b1101 K
b11010011110101110110110101000101 P
1.
1'
1&
#39060000
0.
0'
#39080000
b1101 J
b1110 K
b1110 W
b10000000 \
1Z
0/
01
0"
08
b10011 $
b1111110110101000110001011011111011110001100000000000000000000000 -
0(
1.
1'
0&
#39100000
0.
0'
#39120000
1/
11
1"
18
0Z
b0 \
b1111 W
b1110 J
b1111 K
b10100111101011101101101010001010 P
1.
1'
1&
#39140000
0.
0'
#39160000
b1111 J
b0 K
b10000 W
b10101111 \
0/
01
0"
08
b1111101101010001100010110111110111100011000000000000000000000000 -
1(
b10100 $
1.
1'
0&
#39180000
0.
0'
#39200000
1Z
b1011110 \
b10001 W
b0 J
b1 K
b1001111010111011011010100010101 P
1.
1'
1&
#39220000
0.
0'
#39240000
b1 J
b10 K
b10010 W
b10111100 \
1/
11
1"
18
b10101 $
b1111011010100011000101101111101111000110000000000000000000000000 -
1.
1'
0&
#39260000
0.
0'
#39280000
0Z
b1111000 \
b10011 W
b10 J
b11 K
b10011110101110110110101000101011 P
1.
1'
1&
#39300000
0.
0'
#39320000
b11 J
b100 K
b10100 W
b11110000 \
0/
01
0"
08
b1110110101000110001011011111011110001100000000000000000000000000 -
b10110 $
1.
1'
0&
#39340000
0.
0'
#39360000
1Z
b11100000 \
b10101 W
b100 J
b101 K
b111101011101101101010001010111 P
1.
1'
1&
#39380000
0.
0'
#39400000
b101 J
b110 K
b10110 W
b11000000 \
0Z
1/
11
1"
18
b10111 $
b1101101010001100010110111110111100011000000000000000000000000000 -
1.
1'
0&
#39420000
0.
0'
#39440000
0/
01
0"
08
1Z
b10000000 \
b10111 W
b110 J
b111 K
b1111010111011011010100010101111 P
1.
1'
1&
#39460000
0.
0'
#39480000
b111 J
b1000 K
b11000 W
b11111111 \
0Z
1/
11
1"
18
b1011010100011000101101111101111000110000000000000000000000000000 -
b11000 $
1.
1'
0&
#39500000
0.
0'
#39520000
0/
01
0"
08
1Z
b11111110 \
b11001 W
b1000 J
b1001 K
b11110101110110110101000101011111 P
1.
1'
1&
#39540000
0.
0'
#39560000
b1001 J
b1010 K
b11010 W
b11111100 \
0Z
1/
11
1"
18
b11001 $
b110101000110001011011111011110001100000000000000000000000000000 -
1.
1'
0&
#39580000
0.
0'
#39600000
0/
01
0"
08
1Z
b11111000 \
b11011 W
b1010 J
b1011 K
b11101011101101101010001010111111 P
1.
1'
1&
#39620000
0.
0'
#39640000
b1011 J
b1100 K
b11100 W
b11110000 \
0Z
1/
11
1"
18
b1101010001100010110111110111100011000000000000000000000000000000 -
0(
b11010 $
1.
1'
0&
#39660000
0.
0'
#39680000
0/
01
0"
08
1Z
b11100000 \
b11101 W
b1100 J
b1101 K
b11010111011011010100010101111110 P
1.
1'
1&
#39700000
0.
0'
#39720000
b1101 J
b1110 K
b11110 W
b11000000 \
0Z
1/
11
1"
18
b11011 $
b1010100011000101101111101111000110000000000000000000000000000000 -
1(
1.
1'
0&
#39740000
0.
0'
#39760000
0/
01
0"
08
1Z
b10000000 \
b11111 W
b1110 J
b1111 K
b10101110110110101000101011111101 P
1.
1'
1&
#39780000
0.
0'
#39800000
b1111 J
b0 K
b100000 W
b10101011 \
0Z
1/
11
1"
18
b101000110001011011111011110001100000000000000000000000000000000 -
b11100 $
1.
1'
0&
#39820000
0.
0'
#39840000
0/
01
0"
08
1Z
b1010110 \
b100001 W
b0 J
b1 K
b1011101101101010001010111111011 P
1.
1'
1&
#39860000
0.
0'
#39880000
b1 J
b10 K
b100010 W
b10101100 \
1/
11
1"
18
b11101 $
b1010001100010110111110111100011000000000000000000000000000000000 -
0(
1.
1'
0&
#39900000
0.
0'
#39920000
0Z
b1011000 \
b100011 W
b10 J
b11 K
b10111011011010100010101111110110 P
1.
1'
1&
#39940000
0.
0'
#39960000
b11 J
b100 K
b100100 W
b10110000 \
0/
01
0"
08
b100011000101101111101111000110000000000000000000000000000000000 -
1(
b11110 $
1.
1'
0&
#39980000
0.
0'
#40000000
1Z
b1100000 \
b100101 W
b100 J
b101 K
b1110110110101000101011111101101 P
1.
1'
1&
#40020000
0.
0'
#40040000
b101 J
b110 K
b100110 W
b11000000 \
1/
11
1"
18
b11111 $
b1000110001011011111011110001100000000000000000000000000000000000 -
0(
1.
1'
0&
#40060000
0.
0'
#40080000
0Z
b10000000 \
b100111 W
b110 J
b111 K
b11101101101010001010111111011010 P
1.
1'
1&
#40100000
0.
0'
#40120000
b111 J
b1000 K
b101000 W
b10101111 \
1Z
0/
01
0"
08
b1100010110111110111100011000000000000000000000000000000000000 -
1(
b0 $
10
1)
1.
1'
0&
#40140000
0.
0'
#40160000
1M
1I
1S
1a
1/
11
1"
18
0Z
b1011110 \
b101001 W
1G
1Q
b11011011010100010101111110110101 P
1.
1'
1&
#40180000
0.
0'
#40200000
0I
1H
b101010 W
b10111100 \
0/
01
0"
08
1b
b1 $
b11000101101111101111000110000000000000000000000000000000000000 -
0(
1.
1'
0&
#40220000
0.
0'
#40240000
0M
0S
1Z
b1111000 \
b101011 W
b11011011010100010101111110110101 =
b11011011010100010101111110110101 @
b11011011010100010101111110110101 L
1R
b10110110101000101011111101101010 P
1.
1'
1&
#40260000
0.
0'
#40280000
b101100 W
b11110000 \
1/
11
1"
18
b110001011011111011110001100000000000000000000000000000000000000 -
b10 $
1.
1'
0&
#40300000
0.
0'
#40320000
0Z
b11100000 \
b101101 W
b1101101010001010111111011010100 P
1.
1'
1&
#40340000
0.
0'
#40360000
b101110 W
b11000000 \
1Z
0/
01
0"
08
b11 $
b1100010110111110111100011000000000000000000000000000000000000000 -
1.
1'
0&
#40380000
0.
0'
#40400000
1/
11
1"
18
0Z
b10000000 \
b101111 W
b11011010100010101111110110101000 P
1.
1'
1&
#40420000
0.
0'
#40440000
b110000 W
b10111111 \
1Z
0/
01
0"
08
b1000101101111101111000110000000000000000000000000000000000000000 -
1(
b100 $
1.
1'
0&
#40460000
0.
0'
#40480000
1/
11
1"
18
0Z
b1111110 \
b110001 W
b10110101000101011111101101010001 P
1.
1'
1&
#40500000
0.
0'
#40520000
b110010 W
b11111100 \
0/
01
0"
08
b101 $
b1011011111011110001100000000000000000000000000000000000000000 -
1.
1'
0&
#40540000
0.
0'
#40560000
1Z
b11111000 \
b110011 W
b1101010001010111111011010100011 P
1.
1'
1&
#40580000
0.
0'
#40600000
b110100 W
b11110000 \
0Z
1/
11
1"
18
b10110111110111100011000000000000000000000000000000000000000000 -
0(
b110 $
1.
1'
0&
#40620000
0.
0'
#40640000
0/
01
0"
08
1Z
b11100000 \
b110101 W
b11010100010101111110110101000110 P
1.
1'
1&
#40660000
0.
0'
#40680000
b110110 W
b11000000 \
0Z
1/
11
1"
18
b111 $
b101101111101111000110000000000000000000000000000000000000000000 -
1.
1'
0&
#40700000
0.
0'
#40720000
0/
01
0"
08
1Z
b10000000 \
b110111 W
b10101000101011111101101010001100 P
1.
1'
1&
#40740000
0.
0'
#40760000
b111000 W
b10101010 \
0Z
1/
11
1"
18
b1011011111011110001100000000000000000000000000000000000000000000 -
b1000 $
1.
1'
0&
#40780000
0.
0'
#40800000
0/
01
0"
08
1Z
b1010100 \
b111001 W
b1010001010111111011010100011000 P
1.
1'
1&
#40820000
0.
0'
#40840000
b111010 W
b10101000 \
1/
11
1"
18
b1001 $
b110111110111100011000000000000000000000000000000000000000000000 -
1(
1.
1'
0&
#40860000
0.
0'
#40880000
0Z
b1010000 \
b111011 W
b10100010101111110110101000110001 P
1.
1'
1&
#40900000
0.
0'
#40920000
b111100 W
b10100000 \
0/
01
0"
08
b1101111101111000110000000000000000000000000000000000000000000000 -
0(
b1010 $
1.
1'
0&
#40940000
0.
0'
#40960000
1Z
b1000000 \
b111101 W
b1000101011111101101010001100010 P
1.
1'
1&
#40980000
0.
0'
#41000000
b111110 W
b10000000 \
1/
11
1"
18
b1011 $
b1011111011110001100000000000000000000000000000000000000000000000 -
1(
1.
1'
0&
#41020000
0.
0'
#41040000
0Z
b0 \
b111111 W
b10001010111111011010100011000101 P
1.
1'
1&
#41060000
0.
0'
#41080000
b0 W
b10000 ]
b100000000000000 Y
b10010011 \
0/
01
0"
08
b111110111100011000000000000000000000000000000000000000000000000 -
b1100 $
1.
1'
0&
#41100000
0.
0'
#41120000
1Z
b100110 \
b1 W
b10101111110110101000110001011 P
1.
1'
1&
#41140000
0.
0'
#41160000
b10 W
b1001100 \
1/
11
1"
18
b1101 $
b1111101111000110000000000000000000000000000000000000000000000000 -
0(
1.
1'
0&
#41180000
0.
0'
#41200000
b10011000 \
b11 W
b101011111101101010001100010110 P
1.
1'
1&
#41220000
0.
0'
#41240000
b100 W
b11110100011011100110100 [
b110000 \
0Z
b1111011110001100000000000000000000000000000000000000000000000000 -
1(
b1110 $
1.
1'
0&
#41260000
0.
0'
#41280000
0/
01
0"
08
b1100000 \
1^
b101 W
b1010111111011010100011000101101 P
1.
1'
1&
#41300000
0.
0'
#41320000
b110 W
b11000000 \
b1111 $
b1110111100011000000000000000000000000000000000000000000000000000 -
1.
1'
0&
#41340000
0.
0'
#41360000
1Z
b10000000 \
b111 W
b10101111110110101000110001011011 P
1.
1'
1&
#41380000
0.
0'
#41400000
b1000 W
b10101110 \
0Z
1/
11
1"
18
b1101111000110000000000000000000000000000000000000000000000000000 -
b10000 $
1.
1'
0&
#41420000
0.
0'
#41440000
0/
01
0"
08
1Z
b1011100 \
b1001 W
b1011111101101010001100010110111 P
1.
1'
1&
#41460000
0.
0'
#41480000
b1010 W
b10111000 \
1/
11
1"
18
b10001 $
b1011110001100000000000000000000000000000000000000000000000000000 -
1.
1'
0&
#41500000
0.
0'
#41520000
0Z
b1110000 \
b1011 W
b10111111011010100011000101101111 P
1.
1'
1&
#41540000
0.
0'
#41560000
b1100 W
b11100000 \
0/
01
0"
08
b111100011000000000000000000000000000000000000000000000000000000 -
b10010 $
1.
1'
0&
#41580000
0.
0'
#41600000
1Z
b11000000 \
b1101 W
b1111110110101000110001011011111 P
1.
1'
1&
#41620000
0.
0'
#41640000
b1110 W
b10000000 \
0Z
1/
11
1"
18
b10011 $
b1111000110000000000000000000000000000000000000000000000000000000 -
0(
1.
1'
0&
#41660000
0.
0'
#41680000
0/
01
0"
08
1Z
b0 \
b1111 W
b11111101101010001100010110111110 P
1.
1'
1&
#41700000
0.
0'
#41720000
b10000 W
b11111010 \
1/
11
1"
18
b1110001100000000000000000000000000000000000000000000000000000000 -
1(
b10100 $
1.
1'
0&
#41740000
0.
0'
#41760000
0Z
b11110100 \
b10001 W
b11111011010100011000101101111101 P
1.
1'
1&
#41780000
0.
0'
#41800000
b10010 W
b11101000 \
1Z
0/
01
0"
08
b10101 $
b1100011000000000000000000000000000000000000000000000000000000000 -
1.
1'
0&
#41820000
0.
0'
#41840000
1/
11
1"
18
0Z
b11010000 \
b10011 W
b11110110101000110001011011111011 P
1.
1'
1&
#41860000
0.
0'
#41880000
b10100 W
b10100000 \
1Z
0/
01
0"
08
b1000110000000000000000000000000000000000000000000000000000000000 -
b10110 $
1.
1'
0&
#41900000
0.
0'
#41920000
1/
11
1"
18
0Z
b1000000 \
b10101 W
b11101101010001100010110111110111 P
1.
1'
1&
#41940000
0.
0'
#41960000
b10110 W
b10000000 \
0/
01
0"
08
b10111 $
b1100000000000000000000000000000000000000000000000000000000000 -
1.
1'
0&
#41980000
0.
0'
#42000000
1Z
b0 \
b10111 W
b11011010100011000101101111101111 P
1.
1'
1&
#42020000
0.
0'
#42040000
b11000 W
b11111110 \
1/
11
1"
18
b11000000000000000000000000000000000000000000000000000000000000 -
0(
b11000 $
1.
1'
0&
#42060000
0.
0'
#42080000
0Z
b11111100 \
b11001 W
b10110101000110001011011111011110 P
1.
1'
1&
#42100000
0.
0'
#42120000
b11010 W
b11111000 \
1Z
0/
01
0"
08
b11001 $
b110000000000000000000000000000000000000000000000000000000000000 -
1.
1'
0&
#42140000
0.
0'
#42160000
1/
11
1"
18
0Z
b11110000 \
b11011 W
b1101010001100010110111110111100 P
1.
1'
1&
#42180000
0.
0'
#42200000
b11100 W
b11100000 \
1Z
0/
01
0"
08
b1100000000000000000000000000000000000000000000000000000000000000 -
b11010 $
1.
1'
0&
#42220000
0.
0'
#42240000
1/
11
1"
18
0Z
b11000000 \
b11101 W
b11010100011000101101111101111000 P
1.
1'
1&
#42260000
0.
0'
#42280000
b11110 W
b10000000 \
1Z
0/
01
0"
08
b11011 $
b1000000000000000000000000000000000000000000000000000000000000000 -
1(
1.
1'
0&
#42300000
0.
0'
#42320000
1/
11
1"
18
0Z
b0 \
b11111 W
b10101000110001011011111011110001 P
1.
1'
1&
#42340000
0.
0'
#42360000
b100000 W
b11111010 \
0/
01
0"
08
b0 -
b11100 $
1.
1'
0&
#42380000
0.
0'
#42400000
1Z
b11110100 \
b100001 W
b1010001100010110111110111100011 P
1.
1'
1&
#42420000
0.
0'
#42440000
b100010 W
b11101000 \
0Z
1/
11
1"
18
b11101 $
0(
1.
1'
0&
#42460000
0.
0'
#42480000
0/
01
0"
08
1Z
b11010000 \
b100011 W
b10100011000101101111101111000110 P
1.
1'
1&
#42500000
0.
0'
#42520000
b100100 W
b10100000 \
0Z
1/
11
1"
18
b11110 $
1.
1'
0&
#42540000
0.
0'
#42560000
0/
01
0"
08
1Z
b1000000 \
b100101 W
b1000110001011011111011110001100 P
1.
1'
1&
#42580000
0.
0'
#42600000
b100110 W
b10000000 \
1/
11
1"
18
b11111 $
b11100011001101110010010011000110 ,
b1111100111111011110100111111001 +
b1111100111111011110100111111001111000110011011100100100110001100 -
1.
1'
0&
#42620000
0.
0'
#42640000
0Z
b0 \
b100111 W
b10001100010110111110111100011000 P
1.
1'
1&
#42660000
0.
0'
#42680000
1_
b101000 W
b10111011 \
0/
01
0"
08
b1111001111110111101001111110011110001100110111001001001100011000 -
1(
b0 $
00
0)
1.
1'
0&
#42700000
0.
0'
#42720000
1O
1I
1S
0a
1Z
b1110110 \
b101001 W
0G
b1000 J
b1001 K
0Q
b11000101101111101111000110001 P
1.
1'
1&
#42740000
0.
0'
#42760000
0I
0_
0H
b101010 W
b11101100 \
1/
11
1"
18
0b
b1 $
b1110011111101111010011111100111100011001101110010010011000110000 -
1.
1'
0&
#42780000
0.
0'
#42800000
0O
0S
0Z
b11011000 \
b101011 W
b1001 J
b11011011010100010101111110110101 ;
b11011011010100010101111110110101 E
b11011011010100010101111110110101 T
b1010 K
b11000101101111101111000110001 <
b11000101101111101111000110001 ?
b11000101101111101111000110001 N
0R
b110001011011111011110001100011 P
1.
1'
1&
#42820000
0.
0'
#42840000
b1010 J
b1011 K
b101100 W
b10110000 \
1Z
0/
01
0"
08
b1100111111011110100111111001111000110011011100100100110001100000 -
b10 $
1.
1'
0&
#42860000
0.
0'
#42880000
1/
11
1"
18
0Z
b1100000 \
b101101 W
b1011 J
b11000101101111101111000110001 :
b11000101101111101111000110001 F
b11000101101111101111000110001 U
b1100 K
b1100010110111110111100011000111 P
1.
1'
1&
#42900000
0.
0'
#42920000
b1100 J
b1101 K
b101110 W
b11000000 \
0/
01
0"
08
b11 $
b1001111110111101001111110011110001100110111001001001100011000000 -
1.
1'
0&
#42940000
0.
0'
#42960000
1Z
b10000000 \
b101111 W
b1101 J
b1110 K
b11000101101111101111000110001111 P
1.
1'
1&
#42980000
0.
0'
#43000000
b1110 J
b1111 K
b110000 W
b11111110 \
0Z
1/
11
1"
18
b11111101111010011111100111100011001101110010010011000110000000 -
b100 $
1.
1'
0&
#43020000
0.
0'
#43040000
0/
01
0"
08
1Z
b11111100 \
b110001 W
b1111 J
b0 K
b10001011011111011110001100011111 P
1.
1'
1&
#43060000
0.
0'
#43080000
b0 J
b1 K
b110010 W
b11111000 \
0Z
1/
11
1"
18
b101 $
b111111011110100111111001111000110011011100100100110001100000000 -
0(
1.
1'
0&
#43100000
0.
0'
#43120000
0/
01
0"
08
1Z
b11110000 \
b110011 W
b1 J
b10 K
b10110111110111100011000111110 P
1.
1'
1&
#43140000
0.
0'
#43160000
b10 J
b11 K
b110100 W
b11100000 \
0Z
1/
11
1"
18
b1111110111101001111110011110001100110111001001001100011000000000 -
b110 $
1.
1'
0&
#43180000
0.
0'
#43200000
0/
01
0"
08
1Z
b11000000 \
b110101 W
b11 J
b100 K
b101101111101111000110001111100 P
1.
1'
1&
#43220000
0.
0'
#43240000
b100 J
b101 K
b110110 W
b10000000 \
0Z
1/
11
1"
18
b111 $
b1111101111010011111100111100011001101110010010011000110000000000 -
1(
1.
1'
0&
#43260000
0.
0'
#43280000
0/
01
0"
08
1Z
b0 \
b110111 W
b101 J
b110 K
b1011011111011110001100011111001 P
1.
1'
1&
#43300000
0.
0'
#43320000
b110 J
b111 K
b111000 W
b10101011 \
1/
11
1"
18
b1111011110100111111001111000110011011100100100110001100000000000 -
b1000 $
1.
1'
0&
#43340000
0.
0'
#43360000
0Z
b1010110 \
b111001 W
b111 J
b1000 K
b10110111110111100011000111110011 P
1.
1'
1&
#43380000
0.
0'
#43400000
b1000 J
b1001 K
b111010 W
b10101100 \
0/
01
0"
08
b1001 $
b1110111101001111110011110001100110111001001001100011000000000000 -
1.
1'
0&
#43420000
0.
0'
#43440000
1Z
b1011000 \
b111011 W
b1001 J
b1010 K
b1101111101111000110001111100111 P
1.
1'
1&
#43460000
0.
0'
#43480000
b1010 J
b1011 K
b111100 W
b10110000 \
1/
11
1"
18
b1101111010011111100111100011001101110010010011000110000000000000 -
b1010 $
1.
1'
0&
#43500000
0.
0'
#43520000
0Z
b1100000 \
b111101 W
b1011 J
b1100 K
b11011111011110001100011111001111 P
1.
1'
1&
#43540000
0.
0'
#43560000
b1100 J
b1101 K
b111110 W
b11000000 \
0/
01
0"
08
b1011 $
b1011110100111111001111000110011011100100100110001100000000000000 -
1.
1'
0&
#43580000
0.
0'
#43600000
1Z
b10000000 \
b111111 W
b1101 J
b1110 K
b10111110111100011000111110011111 P
1.
1'
1&
#43620000
0.
0'
#43640000
b1110 J
b1111 K
b0 W
b10001 ]
b10010110 \
0Z
1/
11
1"
18
b111101001111110011110001100110111001001001100011000000000000000 -
b1100 $
1.
1'
0&
#43660000
0.
0'
#43680000
0/
01
0"
08
1Z
b101100 \
b1 W
b1111 J
b0 K
b1111101111000110001111100111111 P
1.
1'
1&
#43700000
0.
0'
#43720000
b0 J
b1 K
b10 W
b1011000 \
1/
11
1"
18
b1101 $
b1111010011111100111100011001101110010010011000110000000000000000 -
0(
1.
1'
0&
#43740000
0.
0'
#43760000
b10110000 \
b11 W
b1 J
b10 K
b11111011110001100011111001111110 P
1.
1'
1&
#43780000
0.
0'
#43800000
b10 J
b11 K
b100 W
b110110110101000101011111 [
b1100000 \
0Z
b1110100111111001111000110011011100100100110001100000000000000000 -
1(
b1110 $
1.
1'
0&
#43820000
0.
0'
#43840000
0/
01
0"
08
b11000000 \
b101 W
b11 J
b100 K
b11110111100011000111110011111101 P
1.
1'
1&
#43860000
0.
0'
#43880000
b100 J
b101 K
b110 W
b10000000 \
1Z
b1111 $
b1101001111110011110001100110111001001001100011000000000000000000 -
1.
1'
0&
#43900000
0.
0'
#43920000
1/
11
1"
18
0Z
b0 \
b111 W
b101 J
b110 K
b11101111000110001111100111111011 P
1.
1'
1&
#43940000
0.
0'
#43960000
b110 J
b111 K
b1000 W
b11111111 \
0/
01
0"
08
b1010011111100111100011001101110010010011000110000000000000000000 -
b10000 $
1.
1'
0&
#43980000
0.
0'
#44000000
1Z
b11111110 \
b1001 W
b111 J
b1000 K
b11011110001100011111001111110111 P
1.
1'
1&
#44020000
0.
0'
#44040000
b1000 J
b1001 K
b1010 W
b11111100 \
0Z
1/
11
1"
18
b10001 $
b100111111001111000110011011100100100110001100000000000000000000 -
1.
1'
0&
#44060000
0.
0'
#44080000
0/
01
0"
08
1Z
b11111000 \
b1011 W
b1001 J
b1010 K
b10111100011000111110011111101111 P
1.
1'
1&
#44100000
0.
0'
#44120000
b1010 J
b1011 K
b1100 W
b11110000 \
0Z
1/
11
1"
18
b1001111110011110001100110111001001001100011000000000000000000000 -
0(
b10010 $
1.
1'
0&
#44140000
0.
0'
#44160000
0/
01
0"
08
1Z
b11100000 \
b1101 W
b1011 J
b1100 K
b1111000110001111100111111011110 P
1.
1'
1&
#44180000
0.
0'
#44200000
b1100 J
b1101 K
b1110 W
b11000000 \
0Z
1/
11
1"
18
b10011 $
b11111100111100011001101110010010011000110000000000000000000000 -
1(
1.
1'
0&
#44220000
0.
0'
#44240000
0/
01
0"
08
1Z
b10000000 \
b1111 W
b1101 J
b1110 K
b11110001100011111001111110111101 P
1.
1'
1&
#44260000
0.
0'
#44280000
b1110 J
b1111 K
b10000 W
b11101110 \
0Z
1/
11
1"
18
b111111001111000110011011100100100110001100000000000000000000000 -
0(
b10100 $
1.
1'
0&
#44300000
0.
0'
#44320000
0/
01
0"
08
1Z
b11011100 \
b10001 W
b1111 J
b0 K
b11100011000111110011111101111010 P
1.
1'
1&
#44340000
0.
0'
#44360000
b0 J
b1 K
b10010 W
b10111000 \
0Z
1/
11
1"
18
b10101 $
b1111110011110001100110111001001001100011000000000000000000000000 -
1.
1'
0&
#44380000
0.
0'
#44400000
0/
01
0"
08
1Z
b1110000 \
b10011 W
b1 J
b10 K
b11000110001111100111111011110100 P
1.
1'
1&
#44420000
0.
0'
#44440000
b10 J
b11 K
b10100 W
b11100000 \
1/
11
1"
18
b1111100111100011001101110010010011000110000000000000000000000000 -
1(
b10110 $
1.
1'
0&
#44460000
0.
0'
#44480000
0Z
b11000000 \
b10101 W
b11 J
b100 K
b10001100011111001111110111101001 P
1.
1'
1&
#44500000
0.
0'
#44520000
b100 J
b101 K
b10110 W
b10000000 \
1Z
0/
01
0"
08
b10111 $
b1111001111000110011011100100100110001100000000000000000000000000 -
1.
1'
0&
#44540000
0.
0'
#44560000
1/
11
1"
18
0Z
b0 \
b10111 W
b101 J
b110 K
b11000111110011111101111010011 P
1.
1'
1&
#44580000
0.
0'
#44600000
b110 J
b111 K
b11000 W
b11101010 \
0/
01
0"
08
b1110011110001100110111001001001100011000000000000000000000000000 -
b11000 $
1.
1'
0&
#44620000
0.
0'
#44640000
1Z
b11010100 \
b11001 W
b111 J
b1000 K
b110001111100111111011110100111 P
1.
1'
1&
#44660000
0.
0'
#44680000
b1000 J
b1001 K
b11010 W
b10101000 \
0Z
1/
11
1"
18
b11001 $
b1100111100011001101110010010011000110000000000000000000000000000 -
1.
1'
0&
#44700000
0.
0'
#44720000
0/
01
0"
08
1Z
b1010000 \
b11011 W
b1001 J
b1010 K
b1100011111001111110111101001111 P
1.
1'
1&
#44740000
0.
0'
#44760000
b1010 J
b1011 K
b11100 W
b10100000 \
1/
11
1"
18
b1001111000110011011100100100110001100000000000000000000000000000 -
b11010 $
1.
1'
0&
#44780000
0.
0'
#44800000
0Z
b1000000 \
b11101 W
b1011 J
b1100 K
b11000111110011111101111010011111 P
1.
1'
1&
#44820000
0.
0'
#44840000
b1100 J
b1101 K
b11110 W
b10000000 \
0/
01
0"
08
b11011 $
b11110001100110111001001001100011000000000000000000000000000000 -
1.
1'
0&
#44860000
0.
0'
#44880000
1Z
b0 \
b11111 W
b1101 J
b1110 K
b10001111100111111011110100111111 P
1.
1'
1&
#44900000
0.
0'
#44920000
b1110 J
b1111 K
b100000 W
b11101110 \
1/
11
1"
18
b111100011001101110010010011000110000000000000000000000000000000 -
0(
b11100 $
1.
1'
0&
#44940000
0.
0'
#44960000
0Z
b11011100 \
b100001 W
b1111 J
b0 K
b11111001111110111101001111110 P
1.
1'
1&
#44980000
0.
0'
#45000000
b0 J
b1 K
b100010 W
b10111000 \
1Z
0/
01
0"
08
b11101 $
b1111000110011011100100100110001100000000000000000000000000000000 -
1.
1'
0&
#45020000
0.
0'
#45040000
1/
11
1"
18
0Z
b1110000 \
b100011 W
b1 J
b10 K
b111110011111101111010011111100 P
1.
1'
1&
#45060000
0.
0'
#45080000
b10 J
b11 K
b100100 W
b11100000 \
0/
01
0"
08
b1110001100110111001001001100011000000000000000000000000000000000 -
1(
b11110 $
1.
1'
0&
#45100000
0.
0'
#45120000
1Z
b11000000 \
b100101 W
b11 J
b100 K
b1111100111111011110100111111001 P
1.
1'
1&
#45140000
0.
0'
#45160000
b100 J
b101 K
b100110 W
b10000000 \
0Z
1/
11
1"
18
b11111 $
b1100011001101110010010011000110000000000000000000000000000000000 -
1.
1'
0&
#45180000
0.
0'
#45200000
0/
01
0"
08
1Z
b0 \
b100111 W
b101 J
b110 K
b11111001111110111101001111110011 P
1.
1'
1&
#45220000
0.
0'
#45240000
b110 J
b111 K
b101000 W
b11111011 \
1/
11
1"
18
b1000110011011100100100110001100000000000000000000000000000000000 -
b0 $
10
1)
1.
1'
0&
#45260000
0.
0'
#45280000
1M
1I
1S
1a
0Z
b11110110 \
b101001 W
1G
1Q
b11110011111101111010011111100111 P
1.
1'
1&
#45300000
0.
0'
#45320000
0I
1H
b101010 W
b11101100 \
1Z
0/
01
0"
08
1b
b1 $
b1100110111001001001100011000000000000000000000000000000000000 -
1.
1'
0&
#45340000
0.
0'
#45360000
0M
0S
1/
11
1"
18
0Z
b11011000 \
b101011 W
b11110011111101111010011111100111 =
b11110011111101111010011111100111 @
b11110011111101111010011111100111 L
1R
b11100111111011110100111111001111 P
1.
1'
1&
#45380000
0.
0'
#45400000
b101100 W
b10110000 \
1Z
0/
01
0"
08
b11001101110010010011000110000000000000000000000000000000000000 -
0(
b10 $
1.
1'
0&
#45420000
0.
0'
#45440000
1/
11
1"
18
0Z
b1100000 \
b101101 W
b11001111110111101001111110011110 P
1.
1'
1&
#45460000
0.
0'
#45480000
b101110 W
b11000000 \
0/
01
0"
08
b11 $
b110011011100100100110001100000000000000000000000000000000000000 -
1.
1'
0&
#45500000
0.
0'
#45520000
1Z
b10000000 \
b101111 W
b10011111101111010011111100111100 P
1.
1'
1&
#45540000
0.
0'
#45560000
b110000 W
b11101111 \
0Z
1/
11
1"
18
b1100110111001001001100011000000000000000000000000000000000000000 -
b100 $
1.
1'
0&
#45580000
0.
0'
#45600000
0/
01
0"
08
1Z
b11011110 \
b110001 W
b111111011110100111111001111000 P
1.
1'
1&
#45620000
0.
0'
#45640000
b110010 W
b10111100 \
0Z
1/
11
1"
18
b101 $
b1001101110010010011000110000000000000000000000000000000000000000 -
1(
1.
1'
0&
#45660000
0.
0'
#45680000
0/
01
0"
08
1Z
b1111000 \
b110011 W
b1111110111101001111110011110001 P
1.
1'
1&
#45700000
0.
0'
#45720000
b110100 W
b11110000 \
1/
11
1"
18
b11011100100100110001100000000000000000000000000000000000000000 -
b110 $
1.
1'
0&
#45740000
0.
0'
#45760000
0Z
b11100000 \
b110101 W
b11111101111010011111100111100011 P
1.
1'
1&
#45780000
0.
0'
#45800000
b110110 W
b11000000 \
1Z
0/
01
0"
08
b111 $
b110111001001001100011000000000000000000000000000000000000000000 -
0(
1.
1'
0&
#45820000
0.
0'
#45840000
1/
11
1"
18
0Z
b10000000 \
b110111 W
b11111011110100111111001111000110 P
1.
1'
1&
#45860000
0.
0'
#45880000
b111000 W
b10101011 \
1Z
0/
01
0"
08
b1101110010010011000110000000000000000000000000000000000000000000 -
b1000 $
1.
1'
0&
#45900000
0.
0'
#45920000
1/
11
1"
18
0Z
b1010110 \
b111001 W
b11110111101001111110011110001100 P
1.
1'
1&
#45940000
0.
0'
#45960000
b111010 W
b10101100 \
0/
01
0"
08
b1001 $
b1011100100100110001100000000000000000000000000000000000000000000 -
1(
1.
1'
0&
#45980000
0.
0'
#46000000
1Z
b1011000 \
b111011 W
b11101111010011111100111100011001 P
1.
1'
1&
#46020000
0.
0'
#46040000
b111100 W
b10110000 \
1/
11
1"
18
b111001001001100011000000000000000000000000000000000000000000000 -
b1010 $
1.
1'
0&
#46060000
0.
0'
#46080000
0Z
b1100000 \
b111101 W
b11011110100111111001111000110011 P
1.
1'
1&
#46100000
0.
0'
#46120000
b111110 W
b11000000 \
0/
01
0"
08
b1011 $
b1110010010011000110000000000000000000000000000000000000000000000 -
0(
1.
1'
0&
#46140000
0.
0'
#46160000
1Z
b10000000 \
b111111 W
b10111101001111110011110001100110 P
1.
1'
1&
#46180000
0.
0'
#46200000
b0 W
b10010 ]
b1000000000000000 Y
b10010011 \
0Z
1/
11
1"
18
b1100100100110001100000000000000000000000000000000000000000000000 -
1(
b1100 $
1.
1'
0&
#46220000
0.
0'
#46240000
0/
01
0"
08
1Z
b100110 \
b1 W
b1111010011111100111100011001101 P
1.
1'
1&
#46260000
0.
0'
#46280000
b10 W
b1001100 \
1/
11
1"
18
b1101 $
b1001001001100011000000000000000000000000000000000000000000000000 -
1.
1'
0&
#46300000
0.
0'
#46320000
b10011000 \
b11 W
b11110100111111001111000110011011 P
1.
1'
1&
#46340000
0.
0'
#46360000
b100 W
b110001011011111011110 [
b110000 \
0Z
b10010011000110000000000000000000000000000000000000000000000000 -
b1110 $
1.
1'
0&
#46380000
0.
0'
#46400000
0/
01
0"
08
b1100000 \
0^
b101 W
b11101001111110011110001100110111 P
1.
1'
1&
#46420000
0.
0'
#46440000
b110 W
b11000000 \
b1111 $
b100100110001100000000000000000000000000000000000000000000000000 -
0(
1.
1'
0&
#46460000
0.
0'
#46480000
1Z
b10000000 \
b111 W
b11010011111100111100011001101110 P
1.
1'
1&
#46500000
0.
0'
#46520000
b1000 W
b10111111 \
0Z
1/
11
1"
18
b1001001100011000000000000000000000000000000000000000000000000000 -
b10000 $
1.
1'
0&
#46540000
0.
0'
#46560000
0/
01
0"
08
1Z
b1111110 \
b1001 W
b10100111111001111000110011011100 P
1.
1'
1&
#46580000
0.
0'
#46600000
b1010 W
b11111100 \
1/
11
1"
18
b10001 $
b10011000110000000000000000000000000000000000000000000000000000 -
1(
1.
1'
0&
#46620000
0.
0'
#46640000
0Z
b11111000 \
b1011 W
b1001111110011110001100110111001 P
1.
1'
1&
#46660000
0.
0'
#46680000
b1100 W
b11110000 \
1Z
0/
01
0"
08
b100110001100000000000000000000000000000000000000000000000000000 -
0(
b10010 $
1.
1'
0&
#46700000
0.
0'
#46720000
1/
11
1"
18
0Z
b11100000 \
b1101 W
b10011111100111100011001101110010 P
1.
1'
1&
#46740000
0.
0'
#46760000
b1110 W
b11000000 \
1Z
0/
01
0"
08
b10011 $
b1001100011000000000000000000000000000000000000000000000000000000 -
1.
1'
0&
#46780000
0.
0'
#46800000
1/
11
1"
18
0Z
b10000000 \
b1111 W
b111111001111000110011011100100 P
1.
1'
1&
#46820000
0.
0'
#46840000
b10000 W
b11101111 \
1Z
0/
01
0"
08
b11000110000000000000000000000000000000000000000000000000000000 -
1(
b10100 $
1.
1'
0&
#46860000
0.
0'
#46880000
1/
11
1"
18
0Z
b11011110 \
b10001 W
b1111110011110001100110111001001 P
1.
1'
1&
#46900000
0.
0'
#46920000
b10010 W
b10111100 \
1Z
0/
01
0"
08
b10101 $
b110001100000000000000000000000000000000000000000000000000000000 -
0(
1.
1'
0&
#46940000
0.
0'
#46960000
1/
11
1"
18
0Z
b1111000 \
b10011 W
b11111100111100011001101110010010 P
1.
1'
1&
#46980000
0.
0'
#47000000
b10100 W
b11110000 \
0/
01
0"
08
b1100011000000000000000000000000000000000000000000000000000000000 -
b10110 $
1.
1'
0&
#47020000
0.
0'
#47040000
1Z
b11100000 \
b10101 W
b11111001111000110011011100100100 P
1.
1'
1&
#47060000
0.
0'
#47080000
b10110 W
b11000000 \
0Z
1/
11
1"
18
b10111 $
b1000110000000000000000000000000000000000000000000000000000000000 -
1(
1.
1'
0&
#47100000
0.
0'
#47120000
0/
01
0"
08
1Z
b10000000 \
b10111 W
b11110011110001100110111001001001 P
1.
1'
1&
#47140000
0.
0'
#47160000
b11000 W
b11111110 \
0Z
1/
11
1"
18
b1100000000000000000000000000000000000000000000000000000000000 -
b11000 $
1.
1'
0&
#47180000
0.
0'
#47200000
0/
01
0"
08
1Z
b11111100 \
b11001 W
b11100111100011001101110010010011 P
1.
1'
1&
#47220000
0.
0'
#47240000
b11010 W
b11111000 \
0Z
1/
11
1"
18
b11001 $
b11000000000000000000000000000000000000000000000000000000000000 -
0(
1.
1'
0&
#47260000
0.
0'
#47280000
0/
01
0"
08
1Z
b11110000 \
b11011 W
b11001111000110011011100100100110 P
1.
1'
1&
#47300000
0.
0'
#47320000
b11100 W
b11100000 \
0Z
1/
11
1"
18
b110000000000000000000000000000000000000000000000000000000000000 -
b11010 $
1.
1'
0&
#47340000
0.
0'
#47360000
0/
01
0"
08
1Z
b11000000 \
b11101 W
b10011110001100110111001001001100 P
1.
1'
1&
#47380000
0.
0'
#47400000
b11110 W
b10000000 \
0Z
1/
11
1"
18
b11011 $
b1100000000000000000000000000000000000000000000000000000000000000 -
1.
1'
0&
#47420000
0.
0'
#47440000
0/
01
0"
08
1Z
b0 \
b11111 W
b111100011001101110010010011000 P
1.
1'
1&
#47460000
0.
0'
#47480000
b100000 W
b11111011 \
1/
11
1"
18
b1000000000000000000000000000000000000000000000000000000000000000 -
1(
b11100 $
1.
1'
0&
#47500000
0.
0'
#47520000
0Z
b11110110 \
b100001 W
b1111000110011011100100100110001 P
1.
1'
1&
#47540000
0.
0'
#47560000
b100010 W
b11101100 \
1Z
0/
01
0"
08
b11101 $
b0 -
1.
1'
0&
#47580000
0.
0'
#47600000
1/
11
1"
18
0Z
b11011000 \
b100011 W
b11110001100110111001001001100011 P
1.
1'
1&
#47620000
0.
0'
#47640000
b100100 W
b10110000 \
1Z
0/
01
0"
08
0(
b11110 $
1.
1'
0&
#47660000
0.
0'
#47680000
1/
11
1"
18
0Z
b1100000 \
b100101 W
b11100011001101110010010011000110 P
1.
1'
1&
#47700000
0.
0'
#47720000
b100110 W
b11000000 \
0/
01
0"
08
b11111 $
1(
b11010101000100111101001010101010 ,
b11100010111101111000010011000101 +
b1100010111101111000010011000101110101010001001111010010101010100 -
1.
1'
0&
#47740000
0.
0'
#47760000
1Z
b10000000 \
b100111 W
b11000110011011100100100110001101 P
1.
1'
1&
#47780000
0.
0'
#47800000
1_
b101000 W
b10101011 \
0Z
1/
11
1"
18
b1000101111011110000100110001011101010100010011110100101010101000 -
b0 $
00
0)
1.
1'
0&
#47820000
0.
0'
#47840000
1O
1I
1S
0a
0/
01
0"
08
1Z
b1010110 \
b101001 W
0G
b111 J
b1000 K
0Q
b10001100110111001001001100011011 P
1.
1'
1&
#47860000
0.
0'
#47880000
0I
0_
0H
b101010 W
b10101100 \
1/
11
1"
18
0b
b1 $
b1011110111100001001100010111010101000100111101001010101010000 -
1.
1'
0&
#47900000
0.
0'
#47920000
0O
0S
0Z
b1011000 \
b101011 W
b1000 J
b11110011111101111010011111100111 ;
b11110011111101111010011111100111 E
b11110011111101111010011111100111 T
b1001 K
b10001100110111001001001100011011 <
b10001100110111001001001100011011 ?
b10001100110111001001001100011011 N
0R
b11001101110010010011000110111 P
1.
1'
1&
#47940000
0.
0'
#47960000
b1001 J
b1010 K
b101100 W
b10110000 \
0/
01
0"
08
b10111101111000010011000101110101010001001111010010101010100000 -
0(
b10 $
1.
1'
0&
#47980000
0.
0'
#48000000
1Z
b1100000 \
b101101 W
b1010 J
b10001100110111001001001100011011 :
b10001100110111001001001100011011 F
b10001100110111001001001100011011 U
b1011 K
b110011011100100100110001101110 P
1.
1'
1&
#48020000
0.
0'
#48040000
b1011 J
b1100 K
b101110 W
b11000000 \
1/
11
1"
18
b11 $
b101111011110000100110001011101010100010011110100101010101000000 -
1.
1'
0&
#48060000
0.
0'
#48080000
0Z
b10000000 \
b101111 W
b1100 J
b1101 K
b1100110111001001001100011011100 P
1.
1'
1&
#48100000
0.
0'
#48120000
b1101 J
b1110 K
b110000 W
b11101010 \
1Z
0/
01
0"
08
b1011110111100001001100010111010101000100111101001010101010000000 -
b100 $
1.
1'
0&
#48140000
0.
0'
#48160000
1/
11
1"
18
0Z
b11010100 \
b110001 W
b1110 J
b1111 K
b11001101110010010011000110111000 P
1.
1'
1&
#48180000
0.
0'
#48200000
b1111 J
b0 K
b110010 W
b10101000 \
1Z
0/
01
0"
08
b101 $
b111101111000010011000101110101010001001111010010101010100000000 -
1(
1.
1'
0&
#48220000
0.
0'
#48240000
1/
11
1"
18
0Z
b1010000 \
b110011 W
b0 J
b1 K
b10011011100100100110001101110001 P
1.
1'
1&
#48260000
0.
0'
#48280000
b1 J
b10 K
b110100 W
b10100000 \
0/
01
0"
08
b1111011110000100110001011101010100010011110100101010101000000000 -
0(
b110 $
1.
1'
0&
#48300000
0.
0'
#48320000
1Z
b1000000 \
b110101 W
b10 J
b11 K
b110111001001001100011011100010 P
1.
1'
1&
#48340000
0.
0'
#48360000
b11 J
b100 K
b110110 W
b10000000 \
1/
11
1"
18
b111 $
b1110111100001001100010111010101000100111101001010101010000000000 -
1(
1.
1'
0&
#48380000
0.
0'
#48400000
0Z
b0 \
b110111 W
b100 J
b101 K
b1101110010010011000110111000101 P
1.
1'
1&
#48420000
0.
0'
#48440000
b101 J
b110 K
b111000 W
b10101010 \
0/
01
0"
08
b1101111000010011000101110101010001001111010010101010100000000000 -
b1000 $
1.
1'
0&
#48460000
0.
0'
#48480000
1Z
b1010100 \
b111001 W
b110 J
b111 K
b11011100100100110001101110001011 P
1.
1'
1&
#48500000
0.
0'
#48520000
b111 J
b1000 K
b111010 W
b10101000 \
1/
11
1"
18
b1001 $
b1011110000100110001011101010100010011110100101010101000000000000 -
1.
1'
0&
#48540000
0.
0'
#48560000
0Z
b1010000 \
b111011 W
b1000 J
b1001 K
b10111001001001100011011100010111 P
1.
1'
1&
#48580000
0.
0'
#48600000
b1001 J
b1010 K
b111100 W
b10100000 \
0/
01
0"
08
b111100001001100010111010101000100111101001010101010000000000000 -
b1010 $
1.
1'
0&
#48620000
0.
0'
#48640000
1Z
b1000000 \
b111101 W
b1010 J
b1011 K
b1110010010011000110111000101111 P
1.
1'
1&
#48660000
0.
0'
#48680000
b1011 J
b1100 K
b111110 W
b10000000 \
1/
11
1"
18
b1011 $
b1111000010011000101110101010001001111010010101010100000000000000 -
0(
1.
1'
0&
#48700000
0.
0'
#48720000
0Z
b0 \
b111111 W
b1100 J
b1101 K
b11100100100110001101110001011110 P
1.
1'
1&
#48740000
0.
0'
#48760000
b1101 J
b1110 K
b0 W
b10011 ]
b10010110 \
0/
01
0"
08
b1110000100110001011101010100010011110100101010101000000000000000 -
1(
b1100 $
1.
1'
0&
#48780000
0.
0'
#48800000
1Z
b101100 \
b1 W
b1110 J
b1111 K
b11001001001100011011100010111101 P
1.
1'
1&
#48820000
0.
0'
#48840000
b1111 J
b0 K
b10 W
b1011000 \
1/
11
1"
18
b1101 $
b1100001001100010111010101000100111101001010101010000000000000000 -
1.
1'
0&
#48860000
0.
0'
#48880000
b10110000 \
b11 W
b0 J
b1 K
b10010010011000110111000101111011 P
1.
1'
1&
#48900000
0.
0'
#48920000
b1 J
b10 K
b100 W
b111100111111011110100111 [
b1100000 \
0Z
b1000010011000101110101010001001111010010101010100000000000000000 -
b1110 $
1.
1'
0&
#48940000
0.
0'
#48960000
0/
01
0"
08
b11000000 \
b101 W
b10 J
b11 K
b100100110001101110001011110111 P
1.
1'
1&
#48980000
0.
0'
#49000000
b11 J
b100 K
b110 W
b10000000 \
1Z
b1111 $
b100110001011101010100010011110100101010101000000000000000000 -
1.
1'
0&
#49020000
0.
0'
#49040000
1/
11
1"
18
0Z
b0 \
b111 W
b100 J
b101 K
b1001001100011011100010111101111 P
1.
1'
1&
#49060000
0.
0'
#49080000
b101 J
b110 K
b1000 W
b11111110 \
0/
01
0"
08
b1001100010111010101000100111101001010101010000000000000000000 -
0(
b10000 $
1.
1'
0&
#49100000
0.
0'
#49120000
1Z
b11111100 \
b1001 W
b110 J
b111 K
b10010011000110111000101111011110 P
1.
1'
1&
#49140000
0.
0'
#49160000
b111 J
b1000 K
b1010 W
b11111000 \
0Z
1/
11
1"
18
b10001 $
b10011000101110101010001001111010010101010100000000000000000000 -
1.
1'
0&
#49180000
0.
0'
#49200000
0/
01
0"
08
1Z
b11110000 \
b1011 W
b1000 J
b1001 K
b100110001101110001011110111100 P
1.
1'
1&
#49220000
0.
0'
#49240000
b1001 J
b1010 K
b1100 W
b11100000 \
0Z
1/
11
1"
18
b100110001011101010100010011110100101010101000000000000000000000 -
b10010 $
1.
1'
0&
#49260000
0.
0'
#49280000
0/
01
0"
08
1Z
b11000000 \
b1101 W
b1010 J
b1011 K
b1001100011011100010111101111000 P
1.
1'
1&
#49300000
0.
0'
#49320000
b1011 J
b1100 K
b1110 W
b10000000 \
0Z
1/
11
1"
18
b10011 $
b1001100010111010101000100111101001010101010000000000000000000000 -
1.
1'
0&
#49340000
0.
0'
#49360000
0/
01
0"
08
1Z
b0 \
b1111 W
b1100 J
b1101 K
b10011000110111000101111011110000 P
1.
1'
1&
#49380000
0.
0'
#49400000
b1101 J
b1110 K
b10000 W
b10111011 \
1/
11
1"
18
b11000101110101010001001111010010101010100000000000000000000000 -
1(
b10100 $
1.
1'
0&
#49420000
0.
0'
#49440000
0Z
b1110110 \
b10001 W
b1110 J
b1111 K
b110001101110001011110111100001 P
1.
1'
1&
#49460000
0.
0'
#49480000
b1111 J
b0 K
b10010 W
b11101100 \
0/
01
0"
08
b10101 $
b110001011101010100010011110100101010101000000000000000000000000 -
0(
1.
1'
0&
#49500000
0.
0'
#49520000
1Z
b11011000 \
b10011 W
b0 J
b1 K
b1100011011100010111101111000010 P
1.
1'
1&
#49540000
0.
0'
#49560000
b1 J
b10 K
b10100 W
b10110000 \
0Z
1/
11
1"
18
b1100010111010101000100111101001010101010000000000000000000000000 -
b10110 $
1.
1'
0&
#49580000
0.
0'
#49600000
0/
01
0"
08
1Z
b1100000 \
b10101 W
b10 J
b11 K
b11000110111000101111011110000100 P
1.
1'
1&
#49620000
0.
0'
#49640000
b11 J
b100 K
b10110 W
b11000000 \
1/
11
1"
18
b10111 $
b1000101110101010001001111010010101010100000000000000000000000000 -
1(
1.
1'
0&
#49660000
0.
0'
#49680000
0Z
b10000000 \
b10111 W
b100 J
b101 K
b10001101110001011110111100001001 P
1.
1'
1&
#49700000
0.
0'
#49720000
b101 J
b110 K
b11000 W
b11111110 \
1Z
0/
01
0"
08
b1011101010100010011110100101010101000000000000000000000000000 -
b11000 $
1.
1'
0&
#49740000
0.
0'
#49760000
1/
11
1"
18
0Z
b11111100 \
b11001 W
b110 J
b111 K
b11011100010111101111000010011 P
1.
1'
1&
#49780000
0.
0'
#49800000
b111 J
b1000 K
b11010 W
b11111000 \
1Z
0/
01
0"
08
b11001 $
b10111010101000100111101001010101010000000000000000000000000000 -
0(
1.
1'
0&
#49820000
0.
0'
#49840000
1/
11
1"
18
0Z
b11110000 \
b11011 W
b1000 J
b1001 K
b110111000101111011110000100110 P
1.
1'
1&
#49860000
0.
0'
#49880000
b1001 J
b1010 K
b11100 W
b11100000 \
1Z
0/
01
0"
08
b101110101010001001111010010101010100000000000000000000000000000 -
b11010 $
1.
1'
0&
#49900000
0.
0'
#49920000
1/
11
1"
18
0Z
b11000000 \
b11101 W
b1010 J
b1011 K
b1101110001011110111100001001100 P
1.
1'
1&
#49940000
0.
0'
#49960000
b1011 J
b1100 K
b11110 W
b10000000 \
1Z
0/
01
0"
08
b11011 $
b1011101010100010011110100101010101000000000000000000000000000000 -
1.
1'
0&
#49980000
0.
0'
#50000000
1/
11
1"
18
0Z
b0 \
b11111 W
b1100 J
b1101 K
b11011100010111101111000010011000 P
1.
1'
1&
#50020000
0.
0'
#50040000
b1101 J
b1110 K
b100000 W
b11111111 \
0/
01
0"
08
b111010101000100111101001010101010000000000000000000000000000000 -
1(
b11100 $
1.
1'
0&
#50060000
0.
0'
#50080000
1Z
b11111110 \
b100001 W
b1110 J
b1111 K
b10111000101111011110000100110001 P
1.
1'
1&
#50100000
0.
0'
#50120000
b1111 J
b0 K
b100010 W
b11111100 \
0Z
1/
11
1"
18
b11101 $
b1110101010001001111010010101010100000000000000000000000000000000 -
0(
1.
1'
0&
#50140000
0.
0'
#50160000
0/
01
0"
08
1Z
b11111000 \
b100011 W
b0 J
b1 K
b1110001011110111100001001100010 P
1.
1'
1&
#50180000
0.
0'
#50200000
b1 J
b10 K
b100100 W
b11110000 \
0Z
1/
11
1"
18
b1101010100010011110100101010101000000000000000000000000000000000 -
1(
b11110 $
1.
1'
0&
#50220000
0.
0'
#50240000
0/
01
0"
08
1Z
b11100000 \
b100101 W
b10 J
b11 K
b11100010111101111000010011000101 P
1.
1'
1&
#50260000
0.
0'
#50280000
b11 J
b100 K
b100110 W
b11000000 \
0Z
1/
11
1"
18
b11111 $
b1010101000100111101001010101010000000000000000000000000000000000 -
1.
1'
0&
#50300000
0.
0'
#50320000
0/
01
0"
08
1Z
b10000000 \
b100111 W
b100 J
b101 K
b11000101111011110000100110001011 P
1.
1'
1&
#50340000
0.
0'
#50360000
b101 J
b110 K
b101000 W
b11111010 \
0Z
1/
11
1"
18
b101010001001111010010101010100000000000000000000000000000000000 -
b0 $
10
1)
1.
1'
0&
#50380000
0.
0'
#50400000
1M
1I
1S
1a
0/
01
0"
08
1Z
b11110100 \
b101001 W
1G
1Q
b10001011110111100001001100010111 P
1.
1'
1&
#50420000
0.
0'
#50440000
0I
1H
b101010 W
b11101000 \
0Z
1/
11
1"
18
1b
b1 $
b1010100010011110100101010101000000000000000000000000000000000000 -
0(
1.
1'
0&
#50460000
0.
0'
#50480000
0M
0S
0/
01
0"
08
1Z
b11010000 \
b101011 W
b10001011110111100001001100010111 =
b10001011110111100001001100010111 @
b10001011110111100001001100010111 L
1R
b10111101111000010011000101110 P
1.
1'
1&
#50500000
0.
0'
#50520000
b101100 W
b10100000 \
0Z
1/
11
1"
18
b101000100111101001010101010000000000000000000000000000000000000 -
1(
b10 $
1.
1'
0&
#50540000
0.
0'
#50560000
0/
01
0"
08
1Z
b1000000 \
b101101 W
b101111011110000100110001011101 P
1.
1'
1&
#50580000
0.
0'
#50600000
b101110 W
b10000000 \
1/
11
1"
18
b11 $
b1010001001111010010101010100000000000000000000000000000000000000 -
0(
1.
1'
0&
#50620000
0.
0'
#50640000
0Z
b0 \
b101111 W
b1011110111100001001100010111010 P
1.
1'
1&
#50660000
0.
0'
#50680000
b110000 W
b11111111 \
0/
01
0"
08
b100010011110100101010101000000000000000000000000000000000000000 -
1(
b100 $
1.
1'
0&
#50700000
0.
0'
#50720000
1Z
b11111110 \
b110001 W
b10111101111000010011000101110101 P
1.
1'
1&
#50740000
0.
0'
#50760000
b110010 W
b11111100 \
0Z
1/
11
1"
18
b101 $
b1000100111101001010101010000000000000000000000000000000000000000 -
0(
1.
1'
0&
#50780000
0.
0'
#50800000
0/
01
0"
08
1Z
b11111000 \
b110011 W
b1111011110000100110001011101010 P
1.
1'
1&
#50820000
0.
0'
#50840000
b110100 W
b11110000 \
0Z
1/
11
1"
18
b1001111010010101010100000000000000000000000000000000000000000 -
1(
b110 $
1.
1'
0&
#50860000
0.
0'
#50880000
0/
01
0"
08
1Z
b11100000 \
b110101 W
b11110111100001001100010111010101 P
1.
1'
1&
#50900000
0.
0'
#50920000
b110110 W
b11000000 \
0Z
1/
11
1"
18
b111 $
b10011110100101010101000000000000000000000000000000000000000000 -
0(
1.
1'
0&
#50940000
0.
0'
#50960000
0/
01
0"
08
1Z
b10000000 \
b110111 W
b11101111000010011000101110101010 P
1.
1'
1&
#50980000
0.
0'
#51000000
b111000 W
b10101010 \
0Z
1/
11
1"
18
b100111101001010101010000000000000000000000000000000000000000000 -
b1000 $
1.
1'
0&
#51020000
0.
0'
#51040000
0/
01
0"
08
1Z
b1010100 \
b111001 W
b11011110000100110001011101010100 P
1.
1'
1&
#51060000
0.
0'
#51080000
b111010 W
b10101000 \
1/
11
1"
18
b1001 $
b1001111010010101010100000000000000000000000000000000000000000000 -
1.
1'
0&
#51100000
0.
0'
#51120000
0Z
b1010000 \
b111011 W
b10111100001001100010111010101000 P
1.
1'
1&
#51140000
0.
0'
#51160000
b111100 W
b10100000 \
0/
01
0"
08
b11110100101010101000000000000000000000000000000000000000000000 -
1(
b1010 $
1.
1'
0&
#51180000
0.
0'
#51200000
1Z
b1000000 \
b111101 W
b1111000010011000101110101010001 P
1.
1'
1&
#51220000
0.
0'
#51240000
b111110 W
b10000000 \
1/
11
1"
18
b1011 $
b111101001010101010000000000000000000000000000000000000000000000 -
0(
1.
1'
0&
#51260000
0.
0'
#51280000
0Z
b0 \
b111111 W
b11110000100110001011101010100010 P
1.
1'
1&
#51300000
0.
0'
#51320000
b0 W
b10100 ]
b10000000000000000 Y
b10010011 \
0/
01
0"
08
b1111010010101010100000000000000000000000000000000000000000000000 -
b1100 $
1.
1'
0&
#51340000
0.
0'
#51360000
1Z
b100110 \
b1 W
b11100001001100010111010101000100 P
1.
1'
1&
#51380000
0.
0'
#51400000
b10 W
b1001100 \
1/
11
1"
18
b1101 $
b1110100101010101000000000000000000000000000000000000000000000000 -
1(
1.
1'
0&
#51420000
0.
0'
#51440000
b10011000 \
b11 W
b11000010011000101110101010001001 P
1.
1'
1&
#51460000
0.
0'
#51480000
b100 W
b100011001101110010010011 [
b110000 \
0Z
b1101001010101010000000000000000000000000000000000000000000000000 -
b1110 $
1.
1'
0&
#51500000
0.
0'
#51520000
0/
01
0"
08
b1100000 \
b101 W
b10000100110001011101010100010011 P
1.
1'
1&
#51540000
0.
0'
#51560000
b110 W
b11000000 \
b1111 $
b1010010101010100000000000000000000000000000000000000000000000000 -
1.
1'
0&
#51580000
0.
0'
#51600000
1Z
b10000000 \
b111 W
b1001100010111010101000100111 P
1.
1'
1&
#51620000
0.
0'
#51640000
b1000 W
b11111010 \
0Z
1/
11
1"
18
b100101010101000000000000000000000000000000000000000000000000000 -
b10000 $
1.
1'
0&
#51660000
0.
0'
#51680000
0/
01
0"
08
1Z
b11110100 \
b1001 W
b10011000101110101010001001111 P
1.
1'
1&
#51700000
0.
0'
#51720000
b1010 W
b11101000 \
0Z
1/
11
1"
18
b10001 $
b1001010101010000000000000000000000000000000000000000000000000000 -
0(
1.
1'
0&
#51740000
0.
0'
#51760000
0/
01
0"
08
1Z
b11010000 \
b1011 W
b100110001011101010100010011110 P
1.
1'
1&
#51780000
0.
0'
#51800000
b1100 W
b10100000 \
0Z
1/
11
1"
18
b10101010100000000000000000000000000000000000000000000000000000 -
1(
b10010 $
1.
1'
0&
#51820000
0.
0'
#51840000
0/
01
0"
08
1Z
b1000000 \
b1101 W
b1001100010111010101000100111101 P
1.
1'
1&
#51860000
0.
0'
#51880000
b1110 W
b10000000 \
1/
11
1"
18
b10011 $
b101010101000000000000000000000000000000000000000000000000000000 -
0(
1.
1'
0&
#51900000
0.
0'
#51920000
0Z
b0 \
b1111 W
b10011000101110101010001001111010 P
1.
1'
1&
#51940000
0.
0'
#51960000
b10000 W
b11101011 \
0/
01
0"
08
b1010101010000000000000000000000000000000000000000000000000000000 -
b10100 $
1.
1'
0&
#51980000
0.
0'
#52000000
1Z
b11010110 \
b10001 W
b110001011101010100010011110100 P
1.
1'
1&
#52020000
0.
0'
#52040000
b10010 W
b10101100 \
0Z
1/
11
1"
18
b10101 $
b101010100000000000000000000000000000000000000000000000000000000 -
1(
1.
1'
0&
#52060000
0.
0'
#52080000
0/
01
0"
08
1Z
b1011000 \
b10011 W
b1100010111010101000100111101001 P
1.
1'
1&
#52100000
0.
0'
#52120000
b10100 W
b10110000 \
1/
11
1"
18
b1010101000000000000000000000000000000000000000000000000000000000 -
0(
b10110 $
1.
1'
0&
#52140000
0.
0'
#52160000
0Z
b1100000 \
b10101 W
b11000101110101010001001111010010 P
1.
1'
1&
#52180000
0.
0'
#52200000
b10110 W
b11000000 \
0/
01
0"
08
b10111 $
b101010000000000000000000000000000000000000000000000000000000000 -
1(
1.
1'
0&
#52220000
0.
0'
#52240000
1Z
b10000000 \
b10111 W
b10001011101010100010011110100101 P
1.
1'
1&
#52260000
0.
0'
#52280000
b11000 W
b10101111 \
0Z
1/
11
1"
18
b1010100000000000000000000000000000000000000000000000000000000000 -
0(
b11000 $
1.
1'
0&
#52300000
0.
0'
#52320000
0/
01
0"
08
1Z
b1011110 \
b11001 W
b10111010101000100111101001010 P
1.
1'
1&
#52340000
0.
0'
#52360000
b11010 W
b10111100 \
1/
11
1"
18
b11001 $
b101000000000000000000000000000000000000000000000000000000000000 -
1(
1.
1'
0&
#52380000
0.
0'
#52400000
0Z
b1111000 \
b11011 W
b101110101010001001111010010101 P
1.
1'
1&
#52420000
0.
0'
#52440000
b11100 W
b11110000 \
0/
01
0"
08
b1010000000000000000000000000000000000000000000000000000000000000 -
0(
b11010 $
1.
1'
0&
#52460000
0.
0'
#52480000
1Z
b11100000 \
b11101 W
b1011101010100010011110100101010 P
1.
1'
1&
#52500000
0.
0'
#52520000
b11110 W
b11000000 \
0Z
1/
11
1"
18
b11011 $
b100000000000000000000000000000000000000000000000000000000000000 -
1(
1.
1'
0&
#52540000
0.
0'
#52560000
0/
01
0"
08
1Z
b10000000 \
b11111 W
b10111010101000100111101001010101 P
1.
1'
1&
#52580000
0.
0'
#52600000
b100000 W
b11101111 \
0Z
1/
11
1"
18
b1000000000000000000000000000000000000000000000000000000000000000 -
0(
b11100 $
1.
1'
0&
#52620000
0.
0'
#52640000
0/
01
0"
08
1Z
b11011110 \
b100001 W
b1110101010001001111010010101010 P
1.
1'
1&
#52660000
0.
0'
#52680000
b100010 W
b10111100 \
0Z
1/
11
1"
18
b11101 $
b0 -
1(
1.
1'
0&
#52700000
0.
0'
#52720000
0/
01
0"
08
1Z
b1111000 \
b100011 W
b11101010100010011110100101010101 P
1.
1'
1&
#52740000
0.
0'
#52760000
b100100 W
b11110000 \
1/
11
1"
18
0(
b11110 $
1.
1'
0&
#52780000
0.
0'
#52800000
0Z
b11100000 \
b100101 W
b11010101000100111101001010101010 P
1.
1'
1&
#52820000
0.
0'
#52840000
b100110 W
b11000000 \
1Z
0/
01
0"
08
b11111 $
b10111011110100100111001001110111 ,
b1110010101011111111011111100101 +
b1110010101011111111011111100101101110111101001001110010011101110 -
1.
1'
0&
#52860000
0.
0'
#52880000
1/
11
1"
18
0Z
b10000000 \
b100111 W
b10101010001001111010010101010100 P
1.
1'
1&
#52900000
0.
0'
#52920000
1_
b101000 W
b10101111 \
1Z
0/
01
0"
08
b1100101010111111110111111001011011101111010010011100100111011100 -
1(
b0 $
00
0)
1.
1'
0&
#52940000
0.
0'
#52960000
1O
1I
1S
0a
1/
11
1"
18
0Z
b1011110 \
b101001 W
0G
b110 J
b111 K
0Q
b1010100010011110100101010101001 P
1.
1'
1&
#52980000
0.
0'
#53000000
0I
0_
0H
b101010 W
b10111100 \
0/
01
0"
08
0b
b1 $
b1001010101111111101111110010110111011110100100111001001110111000 -
1.
1'
0&
#53020000
0.
0'
#53040000
0O
0S
1Z
b1111000 \
b101011 W
b111 J
b10001011110111100001001100010111 ;
b10001011110111100001001100010111 E
b10001011110111100001001100010111 T
b1000 K
b1010100010011110100101010101001 <
b1010100010011110100101010101001 ?
b1010100010011110100101010101001 N
0R
b10101000100111101001010101010011 P
1.
1'
1&
#53060000
0.
0'
#53080000
b1000 J
b1001 K
b101100 W
b11110000 \
1/
11
1"
18
b10101011111111011111100101101110111101001001110010011101110000 -
b10 $
1.
1'
0&
#53100000
0.
0'
#53120000
0Z
b11100000 \
b101101 W
b1001 J
b1010100010011110100101010101001 :
b1010100010011110100101010101001 F
b1010100010011110100101010101001 U
b1010 K
b1010001001111010010101010100111 P
1.
1'
1&
#53140000
0.
0'
#53160000
b1010 J
b1011 K
b101110 W
b11000000 \
1Z
0/
01
0"
08
b11 $
b101010111111110111111001011011101111010010011100100111011100000 -
0(
1.
1'
0&
#53180000
0.
0'
#53200000
1/
11
1"
18
0Z
b10000000 \
b101111 W
b1011 J
b1100 K
b10100010011110100101010101001110 P
1.
1'
1&
#53220000
0.
0'
#53240000
b1100 J
b1101 K
b110000 W
b10101011 \
1Z
0/
01
0"
08
b1010101111111101111110010110111011110100100111001001110111000000 -
b100 $
1.
1'
0&
#53260000
0.
0'
#53280000
1/
11
1"
18
0Z
b1010110 \
b110001 W
b1101 J
b1110 K
b1000100111101001010101010011100 P
1.
1'
1&
#53300000
0.
0'
#53320000
b1110 J
b1111 K
b110010 W
b10101100 \
0/
01
0"
08
b101 $
b101011111111011111100101101110111101001001110010011101110000000 -
1(
1.
1'
0&
#53340000
0.
0'
#53360000
1Z
b1011000 \
b110011 W
b1111 J
b0 K
b10001001111010010101010100111001 P
1.
1'
1&
#53380000
0.
0'
#53400000
b0 J
b1 K
b110100 W
b10110000 \
1/
11
1"
18
b1010111111110111111001011011101111010010011100100111011100000000 -
0(
b110 $
1.
1'
0&
#53420000
0.
0'
#53440000
0Z
b1100000 \
b110101 W
b1 J
b10 K
b10011110100101010101001110010 P
1.
1'
1&
#53460000
0.
0'
#53480000
b10 J
b11 K
b110110 W
b11000000 \
0/
01
0"
08
b111 $
b101111111101111110010110111011110100100111001001110111000000000 -
1(
1.
1'
0&
#53500000
0.
0'
#53520000
1Z
b10000000 \
b110111 W
b11 J
b100 K
b100111101001010101010011100101 P
1.
1'
1&
#53540000
0.
0'
#53560000
b100 J
b101 K
b111000 W
b10101010 \
0Z
1/
11
1"
18
b1011111111011111100101101110111101001001110010011101110000000000 -
0(
b1000 $
1.
1'
0&
#53580000
0.
0'
#53600000
0/
01
0"
08
1Z
b1010100 \
b111001 W
b101 J
b110 K
b1001111010010101010100111001010 P
1.
1'
1&
#53620000
0.
0'
#53640000
b110 J
b111 K
b111010 W
b10101000 \
1/
11
1"
18
b1001 $
b111111110111111001011011101111010010011100100111011100000000000 -
1(
1.
1'
0&
#53660000
0.
0'
#53680000
0Z
b1010000 \
b111011 W
b111 J
b1000 K
b10011110100101010101001110010101 P
1.
1'
1&
#53700000
0.
0'
#53720000
b1000 J
b1001 K
b111100 W
b10100000 \
0/
01
0"
08
b1111111101111110010110111011110100100111001001110111000000000000 -
0(
b1010 $
1.
1'
0&
#53740000
0.
0'
#53760000
1Z
b1000000 \
b111101 W
b1001 J
b1010 K
b111101001010101010011100101010 P
1.
1'
1&
#53780000
0.
0'
#53800000
b1010 J
b1011 K
b111110 W
b10000000 \
1/
11
1"
18
b1011 $
b1111111011111100101101110111101001001110010011101110000000000000 -
1(
1.
1'
0&
#53820000
0.
0'
#53840000
0Z
b0 \
b111111 W
b1011 J
b1100 K
b1111010010101010100111001010101 P
1.
1'
1&
#53860000
0.
0'
#53880000
b1100 J
b1101 K
b0 W
b10101 ]
b10010110 \
0/
01
0"
08
b1111110111111001011011101111010010011100100111011100000000000000 -
b1100 $
1.
1'
0&
#53900000
0.
0'
#53920000
1Z
b101100 \
b1 W
b1101 J
b1110 K
b11110100101010101001110010101011 P
1.
1'
1&
#53940000
0.
0'
#53960000
b1110 J
b1111 K
b10 W
b1011000 \
1/
11
1"
18
b1101 $
b1111101111110010110111011110100100111001001110111000000000000000 -
1.
1'
0&
#53980000
0.
0'
#54000000
b10110000 \
b11 W
b1111 J
b0 K
b11101001010101010011100101010111 P
1.
1'
1&
#54020000
0.
0'
#54040000
b0 J
b1 K
b100 W
b100010111101111000010011 [
b1100000 \
0Z
b1111011111100101101110111101001001110010011101110000000000000000 -
b1110 $
1.
1'
0&
#54060000
0.
0'
#54080000
0/
01
0"
08
b11000000 \
1^
b101 W
b1 J
b10 K
b11010010101010100111001010101111 P
1.
1'
1&
#54100000
0.
0'
#54120000
b10 J
b11 K
b110 W
b10000000 \
1Z
b1111 $
b1110111111001011011101111010010011100100111011100000000000000000 -
1.
1'
0&
#54140000
0.
0'
#54160000
1/
11
1"
18
0Z
b0 \
b111 W
b11 J
b100 K
b10100101010101001110010101011111 P
1.
1'
1&
#54180000
0.
0'
#54200000
b100 J
b101 K
b1000 W
b11111010 \
0/
01
0"
08
b1101111110010110111011110100100111001001110111000000000000000000 -
b10000 $
1.
1'
0&
#54220000
0.
0'
#54240000
1Z
b11110100 \
b1001 W
b101 J
b110 K
b1001010101010011100101010111111 P
1.
1'
1&
#54260000
0.
0'
#54280000
b110 J
b111 K
b1010 W
b11101000 \
0Z
1/
11
1"
18
b10001 $
b1011111100101101110111101001001110010011101110000000000000000000 -
1.
1'
0&
#54300000
0.
0'
#54320000
0/
01
0"
08
1Z
b11010000 \
b1011 W
b111 J
b1000 K
b10010101010100111001010101111111 P
1.
1'
1&
#54340000
0.
0'
#54360000
b1000 J
b1001 K
b1100 W
b10100000 \
0Z
1/
11
1"
18
b111111001011011101111010010011100100111011100000000000000000000 -
b10010 $
1.
1'
0&
#54380000
0.
0'
#54400000
0/
01
0"
08
1Z
b1000000 \
b1101 W
b1001 J
b1010 K
b101010101001110010101011111111 P
1.
1'
1&
#54420000
0.
0'
#54440000
b1010 J
b1011 K
b1110 W
b10000000 \
1/
11
1"
18
b10011 $
b1111110010110111011110100100111001001110111000000000000000000000 -
0(
1.
1'
0&
#54460000
0.
0'
#54480000
0Z
b0 \
b1111 W
b1011 J
b1100 K
b1010101010011100101010111111110 P
1.
1'
1&
#54500000
0.
0'
#54520000
b1100 J
b1101 K
b10000 W
b11101010 \
0/
01
0"
08
b1111100101101110111101001001110010011101110000000000000000000000 -
1(
b10100 $
1.
1'
0&
#54540000
0.
0'
#54560000
1Z
b11010100 \
b10001 W
b1101 J
b1110 K
b10101010100111001010101111111101 P
1.
1'
1&
#54580000
0.
0'
#54600000
b1110 J
b1111 K
b10010 W
b10101000 \
0Z
1/
11
1"
18
b10101 $
b1111001011011101111010010011100100111011100000000000000000000000 -
1.
1'
0&
#54620000
0.
0'
#54640000
0/
01
0"
08
1Z
b1010000 \
b10011 W
b1111 J
b0 K
b1010101001110010101011111111011 P
1.
1'
1&
#54660000
0.
0'
#54680000
b0 J
b1 K
b10100 W
b10100000 \
1/
11
1"
18
b1110010110111011110100100111001001110111000000000000000000000000 -
b10110 $
1.
1'
0&
#54700000
0.
0'
#54720000
0Z
b1000000 \
b10101 W
b1 J
b10 K
b10101010011100101010111111110111 P
1.
1'
1&
#54740000
0.
0'
#54760000
b10 J
b11 K
b10110 W
b10000000 \
0/
01
0"
08
b10111 $
b1100101101110111101001001110010011101110000000000000000000000000 -
1.
1'
0&
#54780000
0.
0'
#54800000
1Z
b0 \
b10111 W
b11 J
b100 K
b1010100111001010101111111101111 P
1.
1'
1&
#54820000
0.
0'
#54840000
b100 J
b101 K
b11000 W
b10111111 \
1/
11
1"
18
b1001011011101111010010011100100111011100000000000000000000000000 -
b11000 $
1.
1'
0&
#54860000
0.
0'
#54880000
0Z
b1111110 \
b11001 W
b101 J
b110 K
b10101001110010101011111111011111 P
1.
1'
1&
#54900000
0.
0'
#54920000
b110 J
b111 K
b11010 W
b11111100 \
0/
01
0"
08
b11001 $
b10110111011110100100111001001110111000000000000000000000000000 -
1.
1'
0&
#54940000
0.
0'
#54960000
1Z
b11111000 \
b11011 W
b111 J
b1000 K
b1010011100101010111111110111111 P
1.
1'
1&
#54980000
0.
0'
#55000000
b1000 J
b1001 K
b11100 W
b11110000 \
0Z
1/
11
1"
18
b101101110111101001001110010011101110000000000000000000000000000 -
0(
b11010 $
1.
1'
0&
#55020000
0.
0'
#55040000
0/
01
0"
08
1Z
b11100000 \
b11101 W
b1001 J
b1010 K
b10100111001010101111111101111110 P
1.
1'
1&
#55060000
0.
0'
#55080000
b1010 J
b1011 K
b11110 W
b11000000 \
0Z
1/
11
1"
18
b11011 $
b1011011101111010010011100100111011100000000000000000000000000000 -
1.
1'
0&
#55100000
0.
0'
#55120000
0/
01
0"
08
1Z
b10000000 \
b11111 W
b1011 J
b1100 K
b1001110010101011111111011111100 P
1.
1'
1&
#55140000
0.
0'
#55160000
b1100 J
b1101 K
b100000 W
b11101111 \
0Z
1/
11
1"
18
b110111011110100100111001001110111000000000000000000000000000000 -
1(
b11100 $
1.
1'
0&
#55180000
0.
0'
#55200000
0/
01
0"
08
1Z
b11011110 \
b100001 W
b1101 J
b1110 K
b10011100101010111111110111111001 P
1.
1'
1&
#55220000
0.
0'
#55240000
b1110 J
b1111 K
b100010 W
b10111100 \
0Z
1/
11
1"
18
b11101 $
b1101110111101001001110010011101110000000000000000000000000000000 -
0(
1.
1'
0&
#55260000
0.
0'
#55280000
0/
01
0"
08
1Z
b1111000 \
b100011 W
b1111 J
b0 K
b111001010101111111101111110010 P
1.
1'
1&
#55300000
0.
0'
#55320000
b0 J
b1 K
b100100 W
b11110000 \
1/
11
1"
18
b1011101111010010011100100111011100000000000000000000000000000000 -
1(
b11110 $
1.
1'
0&
#55340000
0.
0'
#55360000
0Z
b11100000 \
b100101 W
b1 J
b10 K
b1110010101011111111011111100101 P
1.
1'
1&
#55380000
0.
0'
#55400000
b10 J
b11 K
b100110 W
b11000000 \
1Z
0/
01
0"
08
b11111 $
b111011110100100111001001110111000000000000000000000000000000000 -
1.
1'
0&
#55420000
0.
0'
#55440000
1/
11
1"
18
0Z
b10000000 \
b100111 W
b11 J
b100 K
b11100101010111111110111111001011 P
1.
1'
1&
#55460000
0.
0'
#55480000
b100 J
b101 K
b101000 W
b11111011 \
1Z
0/
01
0"
08
b1110111101001001110010011101110000000000000000000000000000000000 -
0(
b0 $
10
1)
1.
1'
0&
#55500000
0.
0'
#55520000
1M
1I
1S
1a
1/
11
1"
18
0Z
b11110110 \
b101001 W
1G
1Q
b11001010101111111101111110010110 P
1.
1'
1&
#55540000
0.
0'
#55560000
0I
1H
b101010 W
b11101100 \
1Z
0/
01
0"
08
1b
b1 $
b1101111010010011100100111011100000000000000000000000000000000000 -
1(
1.
1'
0&
#55580000
0.
0'
#55600000
0M
0S
1/
11
1"
18
0Z
b11011000 \
b101011 W
b11001010101111111101111110010110 =
b11001010101111111101111110010110 @
b11001010101111111101111110010110 L
1R
b10010101011111111011111100101101 P
1.
1'
1&
#55620000
0.
0'
#55640000
b101100 W
b10110000 \
1Z
0/
01
0"
08
b1011110100100111001001110111000000000000000000000000000000000000 -
b10 $
1.
1'
0&
#55660000
0.
0'
#55680000
1/
11
1"
18
0Z
b1100000 \
b101101 W
b101010111111110111111001011011 P
1.
1'
1&
#55700000
0.
0'
#55720000
b101110 W
b11000000 \
0/
01
0"
08
b11 $
b111101001001110010011101110000000000000000000000000000000000000 -
1.
1'
0&
#55740000
0.
0'
#55760000
1Z
b10000000 \
b101111 W
b1010101111111101111110010110111 P
1.
1'
1&
#55780000
0.
0'
#55800000
b110000 W
b10101011 \
0Z
1/
11
1"
18
b1111010010011100100111011100000000000000000000000000000000000000 -
0(
b100 $
1.
1'
0&
#55820000
0.
0'
#55840000
0/
01
0"
08
1Z
b1010110 \
b110001 W
b10101011111111011111100101101110 P
1.
1'
1&
#55860000
0.
0'
#55880000
b110010 W
b10101100 \
1/
11
1"
18
b101 $
b1110100100111001001110111000000000000000000000000000000000000000 -
1(
1.
1'
0&
#55900000
0.
0'
#55920000
0Z
b1011000 \
b110011 W
b1010111111110111111001011011101 P
1.
1'
1&
#55940000
0.
0'
#55960000
b110100 W
b10110000 \
0/
01
0"
08
b1101001001110010011101110000000000000000000000000000000000000000 -
b110 $
1.
1'
0&
#55980000
0.
0'
#56000000
1Z
b1100000 \
b110101 W
b10101111111101111110010110111011 P
1.
1'
1&
#56020000
0.
0'
#56040000
b110110 W
b11000000 \
1/
11
1"
18
b111 $
b1010010011100100111011100000000000000000000000000000000000000000 -
1.
1'
0&
#56060000
0.
0'
#56080000
0Z
b10000000 \
b110111 W
b1011111111011111100101101110111 P
1.
1'
1&
#56100000
0.
0'
#56120000
b111000 W
b10101011 \
1Z
0/
01
0"
08
b100100111001001110111000000000000000000000000000000000000000000 -
b1000 $
1.
1'
0&
#56140000
0.
0'
#56160000
1/
11
1"
18
0Z
b1010110 \
b111001 W
b10111111110111111001011011101111 P
1.
1'
1&
#56180000
0.
0'
#56200000
b111010 W
b10101100 \
0/
01
0"
08
b1001 $
b1001001110010011101110000000000000000000000000000000000000000000 -
0(
1.
1'
0&
#56220000
0.
0'
#56240000
1Z
b1011000 \
b111011 W
b1111111101111110010110111011110 P
1.
1'
1&
#56260000
0.
0'
#56280000
b111100 W
b10110000 \
1/
11
1"
18
b10011100100111011100000000000000000000000000000000000000000000 -
1(
b1010 $
1.
1'
0&
#56300000
0.
0'
#56320000
0Z
b1100000 \
b111101 W
b11111111011111100101101110111101 P
1.
1'
1&
#56340000
0.
0'
#56360000
b111110 W
b11000000 \
0/
01
0"
08
b1011 $
b100111001001110111000000000000000000000000000000000000000000000 -
0(
1.
1'
0&
#56380000
0.
0'
#56400000
1Z
b10000000 \
b111111 W
b11111110111111001011011101111010 P
1.
1'
1&
#56420000
0.
0'
#56440000
b0 W
b10110 ]
b100000000000000000 Y
b10010011 \
0Z
1/
11
1"
18
b1001110010011101110000000000000000000000000000000000000000000000 -
b1100 $
1.
1'
0&
#56460000
0.
0'
#56480000
0/
01
0"
08
1Z
b100110 \
b1 W
b11111101111110010110111011110100 P
1.
1'
1&
#56500000
0.
0'
#56520000
b10 W
b1001100 \
1/
11
1"
18
b1101 $
b11100100111011100000000000000000000000000000000000000000000000 -
1(
1.
1'
0&
#56540000
0.
0'
#56560000
b10011000 \
b11 W
b11111011111100101101110111101001 P
1.
1'
1&
#56580000
0.
0'
#56600000
b100 W
b10101000100111101001010 [
b110000 \
0Z
b111001001110111000000000000000000000000000000000000000000000000 -
0(
b1110 $
1.
1'
0&
#56620000
0.
0'
#56640000
0/
01
0"
08
b1100000 \
b101 W
b11110111111001011011101111010010 P
1.
1'
1&
#56660000
0.
0'
#56680000
b110 W
b11000000 \
b1111 $
b1110010011101110000000000000000000000000000000000000000000000000 -
1.
1'
0&
#56700000
0.
0'
#56720000
1Z
b10000000 \
b111 W
b11101111110010110111011110100100 P
1.
1'
1&
#56740000
0.
0'
#56760000
b1000 W
b10111011 \
0Z
1/
11
1"
18
b1100100111011100000000000000000000000000000000000000000000000000 -
1(
b10000 $
1.
1'
0&
#56780000
0.
0'
#56800000
0/
01
0"
08
1Z
b1110110 \
b1001 W
b11011111100101101110111101001001 P
1.
1'
1&
#56820000
0.
0'
#56840000
b1010 W
b11101100 \
1/
11
1"
18
b10001 $
b1001001110111000000000000000000000000000000000000000000000000000 -
1.
1'
0&
#56860000
0.
0'
#56880000
0Z
b11011000 \
b1011 W
b10111111001011011101111010010011 P
1.
1'
1&
#56900000
0.
0'
#56920000
b1100 W
b10110000 \
1Z
0/
01
0"
08
b10011101110000000000000000000000000000000000000000000000000000 -
b10010 $
1.
1'
0&
#56940000
0.
0'
#56960000
1/
11
1"
18
0Z
b1100000 \
b1101 W
b1111110010110111011110100100111 P
1.
1'
1&
#56980000
0.
0'
#57000000
b1110 W
b11000000 \
0/
01
0"
08
b10011 $
b100111011100000000000000000000000000000000000000000000000000000 -
0(
1.
1'
0&
#57020000
0.
0'
#57040000
1Z
b10000000 \
b1111 W
b11111100101101110111101001001110 P
1.
1'
1&
#57060000
0.
0'
#57080000
b10000 W
b10101110 \
0Z
1/
11
1"
18
b1001110111000000000000000000000000000000000000000000000000000000 -
b10100 $
1.
1'
0&
#57100000
0.
0'
#57120000
0/
01
0"
08
1Z
b1011100 \
b10001 W
b11111001011011101111010010011100 P
1.
1'
1&
#57140000
0.
0'
#57160000
b10010 W
b10111000 \
1/
11
1"
18
b10101 $
b11101110000000000000000000000000000000000000000000000000000000 -
1(
1.
1'
0&
#57180000
0.
0'
#57200000
0Z
b1110000 \
b10011 W
b11110010110111011110100100111001 P
1.
1'
1&
#57220000
0.
0'
#57240000
b10100 W
b11100000 \
0/
01
0"
08
b111011100000000000000000000000000000000000000000000000000000000 -
0(
b10110 $
1.
1'
0&
#57260000
0.
0'
#57280000
1Z
b11000000 \
b10101 W
b11100101101110111101001001110010 P
1.
1'
1&
#57300000
0.
0'
#57320000
b10110 W
b10000000 \
0Z
1/
11
1"
18
b10111 $
b1110111000000000000000000000000000000000000000000000000000000000 -
1.
1'
0&
#57340000
0.
0'
#57360000
0/
01
0"
08
1Z
b0 \
b10111 W
b11001011011101111010010011100100 P
1.
1'
1&
#57380000
0.
0'
#57400000
b11000 W
b11111111 \
1/
11
1"
18
b1101110000000000000000000000000000000000000000000000000000000000 -
1(
b11000 $
1.
1'
0&
#57420000
0.
0'
#57440000
0Z
b11111110 \
b11001 W
b10010110111011110100100111001001 P
1.
1'
1&
#57460000
0.
0'
#57480000
b11010 W
b11111100 \
1Z
0/
01
0"
08
b11001 $
b1011100000000000000000000000000000000000000000000000000000000000 -
1.
1'
0&
#57500000
0.
0'
#57520000
1/
11
1"
18
0Z
b11111000 \
b11011 W
b101101110111101001001110010011 P
1.
1'
1&
#57540000
0.
0'
#57560000
b11100 W
b11110000 \
1Z
0/
01
0"
08
b111000000000000000000000000000000000000000000000000000000000000 -
b11010 $
1.
1'
0&
#57580000
0.
0'
#57600000
1/
11
1"
18
0Z
b11100000 \
b11101 W
b1011011101111010010011100100111 P
1.
1'
1&
#57620000
0.
0'
#57640000
b11110 W
b11000000 \
1Z
0/
01
0"
08
b11011 $
b1110000000000000000000000000000000000000000000000000000000000000 -
0(
1.
1'
0&
#57660000
0.
0'
#57680000
1/
11
1"
18
0Z
b10000000 \
b11111 W
b10110111011110100100111001001110 P
1.
1'
1&
#57700000
0.
0'
#57720000
b100000 W
b10101110 \
1Z
0/
01
0"
08
b1100000000000000000000000000000000000000000000000000000000000000 -
1(
b11100 $
1.
1'
0&
#57740000
0.
0'
#57760000
1/
11
1"
18
0Z
b1011100 \
b100001 W
b1101110111101001001110010011101 P
1.
1'
1&
#57780000
0.
0'
#57800000
b100010 W
b10111000 \
0/
01
0"
08
b11101 $
b1000000000000000000000000000000000000000000000000000000000000000 -
1.
1'
0&
#57820000
0.
0'
#57840000
1Z
b1110000 \
b100011 W
b11011101111010010011100100111011 P
1.
1'
1&
#57860000
0.
0'
#57880000
b100100 W
b11100000 \
1/
11
1"
18
b11110 $
1.
1'
0&
#57900000
0.
0'
#57920000
0Z
b11000000 \
b100101 W
b10111011110100100111001001110111 P
1.
1'
1&
#57940000
0.
0'
#57960000
b100110 W
b10000000 \
1Z
0/
01
0"
08
b11111 $
1.
1'
0&
#57980000
0.
0'
#58000000
1/
11
1"
18
0Z
b0 \
b100111 W
b1110111101001001110010011101111 P
1.
1'
1&
#58020000
0.
0'
#58040000
1_
b101000 W
b10101110 \
0/
01
0"
08
b0 $
00
0)
1.
1'
0&
#58060000
0.
0'
#58080000
1O
1I
1S
0a
1Z
b1011100 \
b101001 W
0G
b101 J
b110 K
0Q
b11101111010010011100100111011111 P
1.
1'
1&
#58100000
0.
0'
#58120000
0I
0_
0H
b101010 W
b10111000 \
1/
11
1"
18
0b
b1 $
1.
1'
0&
#58140000
0.
0'
#58160000
0O
0S
0Z
b1110000 \
b101011 W
b110 J
b11001010101111111101111110010110 ;
b11001010101111111101111110010110 E
b11001010101111111101111110010110 T
b111 K
b11101111010010011100100111011111 <
b11101111010010011100100111011111 ?
b11101111010010011100100111011111 N
0R
b11011110100100111001001110111111 P
1.
1'
1&
#58180000
0.
0'
#58200000
b111 J
b1000 K
b101100 W
b11100000 \
0/
01
0"
08
b10 $
1.
1'
0&
#58220000
0.
0'
#58240000
1Z
b11000000 \
b101101 W
b1000 J
b11101111010010011100100111011111 :
b11101111010010011100100111011111 F
b11101111010010011100100111011111 U
b1001 K
b10111101001001110010011101111111 P
1.
1'
1&
#58260000
0.
0'
#58280000
b1001 J
b1010 K
b101110 W
b10000000 \
0Z
1/
11
1"
18
b11 $
1.
1'
0&
#58300000
0.
0'
#58320000
0/
01
0"
08
1Z
b0 \
b101111 W
b1010 J
b1011 K
b1111010010011100100111011111111 P
1.
1'
1&
#58340000
0.
0'
#58360000
b1011 J
b1100 K
b110000 W
b11101110 \
1/
11
1"
18
b100 $
1.
1'
0&
#58380000
0.
0'
#58400000
0Z
b11011100 \
b110001 W
b1100 J
b1101 K
b11110100100111001001110111111111 P
1.
1'
1&
#58420000
0.
0'
#58440000
b1101 J
b1110 K
b110010 W
b10111000 \
1Z
0/
01
0"
08
b101 $
1.
1'
0&
#58460000
0.
0'
#58480000
1/
11
1"
18
0Z
b1110000 \
b110011 W
b1110 J
b1111 K
b11101001001110010011101111111111 P
1.
1'
1&
#58500000
0.
0'
#58520000
b1111 J
b0 K
b110100 W
b11100000 \
0/
01
0"
08
b110 $
1.
1'
0&
#58540000
0.
0'
#58560000
1Z
b11000000 \
b110101 W
b0 J
b1 K
b11010010011100100111011111111111 P
1.
1'
1&
#58580000
0.
0'
#58600000
b1 J
b10 K
b110110 W
b10000000 \
0Z
1/
11
1"
18
b111 $
1.
1'
0&
#58620000
0.
0'
#58640000
0/
01
0"
08
1Z
b0 \
b110111 W
b10 J
b11 K
b10100100111001001110111111111111 P
1.
1'
1&
#58660000
0.
0'
#58680000
b11 J
b100 K
b111000 W
b10101011 \
1/
11
1"
18
b1000 $
1.
1'
0&
#58700000
0.
0'
#58720000
0Z
b1010110 \
b111001 W
b100 J
b101 K
b1001001110010011101111111111111 P
1.
1'
1&
#58740000
0.
0'
#58760000
b101 J
b110 K
b111010 W
b10101100 \
0/
01
0"
08
b1001 $
1.
1'
0&
#58780000
0.
0'
#58800000
1Z
b1011000 \
b111011 W
b110 J
b111 K
b10010011100100111011111111111111 P
1.
1'
1&
#58820000
0.
0'
#58840000
b111 J
b1000 K
b111100 W
b10110000 \
1/
11
1"
18
b1010 $
1.
1'
0&
#58860000
0.
0'
#58880000
0Z
b1100000 \
b111101 W
b1000 J
b1001 K
b100111001001110111111111111111 P
1.
1'
1&
